Version,Variable,Month,Departamento,n,rho,p_raw,q_FDR,sig_FDR
prim,RAIN,1,AMAZONAS,16,0.5182978121437944,0.039708915021167523,0.07244004411656763,False
prim,RAIN,1,ANTIOQUIA,21,0.734243169945136,0.00015096312977572215,0.0008302972137664718,True
prim,RAIN,1,ARAUCA,10,0.577639751552795,0.08032875159014957,0.13254244012374677,False
prim,RAIN,1,ATLANTICO,19,0.7700440528634362,0.0001150995899043658,0.000801549188840404,True
prim,RAIN,1,BOGOTA,21,0.5562564198529273,0.008827715623347712,0.019420974371364967,True
prim,RAIN,1,BOLIVAR,19,0.3309864121267387,0.1663047549271971,0.22588543701896313,False
prim,RAIN,1,BOYACA,22,0.6854170705141167,0.00043086042435902045,0.0017772992504809593,True
prim,RAIN,1,CALDAS,19,0.37840225295139984,0.11015315527660703,0.16522973291491055,False
prim,RAIN,1,CAQUETA,20,0.262107125309254,0.2642674758477903,0.3354164116529646,False
prim,RAIN,1,CASANARE,20,0.31849545649799815,0.17112533107497208,0.22588543701896313,False
prim,RAIN,1,CAUCA,21,0.5751899568060075,0.0063735019885609685,0.015023254687322282,True
prim,RAIN,1,CESAR,21,0.20436755219676495,0.37421023796958863,0.4258254432067733,False
prim,RAIN,1,CHOCO,21,0.5792207792207792,0.005931730203525636,0.015023254687322282,True
prim,RAIN,1,CORDOBA,21,0.7034981463282958,0.0003736147436683173,0.0017613266487220673,True
prim,RAIN,1,CUNDINAMARCA,22,0.6427563091666629,0.0012547474734888565,0.0037642424204665697,True
prim,RAIN,1,GUAINIA,17,-0.04561100391781775,0.8620037891558686,0.8889414075669895,False
prim,RAIN,1,GUAVIARE,6,0.5075192189225523,0.3040834952652882,0.3716576053242412,False
prim,RAIN,1,HUILA,20,0.884876096998151,2.2058991276866765e-07,7.2794671213660326e-06,True
prim,RAIN,1,LA GUAJIRA,20,0.3369219539645638,0.1463312513716127,0.2099535345766617,False
prim,RAIN,1,MAGDALENA,20,0.6768126142831622,0.0010479344277303918,0.003458183611510293,True
prim,RAIN,1,META,19,-0.47119514724271083,0.041707904188326816,0.07244004411656763,False
prim,RAIN,1,NARINO,20,0.3838320939419829,0.09477557813345619,0.148933051352574,False
prim,RAIN,1,NORTE DE SANTANDER,20,0.6894137231294519,0.000771835283250405,0.002830062705251485,True
prim,RAIN,1,PUTUMAYO,18,-0.14910518600891304,0.5548545858448808,0.5906516558993892,False
prim,RAIN,1,QUINDIO,20,0.4797421723805475,0.032308385192859515,0.06271627713908023,False
prim,RAIN,1,RISARALDA,25,0.021734921933623964,0.9178655683738606,0.9178655683738606,False
prim,RAIN,1,SAN ANDRES PROVIDENCIA,13,0.662999251696279,0.013512901654004353,0.02787035966138398,True
prim,RAIN,1,SANTANDER,20,0.8126538761427267,1.3378911984904261e-05,0.00014716803183394687,True
prim,RAIN,1,SUCRE,21,0.8268817007830391,3.8087584854188586e-06,6.284451500941117e-05,True
prim,RAIN,1,TOLIMA,20,0.7544190078455887,0.0001214468467940006,0.000801549188840404,True
prim,RAIN,1,VALLE DEL CAUCA,23,0.5954809655828213,0.002718786843960016,0.007476663820890044,True
prim,RAIN,1,VAUPES,6,0.4058397249567139,0.42466250756136453,0.467128758317501,False
prim,RAIN,1,VICHADA,3,0.8660254037844387,0.3333333333333332,0.39285714285714274,False
prim,RAIN,2,AMAZONAS,17,-0.04707264844519063,0.8576232744161726,0.884424001741678,False
prim,RAIN,2,ANTIOQUIA,21,0.6813900976457306,0.0006711722963543287,0.009750179461761673,True
prim,RAIN,2,ARAUCA,10,0.44924990927960035,0.19274264513080033,0.3713091566416305,False
prim,RAIN,2,ATLANTICO,19,0.6860680864176067,0.0011818399347589908,0.009750179461761673,True
prim,RAIN,2,BOGOTA,21,-0.26620436506289,0.24345280641577174,0.3713091566416305,False
prim,RAIN,2,BOLIVAR,20,0.2978687899492801,0.2021223786467403,0.3713091566416305,False
prim,RAIN,2,BOYACA,22,0.6740332905366818,0.0005826224563379685,0.009750179461761673,True
prim,RAIN,2,CALDAS,19,0.2746182098114292,0.2551980733564218,0.3713091566416305,False
prim,RAIN,2,CAQUETA,20,0.3166345433144024,0.17377957616399456,0.3713091566416305,False
prim,RAIN,2,CASANARE,19,0.026513604527572666,0.9141999748449929,0.9141999748449929,False
prim,RAIN,2,CAUCA,20,0.6063094583595527,0.004597416424236951,0.01726802515728791,True
prim,RAIN,2,CESAR,21,0.20774945810226256,0.3661823957363908,0.4647699638192652,False
prim,RAIN,2,CHOCO,20,0.6822114058982541,0.0009208841364417088,0.009750179461761673,True
prim,RAIN,2,CORDOBA,21,0.608523549440364,0.0034203112783774605,0.01612432459806517,True
prim,RAIN,2,CUNDINAMARCA,22,0.5501271046821877,0.007986309899827867,0.02635482266943196,True
prim,RAIN,2,GUAINIA,16,-0.21157914540333994,0.43149657358448656,0.5009955747351209,False
prim,RAIN,2,GUAVIARE,5,-0.6842105263157895,0.20263069030420366,0.3713091566416305,False
prim,RAIN,2,HUILA,20,0.4969885154195062,0.025792354301088068,0.07092897432799218,False
prim,RAIN,2,LA GUAJIRA,20,0.2590706485732944,0.27004302301209493,0.3713091566416305,False
prim,RAIN,2,MAGDALENA,20,0.6050103558976598,0.0047094614065330675,0.01726802515728791,True
prim,RAIN,2,META,19,-0.188236705217101,0.4402688384035911,0.5009955747351209,False
prim,RAIN,2,NARINO,20,-0.04679278599467838,0.8446916074415537,0.884424001741678,False
prim,RAIN,2,NORTE DE SANTANDER,20,0.5424399422921855,0.013472717859615966,0.0404181535788479,True
prim,RAIN,2,PUTUMAYO,19,-0.30240919794893484,0.2082472153217975,0.3713091566416305,False
prim,RAIN,2,QUINDIO,20,0.2615007091316172,0.26541464426178,0.3713091566416305,False
prim,RAIN,2,RISARALDA,25,0.20648169616065912,0.3220381019214245,0.4250902945362804,False
prim,RAIN,2,SAN ANDRES PROVIDENCIA,13,0.14049586776859505,0.6470921115861331,0.7118013227447464,False
prim,RAIN,2,SANTANDER,21,0.2596538992970208,0.25568287304330073,0.3713091566416305,False
prim,RAIN,2,SUCRE,21,0.6265094668301427,0.0023749073029340905,0.013061990166137497,True
prim,RAIN,2,TOLIMA,21,0.4410523129661115,0.04535388897621294,0.11512910278577129,False
prim,RAIN,2,VALLE DEL CAUCA,23,0.6030802777872427,0.0023177469609045992,0.013061990166137497,True
prim,RAIN,2,VAUPES,6,-0.43482827673933633,0.3888653001289578,0.4752798112687262,False
prim,RAIN,2,VICHADA,4,-0.7378647873726218,0.2621352126273781,0.3713091566416305,False
prim,RAIN,3,AMAZONAS,16,-0.015374211745935614,0.9549346287846137,0.9692068920916377,False
prim,RAIN,3,ANTIOQUIA,21,0.6300747328087307,0.0022034351191475,0.015353031243437999,True
prim,RAIN,3,ARAUCA,10,0.3043478260869565,0.3925552615854848,0.5485450148573755,False
prim,RAIN,3,ATLANTICO,19,0.4997812355786645,0.029340107796221017,0.11275038088697754,False
prim,RAIN,3,BOGOTA,21,0.24794606323539556,0.2785016871723104,0.4951141105285518,False
prim,RAIN,3,BOLIVAR,20,0.4934602945730452,0.027032743734032055,0.11275038088697754,False
prim,RAIN,3,BOYACA,23,0.42843122956935875,0.041384142097925895,0.13242925471336287,False
prim,RAIN,3,CALDAS,19,-0.20738169109598012,0.39426672942873864,0.5485450148573755,False
prim,RAIN,3,CAQUETA,20,0.025631449944386094,0.9145798667006864,0.9692068920916377,False
prim,RAIN,3,CASANARE,20,0.043280194708701224,0.8562292621559007,0.9692068920916377,False
prim,RAIN,3,CAUCA,20,0.44977335317472344,0.04662013574355095,0.13562221307214822,False
prim,RAIN,3,CESAR,21,-0.07178172292329076,0.757167992854946,0.9318990681291642,False
prim,RAIN,3,CHOCO,20,0.4812030075187969,0.031711044624462434,0.11275038088697754,False
prim,RAIN,3,CORDOBA,21,0.8262130486393587,3.939893719382295e-06,0.00012607659902023343,True
prim,RAIN,3,CUNDINAMARCA,22,0.6133860735984147,0.002398911131787187,0.015353031243437999,True
prim,RAIN,3,GUAINIA,15,-0.0929053523869351,0.7419152904420504,0.9318990681291642,False
prim,RAIN,3,GUAVIARE,5,-0.052631578947368425,0.9330183436657281,0.9692068920916377,False
prim,RAIN,3,HUILA,21,0.39661932104035325,0.0750625154370135,0.18476926876803323,False
prim,RAIN,3,LA GUAJIRA,20,0.2400926702354924,0.307916427674281,0.5136696661865152,False
prim,RAIN,3,MAGDALENA,20,0.41527289512464227,0.06863474389347468,0.18302598371593248,False
prim,RAIN,3,META,19,0.016886341073527007,0.9452974553344708,0.9692068920916377,False
prim,RAIN,3,NARINO,20,0.09330326192837647,0.6956103898115948,0.9274805197487931,False
prim,RAIN,3,NORTE DE SANTANDER,20,0.399248125664272,0.08117785193071722,0.18554937584163936,False
prim,RAIN,3,PUTUMAYO,19,0.24062039740583355,0.32104354136657204,0.5136696661865152,False
prim,RAIN,3,QUINDIO,20,0.009225811007318223,0.9692068920916377,0.9692068920916377,False
prim,RAIN,3,RISARALDA,25,-0.25271746747253243,0.22291986703170938,0.44583973406341876,False
prim,RAIN,3,SAN ANDRES PROVIDENCIA,13,0.3301241087284377,0.2706361115625358,0.4951141105285518,False
prim,RAIN,3,SANTANDER,21,0.6371916960976167,0.0018920942018905798,0.015353031243437999,True
prim,RAIN,3,SUCRE,21,0.7403204311671985,0.00012439895696111892,0.0019903833113779027,True
prim,RAIN,3,TOLIMA,21,0.33907114487232726,0.13267671583534613,0.2830436604487384,False
prim,RAIN,3,VALLE DEL CAUCA,23,0.4524757465302377,0.030167943413282577,0.11275038088697754,False
prim,RAIN,3,VAUPES,6,0.43482827673933633,0.3888653001289578,0.5485450148573755,False
prim,RAIN,3,VICHADA,3,,,,False
prim,RAIN,4,AMAZONAS,16,0.42177543162335984,0.10368874319806984,0.20737748639613968,False
prim,RAIN,4,ANTIOQUIA,20,0.3203007518796992,0.168577043064626,0.27160545172107936,False
prim,RAIN,4,ARAUCA,9,0.847579379526013,0.003908548083225188,0.017867648380458005,True
prim,RAIN,4,ATLANTICO,18,0.34541729930633386,0.1603399983868543,0.27160545172107936,False
prim,RAIN,4,BOGOTA,20,0.39133474262691376,0.08796414070058328,0.18765683349457768,False
prim,RAIN,4,BOLIVAR,19,0.15479322330102258,0.5268946440597704,0.6021653074968805,False
prim,RAIN,4,BOYACA,22,0.4358397358693198,0.042600095726070854,0.11890039257508701,False
prim,RAIN,4,CALDAS,18,-0.0051867666430413465,0.983703736182729,1.0,False
prim,RAIN,4,CAQUETA,19,0.2341121784997809,0.3347003122215503,0.446267082962067,False
prim,RAIN,4,CASANARE,19,0.09956600973410992,0.6850771171278267,0.7307489249363485,False
prim,RAIN,4,CAUCA,19,0.4655049539536486,0.04458764721565763,0.11890039257508701,False
prim,RAIN,4,CESAR,20,0.25292937609861654,0.2819638467918858,0.3922975259713194,False
prim,RAIN,4,CHOCO,19,0.7491228070175439,0.00022320662435049423,0.0017856529948039538,True
prim,RAIN,4,CORDOBA,20,0.7431097329819527,0.00017403671923121972,0.0017856529948039538,True
prim,RAIN,4,CUNDINAMARCA,21,0.5220779220779221,0.01519575449250578,0.054029349306687215,False
prim,RAIN,4,GUAINIA,14,0.7671092748535867,0.0013652420547771897,0.007281290958811679,True
prim,RAIN,4,GUAVIARE,4,0.0,1.0,1.0,False
prim,RAIN,4,HUILA,20,0.7672057706904292,7.898794727492623e-05,0.0017856529948039538,True
prim,RAIN,4,LA GUAJIRA,19,0.19530533921594576,0.4229681174711587,0.5012955466324844,False
prim,RAIN,4,MAGDALENA,20,0.4050802999620732,0.07643057773919959,0.17469846340388479,False
prim,RAIN,4,META,19,-0.761984283802333,0.00014971158975981405,0.0017856529948039538,True
prim,RAIN,4,NARINO,19,0.43367328456974036,0.06359491586617283,0.15654133136288698,False
prim,RAIN,4,NORTE DE SANTANDER,19,0.375235932464538,0.11340794301985543,0.21347377509619847,False
prim,RAIN,4,PUTUMAYO,18,0.10783898101399615,0.6701647963081314,0.7307489249363485,False
prim,RAIN,4,QUINDIO,19,0.2791284832340379,0.2471590871510846,0.3766233708968908,False
prim,RAIN,4,RISARALDA,24,-0.17200528202589283,0.42158002097707425,0.5012955466324844,False
prim,RAIN,4,SAN ANDRES PROVIDENCIA,12,0.4238185133446995,0.1697534073256746,0.27160545172107936,False
prim,RAIN,4,SANTANDER,20,0.474865859232736,0.03436626198390282,0.10997203834848904,False
prim,RAIN,4,SUCRE,20,0.5656589814462757,0.009336782454727395,0.03734712981890958,True
prim,RAIN,4,TOLIMA,20,0.2120300751879699,0.36948599387790193,0.4729420721637145,False
prim,RAIN,4,VALLE DEL CAUCA,22,0.6569179495180874,0.0008960315630340049,0.005734602003417631,True
prim,RAIN,4,VAUPES,6,-0.5408987230262506,0.26777767151474974,0.38949479493054506,False
prim,RAIN,4,VICHADA,3,,,,False
prim,RAIN,5,AMAZONAS,17,-0.1568905885560456,0.5476086175932731,0.6739798370378746,False
prim,RAIN,5,ANTIOQUIA,20,0.445783638073254,0.048843585846169914,0.1302495622564531,False
prim,RAIN,5,ARAUCA,9,0.49159604012508756,0.17892749146833994,0.3578549829366799,False
prim,RAIN,5,ATLANTICO,17,0.2653564655963556,0.303310642944764,0.5392189207906916,False
prim,RAIN,5,BOGOTA,20,0.6116146661201989,0.004162444295430352,0.02663964349075425,True
prim,RAIN,5,BOLIVAR,19,0.006382696865167643,0.9793109049326909,0.9793109049326909,False
prim,RAIN,5,BOYACA,22,0.5557752269068509,0.007240482896867603,0.03309935038568047,True
prim,RAIN,5,CALDAS,19,-0.2937565194606602,0.22220607750413748,0.4182702635372,False
prim,RAIN,5,CAQUETA,19,0.22972171321400553,0.34410214900017555,0.5654929309118758,False
prim,RAIN,5,CASANARE,19,-0.41668304109563115,0.07594522697934102,0.18694209717991633,False
prim,RAIN,5,CAUCA,18,0.580844926703763,0.01148015228958513,0.04081831925185824,True
prim,RAIN,5,CESAR,20,0.02996084601609752,0.900215579842188,0.9602299518316673,False
prim,RAIN,5,CHOCO,19,0.7210526315789473,0.0004947294682852213,0.007915671492563541,True
prim,RAIN,5,CORDOBA,20,0.7567505188574138,0.00011250040602984487,0.003600012992955036,True
prim,RAIN,5,CUNDINAMARCA,21,0.6727272727272726,0.0008333435326227538,0.008888997681309374,True
prim,RAIN,5,GUAINIA,15,0.021740414759980006,0.9387001123581388,0.9689807611438852,False
prim,RAIN,5,GUAVIARE,5,0.19999999999999998,0.747060078104662,0.8854045370129328,False
prim,RAIN,5,HUILA,20,0.48815347566479267,0.02898640867125395,0.08432409795273876,False
prim,RAIN,5,LA GUAJIRA,20,-0.15239347241684095,0.5212597205130001,0.6672124422566401,False
prim,RAIN,5,MAGDALENA,20,0.3944670358776061,0.08522979338660716,0.19481095631224493,False
prim,RAIN,5,META,18,-0.3335547120989321,0.17615838311468157,0.3578549829366799,False
prim,RAIN,5,NARINO,20,0.5172443872789029,0.01951405278704699,0.06244496891855037,False
prim,RAIN,5,NORTE DE SANTANDER,19,-0.19646787029982885,0.42015789544580817,0.6104198281975886,False
prim,RAIN,5,PUTUMAYO,17,-0.23814928373053457,0.35733039134943945,0.5654929309118758,False
prim,RAIN,5,QUINDIO,20,0.594168529418166,0.005735412456533168,0.03058886643484356,True
prim,RAIN,5,RISARALDA,24,-0.1910800357565637,0.3711047359109185,0.5654929309118758,False
prim,RAIN,5,SAN ANDRES PROVIDENCIA,13,0.06327378750628389,0.837295929789188,0.9324571608139184,False
prim,RAIN,5,SANTANDER,20,0.1744069396993671,0.46208689311100726,0.616115857481343,False
prim,RAIN,5,SUCRE,20,0.6713196279218088,0.0011920608393271438,0.00953648671461715,True
prim,RAIN,5,TOLIMA,20,0.04668679993334755,0.8450393019876136,0.9324571608139184,False
prim,RAIN,5,VALLE DEL CAUCA,22,0.5442175363950913,0.008833389126759182,0.03533355650703673,True
prim,RAIN,5,VAUPES,6,-0.3946648814672956,0.43873925151701676,0.6104198281975886,False
prim,RAIN,5,VICHADA,3,,,,False
prim,RAIN,6,AMAZONAS,17,-0.0594452885541684,0.8207117861198986,0.8754259051945585,False
prim,RAIN,6,ANTIOQUIA,20,0.4168548960348432,0.06748038358686025,0.1661055595984252,False
prim,RAIN,6,ARAUCA,9,0.5254992153061281,0.14624025831231624,0.32690708086682496,False
prim,RAIN,6,ATLANTICO,18,0.4413351284400122,0.06673542746983396,0.1661055595984252,False
prim,RAIN,6,BOGOTA,20,0.2827074701006125,0.22715207949067712,0.3634433271850834,False
prim,RAIN,6,BOLIVAR,19,0.21883532109146203,0.3680656511630048,0.4907542015506731,False
prim,RAIN,6,BOYACA,22,0.551880675822743,0.007748264493809742,0.04958889276038235,True
prim,RAIN,6,CALDAS,19,-0.30281737071266457,0.2076033510249121,0.3496477490945888,False
prim,RAIN,6,CAQUETA,19,0.22923961895571768,0.34514375333660396,0.4802000046422316,False
prim,RAIN,6,CASANARE,19,-0.46278414351472236,0.04601727649155608,0.15084170744060243,False
prim,RAIN,6,CAUCA,18,0.6685313672375064,0.0024206872249683434,0.019365497799746747,True
prim,RAIN,6,CESAR,20,-0.13080698941145893,0.5825314752869954,0.6904076744142168,False
prim,RAIN,6,CHOCO,19,0.8087719298245614,2.7672197202341864e-05,0.0004427551552374698,True
prim,RAIN,6,CORDOBA,20,0.5069830062346429,0.022521113806128777,0.09008445522451511,False
prim,RAIN,6,CUNDINAMARCA,21,0.3155844155844156,0.16345354043341248,0.32690708086682496,False
prim,RAIN,6,GUAINIA,19,-0.04621271755812337,0.8509857611390463,0.8784369147241768,False
prim,RAIN,6,GUAVIARE,4,0.7999999999999999,0.20000000000000007,0.3496477490945888,False
prim,RAIN,6,HUILA,20,0.44060150375939844,0.05185183693270709,0.15084170744060243,False
prim,RAIN,6,LA GUAJIRA,19,0.26014473484162737,0.28209754587656966,0.4298629270500109,False
prim,RAIN,6,MAGDALENA,20,0.3251852207700926,0.16181307487975152,0.32690708086682496,False
prim,RAIN,6,META,19,-0.553406853955969,0.013972215475410782,0.06387298503044929,False
prim,RAIN,6,NARINO,20,0.5409129714396215,0.013789460212898652,0.06387298503044929,False
prim,RAIN,6,NORTE DE SANTANDER,19,-0.03275927299130866,0.8940864663301042,0.8940864663301042,False
prim,RAIN,6,PUTUMAYO,17,-0.2087151388532853,0.42144382252282897,0.5394480928292211,False
prim,RAIN,6,QUINDIO,20,0.23467378260668145,0.31929115063495406,0.46442349183266046,False
prim,RAIN,6,RISARALDA,24,0.1521311802485776,0.47792208689138693,0.5882117992509378,False
prim,RAIN,6,SAN ANDRES PROVIDENCIA,12,0.41550326097035933,0.17918196554757052,0.3372836998542504,False
prim,RAIN,6,SANTANDER,20,-0.08296849665996237,0.7280239303823368,0.8033367507667165,False
prim,RAIN,6,SUCRE,20,0.8088783737659095,1.5776218595330455e-05,0.0004427551552374698,True
prim,RAIN,6,TOLIMA,20,-0.1068070778804323,0.6540192242214087,0.7474505419673242,False
prim,RAIN,6,VALLE DEL CAUCA,22,0.7264201721783002,0.00012907531826795591,0.0013768033948581965,True
prim,RAIN,6,VAUPES,6,-0.8116794499134278,0.04985758510134042,0.15084170744060243,False
prim,RAIN,6,VICHADA,3,,,,False
prim,RAIN,7,AMAZONAS,17,-0.07540380436887156,0.7736329518902317,0.7978089816368015,False
prim,RAIN,7,ANTIOQUIA,20,0.39338099810891614,0.086170647971629,0.258511943914887,False
prim,RAIN,7,ARAUCA,9,0.05857791861290061,0.8810067501468761,0.8810067501468761,False
prim,RAIN,7,ATLANTICO,18,0.4321252804118112,0.07331445042441623,0.24193768640057356,False
prim,RAIN,7,BOGOTA,19,0.18005882305790155,0.46073529666881186,0.6607672205967263,False
prim,RAIN,7,BOLIVAR,19,0.12153723385562214,0.6201433361959736,0.6945636718854881,False
prim,RAIN,7,BOYACA,21,0.4131211650168585,0.06269054367600224,0.24193768640057356,False
prim,RAIN,7,CALDAS,20,-0.6618847973187688,0.0014785523049773272,0.017774592762223568,True
prim,RAIN,7,CAQUETA,20,0.4152374635865327,0.06866076625089991,0.24193768640057356,False
prim,RAIN,7,CASANARE,19,-0.1893702734654004,0.43746985657346793,0.6607672205967263,False
prim,RAIN,7,CAUCA,18,0.4968946506009995,0.03592110908487632,0.16934237140013123,False
prim,RAIN,7,CESAR,20,0.2053674470503523,0.3850624129385736,0.6607672205967263,False
prim,RAIN,7,CHOCO,20,0.4904099632256468,0.028142582135020532,0.16934237140013123,False
prim,RAIN,7,CORDOBA,20,0.3595301521931703,0.11948720246861849,0.32858980678870087,False
prim,RAIN,7,CUNDINAMARCA,21,0.2418727662737892,0.2908239919589725,0.6398127823097396,False
prim,RAIN,7,GUAINIA,19,-0.2598964681223664,0.28257362547619497,0.6398127823097396,False
prim,RAIN,7,GUAVIARE,5,0.3689323936863109,0.5411457083064428,0.6614003101523189,False
prim,RAIN,7,HUILA,20,0.23175326349951572,0.32552431915637625,0.6470588235294116,False
prim,RAIN,7,LA GUAJIRA,20,0.1526304040994374,0.5206044768337843,0.6607672205967263,False
prim,RAIN,7,MAGDALENA,20,0.2544291610324725,0.27902300204526387,0.6398127823097396,False
prim,RAIN,7,META,19,-0.8029138014227685,3.500724580649146e-05,0.001155239111614218,True
prim,RAIN,7,NARINO,20,0.655817880929277,0.0016917134344059058,0.017774592762223568,True
prim,RAIN,7,NORTE DE SANTANDER,19,0.15824214042345497,0.5176119511020356,0.6607672205967263,False
prim,RAIN,7,PUTUMAYO,17,0.20180018252955825,0.4373302700929166,0.6607672205967263,False
prim,RAIN,7,QUINDIO,20,0.17606219265533055,0.4577811162821691,0.6607672205967263,False
prim,RAIN,7,RISARALDA,24,-0.10316942108811585,0.6314215198958982,0.6945636718854881,False
prim,RAIN,7,SAN ANDRES PROVIDENCIA,14,0.22822505602336193,0.43259056748366076,0.6607672205967263,False
prim,RAIN,7,SANTANDER,20,-0.12424598966289023,0.6017420276409942,0.6945636718854881,False
prim,RAIN,7,SUCRE,20,0.4800036887761965,0.03220080864452991,0.16934237140013123,False
prim,RAIN,7,TOLIMA,20,-0.15662668364735952,0.509611400566859,0.6607672205967263,False
prim,RAIN,7,VALLE DEL CAUCA,22,0.6184610535772547,0.0021544960923907354,0.017774592762223568,True
prim,RAIN,7,VAUPES,5,0.22360679774997896,0.7176856442107861,0.7639879438372884,False
prim,RAIN,7,VICHADA,3,0.8660254037844387,0.3333333333333332,0.6470588235294116,False
prim,RAIN,8,AMAZONAS,18,-0.5270577190616286,0.02460718113364194,0.10217364832238315,False
prim,RAIN,8,ANTIOQUIA,20,0.44360902255639095,0.05008922172295618,0.15022328028583784,False
prim,RAIN,8,ARAUCA,10,0.4620082131968491,0.178856585561847,0.3226557154502161,False
prim,RAIN,8,ATLANTICO,18,0.4103364104761216,0.09076766581201873,0.1996888647864412,False
prim,RAIN,8,BOGOTA,20,0.30845993694042245,0.1857714725319426,0.3226557154502161,False
prim,RAIN,8,BOLIVAR,19,0.27412150606978747,0.2560933556245353,0.384140033436803,False
prim,RAIN,8,BOYACA,20,0.5000005670281092,0.024769369290274703,0.10217364832238315,False
prim,RAIN,8,CALDAS,21,-0.4510459238480478,0.04014801535032903,0.1472093896178731,False
prim,RAIN,8,CAQUETA,19,0.4395459517582127,0.05969772003939087,0.15154036625383835,False
prim,RAIN,8,CASANARE,18,-0.291029805605324,0.24132926112435552,0.384140033436803,False
prim,RAIN,8,CAUCA,18,0.25340272385819457,0.31029711305728935,0.44520890134306734,False
prim,RAIN,8,CESAR,20,-0.20190662080502517,0.39329580288504984,0.5191504598082658,False
prim,RAIN,8,CHOCO,20,0.5934562285046555,0.005808783311045054,0.04441036332830035,True
prim,RAIN,8,CORDOBA,20,0.606607292598497,0.004572041563933638,0.04441036332830035,True
prim,RAIN,8,CUNDINAMARCA,21,0.35890797576110656,0.11009292698856307,0.22706666191391134,False
prim,RAIN,8,GUAINIA,18,0.18878960930584784,0.45310393240494184,0.522797026252414,False
prim,RAIN,8,GUAVIARE,6,-0.5590653920196746,0.24877100570170096,0.384140033436803,False
prim,RAIN,8,HUILA,20,0.40466343591318715,0.07676286956185846,0.18094104968152352,False
prim,RAIN,8,LA GUAJIRA,20,0.028442148980577616,0.9052512129469007,0.9335403133514913,False
prim,RAIN,8,MAGDALENA,20,0.15479832451166606,0.5146270797764104,0.5660897877540515,False
prim,RAIN,8,META,20,-0.7532024652186023,0.0001263526127915718,0.0041696362221218695,True
prim,RAIN,8,NARINO,20,-0.04382357447628412,0.8544425498942024,0.9095678756938284,False
prim,RAIN,8,NORTE DE SANTANDER,19,0.19115792785929298,0.43307479387325654,0.522797026252414,False
prim,RAIN,8,PUTUMAYO,17,0.5878527056295828,0.013074665540559652,0.07191066047307808,False
prim,RAIN,8,QUINDIO,20,0.1754282702764701,0.4594276897369699,0.522797026252414,False
prim,RAIN,8,RISARALDA,24,-0.3218897276483622,0.12505272388346816,0.24274940518555585,False
prim,RAIN,8,SAN ANDRES PROVIDENCIA,14,0.5236526821098637,0.05462664737666831,0.15022328028583784,False
prim,RAIN,8,SANTANDER,20,0.001515773645898882,0.994939665464624,0.994939665464624,False
prim,RAIN,8,SUCRE,20,0.585098613098766,0.0067288429285303555,0.04441036332830035,True
prim,RAIN,8,TOLIMA,20,0.18825322553769172,0.42671229460485216,0.522797026252414,False
prim,RAIN,8,VALLE DEL CAUCA,22,0.6390491109866279,0.001366641320401044,0.022549581786617225,True
prim,RAIN,8,VAUPES,4,-0.9486832980505139,0.05131670194948612,0.15022328028583784,False
prim,RAIN,8,VICHADA,3,0.8660254037844387,0.3333333333333332,0.4583333333333332,False
prim,RAIN,9,AMAZONAS,18,0.04291116943292654,0.8657466383399638,0.971738006126329,False
prim,RAIN,9,ANTIOQUIA,20,0.17928468703977857,0.44945789186886054,0.6180046013196833,False
prim,RAIN,9,ARAUCA,10,0.5785300076028639,0.07975393476604603,0.2193233206066266,False
prim,RAIN,9,ATLANTICO,18,0.29855387831792884,0.22881818148047978,0.37754999944279166,False
prim,RAIN,9,BOGOTA,20,0.033157582849344565,0.8896281785323344,0.971738006126329,False
prim,RAIN,9,BOLIVAR,18,0.47738873061851156,0.04512938945891163,0.14892698521440836,False
prim,RAIN,9,BOYACA,21,0.579785780928082,0.005871880424275358,0.039894988427669476,True
prim,RAIN,9,CALDAS,22,-0.4482176045956977,0.03643236471729009,0.13358533729673033,False
prim,RAIN,9,CAQUETA,19,0.3909227657598873,0.09793807745651915,0.24861204277424093,False
prim,RAIN,9,CASANARE,18,-0.30670431002723236,0.2157445786015656,0.37471426809745606,False
prim,RAIN,9,CAUCA,20,0.3276841969004356,0.15842591559570324,0.32675345091613794,False
prim,RAIN,9,CESAR,20,-0.07721472672308942,0.7462684584377415,0.9121058936461284,False
prim,RAIN,9,CHOCO,20,0.7954887218045112,2.7534156851806318e-05,0.00045431358805480426,True
prim,RAIN,9,CORDOBA,20,0.805623989866955,1.8133003511007678e-05,0.00045431358805480426,True
prim,RAIN,9,CUNDINAMARCA,21,0.26007824330514967,0.2548789433572665,0.3932028189410671,False
prim,RAIN,9,GUAINIA,16,0.3507230874031703,0.182902377466796,0.3467402582951679,False
prim,RAIN,9,GUAVIARE,9,0.009325048082403139,0.9810045445680444,0.9810045445680444,False
prim,RAIN,9,HUILA,20,0.5639097744360902,0.009606971537576621,0.04529000867714693,True
prim,RAIN,9,LA GUAJIRA,20,0.36721242040242597,0.11122564042878388,0.26217472386784774,False
prim,RAIN,9,MAGDALENA,20,0.027995441667003438,0.9067330580531753,0.971738006126329,False
prim,RAIN,9,META,20,-0.5817837370531388,0.0071253683576953655,0.039894988427669476,True
prim,RAIN,9,NARINO,20,-0.09349074482610216,0.6950268514359481,0.882149465284088,False
prim,RAIN,9,NORTE DE SANTANDER,20,0.33885580596784515,0.1438834331536579,0.31654355293804737,False
prim,RAIN,9,PUTUMAYO,18,0.1629340790501236,0.5182905517392347,0.6841435282957897,False
prim,RAIN,9,QUINDIO,20,0.5807438122619145,0.007253634259576269,0.039894988427669476,True
prim,RAIN,9,RISARALDA,24,0.017052914260128692,0.9369629778934112,0.971738006126329,False
prim,RAIN,9,SAN ANDRES PROVIDENCIA,12,0.4070200493770522,0.1891310499791825,0.3467402582951679,False
prim,RAIN,9,SANTANDER,20,0.25377904092593945,0.28029543699789433,0.40216301830132667,False
prim,RAIN,9,SUCRE,20,0.5548654912497578,0.011107323316476693,0.045817708680466356,True
prim,RAIN,9,TOLIMA,20,0.017299737966548892,0.9422913998800766,0.971738006126329,False
prim,RAIN,9,VALLE DEL CAUCA,23,0.6754085444782821,0.0004055900237969158,0.004461490261766074,True
prim,RAIN,9,VAUPES,4,-0.7378647873726218,0.2621352126273781,0.3932028189410671,False
prim,RAIN,9,VICHADA,4,-0.9486832980505139,0.05131670194948612,0.15395010584845836,False
prim,RAIN,10,AMAZONAS,16,0.43504670596114714,0.09215823230165168,0.2803918988089204,False
prim,RAIN,10,ANTIOQUIA,20,0.09962335082737976,0.6760318742265921,0.7798779699976034,False
prim,RAIN,10,ARAUCA,10,0.5583242384172624,0.09346396626964013,0.2803918988089204,False
prim,RAIN,10,ATLANTICO,18,0.32208144223165963,0.19242511338515955,0.39687679635689155,False
prim,RAIN,10,BOGOTA,21,-0.1215712241557205,0.5996181266158549,0.7798779699976034,False
prim,RAIN,10,BOLIVAR,19,-0.03434414982153282,0.888991895684563,0.888991895684563,False
prim,RAIN,10,BOYACA,21,0.43989612925031607,0.0459883439319404,0.18970191871925415,False
prim,RAIN,10,CALDAS,19,-0.08183025165179424,0.7391089071494898,0.8130197978644388,False
prim,RAIN,10,CAQUETA,20,0.6511017378629824,0.0018746997187247658,0.020621696905972424,True
prim,RAIN,10,CASANARE,19,-0.5013668084224644,0.028749315401554724,0.1355324868930437,False
prim,RAIN,10,CAUCA,20,0.5570468148678391,0.010729173564223706,0.08851568190484557,False
prim,RAIN,10,CESAR,20,-0.27659400621420693,0.2377913935432021,0.4073744494130107,False
prim,RAIN,10,CHOCO,20,0.65612169080524,0.0016804585295318872,0.020621696905972424,True
prim,RAIN,10,CORDOBA,20,0.6983527538930507,0.0006156868168556804,0.020317664956237453,True
prim,RAIN,10,CUNDINAMARCA,21,0.15344616355003832,0.506644804376764,0.7269251541057917,False
prim,RAIN,10,GUAINIA,17,0.34622783158661574,0.17340256263459472,0.38148563779610833,False
prim,RAIN,10,GUAVIARE,10,-0.22322093586152836,0.5353160323391147,0.7360595444662827,False
prim,RAIN,10,HUILA,20,0.10229410275872389,0.667817307767981,0.7798779699976034,False
prim,RAIN,10,LA GUAJIRA,20,0.264785434602541,0.25923828599009774,0.4073744494130107,False
prim,RAIN,10,MAGDALENA,20,0.1840488769225514,0.4372978599982835,0.6559467899974253,False
prim,RAIN,10,META,20,-0.3422834698726661,0.139615520363901,0.3557100866831892,False
prim,RAIN,10,NARINO,20,0.43304564395559436,0.05648909999914536,0.2071266999968663,False
prim,RAIN,10,NORTE DE SANTANDER,19,0.5285340052824656,0.019995137566676008,0.13196790794006166,False
prim,RAIN,10,PUTUMAYO,19,0.09947620293931539,0.6853473069675909,0.7798779699976034,False
prim,RAIN,10,QUINDIO,20,0.26509846485399285,0.25865447573474437,0.4073744494130107,False
prim,RAIN,10,RISARALDA,24,-0.0970431098161954,0.6519172990700224,0.7798779699976034,False
prim,RAIN,10,SAN ANDRES PROVIDENCIA,13,0.37017139547358596,0.21312818057054897,0.4073744494130107,False
prim,RAIN,10,SANTANDER,20,-0.05311297536242686,0.8240099147976854,0.8771718447846328,False
prim,RAIN,10,SUCRE,20,0.49316009847007275,0.027140412632662134,0.1355324868930437,False
prim,RAIN,10,TOLIMA,20,0.3418678575764482,0.14012821596610484,0.3557100866831892,False
prim,RAIN,10,VALLE DEL CAUCA,23,0.3035096391497776,0.1591675517423612,0.3751806576784228,False
prim,RAIN,10,VAUPES,5,-0.09999999999999999,0.8728885715695383,0.888991895684563,False
prim,RAIN,10,VICHADA,4,-0.7745966692414834,0.22540333075851657,0.4073744494130107,False
prim,RAIN,11,AMAZONAS,16,-0.0728090443365895,0.7887248517422847,0.9142202209321115,False
prim,RAIN,11,ANTIOQUIA,21,0.15064935064935067,0.514513864469408,0.8802005309707828,False
prim,RAIN,11,ARAUCA,10,0.6315584534755296,0.05016063612295653,0.2758834986762609,False
prim,RAIN,11,ATLANTICO,18,0.4710155022654456,0.04849638129640724,0.2758834986762609,False
prim,RAIN,11,BOGOTA,21,-0.05678928603607881,0.8068415201161747,0.9142202209321115,False
prim,RAIN,11,BOLIVAR,19,0.03511466396077469,0.8865165778735626,0.9142202209321115,False
prim,RAIN,11,BOYACA,21,0.4489929472850345,0.0411775087303392,0.2758834986762609,False
prim,RAIN,11,CALDAS,19,0.33171674352643504,0.16531510650038203,0.39758285525284,False
prim,RAIN,11,CAQUETA,20,0.743766084519929,0.0001705253187511329,0.005627335518787385,True
prim,RAIN,11,CASANARE,18,0.1392968270553794,0.58145663435337,0.8802005309707828,False
prim,RAIN,11,CAUCA,20,0.42062718673693983,0.06478671041878852,0.29536409132214714,False
prim,RAIN,11,CESAR,20,0.06466583376121725,0.7865013691182747,0.9142202209321115,False
prim,RAIN,11,CHOCO,20,0.35037593984962395,0.12989410232900506,0.3644237757735887,False
prim,RAIN,11,CORDOBA,20,0.5859933448686132,0.0066249743461290365,0.10931207671112911,False
prim,RAIN,11,CUNDINAMARCA,21,0.3864891402280359,0.0835138124251336,0.30621731222548987,False
prim,RAIN,11,GUAINIA,19,0.32925176515281473,0.1686715143496897,0.39758285525284,False
prim,RAIN,11,GUAVIARE,10,0.13130643285972257,0.7176684478714239,0.9142202209321115,False
prim,RAIN,11,HUILA,20,0.10375939849624059,0.6633257542362446,0.9142202209321115,False
prim,RAIN,11,LA GUAJIRA,20,0.3481508964704363,0.13251773664494135,0.3644237757735887,False
prim,RAIN,11,MAGDALENA,20,0.04281655784365232,0.8577543010419966,0.9142202209321115,False
prim,RAIN,11,META,20,0.1519800717341883,0.5224039240320499,0.8802005309707828,False
prim,RAIN,11,NARINO,20,0.08358633743961835,0.7260729856604795,0.9142202209321115,False
prim,RAIN,11,NORTE DE SANTANDER,19,0.3739968443636784,0.11470018646732563,0.3644237757735887,False
prim,RAIN,11,PUTUMAYO,18,-0.4344597089091611,0.07160341607809628,0.29536409132214714,False
prim,RAIN,11,QUINDIO,20,0.19202146867723238,0.41734202528019093,0.8607679271403939,False
prim,RAIN,11,RISARALDA,24,0.009640725324387993,0.9643390338359448,0.9643390338359448,False
prim,RAIN,11,SAN ANDRES PROVIDENCIA,13,-0.04401654783045836,0.8864638634773433,0.9142202209321115,False
prim,RAIN,11,SANTANDER,20,0.1379881193028112,0.5618110301393474,0.8802005309707828,False
prim,RAIN,11,SUCRE,20,0.12934126163253445,0.5868003539805219,0.8802005309707828,False
prim,RAIN,11,TOLIMA,20,0.17231005630321136,0.4675709822289701,0.8802005309707828,False
prim,RAIN,11,VALLE DEL CAUCA,23,0.5106330365974282,0.012782493431441057,0.14060742774585164,False
prim,RAIN,11,VAUPES,6,-0.20291986247835694,0.699797968157019,0.9142202209321115,False
prim,RAIN,11,VICHADA,4,0.7378647873726218,0.2621352126273781,0.5766974677802318,False
prim,RAIN,12,AMAZONAS,16,-0.2899459043528299,0.27601284453322034,0.7590353224663559,False
prim,RAIN,12,ANTIOQUIA,21,-0.0032520368194050753,0.9888378583096491,0.9888378583096492,False
prim,RAIN,12,ARAUCA,10,0.7463786160872518,0.013153683374316773,0.10851788783811338,False
prim,RAIN,12,ATLANTICO,19,0.36116006914056153,0.12871161908312775,0.6249584619429256,False
prim,RAIN,12,BOGOTA,21,0.08017536078353511,0.7297419223370925,0.903417275035215,False
prim,RAIN,12,BOLIVAR,19,0.22859517669265714,0.3465389726009027,0.8135644554804613,False
prim,RAIN,12,BOYACA,21,0.37816772115758335,0.0909693135927592,0.6003974697122108,False
prim,RAIN,12,CALDAS,20,-0.15100167939339143,0.5251165913435959,0.8135644554804613,False
prim,RAIN,12,CAQUETA,20,0.19073394370839428,0.4205310978547707,0.8135644554804613,False
prim,RAIN,12,CASANARE,18,-0.3058456781077496,0.21709845624283167,0.651295368728495,False
prim,RAIN,12,CAUCA,20,0.30606938916955884,0.18938135210391685,0.6249584619429256,False
prim,RAIN,12,CESAR,20,0.16189928476096196,0.4952794828196717,0.8135644554804613,False
prim,RAIN,12,CHOCO,20,0.7157894736842104,0.00038691327846311315,0.012768138189282734,True
prim,RAIN,12,CORDOBA,20,0.05091845066473416,0.8311791625500203,0.9142970788050224,False
prim,RAIN,12,CUNDINAMARCA,21,0.14550179396820176,0.5291477229870895,0.8135644554804613,False
prim,RAIN,12,GUAINIA,17,0.12228475857582981,0.6401063231333413,0.903417275035215,False
prim,RAIN,12,GUAVIARE,8,-0.8485004317396408,0.007735269516053317,0.10851788783811338,False
prim,RAIN,12,HUILA,20,0.3068823082761717,0.18814853467023737,0.6249584619429256,False
prim,RAIN,12,LA GUAJIRA,20,0.5469765487070892,0.012566129356716468,0.10851788783811338,False
prim,RAIN,12,MAGDALENA,20,-0.08385599725333658,0.7252219937559667,0.903417275035215,False
prim,RAIN,12,META,20,-0.029065411966840923,0.9031841911947694,0.9614541390137867,False
prim,RAIN,12,NARINO,20,-0.012093895663339573,0.9596406293778752,0.9888378583096492,False
prim,RAIN,12,NORTE DE SANTANDER,20,-0.18592128897612895,0.4325666092706403,0.8135644554804613,False
prim,RAIN,12,PUTUMAYO,18,-0.06626295619225717,0.7939121507885223,0.903417275035215,False
prim,RAIN,12,QUINDIO,20,-0.159434087470124,0.501955753341615,0.8135644554804613,False
prim,RAIN,12,RISARALDA,24,-0.29472420693813783,0.16209767760281754,0.6249584619429256,False
prim,RAIN,12,SAN ANDRES PROVIDENCIA,12,0.09106844088398502,0.7783460719179525,0.903417275035215,False
prim,RAIN,12,SANTANDER,20,-0.14483070419291205,0.5423763036536409,0.8135644554804613,False
prim,RAIN,12,SUCRE,20,0.2105582635883537,0.3728957000617954,0.8135644554804613,False
prim,RAIN,12,TOLIMA,20,0.17168694169037488,0.46920697297883984,0.8135644554804613,False
prim,RAIN,12,VALLE DEL CAUCA,23,0.2977987463419332,0.16755645699410718,0.6249584619429256,False
prim,RAIN,12,VAUPES,6,0.17393131069573453,0.7417339277316277,0.903417275035215,False
prim,RAIN,12,VICHADA,3,0.5,0.6666666666666667,0.903417275035215,False
prim,TEMP,1,AMAZONAS,16,0.6323529411764706,0.008577584103099355,0.010483713903788099,True
prim,TEMP,1,ANTIOQUIA,21,0.49870129870129876,0.02138084599925309,0.024329928206046618,True
prim,TEMP,1,ARAUCA,10,0.38181818181818183,0.27625533338543595,0.2848883125537308,False
prim,TEMP,1,ATLANTICO,19,0.5877192982456141,0.008139305847095202,0.010330657421313142,True
prim,TEMP,1,BOGOTA,21,0.8298701298701299,3.2682555177387885e-06,7.703745148955716e-06,True
prim,TEMP,1,BOLIVAR,19,0.48681973248802113,0.034532425180666286,0.03798566769873291,True
prim,TEMP,1,BOYACA,22,0.917560700169396,1.8559239961103593e-09,7.655686483955232e-09,True
prim,TEMP,1,CALDAS,19,0.9421052631578948,1.7223836464188943e-09,7.655686483955232e-09,True
prim,TEMP,1,CAQUETA,20,0.6616541353383457,0.0014862222546038791,0.0021324058435620878,True
prim,TEMP,1,CASANARE,20,0.7924812030075187,3.103086794223733e-05,6.0236390711401875e-05,True
prim,TEMP,1,CAUCA,21,0.7870129870129869,2.3092786396607713e-05,4.762887194300341e-05,True
prim,TEMP,1,CESAR,21,0.92987012987013,1.0810361295691526e-09,5.94569871263034e-09,True
prim,TEMP,1,CHOCO,21,0.8532467532467533,8.8366524232907e-07,2.4300794164049424e-06,True
prim,TEMP,1,CORDOBA,21,0.9012987012987014,2.4794967010375337e-08,9.09148790380429e-08,True
prim,TEMP,1,CUNDINAMARCA,22,0.717673630717109,0.00016980096637833302,0.00026683009002309474,True
prim,TEMP,1,GUAINIA,17,0.6781117154397384,0.0027727790156906666,0.0038125711465746663,True
prim,TEMP,1,GUAVIARE,6,-0.08571428571428573,0.8717434402332361,0.8717434402332361,False
prim,TEMP,1,HUILA,20,0.8511278195488721,1.9615293616584223e-06,4.979266841132918e-06,True
prim,TEMP,1,LA GUAJIRA,20,0.7398496240601502,0.00019241032720557417,0.0002886154908083612,True
prim,TEMP,1,MAGDALENA,20,0.9458646616541352,3.113604214027191e-10,2.054978781257946e-09,True
prim,TEMP,1,META,19,0.8508771929824561,3.889959117183733e-06,8.557910057804212e-06,True
prim,TEMP,1,NARINO,20,0.8932330827067668,1.1553772694134449e-07,3.4661318082403346e-07,True
prim,TEMP,1,NORTE DE SANTANDER,20,0.9022556390977443,5.3994774799641794e-08,1.781827568388179e-07,True
prim,TEMP,1,PUTUMAYO,18,0.6119711042311662,0.006950274712161289,0.009174362620052902,True
prim,TEMP,1,QUINDIO,20,0.7834586466165413,4.392227394692123e-05,7.628605474991582e-05,True
prim,TEMP,1,RISARALDA,25,0.9465116279069768,8.703052116644408e-13,1.4360035992463272e-11,True
prim,TEMP,1,SAN ANDRES PROVIDENCIA,13,0.6593406593406593,0.014225578511456708,0.01676586038850255,True
prim,TEMP,1,SANTANDER,20,0.78796992481203,3.699406473493858e-05,6.782245201405406e-05,True
prim,TEMP,1,SUCRE,21,0.7454545454545455,0.00010520239301192422,0.00017358394846967497,True
prim,TEMP,1,TOLIMA,20,0.956390977443609,4.622988667749747e-11,3.813965650893541e-10,True
prim,TEMP,1,VALLE DEL CAUCA,23,0.949555360644969,4.786138513880631e-12,5.264752365268694e-11,True
prim,TEMP,1,VAUPES,6,0.5373732906238788,0.27152872099918024,0.2848883125537308,False
prim,TEMP,1,VICHADA,3,1.0,0.0,0.0,True
prim,TEMP,2,AMAZONAS,17,0.48774509803921573,0.04702109699673035,0.06465400837050424,False
prim,TEMP,2,ANTIOQUIA,21,0.6038961038961038,0.0037439776277835325,0.00686395898426981,True
prim,TEMP,2,ARAUCA,10,0.3939393939393939,0.25999776683488757,0.2859975435183763,False
prim,TEMP,2,ATLANTICO,19,0.6859649122807018,0.0011846753538876102,0.0026062857785527425,True
prim,TEMP,2,BOGOTA,21,0.6350649350649351,0.001980984234047953,0.0040857799827239034,True
prim,TEMP,2,BOLIVAR,20,0.45632581870336475,0.04313820349593062,0.06189394414633524,False
prim,TEMP,2,BOYACA,22,0.36984754376058726,0.09023504043384371,0.1191102533726737,False
prim,TEMP,2,CALDAS,19,0.9052631578947368,9.969532246511429e-08,6.852741935218808e-07,True
prim,TEMP,2,CAQUETA,20,0.28421052631578947,0.22458459821120466,0.2555617841713708,False
prim,TEMP,2,CASANARE,19,0.5719298245614035,0.010510758441862328,0.016516906122926518,True
prim,TEMP,2,CAUCA,20,0.6812030075187969,0.0009435725086737296,0.002224135199016648,True
prim,TEMP,2,CESAR,21,0.8051948051948051,1.0678393833166908e-05,3.2035181499500725e-05,True
prim,TEMP,2,CHOCO,20,0.7754795584135614,5.8938136813829e-05,0.00016207987623802976,True
prim,TEMP,2,CORDOBA,21,0.8844155844155844,1.0382942326089104e-07,6.852741935218808e-07,True
prim,TEMP,2,CUNDINAMARCA,22,0.3167701863354037,0.15090164160975986,0.18443533974526205,False
prim,TEMP,2,GUAINIA,16,0.0058823529411764705,0.9827505044191351,0.9827505044191351,False
prim,TEMP,2,GUAVIARE,5,-0.09999999999999999,0.8728885715695383,0.9001663394310864,False
prim,TEMP,2,HUILA,20,0.9022556390977443,5.3994774799641794e-08,5.939425227960597e-07,True
prim,TEMP,2,LA GUAJIRA,20,0.5984962406015037,0.005305836200418917,0.009215399716517067,True
prim,TEMP,2,MAGDALENA,20,0.882706766917293,2.588147387918614e-07,1.220126625733061e-06,True
prim,TEMP,2,META,19,0.38421052631578945,0.1043577484973007,0.13245406540042012,False
prim,TEMP,2,NARINO,20,0.825563909774436,7.39882427109212e-06,2.441612009460399e-05,True
prim,TEMP,2,NORTE DE SANTANDER,20,0.8842105263157894,2.3175269783488693e-07,1.220126625733061e-06,True
prim,TEMP,2,PUTUMAYO,19,0.6350877192982456,0.0034826965970136026,0.006760528688320522,True
prim,TEMP,2,QUINDIO,20,0.5744360902255639,0.008072760656054091,0.013320055082489252,True
prim,TEMP,2,RISARALDA,25,0.9589147286821705,4.452848755767476e-14,1.4694400894032672e-12,True
prim,TEMP,2,SAN ANDRES PROVIDENCIA,13,0.5714285714285714,0.04134226737172355,0.06189394414633524,False
prim,TEMP,2,SANTANDER,21,0.7324675324675325,0.00015959227909270496,0.00040511886231225106,True
prim,TEMP,2,SUCRE,21,0.8493506493506494,1.1154654466399217e-06,4.601294967389677e-06,True
prim,TEMP,2,TOLIMA,21,0.8168831168831169,6.228850108065048e-06,2.2839117062905176e-05,True
prim,TEMP,2,VALLE DEL CAUCA,23,0.9147305981216015,1.014406951761901e-09,1.6737714704071367e-08,True
prim,TEMP,2,VAUPES,6,0.6470588235294118,0.1648687156523507,0.1943095577331276,False
prim,TEMP,2,VICHADA,4,0.6000000000000001,0.3999999999999999,0.42580645161290315,False
prim,TEMP,3,AMAZONAS,16,0.18823529411764706,0.4850866091454682,0.5163825194129178,False
prim,TEMP,3,ANTIOQUIA,21,0.6974025974025975,0.0004413317796217921,0.001120303748270703,True
prim,TEMP,3,ARAUCA,10,0.406060606060606,0.24428229408662638,0.27797640361581627,False
prim,TEMP,3,ATLANTICO,19,0.6684210526315789,0.001757331644007474,0.0036244965157654152,True
prim,TEMP,3,BOGOTA,21,0.6415584415584416,0.0017200676131313936,0.0036244965157654152,True
prim,TEMP,3,BOLIVAR,20,0.4024069483523329,0.07858026137561831,0.10633111118323217,False
prim,TEMP,3,BOYACA,23,0.674901185770751,0.00041124780814891254,0.001120303748270703,True
prim,TEMP,3,CALDAS,19,0.8087719298245614,2.7672197202341864e-05,0.00015219708461288025,True
prim,TEMP,3,CAQUETA,20,0.3443609022556391,0.13707258150434384,0.17397673806320565,False
prim,TEMP,3,CASANARE,20,0.39999999999999997,0.08055387210850923,0.10633111118323217,False
prim,TEMP,3,CAUCA,20,0.8481203007518796,2.3214303644390417e-06,1.5321440405297674e-05,True
prim,TEMP,3,CESAR,21,0.5974025974025974,0.004240874117222791,0.006997442293417605,True
prim,TEMP,3,CHOCO,20,0.6240601503759398,0.0032741072368306194,0.006002529934189469,True
prim,TEMP,3,CORDOBA,21,0.7688311688311688,4.655842045881747e-05,0.00021948969644871094,True
prim,TEMP,3,CUNDINAMARCA,22,0.2603049124788256,0.24201079068326745,0.27797640361581627,False
prim,TEMP,3,GUAINIA,15,0.11071428571428568,0.6944626472070963,0.6944626472070963,False
prim,TEMP,3,GUAVIARE,5,-0.3,0.6238376647810728,0.6433325918054813,False
prim,TEMP,3,HUILA,21,0.6532467532467533,0.001323116191344271,0.00311877387959721,True
prim,TEMP,3,LA GUAJIRA,20,0.6195488721804511,0.0035758529444134455,0.00621069195608651,True
prim,TEMP,3,MAGDALENA,20,0.625563909774436,0.003178354611178857,0.006002529934189469,True
prim,TEMP,3,META,19,0.45964912280701753,0.04770770316578596,0.06845018280308421,False
prim,TEMP,3,NARINO,20,0.5849624060150376,0.006744771529507769,0.010598926689226495,True
prim,TEMP,3,NORTE DE SANTANDER,20,0.7684210526315788,7.571881175260271e-05,0.0002776356430928766,True
prim,TEMP,3,PUTUMAYO,19,0.7596491228070175,0.00016125927895513438,0.0005321556205519435,True
prim,TEMP,3,QUINDIO,20,0.7774436090225564,5.488285448149734e-05,0.00022639177473617652,True
prim,TEMP,3,RISARALDA,25,0.9162790697674419,1.2939960163823802e-10,2.135093427030927e-09,True
prim,TEMP,3,SAN ANDRES PROVIDENCIA,13,0.6538461538461539,0.015348516732105476,0.023022775098158213,True
prim,TEMP,3,SANTANDER,21,0.8636363636363636,4.5896792091601305e-07,3.7864853475571075e-06,True
prim,TEMP,3,SUCRE,21,0.32597402597402597,0.14928317187962065,0.18245721007509189,False
prim,TEMP,3,TOLIMA,21,0.7168831168831169,0.00025540851014844816,0.0007662255304453445,True
prim,TEMP,3,VALLE DEL CAUCA,23,0.8534717334927081,2.2578880088629147e-07,2.4836768097492062e-06,True
prim,TEMP,3,VAUPES,6,0.5483870967741936,0.25987714410392354,0.28586485851431587,False
prim,TEMP,3,VICHADA,3,1.0,0.0,0.0,True
prim,TEMP,4,AMAZONAS,16,0.25,0.3503914791072017,0.3860445033539079,False
prim,TEMP,4,ANTIOQUIA,20,0.7218045112781954,0.00032706593893473,0.0008994313320705075,True
prim,TEMP,4,ARAUCA,9,0.08333333333333334,0.831214097710308,0.831214097710308,False
prim,TEMP,4,ATLANTICO,18,0.7089783281733747,0.0009869258677951244,0.002071421994607238,True
prim,TEMP,4,BOGOTA,20,0.831578947368421,5.522372803574232e-06,3.0373050419658278e-05,True
prim,TEMP,4,BOLIVAR,19,0.1246160716718203,0.6112421278271609,0.6506771038160101,False
prim,TEMP,4,BOYACA,22,0.8531902879728968,4.5142615003636913e-07,3.7242657378000453e-06,True
prim,TEMP,4,CALDAS,18,0.826625386996904,2.3456553098215367e-05,0.00011058089317730102,True
prim,TEMP,4,CAQUETA,19,0.5385964912280702,0.01735062387146656,0.02290282351033586,True
prim,TEMP,4,CASANARE,19,0.6578947368421053,0.0022001756110215888,0.004033655286872913,True
prim,TEMP,4,CAUCA,19,0.719298245614035,0.0005183542895819854,0.0013158224274004244,True
prim,TEMP,4,CESAR,20,0.6676691729323309,0.0012967923499898853,0.002517302797039189,True
prim,TEMP,4,CHOCO,19,0.7736842105263159,0.00010186400382945177,0.0003361512126371908,True
prim,TEMP,4,CORDOBA,20,0.8330827067669173,5.123854828137097e-06,3.0373050419658278e-05,True
prim,TEMP,4,CUNDINAMARCA,21,0.21428571428571425,0.35094954850355264,0.3860445033539079,False
prim,TEMP,4,GUAINIA,14,0.3758241758241759,0.185410028697123,0.21851896239303784,False
prim,TEMP,4,GUAVIARE,4,0.19999999999999998,0.8,0.8250000000000001,False
prim,TEMP,4,HUILA,20,0.5864661654135337,0.006570618371105349,0.010325257440308405,True
prim,TEMP,4,LA GUAJIRA,19,0.556140350877193,0.0134106833825396,0.0192414152879916,True
prim,TEMP,4,MAGDALENA,20,0.7774436090225564,5.488285448149734e-05,0.00020123713309882357,True
prim,TEMP,4,META,19,0.6175438596491227,0.00484333815485027,0.007991507955502946,True
prim,TEMP,4,NARINO,19,0.8,3.9238561936082586e-05,0.00016185906798634066,True
prim,TEMP,4,NORTE DE SANTANDER,19,0.6929824561403508,0.0010043258155671456,0.002071421994607238,True
prim,TEMP,4,PUTUMAYO,18,0.5748194014447885,0.012581956389329619,0.01887293458399443,True
prim,TEMP,4,QUINDIO,19,0.6982456140350877,0.0008846991322268252,0.002071421994607238,True
prim,TEMP,4,RISARALDA,24,0.9149122807017546,3.918588342449546e-10,6.465670765041751e-09,True
prim,TEMP,4,SAN ANDRES PROVIDENCIA,12,0.5454545454545455,0.06661188226688901,0.08141452277064211,False
prim,TEMP,4,SANTANDER,20,0.6360902255639098,0.0025711072764284873,0.004465607374849478,True
prim,TEMP,4,SUCRE,20,0.512781954887218,0.0207797266670458,0.026374268462019665,True
prim,TEMP,4,TOLIMA,20,0.7443609022556391,0.00016739569998519392,0.0005021870999555818,True
prim,TEMP,4,VALLE DEL CAUCA,22,0.894662560386638,1.9529158783558177e-08,2.1482074661913994e-07,True
prim,TEMP,4,VAUPES,6,0.8932596002688613,0.016482195339645643,0.022663018592012762,True
prim,TEMP,4,VICHADA,3,1.0,0.0,0.0,True
prim,TEMP,5,AMAZONAS,17,0.3186274509803922,0.2125915923704279,0.2806209019289648,False
prim,TEMP,5,ANTIOQUIA,20,0.5819548872180451,0.00710443754510044,0.02344464389883145,True
prim,TEMP,5,ARAUCA,9,0.6333333333333333,0.06708578689234565,0.10614714021012649,False
prim,TEMP,5,ATLANTICO,17,0.4534313725490197,0.06754818013371686,0.10614714021012649,False
prim,TEMP,5,BOGOTA,20,0.675187969924812,0.0010889426257988835,0.0071870213302726305,True
prim,TEMP,5,BOLIVAR,19,-0.030715228933195147,0.9006628652897235,0.9006628652897235,False
prim,TEMP,5,BOYACA,22,0.5618294748729532,0.006505942387462353,0.02344464389883145,True
prim,TEMP,5,CALDAS,19,0.7456140350877193,0.0002479007969023674,0.002045181574444531,True
prim,TEMP,5,CAQUETA,19,0.1824561403508772,0.45468613071911324,0.5743053223244031,False
prim,TEMP,5,CASANARE,19,0.11496271400710183,0.6393198066910772,0.7211421779397313,False
prim,TEMP,5,CAUCA,18,0.3457172342621259,0.15995306278645896,0.2199354613313811,False
prim,TEMP,5,CESAR,20,0.6601503759398496,0.001537048632118307,0.008453767476650689,True
prim,TEMP,5,CHOCO,19,0.4666666666666667,0.04398770023693587,0.09072463173868023,False
prim,TEMP,5,CORDOBA,20,0.6451127819548872,0.0021306929704406788,0.0087891085030678,True
prim,TEMP,5,CUNDINAMARCA,21,0.08961038961038961,0.6992893846688304,0.7211421779397313,False
prim,TEMP,5,GUAINIA,15,0.11071428571428568,0.6944626472070963,0.7211421779397313,False
prim,TEMP,5,GUAVIARE,5,0.3,0.6238376647810728,0.7211421779397313,False
prim,TEMP,5,HUILA,20,0.524812030075188,0.017508741658873835,0.03851923164952244,True
prim,TEMP,5,LA GUAJIRA,20,0.5578947368421052,0.010585028447546954,0.029108828230754124,True
prim,TEMP,5,MAGDALENA,20,0.4015037593984962,0.07931658537453377,0.11897487806180065,False
prim,TEMP,5,META,18,0.45510835913312697,0.05772857159967152,0.10548971585081002,False
prim,TEMP,5,NARINO,20,0.5593984962406015,0.010333258461010715,0.029108828230754124,True
prim,TEMP,5,NORTE DE SANTANDER,19,0.5543859649122806,0.013768957045708035,0.03245539875059751,True
prim,TEMP,5,PUTUMAYO,17,0.37500000000000006,0.13803484396804858,0.19804999351937405,False
prim,TEMP,5,QUINDIO,20,0.17142857142857143,0.4698861728108753,0.5743053223244031,False
prim,TEMP,5,RISARALDA,24,0.8814025477823759,1.287318837221851e-08,2.1240760814160542e-07,True
prim,TEMP,5,SAN ANDRES PROVIDENCIA,13,0.532967032967033,0.06073650306561788,0.10548971585081002,False
prim,TEMP,5,SANTANDER,20,0.5518796992481202,0.011642373367085757,0.02955371700875615,True
prim,TEMP,5,SUCRE,20,0.6466165413533834,0.0020638211543594184,0.0087891085030678,True
prim,TEMP,5,TOLIMA,20,0.732330827067669,0.00024121635708852904,0.002045181574444531,True
prim,TEMP,5,VALLE DEL CAUCA,22,0.9016949152542375,1.0084879511141319e-08,2.1240760814160542e-07,True
prim,TEMP,5,VAUPES,6,0.8116794499134278,0.04985758510134042,0.09678237107907259,False
prim,TEMP,5,VICHADA,3,0.5,0.6666666666666667,0.7211421779397313,False
prim,TEMP,6,AMAZONAS,17,0.4120172448241448,0.10031095299447759,0.1839034138232089,False
prim,TEMP,6,ANTIOQUIA,20,0.41654135338345866,0.06770800324389109,0.13143318276755328,False
prim,TEMP,6,ARAUCA,9,0.5499999999999999,0.12497678418833198,0.18714843653712035,False
prim,TEMP,6,ATLANTICO,18,0.16821465428276572,0.5046325110850312,0.5947454594930724,False
prim,TEMP,6,BOGOTA,20,0.5488721804511278,0.012202217962291394,0.03660665388687418,True
prim,TEMP,6,BOLIVAR,19,-0.10359968874307465,0.6729796909141885,0.7402776600056075,False
prim,TEMP,6,BOYACA,22,0.7312252964426879,0.00011053822478870218,0.0007295522836054344,True
prim,TEMP,6,CALDAS,19,0.6000000000000001,0.00661231730415606,0.02424516344857222,True
prim,TEMP,6,CAQUETA,19,0.3596491228070175,0.13043678910162934,0.18714843653712035,False
prim,TEMP,6,CASANARE,19,0.18596491228070175,0.44590627508518843,0.5449965584374525,False
prim,TEMP,6,CAUCA,18,0.25696594427244585,0.30330908061762435,0.41704998584923353,False
prim,TEMP,6,CESAR,20,0.4917293233082706,0.027658227513046127,0.06519439342360873,False
prim,TEMP,6,CHOCO,19,0.7824561403508771,7.518849774590383e-05,0.0006203051064037066,True
prim,TEMP,6,CORDOBA,20,0.6421052631578947,0.002269879567318682,0.009968390011936645,True
prim,TEMP,6,CUNDINAMARCA,21,0.08441558441558442,0.7160045730938805,0.7621984165192922,False
prim,TEMP,6,GUAINIA,19,0.019298245614035085,0.9374978309415845,0.9565293523898406,False
prim,TEMP,6,GUAVIARE,4,0.39999999999999997,0.6,0.6827586206896552,False
prim,TEMP,6,HUILA,20,0.5654135338345864,0.009374317750631534,0.030935248577084063,True
prim,TEMP,6,LA GUAJIRA,19,0.3719298245614035,0.11687923396377846,0.18539772674399047,False
prim,TEMP,6,MAGDALENA,20,0.3669172932330827,0.111535199402392,0.18539772674399047,False
prim,TEMP,6,META,19,0.487719298245614,0.03415056320296079,0.07513123904651374,False
prim,TEMP,6,NARINO,20,0.49323308270676686,0.027114204941944227,0.06519439342360873,False
prim,TEMP,6,NORTE DE SANTANDER,19,0.48245614035087714,0.03643194294552844,0.07514088232515241,False
prim,TEMP,6,PUTUMAYO,17,0.22058823529411767,0.3948890883363402,0.5012053813499702,False
prim,TEMP,6,QUINDIO,20,0.21654135338345865,0.3591457825704002,0.4740724329929282,False
prim,TEMP,6,RISARALDA,24,0.8525184523734203,1.2303221032997943e-07,1.3533543136297737e-06,True
prim,TEMP,6,SAN ANDRES PROVIDENCIA,12,0.6713286713286714,0.01683145618689339,0.04628650451395683,True
prim,TEMP,6,SANTANDER,20,0.3609022556390977,0.11798037156435756,0.18539772674399047,False
prim,TEMP,6,SUCRE,20,0.6736842105263157,0.0011280967372370514,0.006204532054803783,True
prim,TEMP,6,TOLIMA,20,0.6390977443609022,0.002416579396833126,0.009968390011936645,True
prim,TEMP,6,VALLE DEL CAUCA,22,0.9039010864527138,8.11302758856027e-09,1.3386495521124444e-07,True
prim,TEMP,6,VAUPES,6,-0.02898855178262242,0.9565293523898406,0.9565293523898406,False
prim,TEMP,6,VICHADA,3,1.0,0.0,0.0,True
prim,TEMP,7,AMAZONAS,17,0.069895782604096,0.7898064103373582,0.8144878606604007,False
prim,TEMP,7,ANTIOQUIA,20,0.41353383458646614,0.06992073829262123,0.1538256242437667,False
prim,TEMP,7,ARAUCA,9,0.4666666666666666,0.20538635110581185,0.3628231603832099,False
prim,TEMP,7,ATLANTICO,18,0.21568627450980388,0.3900270258208054,0.5362871605036074,False
prim,TEMP,7,BOGOTA,19,0.4508771929824561,0.05268968314083469,0.13236282873872754,False
prim,TEMP,7,BOLIVAR,19,0.21968399480506365,0.3661643830067012,0.5253662886617887,False
prim,TEMP,7,BOYACA,21,0.6753246753246753,0.0007815563656282275,0.008597120021910503,True
prim,TEMP,7,CALDAS,20,0.4676691729323308,0.03758851020414888,0.10336840306140942,False
prim,TEMP,7,CAQUETA,20,0.556390977443609,0.010841753245056875,0.05111112244098241,False
prim,TEMP,7,CASANARE,19,0.09473684210526316,0.6996571784752554,0.7961616168856355,False
prim,TEMP,7,CAUCA,18,0.07533539731682146,0.7663922813478388,0.8144878606604007,False
prim,TEMP,7,CESAR,20,0.17293233082706763,0.4659400851924169,0.5913854927442215,False
prim,TEMP,7,CHOCO,20,0.6225563909774435,0.0033722438431556664,0.018547341137356167,True
prim,TEMP,7,CORDOBA,20,0.6406015037593984,0.002342270858482576,0.015458987665985,True
prim,TEMP,7,CUNDINAMARCA,21,0.22207792207792207,0.33328051959453797,0.49992077939180696,False
prim,TEMP,7,GUAINIA,19,-0.07719298245614034,0.7534433450404967,0.8144878606604007,False
prim,TEMP,7,GUAVIARE,5,0.10259783520851543,0.8695979205185651,0.8695979205185651,False
prim,TEMP,7,HUILA,20,0.5278195488721804,0.016759126882928903,0.05530511871366538,False
prim,TEMP,7,LA GUAJIRA,20,0.27669172932330827,0.23761884061099173,0.37340103524584417,False
prim,TEMP,7,MAGDALENA,20,0.2781954887218045,0.23497379059889356,0.37340103524584417,False
prim,TEMP,7,META,19,0.39122807017543854,0.09765306029948713,0.19867755990309427,False
prim,TEMP,7,NARINO,20,0.5338345864661653,0.0153370468002174,0.05530511871366538,False
prim,TEMP,7,NORTE DE SANTANDER,19,0.5105263157894736,0.025516089506920026,0.07654826852076008,False
prim,TEMP,7,PUTUMAYO,17,0.32107843137254904,0.208898183250939,0.3628231603832099,False
prim,TEMP,7,QUINDIO,20,0.1789473684210526,0.45032544160933996,0.5913854927442215,False
prim,TEMP,7,RISARALDA,24,0.8332623887674497,4.317137388561005e-07,1.4246553382251315e-05,True
prim,TEMP,7,SAN ANDRES PROVIDENCIA,14,0.5208791208791209,0.05615392734370259,0.13236282873872754,False
prim,TEMP,7,SANTANDER,20,0.5413533834586466,0.0136974953970477,0.05530511871366538,False
prim,TEMP,7,SUCRE,20,0.6631578947368421,0.0014368148651074362,0.01185372263713635,True
prim,TEMP,7,TOLIMA,20,0.3759398496240601,0.10234904601068492,0.19867755990309427,False
prim,TEMP,7,VALLE DEL CAUCA,22,0.7707509881422926,2.6982647336560004e-05,0.0004452136810532401,True
prim,TEMP,7,VAUPES,5,0.36842105263157904,0.5417509057946893,0.6621399959712869,False
prim,TEMP,7,VICHADA,3,-0.5,0.6666666666666667,0.7857142857142858,False
prim,TEMP,8,AMAZONAS,18,-0.1445534524077174,0.5671327789131393,0.6684064894333428,False
prim,TEMP,8,ANTIOQUIA,20,0.26616541353383455,0.25667084540254065,0.4705632165713245,False
prim,TEMP,8,ARAUCA,10,0.3696969696969697,0.2930500752928223,0.48353262423315674,False
prim,TEMP,8,ATLANTICO,18,0.24458204334365324,0.3280041243603068,0.5154350525661964,False
prim,TEMP,8,BOGOTA,20,0.5488721804511278,0.012202217962291394,0.04474146586173511,True
prim,TEMP,8,BOLIVAR,19,0.27416562551671947,0.25601375255971076,0.4705632165713245,False
prim,TEMP,8,BOYACA,20,0.6721804511278194,0.0011684302903722918,0.007961304917637958,True
prim,TEMP,8,CALDAS,21,0.3116883116883117,0.1689996578248454,0.3717992472146599,False
prim,TEMP,8,CAQUETA,19,0.37719298245614036,0.1113882030181703,0.2827546691999708,False
prim,TEMP,8,CASANARE,18,0.27347781217750256,0.2721726853194866,0.472720979765424,False
prim,TEMP,8,CAUCA,18,-0.034055727554179564,0.893282818838896,0.893282818838896,False
prim,TEMP,8,CESAR,20,0.05413533834586466,0.8206745196973446,0.8463205984378867,False
prim,TEMP,8,CHOCO,20,0.6601503759398496,0.001537048632118307,0.008453767476650689,True
prim,TEMP,8,CORDOBA,20,0.6857142857142857,0.0008456156084852952,0.007961304917637958,True
prim,TEMP,8,CUNDINAMARCA,21,0.212987012987013,0.353946406990143,0.5309196104852145,False
prim,TEMP,8,GUAINIA,18,0.09189469474490607,0.7168623988557168,0.7631115858786662,False
prim,TEMP,8,GUAVIARE,6,0.3188740696088466,0.5379005604702051,0.6684064894333428,False
prim,TEMP,8,HUILA,20,0.6736842105263157,0.0011280967372370514,0.007961304917637958,True
prim,TEMP,8,LA GUAJIRA,20,0.1744360902255639,0.4620108862392819,0.6352649685790126,False
prim,TEMP,8,MAGDALENA,20,0.306766917293233,0.18832319847855758,0.388416596862025,False
prim,TEMP,8,META,20,0.15789473684210525,0.5061465835201627,0.6681134902466148,False
prim,TEMP,8,NARINO,20,0.35187969924812035,0.1281419520870412,0.3020488870623114,False
prim,TEMP,8,NORTE DE SANTANDER,19,0.6000000000000001,0.00661231730415606,0.02727580887964375,True
prim,TEMP,8,PUTUMAYO,17,0.15441176470588236,0.5540319990921863,0.6684064894333428,False
prim,TEMP,8,QUINDIO,20,0.20150375939849624,0.3942605047612736,0.5656781155270447,False
prim,TEMP,8,RISARALDA,24,0.8367634912412625,3.477860234838597e-07,1.147693877496737e-05,True
prim,TEMP,8,SAN ANDRES PROVIDENCIA,14,0.5874591013585445,0.02717313661268103,0.08228215194537931,False
prim,TEMP,8,SANTANDER,20,0.6120300751879698,0.004129875210325545,0.019469411705820425,True
prim,TEMP,8,SUCRE,20,0.4857142857142857,0.029920782525592476,0.08228215194537931,False
prim,TEMP,8,TOLIMA,20,0.4857142857142857,0.029920782525592476,0.08228215194537931,False
prim,TEMP,8,VALLE DEL CAUCA,22,0.6444507458340618,0.0012062583208542362,0.007961304917637958,True
prim,TEMP,8,VAUPES,4,-0.3333333333333334,0.6666666666666665,0.7333333333333335,False
prim,TEMP,8,VICHADA,3,0.5,0.6666666666666667,0.7333333333333335,False
prim,TEMP,9,AMAZONAS,18,0.3892617968407818,0.11034197324023286,0.33102591972069856,False
prim,TEMP,9,ANTIOQUIA,20,-0.09473684210526315,0.6911525963694354,0.8447420622293099,False
prim,TEMP,9,ARAUCA,10,0.16363636363636364,0.6514773427962428,0.8268750889336928,False
prim,TEMP,9,ATLANTICO,18,-0.11661506707946334,0.6449317151979074,0.8268750889336928,False
prim,TEMP,9,BOGOTA,20,0.47218045112781953,0.035542393671932,0.1466123738967195,False
prim,TEMP,9,BOLIVAR,18,0.017543859649122806,0.9449151835129637,0.9698849998123449,False
prim,TEMP,9,BOYACA,21,0.15974025974025974,0.4891511154734237,0.7686660386010944,False
prim,TEMP,9,CALDAS,22,0.27159796725014124,0.22144590282931434,0.4871809862244916,False
prim,TEMP,9,CAQUETA,19,0.31578947368421056,0.18782145580900952,0.4427220029783796,False
prim,TEMP,9,CASANARE,18,0.24458204334365324,0.3280041243603068,0.6389154196183995,False
prim,TEMP,9,CAUCA,20,0.2120300751879699,0.36948599387790193,0.6773909887761536,False
prim,TEMP,9,CESAR,20,-0.024060150375939848,0.9197997451459456,0.9698849998123449,False
prim,TEMP,9,CHOCO,20,0.6962406015037594,0.0006499244054973399,0.010723752690706108,True
prim,TEMP,9,CORDOBA,20,0.631578947368421,0.0028182871655732474,0.023250869115979293,True
prim,TEMP,9,CUNDINAMARCA,21,0.07662337662337662,0.7413113765158403,0.873688408036526,False
prim,TEMP,9,GUAINIA,16,0.19117647058823528,0.47816401281702825,0.7686660386010944,False
prim,TEMP,9,GUAVIARE,9,0.31799441532717476,0.4043225359679229,0.7022444045758661,False
prim,TEMP,9,HUILA,20,0.6526315789473683,0.0018136097760447342,0.019949707536492077,True
prim,TEMP,9,LA GUAJIRA,20,-0.009022556390977442,0.9698849998123449,0.9698849998123449,False
prim,TEMP,9,MAGDALENA,20,0.3383458646616541,0.14452609966359914,0.39744677407489765,False
prim,TEMP,9,META,20,0.1413533834586466,0.5522144386322418,0.792307672820173,False
prim,TEMP,9,NARINO,20,0.2300751879699248,0.3291382464700846,0.6389154196183995,False
prim,TEMP,9,NORTE DE SANTANDER,20,0.5428571428571428,0.01338720542801516,0.07707455417520913,False
prim,TEMP,9,PUTUMAYO,18,-0.025813116501378106,0.9190188181551957,0.9698849998123449,False
prim,TEMP,9,QUINDIO,20,-0.14285714285714285,0.5479501508336087,0.792307672820173,False
prim,TEMP,9,RISARALDA,24,0.7525909182408019,2.209686822424123e-05,0.0007291966513999605,True
prim,TEMP,9,SAN ANDRES PROVIDENCIA,12,0.5104895104895105,0.08991373630263913,0.2967153297987091,False
prim,TEMP,9,SANTANDER,20,0.5398496240601504,0.014013555304583477,0.07707455417520913,False
prim,TEMP,9,SUCRE,20,0.312781954887218,0.17936353052759138,0.4427220029783796,False
prim,TEMP,9,TOLIMA,20,0.4421052631578947,0.05096470340964169,0.18687057916868619,False
prim,TEMP,9,VALLE DEL CAUCA,23,0.49456008366925475,0.016440772912774043,0.0775065008745062,False
prim,TEMP,9,VAUPES,4,0.39999999999999997,0.6,0.8250000000000001,False
prim,TEMP,9,VICHADA,4,0.19999999999999998,0.8,0.9103448275862069,False
prim,TEMP,10,AMAZONAS,16,0.0823529411764706,0.761733078752474,0.9077448046749628,False
prim,TEMP,10,ANTIOQUIA,20,0.30977443609022554,0.18380643241191041,0.39739434206732466,False
prim,TEMP,10,ARAUCA,10,-0.17575757575757575,0.6271883447764844,0.8278886151049595,False
prim,TEMP,10,ATLANTICO,18,-0.06501547987616099,0.7977151313810279,0.9077448046749628,False
prim,TEMP,10,BOGOTA,21,0.6207792207792208,0.00267391275907467,0.02074032843374407,True
prim,TEMP,10,BOLIVAR,19,-0.008775779695198613,0.9715564626315467,1.0,False
prim,TEMP,10,BOYACA,21,0.3987012987012987,0.07340807742224027,0.20187221291116075,False
prim,TEMP,10,CALDAS,19,0.6403508771929824,0.003142474005112738,0.02074032843374407,True
prim,TEMP,10,CAQUETA,20,0.26917293233082706,0.25113145369079043,0.4604076650997825,False
prim,TEMP,10,CASANARE,19,0.4052631578947368,0.08519044298371392,0.21625266295865841,False
prim,TEMP,10,CAUCA,20,0.2045112781954887,0.38709023775567686,0.5553903411277102,False
prim,TEMP,10,CESAR,20,0.24511278195488717,0.2976005003886618,0.5168850796224126,False
prim,TEMP,10,CHOCO,20,0.5804511278195488,0.0072900732244842075,0.040095402734663145,True
prim,TEMP,10,CORDOBA,20,0.431578947368421,0.05742465038435194,0.1722739511530558,False
prim,TEMP,10,CUNDINAMARCA,21,0.3064935064935065,0.17659418586665684,0.39739434206732466,False
prim,TEMP,10,GUAINIA,17,-0.02084611060122161,0.9367050570722334,1.0,False
prim,TEMP,10,GUAVIARE,10,0.686933264358473,0.028205560771255266,0.10970953592717242,False
prim,TEMP,10,HUILA,20,0.5624060150375939,0.00984430003305582,0.04640884301297744,True
prim,TEMP,10,LA GUAJIRA,20,0.016541353383458645,0.9448174502147446,1.0,False
prim,TEMP,10,MAGDALENA,20,0.6796992481203006,0.0009782817239871893,0.010761098963859081,True
prim,TEMP,10,META,20,0.0631578947368421,0.7913733978200618,0.9077448046749628,False
prim,TEMP,10,NARINO,20,0.29624060150375936,0.2047182974286218,0.39739434206732466,False
prim,TEMP,10,NORTE DE SANTANDER,19,0.487719298245614,0.03415056320296079,0.1126968585697706,False
prim,TEMP,10,PUTUMAYO,19,0.10526315789473684,0.6680128800865883,0.8478625016483622,False
prim,TEMP,10,QUINDIO,20,-0.18496240601503755,0.4349861436228526,0.5981059474814223,False
prim,TEMP,10,RISARALDA,24,0.7512736645916056,2.3268511112672752e-05,0.0007678608667182008,True
prim,TEMP,10,SAN ANDRES PROVIDENCIA,13,0.28335652665857564,0.3481716255916303,0.5234606314532197,False
prim,TEMP,10,SANTANDER,20,0.22105263157894736,0.3489737543021465,0.5234606314532197,False
prim,TEMP,10,SUCRE,20,0.22255639097744356,0.3456206337468547,0.5234606314532197,False
prim,TEMP,10,TOLIMA,20,0.4857142857142857,0.029920782525592476,0.10970953592717242,False
prim,TEMP,10,VALLE DEL CAUCA,23,0.6909382257216825,0.0002619658266249783,0.0043224361393121415,True
prim,TEMP,10,VAUPES,5,0.6842105263157895,0.20263069030420366,0.39739434206732466,False
prim,TEMP,10,VICHADA,4,0.0,1.0,1.0,False
prim,TEMP,11,AMAZONAS,16,0.6294117647058822,0.008988089264446917,0.049434490954458045,True
prim,TEMP,11,ANTIOQUIA,21,0.16753246753246753,0.46791573870834513,0.6913140134017844,False
prim,TEMP,11,ARAUCA,10,0.406060606060606,0.24428229408662638,0.4741950414622748,False
prim,TEMP,11,ATLANTICO,18,-0.2239422084623323,0.37168616375621744,0.6455601791555355,False
prim,TEMP,11,BOGOTA,21,0.47792207792207797,0.02843302428966089,0.09382898015588094,False
prim,TEMP,11,BOLIVAR,19,0.20350877192982456,0.4033523173766833,0.6655313236715275,False
prim,TEMP,11,BOYACA,21,0.46623376623376617,0.03314052796877135,0.09694749862867015,False
prim,TEMP,11,CALDAS,19,0.6368421052631579,0.003366070199924478,0.027770079149376944,True
prim,TEMP,11,CAQUETA,20,-0.16691729323308271,0.48182491843154673,0.6913140134017844,False
prim,TEMP,11,CASANARE,18,0.4984520123839009,0.03525363586497097,0.09694749862867015,False
prim,TEMP,11,CAUCA,20,0.004511278195488721,0.9849400483404018,1.0,False
prim,TEMP,11,CESAR,20,0.09172932330827067,0.7005157258604466,0.8422523583472014,False
prim,TEMP,11,CHOCO,20,0.5383458646616541,0.01433546239679361,0.059133782386773644,False
prim,TEMP,11,CORDOBA,20,0.3954887218045112,0.08435163245001225,0.18557359139002694,False
prim,TEMP,11,CUNDINAMARCA,21,0.15324675324675324,0.5072039302125892,0.6974054040423102,False
prim,TEMP,11,GUAINIA,19,-0.151820988726936,0.5349557480223932,0.7061415873895591,False
prim,TEMP,11,GUAVIARE,10,-0.20668788485122197,0.5666951380068741,0.7192669059318018,False
prim,TEMP,11,HUILA,20,0.5293233082706766,0.01639408473129437,0.060111644014746016,False
prim,TEMP,11,LA GUAJIRA,20,0.03909774436090225,0.8700037043301221,0.9900042152722079,False
prim,TEMP,11,MAGDALENA,20,0.5398496240601504,0.014013555304583477,0.059133782386773644,False
prim,TEMP,11,META,20,0.08721804511278194,0.7146383646582315,0.8422523583472014,False
prim,TEMP,11,NARINO,20,0.5684210526315789,0.008922760369500673,0.049434490954458045,True
prim,TEMP,11,NORTE DE SANTANDER,19,0.3666666666666667,0.12256059977421568,0.25278123703431987,False
prim,TEMP,11,PUTUMAYO,18,-0.011357771260606367,0.9643236015231049,1.0,False
prim,TEMP,11,QUINDIO,20,-0.010526315789473682,0.9648685868194993,1.0,False
prim,TEMP,11,RISARALDA,24,0.7477609881937489,2.666507949123187e-05,0.0008799476232106518,True
prim,TEMP,11,SAN ANDRES PROVIDENCIA,13,0.5006882315714638,0.08137738388003876,0.18557359139002694,False
prim,TEMP,11,SANTANDER,20,0.17142857142857143,0.4698861728108753,0.6913140134017844,False
prim,TEMP,11,SUCRE,20,0.2421052631578947,0.30375506301143457,0.5568842821876301,False
prim,TEMP,11,TOLIMA,20,0.706766917293233,0.0004940441153149169,0.007116005147144915,True
prim,TEMP,11,VALLE DEL CAUCA,23,0.6577649112801087,0.0006469095588313558,0.007116005147144915,True
prim,TEMP,11,VAUPES,6,0.8060599359358184,0.052771813251892584,0.13395921825480425,False
prim,TEMP,11,VICHADA,4,0.0,1.0,1.0,False
prim,TEMP,12,AMAZONAS,16,0.049999999999999996,0.8540995521297436,0.9208563550727897,False
prim,TEMP,12,ANTIOQUIA,21,-0.13116883116883118,0.570889196068409,0.7849726445940625,False
prim,TEMP,12,ARAUCA,10,0.406060606060606,0.24428229408662638,0.40306578524293357,False
prim,TEMP,12,ATLANTICO,19,0.11228070175438597,0.6472068934597522,0.8214549032373779,False
prim,TEMP,12,BOGOTA,21,0.39090909090909093,0.07974355165372467,0.2209243065566741,False
prim,TEMP,12,BOLIVAR,19,0.5037297545044003,0.027886162996521593,0.10224926432057918,False
prim,TEMP,12,BOYACA,21,0.3220779220779221,0.1544922989180332,0.26832872969974186,False
prim,TEMP,12,CALDAS,20,0.3413533834586466,0.1407646971603081,0.26832872969974186,False
prim,TEMP,12,CAQUETA,20,-0.4481203007518797,0.04753173575066418,0.1568547279771918,False
prim,TEMP,12,CASANARE,18,0.2776057791537668,0.26470972815378374,0.4159724299559459,False
prim,TEMP,12,CAUCA,20,-0.19999999999999998,0.39787297935196153,0.5968094690279423,False
prim,TEMP,12,CESAR,20,0.06616541353383458,0.7816639121085741,0.8894796241235499,False
prim,TEMP,12,CHOCO,20,0.6105263157894737,0.004248782651947039,0.03505245687856307,True
prim,TEMP,12,CORDOBA,20,0.33082706766917286,0.15423604448098624,0.26832872969974186,False
prim,TEMP,12,CUNDINAMARCA,21,0.18311688311688312,0.426895096294335,0.6125016599005676,False
prim,TEMP,12,GUAINIA,17,-0.09336637518643666,0.7215281890741071,0.8534078655663133,False
prim,TEMP,12,GUAVIARE,8,0.7784570702436183,0.022867333969736826,0.09432775262516441,False
prim,TEMP,12,HUILA,20,0.5624060150375939,0.00984430003305582,0.05683292153555894,False
prim,TEMP,12,LA GUAJIRA,20,-0.003007518796992481,0.9899597295184989,0.9899597295184989,False
prim,TEMP,12,MAGDALENA,20,0.39097744360902253,0.08828010210661397,0.2209243065566741,False
prim,TEMP,12,META,20,0.08421052631578946,0.7241036435108112,0.8534078655663133,False
prim,TEMP,12,NARINO,20,0.5097744360902255,0.02166896662153532,0.09432775262516441,False
prim,TEMP,12,NORTE DE SANTANDER,20,0.33684210526315783,0.1464329432946607,0.26832872969974186,False
prim,TEMP,12,PUTUMAYO,18,-0.025799793601651185,0.9190604851409846,0.9477811253016404,False
prim,TEMP,12,QUINDIO,20,0.11578947368421053,0.6268789936728247,0.8214549032373779,False
prim,TEMP,12,RISARALDA,24,0.7597392368173808,1.660110206531697e-05,0.00018261212271848668,True
prim,TEMP,12,SAN ANDRES PROVIDENCIA,12,0.4685314685314686,0.12445479118883397,0.26832872969974186,False
prim,TEMP,12,SANTANDER,20,-0.04060150375939849,0.8650468790077722,0.9208563550727897,False
prim,TEMP,12,SUCRE,20,0.5593984962406015,0.010333258461010715,0.05683292153555894,False
prim,TEMP,12,TOLIMA,20,0.38496240601503756,0.09372546338767992,0.2209243065566741,False
prim,TEMP,12,VALLE DEL CAUCA,23,0.3712308452792882,0.08115562218433092,0.2209243065566741,False
prim,TEMP,12,VAUPES,6,1.0,0.0,0.0,True
prim,TEMP,12,VICHADA,3,-1.0,0.0,0.0,True
prim,HUMI,1,AMAZONAS,16,0.7352941176470589,0.0011716155350991778,0.004832914082284109,True
prim,HUMI,1,ANTIOQUIA,21,0.6298701298701298,0.002212985903649754,0.008114281646715765,True
prim,HUMI,1,ARAUCA,10,0.43030303030303024,0.21449233253280775,0.29492695723261064,False
prim,HUMI,1,ATLANTICO,19,0.5853445056697474,0.008465218995982234,0.021077780671468985,True
prim,HUMI,1,BOGOTA,21,0.571614190589364,0.006787795659291269,0.020363386977873807,True
prim,HUMI,1,BOLIVAR,19,0.5614035087719299,0.01238047681616205,0.027237048995556512,True
prim,HUMI,1,BOYACA,22,0.5189158667419538,0.013339157176970115,0.02751201167750086,True
prim,HUMI,1,CALDAS,19,0.4,0.08971874672115318,0.13457812008172979,False
prim,HUMI,1,CAQUETA,20,0.7503759398496239,0.00013841163311276012,0.0010403746406497962,True
prim,HUMI,1,CASANARE,20,0.813533834586466,1.2867962423531975e-05,0.00014154758665885174,True
prim,HUMI,1,CAUCA,21,0.7,0.00041129387136387544,0.0019389568221439841,True
prim,HUMI,1,CESAR,21,0.5656701791887006,0.007525457058287009,0.020695006910289273,True
prim,HUMI,1,CHOCO,21,0.36737797213387385,0.10135357315656501,0.14542034409420196,False
prim,HUMI,1,CORDOBA,21,0.6080598306165924,0.0034516546175255157,0.011390460237834202,True
prim,HUMI,1,CUNDINAMARCA,22,0.2452619143601738,0.27127068627237966,0.3580773058795411,False
prim,HUMI,1,GUAINIA,17,0.059260885094595976,0.8212595075731866,0.8717434402332361,False
prim,HUMI,1,GUAVIARE,6,-0.08571428571428573,0.8717434402332361,0.8717434402332361,False
prim,HUMI,1,HUILA,20,0.4956661648722833,0.02625186586735278,0.045595345980139035,True
prim,HUMI,1,LA GUAJIRA,20,0.5269103847935622,0.01698296865749485,0.032966939158666476,True
prim,HUMI,1,MAGDALENA,20,0.8425426657653305,3.1434491735222316e-06,0.00010373382272623365,True
prim,HUMI,1,META,19,0.45012230683312526,0.05313616627392462,0.08349968985902441,False
prim,HUMI,1,NARINO,20,0.0463364529045445,0.8461888354476361,0.8717434402332361,False
prim,HUMI,1,NORTE DE SANTANDER,20,0.7420935838876086,0.00017959507981100498,0.0010403746406497962,True
prim,HUMI,1,PUTUMAYO,18,0.22733992944604817,0.36428083183127224,0.4623564404012302,False
prim,HUMI,1,QUINDIO,20,0.17141167150134087,0.4699306163739817,0.5666800045531105,False
prim,HUMI,1,RISARALDA,25,-0.5116377456674971,0.008942088769714114,0.021077780671468985,True
prim,HUMI,1,SAN ANDRES PROVIDENCIA,13,0.628099173553719,0.02151796345310822,0.039449599664031734,True
prim,HUMI,1,SANTANDER,20,0.7404065301413099,0.0001891590255726902,0.0010403746406497962,True
prim,HUMI,1,SUCRE,21,0.8031260667307217,1.1703813737813616e-05,0.00014154758665885174,True
prim,HUMI,1,TOLIMA,20,0.1672950771035112,0.48081939780263927,0.5666800045531105,False
prim,HUMI,1,VALLE DEL CAUCA,23,-0.42768924126103564,0.04177606349625425,0.06893050476881951,False
prim,HUMI,1,VAUPES,6,-0.29424494316824984,0.5713704615752551,0.6501801804132213,False
prim,HUMI,1,VICHADA,3,0.5,0.6666666666666667,0.7333333333333335,False
prim,HUMI,2,AMAZONAS,17,0.42892156862745107,0.08580101895154528,0.1348301726381426,False
prim,HUMI,2,ANTIOQUIA,21,0.4831168831168831,0.026518455375827765,0.04861716818901757,True
prim,HUMI,2,ARAUCA,10,0.16363636363636364,0.6514773427962428,0.7413362866302072,False
prim,HUMI,2,ATLANTICO,19,0.7333333333333334,0.0003534246381327732,0.0023326026116763034,True
prim,HUMI,2,BOGOTA,21,0.5636363636363637,0.0077925004179521815,0.018368036699458714,True
prim,HUMI,2,BOLIVAR,20,0.5828319862646937,0.006997961338607098,0.01776405570569494,True
prim,HUMI,2,BOYACA,22,0.2874082439299831,0.19465047863325083,0.2750000000000001,False
prim,HUMI,2,CALDAS,19,0.02280701754385965,0.9261610601906637,0.9542164897068669,False
prim,HUMI,2,CAQUETA,20,0.6436090225563909,0.002199366447267846,0.01036844182283413,True
prim,HUMI,2,CASANARE,19,0.8456140350877193,5.126337694093511e-06,8.458457195254293e-05,True
prim,HUMI,2,CAUCA,20,0.6601503759398496,0.001537048632118307,0.008453767476650689,True
prim,HUMI,2,CESAR,21,0.8229945221326411,4.6280295804500935e-06,8.458457195254293e-05,True
prim,HUMI,2,CHOCO,20,0.13040635450595345,0.5836969934944967,0.6879285994756568,False
prim,HUMI,2,CORDOBA,21,0.5116883116883117,0.017736397243725104,0.0344294770025252,True
prim,HUMI,2,CUNDINAMARCA,22,0.5981893610609168,0.0032749536920471606,0.012008163537506257,True
prim,HUMI,2,GUAINIA,16,-0.08849596025161967,0.7444927829245835,0.8189420612170419,False
prim,HUMI,2,GUAVIARE,5,-0.6668859288553503,0.2188939813132315,0.28894005533346556,False
prim,HUMI,2,HUILA,20,0.3772591431026808,0.10105339581241068,0.15158009371861603,False
prim,HUMI,2,LA GUAJIRA,20,0.6352028970795093,0.002618241234356386,0.010800245091720093,True
prim,HUMI,2,MAGDALENA,20,0.7906384289908246,3.335778505018546e-05,0.00036693563555204007,True
prim,HUMI,2,META,19,0.048376144537688154,0.8440892610323445,0.8985466327118506,False
prim,HUMI,2,NARINO,20,0.013720803555117983,0.9542164897068669,0.9542164897068669,False
prim,HUMI,2,NORTE DE SANTANDER,20,0.59103108107055,0.00606439748750243,0.016677093090631683,True
prim,HUMI,2,PUTUMAYO,19,0.7872960356633525,6.321635530468904e-05,0.0005215349312636846,True
prim,HUMI,2,QUINDIO,20,-0.22079148953465025,0.34955797254565424,0.4436521661748617,False
prim,HUMI,2,RISARALDA,25,-0.5550031616824662,0.003981106003570973,0.01313764981178421,True
prim,HUMI,2,SAN ANDRES PROVIDENCIA,13,0.27510342394036474,0.36298813596125046,0.4436521661748617,False
prim,HUMI,2,SANTANDER,21,0.45001821387233876,0.04066084028992155,0.06709038647837055,False
prim,HUMI,2,SUCRE,21,0.5139288285896347,0.017161522576816093,0.0344294770025252,True
prim,HUMI,2,TOLIMA,21,0.4772151598306237,0.02870179296221067,0.04985048251331327,True
prim,HUMI,2,VALLE DEL CAUCA,23,-0.5145171034660023,0.01200689273603363,0.026415164019273983,True
prim,HUMI,2,VAUPES,6,-0.9411764705882354,0.005088540606554024,0.015265621819662073,True
prim,HUMI,2,VICHADA,4,-0.7999999999999999,0.20000000000000007,0.2750000000000001,False
prim,HUMI,3,AMAZONAS,16,0.3235294117647059,0.22157412500124285,0.27081281944596347,False
prim,HUMI,3,ANTIOQUIA,21,0.6116883116883116,0.003212679371093446,0.013252302405760464,True
prim,HUMI,3,ARAUCA,10,0.4787878787878787,0.1615229280174558,0.24228439202618368,False
prim,HUMI,3,ATLANTICO,19,0.7912280701754386,5.472940023200313e-05,0.0006347644167976139,True
prim,HUMI,3,BOGOTA,21,0.3974025974025974,0.07443684016918098,0.13650545718941057,False
prim,HUMI,3,BOLIVAR,20,0.7218045112781954,0.00032706593893473,0.002158635196969218,True
prim,HUMI,3,BOYACA,23,0.2816205533596838,0.19297677326766194,0.2653430632430352,False
prim,HUMI,3,CALDAS,19,0.38070175438596493,0.10783179176413266,0.17792245641081889,False
prim,HUMI,3,CAQUETA,20,0.5744360902255639,0.008072760656054091,0.024218281968162277,True
prim,HUMI,3,CASANARE,20,0.6137646165523434,0.003996152378383485,0.014652558720739447,True
prim,HUMI,3,CAUCA,20,0.5263157894736841,0.017130651985788236,0.04710929296091765,True
prim,HUMI,3,CESAR,21,0.6738143072859345,0.0008113260997268726,0.004462293548497799,True
prim,HUMI,3,CHOCO,20,0.2869091220069246,0.22002264107870717,0.27081281944596347,False
prim,HUMI,3,CORDOBA,21,0.4514452982495545,0.03995009230638534,0.09380697768313748,False
prim,HUMI,3,CUNDINAMARCA,22,0.6406138056496382,0.0013184224782376267,0.006215420254548812,True
prim,HUMI,3,GUAINIA,15,-0.31828951536915234,0.24761190770509914,0.2918283197952954,False
prim,HUMI,3,GUAVIARE,5,0.35909242322980395,0.5528147466433505,0.5700902074759552,False
prim,HUMI,3,HUILA,21,0.33517779479304466,0.13746925763106008,0.21602311913452296,False
prim,HUMI,3,LA GUAJIRA,20,0.776063723888804,5.7705856072510356e-05,0.0006347644167976139,True
prim,HUMI,3,MAGDALENA,20,0.7924584724905209,3.10586920673124e-05,0.0006347644167976139,True
prim,HUMI,3,META,19,0.41331084376415506,0.07859405110905457,0.13650545718941057,False
prim,HUMI,3,NARINO,20,0.4572972945295387,0.042639535310517035,0.09380697768313748,False
prim,HUMI,3,NORTE DE SANTANDER,20,0.5783956251999224,0.007550224700323479,0.024218281968162277,True
prim,HUMI,3,PUTUMAYO,19,0.41669120790826875,0.07593889338241908,0.13650545718941057,False
prim,HUMI,3,QUINDIO,20,0.08477227089874886,0.7223327409154989,0.7223327409154989,False
prim,HUMI,3,RISARALDA,25,-0.4608888781592008,0.020410515357149918,0.05181130821430364,False
prim,HUMI,3,SAN ANDRES PROVIDENCIA,13,0.5179083013048741,0.06984083075526823,0.13650545718941057,False
prim,HUMI,3,SANTANDER,21,0.28235897223264117,0.21492912368186587,0.27081281944596347,False
prim,HUMI,3,SUCRE,21,0.7523929015416082,8.335626645969187e-05,0.0006876891982924579,True
prim,HUMI,3,TOLIMA,21,0.15144628582538464,0.5122656951705928,0.5453150948590182,False
prim,HUMI,3,VALLE DEL CAUCA,23,-0.18568478908792305,0.39629031829396255,0.4359193501233588,False
prim,HUMI,3,VAUPES,6,0.6179143806533246,0.1910939016901931,0.2653430632430352,False
prim,HUMI,3,VICHADA,3,0.8660254037844387,0.3333333333333332,0.3793103448275861,False
prim,HUMI,4,AMAZONAS,16,0.3970588235294118,0.1278060090882619,0.23329716398668846,False
prim,HUMI,4,ANTIOQUIA,20,0.5458646616541353,0.012783628876204734,0.05597875674615687,False
prim,HUMI,4,ARAUCA,9,-0.2333333333333333,0.5456987782182727,0.621892002467997,False
prim,HUMI,4,ATLANTICO,18,0.5851393188854489,0.010743066498094603,0.05597875674615687,False
prim,HUMI,4,BOGOTA,20,0.4857142857142857,0.029920782525592476,0.08228215194537931,False
prim,HUMI,4,BOLIVAR,19,0.43684210526315786,0.06146904161184651,0.13523189154606233,False
prim,HUMI,4,BOYACA,22,0.044607566346696784,0.8437394727309631,0.8701063312538057,False
prim,HUMI,4,CALDAS,18,0.3333333333333333,0.17646319681352732,0.2911642747423201,False
prim,HUMI,4,CAQUETA,19,0.3562966556250637,0.13432260956809336,0.23329716398668846,False
prim,HUMI,4,CASANARE,19,0.7017543859649124,0.0008117889387414537,0.007184701097278389,True
prim,HUMI,4,CAUCA,19,0.2631578947368421,0.2763588931314962,0.37999347805580724,False
prim,HUMI,4,CESAR,20,0.6130124540320586,0.0040536924956647066,0.02675437047138706,True
prim,HUMI,4,CHOCO,19,-0.3154215628393057,0.18836441289634748,0.29600122026568887,False
prim,HUMI,4,CORDOBA,20,0.5419649672162354,0.01357060769603803,0.05597875674615687,False
prim,HUMI,4,CUNDINAMARCA,21,0.10875358612058184,0.6388904446848982,0.702779489153388,False
prim,HUMI,4,GUAINIA,14,0.9299917552777899,1.4599061881032084e-06,4.817690420740588e-05,True
prim,HUMI,4,GUAVIARE,4,0.7999999999999999,0.20000000000000007,0.3000000000000001,False
prim,HUMI,4,HUILA,20,-0.0052671196249889935,0.9824171775279963,0.9824171775279963,False
prim,HUMI,4,LA GUAJIRA,19,0.7035579228947216,0.0007763222038076977,0.007184701097278389,True
prim,HUMI,4,MAGDALENA,20,0.6845104867500758,0.0008708728602761684,0.007184701097278389,True
prim,HUMI,4,META,19,0.14759585709869197,0.5465111536839974,0.621892002467997,False
prim,HUMI,4,NARINO,19,-0.08780799497040807,0.7207523200994219,0.7672524697832556,False
prim,HUMI,4,NORTE DE SANTANDER,19,0.19060183429232783,0.43443949176762786,0.5514039703204507,False
prim,HUMI,4,PUTUMAYO,18,0.1775493938039529,0.48091555285754206,0.5877856757147737,False
prim,HUMI,4,QUINDIO,19,-0.508361939204586,0.026252995094832685,0.08228215194537931,False
prim,HUMI,4,RISARALDA,24,-0.44697444211163806,0.028539145061611457,0.08228215194537931,False
prim,HUMI,4,SAN ANDRES PROVIDENCIA,12,0.5131818118646287,0.08794807627626874,0.1813929073198043,False
prim,HUMI,4,SANTANDER,20,0.4867959188156057,0.029503571258051302,0.08228215194537931,False
prim,HUMI,4,SUCRE,20,0.4585848574098171,0.041985487645801706,0.10657854556241972,False
prim,HUMI,4,TOLIMA,20,0.36869837374922954,0.10967642822643123,0.21290130185130768,False
prim,HUMI,4,VALLE DEL CAUCA,22,-0.41881837019376955,0.052376596017842045,0.12345911918491338,False
prim,HUMI,4,VAUPES,6,0.550782483869826,0.2573693316225745,0.3692690410236939,False
prim,HUMI,4,VICHADA,3,0.8660254037844387,0.3333333333333332,0.43999999999999984,False
prim,HUMI,5,AMAZONAS,17,0.25980392156862747,0.31391716151942517,0.43163609708920964,False
prim,HUMI,5,ANTIOQUIA,20,0.4601503759398496,0.04120071780195449,0.11330197395537484,False
prim,HUMI,5,ARAUCA,9,0.39999999999999997,0.2861051019083128,0.43163609708920964,False
prim,HUMI,5,ATLANTICO,17,0.33333333333333337,0.191057627345904,0.3318369317060438,False
prim,HUMI,5,BOGOTA,20,0.7368421052631579,0.00021080775336363285,0.006956655860999884,True
prim,HUMI,5,BOLIVAR,19,0.17814832781253184,0.46558515763039743,0.5298038000621763,False
prim,HUMI,5,BOYACA,22,-0.010731432226859924,0.9621961273540844,0.9922647563338995,False
prim,HUMI,5,CALDAS,19,0.08771929824561404,0.7210236536238765,0.7675413086963847,False
prim,HUMI,5,CAQUETA,19,0.5807017543859649,0.009132950070568508,0.04305533604696583,True
prim,HUMI,5,CASANARE,19,0.6239579363286214,0.004302768372858926,0.03840350597084062,True
prim,HUMI,5,CAUCA,18,0.2198142414860681,0.3807953913501375,0.46104045865339793,False
prim,HUMI,5,CESAR,20,0.20383604299716304,0.3886937120989654,0.46104045865339793,False
prim,HUMI,5,CHOCO,19,-0.32612990403394465,0.17298861004046961,0.31714578507419433,False
prim,HUMI,5,CORDOBA,20,0.5086532666417942,0.022008095947375163,0.08069635180704227,False
prim,HUMI,5,CUNDINAMARCA,21,0.3475884848055776,0.12260881165964893,0.25044743994833163,False
prim,HUMI,5,GUAINIA,15,0.2831559406793983,0.3064759082949417,0.43163609708920964,False
prim,HUMI,5,GUAVIARE,5,0.8999999999999998,0.03738607346849875,0.11215822040549626,False
prim,HUMI,5,HUILA,20,0.0015071628567883892,0.9949684118043147,0.9949684118043147,False
prim,HUMI,5,LA GUAJIRA,20,0.4126507194017347,0.07058065356524833,0.17107342825208297,False
prim,HUMI,5,MAGDALENA,20,0.41001677121564756,0.0725766059251261,0.17107342825208297,False
prim,HUMI,5,META,18,0.642428650150929,0.004039883521617785,0.03840350597084062,True
prim,HUMI,5,NARINO,20,-0.37751655531080835,0.1008019945676789,0.2217643880488936,False
prim,HUMI,5,NORTE DE SANTANDER,19,0.5043944520724262,0.027647049476683453,0.0912352632730554,False
prim,HUMI,5,PUTUMAYO,17,-0.17171816774254337,0.5098921181956237,0.5608813300151861,False
prim,HUMI,5,QUINDIO,20,-0.24913585849222147,0.2894877237180948,0.43163609708920964,False
prim,HUMI,5,RISARALDA,24,-0.3187258631054035,0.12901837815520115,0.25044743994833163,False
prim,HUMI,5,SAN ANDRES PROVIDENCIA,13,0.6942175102597249,0.008471205822097825,0.04305533604696583,True
prim,HUMI,5,SANTANDER,20,0.5335356513030899,0.015405351177378216,0.06354707360668514,False
prim,HUMI,5,SUCRE,20,0.6015987920617707,0.005014478363569039,0.03840350597084062,True
prim,HUMI,5,TOLIMA,20,-0.2027896552861509,0.39118584370591336,0.46104045865339793,False
prim,HUMI,5,VALLE DEL CAUCA,22,-0.5680305517768173,0.005818713025884943,0.03840350597084062,True
prim,HUMI,5,VAUPES,6,0.5428571428571429,0.26570262390670557,0.43163609708920964,False
prim,HUMI,5,VICHADA,3,-0.8660254037844387,0.3333333333333332,0.43999999999999984,False
prim,HUMI,6,AMAZONAS,17,0.16186391760948546,0.5348217504332002,0.7837145154782615,False
prim,HUMI,6,ANTIOQUIA,20,0.16992481203007515,0.47384906489411216,0.7446199591193191,False
prim,HUMI,6,ARAUCA,9,0.4666666666666666,0.20538635110581185,0.48412497046369934,False
prim,HUMI,6,ATLANTICO,18,0.33453798985786026,0.17480880070237928,0.4552995500382462,False
prim,HUMI,6,BOGOTA,20,0.4090225563909774,0.07334086574364805,0.3025310711925482,False
prim,HUMI,6,BOLIVAR,19,0.32161736839461325,0.17936042880294548,0.4552995500382462,False
prim,HUMI,6,BOYACA,22,-0.018633540372670808,0.9344048422352651,0.9771538580414649,False
prim,HUMI,6,CALDAS,19,-0.12982456140350876,0.5963025541504445,0.7837145154782615,False
prim,HUMI,6,CAQUETA,19,0.03508771929824562,0.8866031221985,0.9771538580414649,False
prim,HUMI,6,CASANARE,19,0.3580518115641034,0.13227821511493326,0.3968346453447998,False
prim,HUMI,6,CAUCA,18,0.2693498452012384,0.2797642200565713,0.5007309750905427,False
prim,HUMI,6,CESAR,20,-0.025206922498118883,0.9159898294228218,0.9771538580414649,False
prim,HUMI,6,CHOCO,19,-0.45306834753741687,0.05140982180720666,0.26733422993006045,False
prim,HUMI,6,CORDOBA,20,0.3483823409099863,0.13224309885936505,0.3968346453447998,False
prim,HUMI,6,CUNDINAMARCA,21,0.26228509310573817,0.2507240662956677,0.5007309750905427,False
prim,HUMI,6,GUAINIA,19,-0.016192184299674943,0.9475431350705115,0.9771538580414649,False
prim,HUMI,6,GUAVIARE,4,0.632455532033676,0.367544467966324,0.6064483721444346,False
prim,HUMI,6,HUILA,20,-0.13036958711219568,0.5838040060932136,0.7837145154782615,False
prim,HUMI,6,LA GUAJIRA,19,0.2635048400354762,0.2757028030945478,0.5007309750905427,False
prim,HUMI,6,MAGDALENA,20,0.6842519369819288,0.0008763798972809394,0.018223743642834755,True
prim,HUMI,6,META,19,0.11431508299940962,0.6412209672094866,0.7837145154782615,False
prim,HUMI,6,NARINO,20,-0.37250156134682455,0.10578238223027726,0.38786873484434997,False
prim,HUMI,6,NORTE DE SANTANDER,19,0.25693038688245123,0.2882996523248579,0.5007309750905427,False
prim,HUMI,6,PUTUMAYO,17,-0.07045999242472496,0.7881458436002702,0.9288861728146041,False
prim,HUMI,6,QUINDIO,20,-0.44828311193266296,0.04744134852591832,0.26733422993006045,False
prim,HUMI,6,RISARALDA,24,-0.6245749202521647,0.0011044693116869547,0.018223743642834755,True
prim,HUMI,6,SAN ANDRES PROVIDENCIA,12,0.15493341934487972,0.6306611257501797,0.7837145154782615,False
prim,HUMI,6,SANTANDER,20,0.11299455065532261,0.6352765252872398,0.7837145154782615,False
prim,HUMI,6,SUCRE,20,0.5449960666842409,0.012955643467312634,0.14251207814043898,False
prim,HUMI,6,TOLIMA,20,0.25998559279599714,0.268294490685991,0.5007309750905427,False
prim,HUMI,6,VALLE DEL CAUCA,22,-0.41205767888217554,0.05670726089425525,0.26733422993006045,False
prim,HUMI,6,VAUPES,6,-0.8060599359358183,0.05277181325189262,0.26733422993006045,False
prim,HUMI,6,VICHADA,3,0.0,1.0,1.0,False
prim,HUMI,7,AMAZONAS,17,0.07357450800431158,0.7789949811126449,0.9459370027323535,False
prim,HUMI,7,ANTIOQUIA,20,0.3233082706766917,0.16438973703865015,0.3874900944482468,False
prim,HUMI,7,ARAUCA,9,0.25,0.5164895523012263,0.7936080680102214,False
prim,HUMI,7,ATLANTICO,18,0.2058978165172525,0.41240128906980755,0.6804621269651825,False
prim,HUMI,7,BOGOTA,19,0.41754385964912283,0.07527978766753009,0.3865030802016846,False
prim,HUMI,7,BOLIVAR,19,0.08512506304342654,0.7289737148505202,0.9252358688487372,False
prim,HUMI,7,BOYACA,21,-0.1909090909090909,0.40713272974481274,0.6804621269651825,False
prim,HUMI,7,CALDAS,20,-0.021052631578947364,0.9297994024457079,0.9459370027323535,False
prim,HUMI,7,CAQUETA,20,0.33233082706766914,0.1522587891703606,0.3865030802016846,False
prim,HUMI,7,CASANARE,19,0.47652483744928464,0.0391422824090771,0.25833906389990885,False
prim,HUMI,7,CAUCA,18,0.04643962848297213,0.8548139516870752,0.9459370027323535,False
prim,HUMI,7,CESAR,20,0.058690761535591635,0.8058494762573882,0.9459370027323535,False
prim,HUMI,7,CHOCO,20,-0.34840277800566366,0.1322188670539397,0.3865030802016846,False
prim,HUMI,7,CORDOBA,20,0.3941331606292009,0.08551822437060055,0.3865030802016846,False
prim,HUMI,7,CUNDINAMARCA,21,0.24592491036098593,0.2825656679334703,0.5827916901127825,False
prim,HUMI,7,GUAINIA,19,0.02698697383279157,0.9126736396490256,0.9459370027323535,False
prim,HUMI,7,GUAVIARE,5,0.05270462766947299,0.9329254642331788,0.9459370027323535,False
prim,HUMI,7,HUILA,20,0.3470081248426174,0.13387969337600705,0.3865030802016846,False
prim,HUMI,7,LA GUAJIRA,20,0.25527137382911,0.27737994354204043,0.5827916901127825,False
prim,HUMI,7,MAGDALENA,20,0.5892694885324052,0.006255807392169671,0.053126553148961815,False
prim,HUMI,7,META,19,0.15398833077554153,0.5290720453401476,0.7936080680102214,False
prim,HUMI,7,NARINO,20,-0.23651530550204367,0.31539780861490374,0.6122428049583426,False
prim,HUMI,7,NORTE DE SANTANDER,19,-0.016688639868913495,0.9459370027323535,0.9459370027323535,False
prim,HUMI,7,PUTUMAYO,17,0.14650530928278807,0.5747374398562224,0.8246232832719712,False
prim,HUMI,7,QUINDIO,20,-0.6227118833586022,0.0033619844305990895,0.053126553148961815,False
prim,HUMI,7,RISARALDA,24,-0.5494536034735846,0.005417923032679238,0.053126553148961815,False
prim,HUMI,7,SAN ANDRES PROVIDENCIA,14,0.26461004723578263,0.3606019117041651,0.6611035047909694,False
prim,HUMI,7,SANTANDER,20,0.3345901542070224,0.14932129978778594,0.3865030802016846,False
prim,HUMI,7,SUCRE,20,0.5876193269058957,0.006439582199874159,0.053126553148961815,False
prim,HUMI,7,TOLIMA,20,0.12429400572085489,0.6016004936218253,0.8272006787300098,False
prim,HUMI,7,VALLE DEL CAUCA,22,-0.3221488294966044,0.14370780956270388,0.3865030802016846,False
prim,HUMI,7,VAUPES,5,-0.8029550685469662,0.10183797037740712,0.3865030802016846,False
prim,HUMI,7,VICHADA,3,-0.5,0.6666666666666667,0.8800000000000001,False
prim,HUMI,8,AMAZONAS,18,0.0681466275636382,0.7881781018728292,0.8669959120601122,False
prim,HUMI,8,ANTIOQUIA,20,0.5398496240601504,0.014013555304583477,0.08334928590907649,False
prim,HUMI,8,ARAUCA,10,0.23636363636363633,0.5108853175152002,0.7330093686087654,False
prim,HUMI,8,ATLANTICO,18,0.1914125429934257,0.4467343992307282,0.7330093686087654,False
prim,HUMI,8,BOGOTA,20,0.20150375939849624,0.3942605047612736,0.7228109253956683,False
prim,HUMI,8,BOLIVAR,19,0.13339185136701892,0.5861586368183145,0.7831840878141573,False
prim,HUMI,8,BOYACA,20,-0.07368421052631578,0.757528699864343,0.8669959120601122,False
prim,HUMI,8,CALDAS,21,0.006493506493506493,0.9777139815073874,0.9777139815073873,False
prim,HUMI,8,CAQUETA,19,0.31052631578947365,0.1956889295255579,0.5500000000000002,False
prim,HUMI,8,CASANARE,18,0.4935467875063494,0.03738883507518445,0.15422894468513587,False
prim,HUMI,8,CAUCA,18,0.027863777089783277,0.9126078919940868,0.9411268886189019,False
prim,HUMI,8,CESAR,20,0.07220760194733451,0.7622523264993781,0.8669959120601122,False
prim,HUMI,8,CHOCO,20,0.2251625033436667,0.3398540912723568,0.7228109253956683,False
prim,HUMI,8,CORDOBA,20,0.53799864740959,0.014410629706855601,0.08334928590907649,False
prim,HUMI,8,CUNDINAMARCA,21,-0.12365782720520095,0.5933212786470888,0.7831840878141573,False
prim,HUMI,8,GUAINIA,18,0.2271700328083748,0.3646491308015033,0.7228109253956683,False
prim,HUMI,8,GUAVIARE,6,-0.3768511731740915,0.46148284035080467,0.7330093686087654,False
prim,HUMI,8,HUILA,20,0.21068478499955973,0.3726018938767669,0.7228109253956683,False
prim,HUMI,8,LA GUAJIRA,20,0.5346391605270445,0.01515441561983209,0.08334928590907649,False
prim,HUMI,8,MAGDALENA,20,0.43160985086773884,0.05740481768119558,0.21048433149771714,False
prim,HUMI,8,META,20,0.1669829303320481,0.48165014181897847,0.7330093686087654,False
prim,HUMI,8,NARINO,20,-0.23244496337399215,0.3240415562348613,0.7228109253956683,False
prim,HUMI,8,NORTE DE SANTANDER,19,0.04918757013995556,0.841505396609815,0.8957960673588353,False
prim,HUMI,8,PUTUMAYO,17,-0.08278089686577446,0.7521095192993297,0.8669959120601122,False
prim,HUMI,8,QUINDIO,20,-0.49755828627526816,0.02559632905522769,0.12066840840321626,False
prim,HUMI,8,RISARALDA,24,-0.6595216140581114,0.0004552403458614306,0.01502293141342721,True
prim,HUMI,8,SAN ANDRES PROVIDENCIA,14,0.4977985643986109,0.07007959968681694,0.2312626789664959,False
prim,HUMI,8,SANTANDER,20,0.16408581441640716,0.4893944067414633,0.7330093686087654,False
prim,HUMI,8,SUCRE,20,0.6699464562538938,0.001230588398429694,0.020304708574089954,True
prim,HUMI,8,TOLIMA,20,0.2679715671235831,0.2533349673645431,0.6430810710023016,False
prim,HUMI,8,VALLE DEL CAUCA,22,-0.5882079844282588,0.003985307110282613,0.04383837821310874,True
prim,HUMI,8,VAUPES,4,0.7999999999999999,0.20000000000000007,0.5500000000000002,False
prim,HUMI,8,VICHADA,3,0.5,0.6666666666666667,0.8461538461538463,False
prim,HUMI,9,AMAZONAS,18,0.10531751532562268,0.6774785581455431,0.8014404744517132,False
prim,HUMI,9,ANTIOQUIA,20,0.3317036714455679,0.15308126610097386,0.42097348177767807,False
prim,HUMI,9,ARAUCA,10,-0.2121212121212121,0.5563057751029299,0.792,False
prim,HUMI,9,ATLANTICO,18,0.16037267115665396,0.5249770300018777,0.7874655450028165,False
prim,HUMI,9,BOGOTA,20,0.08421052631578946,0.7241036435108112,0.8073584920302159,False
prim,HUMI,9,BOLIVAR,18,0.10444696589752975,0.680010099534787,0.8014404744517132,False
prim,HUMI,9,BOYACA,21,0.014285714285714285,0.9509932422972028,0.9509932422972028,False
prim,HUMI,9,CALDAS,22,-0.07683615819209041,0.7339622654820145,0.8073584920302159,False
prim,HUMI,9,CAQUETA,19,0.2368421052631579,0.32893104152682706,0.5713012826518575,False
prim,HUMI,9,CASANARE,18,0.37254901960784315,0.12787268607330357,0.38361805821991074,False
prim,HUMI,9,CAUCA,20,-0.06766917293233082,0.7768207117441497,0.8250000000000001,False
prim,HUMI,9,CESAR,20,0.1256583897667419,0.5975845338995625,0.792,False
prim,HUMI,9,CHOCO,20,0.29671830000801414,0.20395438980592742,0.457571837168292,False
prim,HUMI,9,CORDOBA,20,0.4456153872250166,0.0489391051581789,0.20187380877748795,False
prim,HUMI,9,CUNDINAMARCA,21,0.16509595107144934,0.4745048383623268,0.7456504602836564,False
prim,HUMI,9,GUAINIA,16,0.30152612418339875,0.25640260435277556,0.49772270256715256,False
prim,HUMI,9,GUAVIARE,9,0.18257418583505539,0.6382401514757152,0.8014404744517132,False
prim,HUMI,9,HUILA,20,0.36883726935549355,0.10953241997185935,0.38361805821991074,False
prim,HUMI,9,LA GUAJIRA,20,0.5432657670345791,0.013303875679868467,0.11566078669255789,False
prim,HUMI,9,MAGDALENA,20,0.5398216535362725,0.014019489296067623,0.11566078669255789,False
prim,HUMI,9,META,20,0.2886303045540459,0.21714495196838932,0.457571837168292,False
prim,HUMI,9,NARINO,20,-0.46798597380199636,0.03744190368062463,0.17651183163723042,False
prim,HUMI,9,NORTE DE SANTANDER,20,0.24434500315335714,0.2991643852264327,0.5484680395817932,False
prim,HUMI,9,PUTUMAYO,18,-0.2071874836261567,0.40941480722559553,0.6755344319222326,False
prim,HUMI,9,QUINDIO,20,-0.47841114446934047,0.032860275568550604,0.17651183163723042,False
prim,HUMI,9,RISARALDA,24,-0.5509899591819681,0.00526352541023086,0.0868481692688092,False
prim,HUMI,9,SAN ANDRES PROVIDENCIA,12,0.6396119109298987,0.025108572551924776,0.16571657884270352,False
prim,HUMI,9,SANTANDER,20,0.35897599228703087,0.12009966227797934,0.38361805821991074,False
prim,HUMI,9,SUCRE,20,0.6548622612745552,0.0017275281255351963,0.05700842814266148,False
prim,HUMI,9,TOLIMA,20,-0.28582202111613875,0.22185301196038398,0.457571837168292,False
prim,HUMI,9,VALLE DEL CAUCA,23,-0.2922244467057426,0.17603668536324216,0.4468623551528455,False
prim,HUMI,9,VAUPES,4,-0.19999999999999998,0.8,0.8250000000000001,False
prim,HUMI,9,VICHADA,4,-0.39999999999999997,0.6,0.792,False
prim,HUMI,10,AMAZONAS,16,0.07058823529411765,0.795039302337628,0.9698849998123449,False
prim,HUMI,10,ANTIOQUIA,20,0.4090225563909774,0.07334086574364805,0.33579024505636673,False
prim,HUMI,10,ARAUCA,10,0.01818181818181818,0.9602404181286243,0.9698849998123449,False
prim,HUMI,10,ATLANTICO,18,0.21063503065124534,0.401488612144711,0.7360624555986368,False
prim,HUMI,10,BOGOTA,21,0.3818181818181818,0.0876405357845381,0.33579024505636673,False
prim,HUMI,10,BOLIVAR,19,0.24308909755700156,0.31595112769888023,0.6950924809375365,False
prim,HUMI,10,BOYACA,21,0.00909090909090909,0.968803151925576,0.9698849998123449,False
prim,HUMI,10,CALDAS,19,-0.3350877192982456,0.16079938595747956,0.40818305666129423,False
prim,HUMI,10,CAQUETA,20,0.03234298837224358,0.8923244292937955,0.9698849998123449,False
prim,HUMI,10,CASANARE,19,0.4920921483633427,0.032340738132091824,0.2668110895897576,False
prim,HUMI,10,CAUCA,20,-0.009022556390977442,0.9698849998123449,0.9698849998123449,False
prim,HUMI,10,CESAR,20,0.396234224297998,0.08371508942104407,0.33579024505636673,False
prim,HUMI,10,CHOCO,20,0.34282467450950266,0.1389498737355319,0.40818305666129423,False
prim,HUMI,10,CORDOBA,20,0.14742385397580796,0.535092106921745,0.8829019764208793,False
prim,HUMI,10,CUNDINAMARCA,21,0.04825593475880763,0.8354507152979681,0.9698849998123449,False
prim,HUMI,10,GUAINIA,17,0.2394092832934827,0.3547158078925807,0.7134686731110995,False
prim,HUMI,10,GUAVIARE,10,0.03232540919176179,0.9293620101414009,0.9698849998123449,False
prim,HUMI,10,HUILA,20,0.030154646993395404,0.8995732426025114,0.9698849998123449,False
prim,HUMI,10,LA GUAJIRA,20,0.4186751735958264,0.06617027351673785,0.33579024505636673,False
prim,HUMI,10,MAGDALENA,20,0.5560489854923021,0.010900837740468648,0.17986382271773269,False
prim,HUMI,10,META,20,0.15857911939723265,0.5042813011143367,0.8758569966722689,False
prim,HUMI,10,NARINO,20,-0.07259095937315709,0.7610251921743757,0.9698849998123449,False
prim,HUMI,10,NORTE DE SANTANDER,19,0.036107613182317394,0.8833281615641921,0.9698849998123449,False
prim,HUMI,10,PUTUMAYO,19,-0.3978939436351153,0.09157915774264547,0.33579024505636673,False
prim,HUMI,10,QUINDIO,20,-0.34265514033807115,0.13915814918333513,0.40818305666129423,False
prim,HUMI,10,RISARALDA,24,-0.5280541426092467,0.00799497161053091,0.17986382271773269,False
prim,HUMI,10,SAN ANDRES PROVIDENCIA,13,0.39889996471352884,0.1769531402161251,0.4171038305094377,False
prim,HUMI,10,SANTANDER,20,-0.05793831587487893,0.8082939622037748,0.9698849998123449,False
prim,HUMI,10,SUCRE,20,0.5169848130057209,0.019585949493083153,0.21544544442391467,False
prim,HUMI,10,TOLIMA,20,-0.019570946060558158,0.9347296557766902,0.9698849998123449,False
prim,HUMI,10,VALLE DEL CAUCA,23,-0.30487548834879674,0.15720565015900712,0.40818305666129423,False
prim,HUMI,10,VAUPES,5,-0.20519567041703085,0.7405819415910722,0.9698849998123449,False
prim,HUMI,10,VICHADA,4,-0.632455532033676,0.367544467966324,0.7134686731110995,False
prim,HUMI,11,AMAZONAS,16,-0.09705882352941177,0.7206513082372035,0.8807960434010265,False
prim,HUMI,11,ANTIOQUIA,21,0.3181818181818181,0.15982689555474963,0.39214631456778437,False
prim,HUMI,11,ARAUCA,10,-0.6363636363636362,0.04791172612997547,0.22586956604131295,False
prim,HUMI,11,ATLANTICO,18,-0.015487869900826864,0.9513629472278686,0.9598534442846784,False
prim,HUMI,11,BOGOTA,21,0.3064935064935065,0.17659418586665684,0.39214631456778437,False
prim,HUMI,11,BOLIVAR,19,0.3336261162912574,0.1627468170872721,0.39214631456778437,False
prim,HUMI,11,BOYACA,21,-0.28181818181818186,0.21584648348646934,0.4235673634813713,False
prim,HUMI,11,CALDAS,19,-0.23157894736842102,0.3401065100886612,0.561175741646291,False
prim,HUMI,11,CAQUETA,20,0.012030075187969924,0.9598534442846784,0.9598534442846784,False
prim,HUMI,11,CASANARE,18,0.278180532935005,0.2636808297960866,0.45797196754057146,False
prim,HUMI,11,CAUCA,20,-0.16240601503759397,0.4939125443630319,0.7761482839990501,False
prim,HUMI,11,CESAR,20,0.4798796879416605,0.03225178224722155,0.2128617628316622,False
prim,HUMI,11,CHOCO,20,-0.0189544119921444,0.9367818341484324,0.9598534442846784,False
prim,HUMI,11,CORDOBA,20,0.3212942971243286,0.16718574740278525,0.39214631456778437,False
prim,HUMI,11,CUNDINAMARCA,21,0.08341708109472336,0.719232078536852,0.8807960434010265,False
prim,HUMI,11,GUAINIA,19,0.10097910657270556,0.6808305566147606,0.8807960434010265,False
prim,HUMI,11,GUAVIARE,10,0.058185736545171236,0.873148747673779,0.9598534442846784,False
prim,HUMI,11,HUILA,20,-0.1258480985418305,0.5970270236681554,0.8608695652173913,False
prim,HUMI,11,LA GUAJIRA,20,0.6434886086099654,0.0022049445402638973,0.018190792457177155,True
prim,HUMI,11,MAGDALENA,20,0.3409429580595543,0.14127390836876108,0.39214631456778437,False
prim,HUMI,11,META,20,0.26929172966972065,0.25091422466252866,0.45797196754057146,False
prim,HUMI,11,NARINO,20,-0.6978109000142344,0.0006243208699861137,0.00686752956984725,True
prim,HUMI,11,NORTE DE SANTANDER,19,0.35676680756342344,0.1337728181054871,0.39214631456778437,False
prim,HUMI,11,PUTUMAYO,18,-0.33753959856533466,0.17073212232949853,0.39214631456778437,False
prim,HUMI,11,QUINDIO,20,-0.8465768161859271,2.5275562859589674e-06,8.340935743664593e-05,True
prim,HUMI,11,RISARALDA,24,-0.6810857823768892,0.000248601207057137,0.00410191991644276,True
prim,HUMI,11,SAN ANDRES PROVIDENCIA,13,0.3663925748592992,0.21820136906616097,0.4235673634813713,False
prim,HUMI,11,SANTANDER,20,-0.024472898504664924,0.9184282758939954,0.9598534442846784,False
prim,HUMI,11,SUCRE,20,0.4508119725512614,0.04605428429805137,0.22586956604131295,False
prim,HUMI,11,TOLIMA,20,0.09330326192837647,0.6956103898115948,0.8807960434010265,False
prim,HUMI,11,VALLE DEL CAUCA,23,-0.2908013291975218,0.17824832480353833,0.39214631456778437,False
prim,HUMI,11,VAUPES,6,0.08827348295047496,0.8679336982351336,0.9598534442846784,False
prim,HUMI,11,VICHADA,4,-0.39999999999999997,0.6,0.8608695652173913,False
prim,HUMI,12,AMAZONAS,16,0.3764705882352941,0.1506481152876309,0.38038993384454783,False
prim,HUMI,12,ANTIOQUIA,21,-0.10259740259740259,0.6580970577075415,0.8461538461538463,False
prim,HUMI,12,ARAUCA,10,-0.5636363636363636,0.08972402831709125,0.2741710637087828,False
prim,HUMI,12,ATLANTICO,19,0.16498465826973394,0.4996898088130983,0.7169462474274889,False
prim,HUMI,12,BOGOTA,21,0.16623376623376623,0.4714220223155512,0.7071330334733268,False
prim,HUMI,12,BOLIVAR,19,0.03422554081127459,0.8893730213932987,0.9405790916169949,False
prim,HUMI,12,BOYACA,21,0.059740259740259746,0.7970010758753312,0.9393226965673547,False
prim,HUMI,12,CALDAS,20,-0.04360902255639097,0.8551479470173743,0.9405790916169949,False
prim,HUMI,12,CAQUETA,20,0.23909774436090225,0.3099862644060449,0.5383971960736569,False
prim,HUMI,12,CASANARE,18,0.18998453745014288,0.4501964482558195,0.7071330334733268,False
prim,HUMI,12,CAUCA,20,-0.4977443609022556,0.025532566963083796,0.10532183872272066,False
prim,HUMI,12,CESAR,20,0.27529148242421286,0.24009902290353938,0.48583609765959385,False
prim,HUMI,12,CHOCO,20,-0.269639384968379,0.25027920182463925,0.48583609765959385,False
prim,HUMI,12,CORDOBA,20,0.18796992481203004,0.42742125802266384,0.7052450757373954,False
prim,HUMI,12,CUNDINAMARCA,21,0.1283602177089908,0.5792337922173016,0.7964464642987897,False
prim,HUMI,12,GUAINIA,17,-0.27575938389825233,0.28402168858915194,0.5207064290801119,False
prim,HUMI,12,GUAVIARE,8,-0.07229440390678199,0.8649195587700265,0.9405790916169949,False
prim,HUMI,12,HUILA,20,-0.07909618545872583,0.7402877326633779,0.9047961176996842,False
prim,HUMI,12,LA GUAJIRA,20,0.6483441087518103,0.0019891720042624042,0.016410669035164836,True
prim,HUMI,12,MAGDALENA,20,0.5680913851221101,0.008971375205067276,0.04934256362787002,True
prim,HUMI,12,META,20,-0.3255045082364249,0.16137754769162635,0.38038993384454783,False
prim,HUMI,12,NARINO,20,-0.5196874196203978,0.018847640090373315,0.08885316042604563,False
prim,HUMI,12,NORTE DE SANTANDER,20,0.02638531611922098,0.9120766949013284,0.9405790916169949,False
prim,HUMI,12,PUTUMAYO,18,-0.31075537785872004,0.2094310227811286,0.4607482501184829,False
prim,HUMI,12,QUINDIO,20,-0.7570705779471646,0.00011131762308997006,0.003673481561969012,True
prim,HUMI,12,RISARALDA,24,-0.6633174927651634,0.00041066829124178096,0.006776026805489385,True
prim,HUMI,12,SAN ANDRES PROVIDENCIA,12,0.628074041711141,0.02874633642142709,0.10540323354523266,False
prim,HUMI,12,SANTANDER,20,0.3491527652672455,0.13133179575671058,0.3611624383309541,False
prim,HUMI,12,SUCRE,20,0.6598948444450496,0.0015458288361993725,0.016410669035164836,True
prim,HUMI,12,TOLIMA,20,0.3875095152670474,0.09139035456959427,0.2741710637087828,False
prim,HUMI,12,VALLE DEL CAUCA,23,-0.5442856070846858,0.007251941513917959,0.04786281399185853,True
prim,HUMI,12,VAUPES,6,0.0,1.0,1.0,False
prim,HUMI,12,VICHADA,3,-0.5,0.6666666666666667,0.8461538461538463,False
sec,RAIN,1,AMAZONAS,16,0.6457286475982001,0.006893953468246354,0.01470710073225889,True
sec,RAIN,1,ANTIOQUIA,21,0.648051948051948,0.0014887342546572653,0.00590748376484656,True
sec,RAIN,1,ARAUCA,10,0.25954045975618295,0.46897833331023653,0.5359752380688417,False
sec,RAIN,1,ATLANTICO,19,0.7188189327456804,0.0005249718900849315,0.0023998714975311153,True
sec,RAIN,1,BOGOTA,21,0.6977386713245656,0.00043734262192607473,0.0023998714975311153,True
sec,RAIN,1,BOLIVAR,19,0.5270468025575523,0.020411665778006776,0.03842195911154217,True
sec,RAIN,1,BOYACA,22,0.5931586362070261,0.003618386195361166,0.00827059701796838,True
sec,RAIN,1,CALDAS,19,0.1851689515686907,0.4478902405792985,0.530832877723613,False
sec,RAIN,1,CAQUETA,20,0.6325097711772114,0.0027657292801390766,0.007021045018275994,True
sec,RAIN,1,CASANARE,20,0.7449605957217519,0.00016429035925706525,0.0017524304987420294,True
sec,RAIN,1,CAUCA,21,0.46323870456018396,0.03444010993700064,0.0580043956833695,False
sec,RAIN,1,CESAR,21,-0.027583255219796158,0.9055254150752969,0.9347359123357903,False
sec,RAIN,1,CHOCO,21,0.7493506493506493,9.239644804249904e-05,0.0017524304987420294,True
sec,RAIN,1,CORDOBA,21,0.6910624251228957,0.0005226357970001659,0.0023998714975311153,True
sec,RAIN,1,CUNDINAMARCA,22,0.6065577647052921,0.0027643160994449065,0.007021045018275994,True
sec,RAIN,1,GUAINIA,17,0.2767334931137759,0.2822545338345445,0.38557950826519866,False
sec,RAIN,1,GUAVIARE,6,0.5672273623252055,0.24041077371334965,0.3496883981285086,False
sec,RAIN,1,HUILA,20,0.6566378802085733,0.001661479808863095,0.00590748376484656,True
sec,RAIN,1,LA GUAJIRA,20,0.7078770478478725,0.00047963706139472095,0.0023998714975311153,True
sec,RAIN,1,MAGDALENA,20,0.5617970418889241,0.009941755909760841,0.019883511819521683,True
sec,RAIN,1,META,19,-0.20351677233236928,0.40333343247436815,0.5162667935671912,False
sec,RAIN,1,NARINO,20,-0.13524792286538376,0.5696790916387445,0.6076576977479942,False
sec,RAIN,1,NORTE DE SANTANDER,20,0.3575860190297816,0.1216457382746528,0.18536493451375666,False
sec,RAIN,1,PUTUMAYO,18,-0.26432178132343703,0.289184631198899,0.38557950826519866,False
sec,RAIN,1,QUINDIO,20,0.5035985219640317,0.023589726389913867,0.041937291359846876,True
sec,RAIN,1,RISARALDA,25,-0.13936344854554025,0.5064363394515451,0.5588263056017049,False
sec,RAIN,1,SAN ANDRES PROVIDENCIA,13,0.7549478767711132,0.0028522995386746222,0.007021045018275994,True
sec,RAIN,1,SANTANDER,20,0.6345937134969944,0.00265101557701542,0.007021045018275994,True
sec,RAIN,1,SUCRE,21,0.7359245799263021,0.00014316562664949564,0.0017524304987420294,True
sec,RAIN,1,TOLIMA,20,0.012034600324555752,0.9598383547382281,0.9598383547382281,False
sec,RAIN,1,VALLE DEL CAUCA,23,0.3680161763943874,0.08403259777920197,0.13445215644672315,False
sec,RAIN,1,VAUPES,6,0.3946648814672956,0.43873925151701676,0.530832877723613,False
sec,RAIN,1,VICHADA,3,,,,False
sec,RAIN,2,AMAZONAS,17,0.5839552874687162,0.013844703605652483,0.04230782344110983,True
sec,RAIN,2,ANTIOQUIA,21,0.6996104744908527,0.0004156838413443499,0.0034293916910908867,True
sec,RAIN,2,ARAUCA,10,0.2791079698813672,0.4348319532955376,0.6522479299433064,False
sec,RAIN,2,ATLANTICO,19,0.652558334124716,0.0024578572992527354,0.014100337925706365,True
sec,RAIN,2,BOGOTA,21,0.23333962863537275,0.308696561127801,0.485094596057973,False
sec,RAIN,2,BOLIVAR,20,0.5394308638228402,0.014102607813703278,0.04230782344110983,True
sec,RAIN,2,BOYACA,22,0.05199210684101394,0.8182590909776531,0.8989854227405247,False
sec,RAIN,2,CALDAS,19,-0.16335809908396912,0.5039857376535843,0.7231099714160123,False
sec,RAIN,2,CAQUETA,20,0.5861915286300207,0.006602146204113365,0.03112440353367729,True
sec,RAIN,2,CASANARE,19,0.5894858073296988,0.007903539735023809,0.03260210140697321,True
sec,RAIN,2,CAUCA,20,0.44403510249498374,0.04984326526395839,0.11748769669361621,False
sec,RAIN,2,CESAR,21,0.387038945768386,0.08303774228049698,0.17126534345352504,False
sec,RAIN,2,CHOCO,20,0.6362309450566753,0.0025636978046738846,0.014100337925706365,True
sec,RAIN,2,CORDOBA,21,0.5292453157509255,0.013620993258126046,0.04230782344110983,True
sec,RAIN,2,CUNDINAMARCA,22,0.2621469344931143,0.23857470107212994,0.39467240194946374,False
sec,RAIN,2,GUAINIA,16,0.060068253788092954,0.8251071689510053,0.8989854227405247,False
sec,RAIN,2,GUAVIARE,5,0.15789473684210528,0.7998006663544925,0.8989854227405247,False
sec,RAIN,2,HUILA,20,0.7894552605785207,3.4930002157360295e-05,0.00038423002373096327,True
sec,RAIN,2,LA GUAJIRA,20,0.45822299922522713,0.04216851361585067,0.11596341244358933,False
sec,RAIN,2,MAGDALENA,20,0.4152611448608252,0.0686433729430239,0.15101542047465258,False
sec,RAIN,2,META,19,0.042950082932102916,0.861405743398668,0.8989854227405247,False
sec,RAIN,2,NARINO,20,-0.05436060458162092,0.8199399989462488,0.8989854227405247,False
sec,RAIN,2,NORTE DE SANTANDER,20,0.3501418315851275,0.1301684008356371,0.238642068198668,False
sec,RAIN,2,PUTUMAYO,19,0.029573139231599304,0.9043400910403457,0.9043400910403457,False
sec,RAIN,2,QUINDIO,20,0.3572931409653069,0.12197331289299156,0.23677172502757185,False
sec,RAIN,2,RISARALDA,25,0.05124225146908491,0.8078088623382313,0.8989854227405247,False
sec,RAIN,2,SAN ANDRES PROVIDENCIA,13,0.8999006928362342,2.786231853949756e-05,0.00038423002373096327,True
sec,RAIN,2,SANTANDER,21,0.2685342784047099,0.2391953951208871,0.39467240194946374,False
sec,RAIN,2,SUCRE,21,0.7836982219488167,2.6370253549559545e-05,0.00038423002373096327,True
sec,RAIN,2,TOLIMA,21,0.14485223238798656,0.5310080541035418,0.7301360743923699,False
sec,RAIN,2,VALLE DEL CAUCA,23,0.4161908281786658,0.048229370672320096,0.11748769669361621,False
sec,RAIN,2,VAUPES,6,0.08571428571428573,0.8717434402332361,0.8989854227405247,False
sec,RAIN,2,VICHADA,4,-0.2581988897471611,0.7418011102528389,0.8989854227405247,False
sec,RAIN,3,AMAZONAS,16,0.2798106537760282,0.2938998966280154,0.4768531126024126,False
sec,RAIN,3,ANTIOQUIA,21,0.38827567548040515,0.08197425253846383,0.20178277547929557,False
sec,RAIN,3,ARAUCA,10,0.658346532064464,0.038480291892446325,0.1141810186373725,False
sec,RAIN,3,ATLANTICO,19,0.5719327519826266,0.010510272180733252,0.05605478496391068,False
sec,RAIN,3,BOGOTA,21,0.5926942292613089,0.0046344749759787765,0.02966063984626417,True
sec,RAIN,3,BOLIVAR,20,0.6854046926195683,0.0008520513712227128,0.009088547959708936,True
sec,RAIN,3,BOYACA,23,0.2938414317310346,0.17354684579110236,0.3702332710210184,False
sec,RAIN,3,CALDAS,19,-0.06151151854541784,0.8024664878632144,0.9107722019365901,False
sec,RAIN,3,CAQUETA,20,0.0015077323496697703,0.9949665106037162,0.9949665106037162,False
sec,RAIN,3,CASANARE,20,0.18375100209659118,0.43805303671765927,0.6094650945636999,False
sec,RAIN,3,CAUCA,20,0.4707472401103323,0.03618279812166991,0.1141810186373725,False
sec,RAIN,3,CESAR,21,-0.107360743526757,0.6432170743806473,0.7916517838531044,False
sec,RAIN,3,CHOCO,20,0.5453178272064325,0.01289170623630431,0.05893351422310542,False
sec,RAIN,3,CORDOBA,21,0.18508719609828717,0.4218502025328157,0.6094650945636999,False
sec,RAIN,3,CUNDINAMARCA,22,0.2843416175645498,0.19966752356702172,0.39933504713404344,False
sec,RAIN,3,GUAINIA,15,-0.018404942611614905,0.948092167040258,0.9786757853318793,False
sec,RAIN,3,GUAVIARE,5,0.8947368421052632,0.040343130060753,0.1141810186373725,False
sec,RAIN,3,HUILA,21,0.4513827105334245,0.03998105939797465,0.1141810186373725,False
sec,RAIN,3,LA GUAJIRA,20,0.6921382688750926,0.0007210469177324407,0.009088547959708936,True
sec,RAIN,3,MAGDALENA,20,0.11288171950808727,0.6356164447275248,0.7916517838531044,False
sec,RAIN,3,META,19,-0.2570476363414666,0.28807196296444676,0.4768531126024126,False
sec,RAIN,3,NARINO,20,-0.052691038479356224,0.8253873080050348,0.9107722019365901,False
sec,RAIN,3,NORTE DE SANTANDER,20,0.25966066547284516,0.268914637433112,0.4768531126024126,False
sec,RAIN,3,PUTUMAYO,19,-0.0696777212565155,0.7768370178209244,0.9107722019365901,False
sec,RAIN,3,QUINDIO,20,0.03690324402927289,0.8772457472464795,0.9357287970629115,False
sec,RAIN,3,RISARALDA,25,-0.21674131507092426,0.29803319537650785,0.4768531126024126,False
sec,RAIN,3,SAN ANDRES PROVIDENCIA,13,0.7581410804034471,0.00267162657879377,0.02137301263035016,True
sec,RAIN,3,SANTANDER,21,0.22472005242494028,0.32741143406237494,0.49891266142838087,False
sec,RAIN,3,SUCRE,21,0.8136121538527511,7.270046385842726e-06,0.00023264148434696722,True
sec,RAIN,3,TOLIMA,21,0.3342005426471174,0.13869120421807993,0.3170084667841827,False
sec,RAIN,3,VALLE DEL CAUCA,23,0.42574304378118644,0.042817881989014685,0.1141810186373725,False
sec,RAIN,3,VAUPES,6,0.33394720739540396,0.5177002083054396,0.6902669444072528,False
sec,RAIN,3,VICHADA,3,,,,False
sec,RAIN,4,AMAZONAS,16,-0.010432607849341056,0.9694118136668549,0.9780131353787398,False
sec,RAIN,4,ANTIOQUIA,20,0.24548220610114999,0.29684980445865583,0.558776102510411,False
sec,RAIN,4,ARAUCA,9,0.6861984751796929,0.04124246780258141,0.14663988552028945,False
sec,RAIN,4,ATLANTICO,18,0.4293117558095214,0.07541649717444102,0.24133279095821125,False
sec,RAIN,4,BOGOTA,20,0.014455170045819513,0.9517687197223113,0.9780131353787398,False
sec,RAIN,4,BOLIVAR,19,0.4923509278908533,0.03223602085356111,0.12894408341424443,False
sec,RAIN,4,BOYACA,22,0.24321301981793506,0.27542162149222077,0.5516327333157257,False
sec,RAIN,4,CALDAS,18,-0.31431805856830564,0.2039794307637711,0.524583156796432,False
sec,RAIN,4,CAQUETA,19,0.28937261694105415,0.229505131098439,0.524583156796432,False
sec,RAIN,4,CASANARE,19,-0.1470653905246945,0.5479698297521403,0.8455963227267075,False
sec,RAIN,4,CAUCA,19,0.622499529743059,0.004421099282176917,0.058536128304630654,False
sec,RAIN,4,CESAR,20,0.040341606766064644,0.8659032329436309,0.955479429455041,False
sec,RAIN,4,CHOCO,19,0.6099166888163036,0.0055573916422499755,0.058536128304630654,False
sec,RAIN,4,CORDOBA,20,0.49934654290306757,0.024988722221840308,0.11423415872841283,False
sec,RAIN,4,CUNDINAMARCA,21,0.07862249872863847,0.7347930889107626,0.9043607248132463,False
sec,RAIN,4,GUAINIA,14,0.7416274410114968,0.0023964575957848957,0.058536128304630654,False
sec,RAIN,4,GUAVIARE,4,0.39999999999999997,0.6,0.8455963227267075,False
sec,RAIN,4,HUILA,20,0.5669172932330826,0.00914627004759854,0.058536128304630654,False
sec,RAIN,4,LA GUAJIRA,19,0.2634447501975535,0.27581636665786285,0.5516327333157257,False
sec,RAIN,4,MAGDALENA,20,0.006586671544098751,0.9780131353787398,0.9780131353787398,False
sec,RAIN,4,META,19,-0.4074064032080629,0.083395365652777,0.2426047000808058,False
sec,RAIN,4,NARINO,19,0.06522728263853819,0.7907790361017097,0.9372195983427671,False
sec,RAIN,4,NORTE DE SANTANDER,19,0.14172946963468488,0.5627388721643116,0.8455963227267075,False
sec,RAIN,4,PUTUMAYO,18,-0.12038694619957412,0.6341972420450306,0.8455963227267075,False
sec,RAIN,4,QUINDIO,19,0.10607425714797171,0.6655958547992697,0.8519626941430652,False
sec,RAIN,4,RISARALDA,24,-0.26321562379199237,0.21397598684658978,0.524583156796432,False
sec,RAIN,4,SAN ANDRES PROVIDENCIA,12,0.7266596475219568,0.0074296083272043486,0.058536128304630654,False
sec,RAIN,4,SANTANDER,20,0.19443771060804735,0.4113925459739587,0.6928716563771936,False
sec,RAIN,4,SUCRE,20,0.5061355849381031,0.02278500056264166,0.11423415872841283,False
sec,RAIN,4,TOLIMA,20,-0.05362592829089793,0.8223360712770985,0.9398126528881126,False
sec,RAIN,4,VALLE DEL CAUCA,22,0.21797139715702854,0.3298167865231515,0.586340953818936,False
sec,RAIN,4,VAUPES,6,-0.2608969660436018,0.6175338174259972,0.8455963227267075,False
sec,RAIN,4,VICHADA,3,,,,False
sec,RAIN,5,AMAZONAS,17,0.33231156158721464,0.19250538537906792,0.47385941016385946,False
sec,RAIN,5,ANTIOQUIA,20,0.45598207039190425,0.04331572640998044,0.15958537171022713,False
sec,RAIN,5,ARAUCA,9,0.3481553119113957,0.358535187276177,0.5691076243647696,False
sec,RAIN,5,ATLANTICO,17,0.35380862079514086,0.16355019232913653,0.4617712710305036,False
sec,RAIN,5,BOGOTA,20,0.22660816006188286,0.336679749229975,0.5691076243647696,False
sec,RAIN,5,BOLIVAR,19,-0.0853543932421163,0.7282698486970748,0.803608108907117,False
sec,RAIN,5,BOYACA,22,0.2430608945128333,0.2757314037855094,0.5547313534627846,False
sec,RAIN,5,CALDAS,19,-0.2626264905686913,0.2773656767313923,0.5547313534627846,False
sec,RAIN,5,CAQUETA,19,0.6252575329296378,0.0041995280514150884,0.04479496588176094,True
sec,RAIN,5,CASANARE,19,-0.13848924053494335,0.5717915710473287,0.6917796094003016,False
sec,RAIN,5,CAUCA,18,0.6141005149064919,0.00670327696856318,0.05362621574850544,False
sec,RAIN,5,CESAR,20,0.14466786985941085,0.5428352100657775,0.6917796094003016,False
sec,RAIN,5,CHOCO,19,0.5641484986594035,0.011868980247173673,0.0759614735819115,False
sec,RAIN,5,CORDOBA,20,0.5254982219657266,0.017335393147378805,0.09245543011935363,False
sec,RAIN,5,CUNDINAMARCA,21,0.40805726612880133,0.06630937132385516,0.2121899882363365,False
sec,RAIN,5,GUAINIA,15,0.3711765938052858,0.17316422663643885,0.4617712710305036,False
sec,RAIN,5,GUAVIARE,5,0.3,0.6238376647810728,0.7129573311783689,False
sec,RAIN,5,HUILA,20,0.48945838639799855,0.028496041132437016,0.13026761660542635,False
sec,RAIN,5,LA GUAJIRA,20,0.13879496026797847,0.5595034953783583,0.6917796094003016,False
sec,RAIN,5,MAGDALENA,20,0.24619520760100086,0.2954042101359414,0.5560549837853015,False
sec,RAIN,5,META,18,-0.7360687170553452,0.0004966278370054087,0.015892090784173078,True
sec,RAIN,5,NARINO,20,0.21030815746504844,0.37347687848938005,0.5691076243647696,False
sec,RAIN,5,NORTE DE SANTANDER,19,0.038088610373915255,0.8769722414035839,0.905261668545635,False
sec,RAIN,5,PUTUMAYO,17,-0.23564244916495003,0.362564443588287,0.5691076243647696,False
sec,RAIN,5,QUINDIO,20,0.19450500496137021,0.41122750948288755,0.5981491047023819,False
sec,RAIN,5,RISARALDA,24,-0.5802714381776668,0.0029531062830450375,0.04479496588176094,True
sec,RAIN,5,SAN ANDRES PROVIDENCIA,13,0.16781308860362248,0.5836890454315045,0.6917796094003016,False
sec,RAIN,5,SANTANDER,20,0.006042358117284274,0.9798297297459078,0.9798297297459078,False
sec,RAIN,5,SUCRE,20,0.4529927152041967,0.04488338579350138,0.15958537171022713,False
sec,RAIN,5,TOLIMA,20,0.051147051379361944,0.8304317422418023,0.8857938583912558,False
sec,RAIN,5,VALLE DEL CAUCA,22,0.2530583110719077,0.2558390206208474,0.5547313534627846,False
sec,RAIN,5,VAUPES,6,-0.3768511731740915,0.46148284035080467,0.6420630822272065,False
sec,RAIN,5,VICHADA,3,,,,False
sec,RAIN,6,AMAZONAS,17,0.15356699543160168,0.5562285705755027,0.659233861422818,False
sec,RAIN,6,ANTIOQUIA,20,0.4969885154195062,0.025792354301088068,0.12655184899199362,False
sec,RAIN,6,ARAUCA,9,0.25241260113576186,0.5123137210419286,0.6557615629336686,False
sec,RAIN,6,ATLANTICO,18,0.4870262946785076,0.04037910124553561,0.14357013776190442,False
sec,RAIN,6,BOGOTA,20,0.35725442368443266,0.12201666400023427,0.3253777706672914,False
sec,RAIN,6,BOLIVAR,19,-0.24539414031759169,0.31124007518916874,0.5533156892251889,False
sec,RAIN,6,BOYACA,22,0.3669780313616396,0.09295583345029365,0.2704169700372179,False
sec,RAIN,6,CALDAS,19,-0.31351903375970197,0.1911889102703895,0.382377820540779,False
sec,RAIN,6,CAQUETA,19,0.6181369747099323,0.004791125616580317,0.03832900493264254,True
sec,RAIN,6,CASANARE,19,-0.1524201106658795,0.5333263135323609,0.6564016166552135,False
sec,RAIN,6,CAUCA,18,0.5602906020040909,0.015587304280083453,0.0997587473925341,False
sec,RAIN,6,CESAR,20,-0.16143632805391964,0.49652995105030384,0.6557615629336686,False
sec,RAIN,6,CHOCO,19,0.46255955444311586,0.04613683180956387,0.1476378617906044,False
sec,RAIN,6,CORDOBA,20,0.4704762793266146,0.036304874785641456,0.14357013776190442,False
sec,RAIN,6,CUNDINAMARCA,21,0.30594350428135275,0.1774117036446717,0.382377820540779,False
sec,RAIN,6,GUAINIA,19,0.09479144449947897,0.6994917498968528,0.7550007514081035,False
sec,RAIN,6,GUAVIARE,4,-0.6000000000000001,0.3999999999999999,0.6269360074452446,False
sec,RAIN,6,HUILA,20,0.3072292640775129,0.18762401608331214,0.382377820540779,False
sec,RAIN,6,LA GUAJIRA,19,0.23605618243393758,0.3305859274804889,0.5567762989145075,False
sec,RAIN,6,MAGDALENA,20,0.08037068861246785,0.7362444922246525,0.75999431455448,False
sec,RAIN,6,META,19,-0.6807711542181207,0.0013349582945887466,0.014239555142279965,True
sec,RAIN,6,NARINO,20,0.08939458071411112,0.7078132044450971,0.7550007514081035,False
sec,RAIN,6,NORTE DE SANTANDER,19,-0.027620283322329395,0.9106320508306966,0.9106320508306966,False
sec,RAIN,6,PUTUMAYO,17,0.12539861218272538,0.6315473974063799,0.7217684541787198,False
sec,RAIN,6,QUINDIO,20,0.491660810116949,0.027683216966998603,0.12655184899199362,False
sec,RAIN,6,RISARALDA,24,-0.6236609894462113,0.0011287817170507924,0.014239555142279965,True
sec,RAIN,6,SAN ANDRES PROVIDENCIA,12,-0.22928581111129703,0.4734691344826445,0.6557615629336686,False
sec,RAIN,6,SANTANDER,20,-0.18688819424176029,0.43013406034078105,0.6269360074452446,False
sec,RAIN,6,SUCRE,20,0.6803429227344568,0.000963295054493253,0.014239555142279965,True
sec,RAIN,6,TOLIMA,20,-0.18653630503061416,0.4310185051186056,0.6269360074452446,False
sec,RAIN,6,VALLE DEL CAUCA,22,0.28127764218908685,0.20476652521908315,0.3854428710006271,False
sec,RAIN,6,VAUPES,6,-0.6667366910003157,0.14808979944035275,0.36452873708394523,False
sec,RAIN,6,VICHADA,3,,,,False
sec,RAIN,7,AMAZONAS,17,-0.1149598984640173,0.6604082499539958,0.9771974004116261,False
sec,RAIN,7,ANTIOQUIA,20,0.3355907646778702,0.14803305353320104,0.37577621281504875,False
sec,RAIN,7,ARAUCA,9,0.03497487083913344,0.9288223684223894,0.9887463921915758,False
sec,RAIN,7,ATLANTICO,18,0.461140886770398,0.05408437441357314,0.19830937284976816,False
sec,RAIN,7,BOGOTA,19,0.46100145089896705,0.04697280407612775,0.19376281681402696,False
sec,RAIN,7,BOLIVAR,19,-0.07309216927428952,0.7661843473969359,0.9771974004116261,False
sec,RAIN,7,BOYACA,21,0.45194805194805193,0.03970201724016005,0.18933421355189264,False
sec,RAIN,7,CALDAS,20,-0.11537441421152851,0.6281233089746596,0.9771974004116261,False
sec,RAIN,7,CAQUETA,20,0.6283611806802641,0.003006424425136546,0.033070668676502005,True
sec,RAIN,7,CASANARE,19,-0.21447729743912336,0.37791644232889776,0.6928468109363126,False
sec,RAIN,7,CAUCA,18,0.492745217193058,0.037746978433802314,0.18933421355189264,False
sec,RAIN,7,CESAR,20,-0.029649972666444046,0.9012460683285164,0.9887463921915758,False
sec,RAIN,7,CHOCO,20,0.7293233082706766,0.00026350691768615617,0.007982434517033633,True
sec,RAIN,7,CORDOBA,20,0.707554642064064,0.00048378391012325047,0.007982434517033633,True
sec,RAIN,7,CUNDINAMARCA,21,0.34491719909426394,0.12570543108312895,0.34568993547860466,False
sec,RAIN,7,GUAINIA,19,-0.06308172769408069,0.7975225502795631,0.9771974004116261,False
sec,RAIN,7,GUAVIARE,5,-0.15811388300841897,0.7995251457913304,0.9771974004116261,False
sec,RAIN,7,HUILA,20,0.3189169086007274,0.17052808168150105,0.40195904967782387,False
sec,RAIN,7,LA GUAJIRA,20,-0.07531579304185233,0.7523189291726062,0.9771974004116261,False
sec,RAIN,7,MAGDALENA,20,0.1836171615218167,0.4383925743443722,0.7614186817560148,False
sec,RAIN,7,META,19,0.007168873226989005,0.9767631844734813,1.0,False
sec,RAIN,7,NARINO,20,0.38470610105320174,0.09396283245436363,0.28188849736309085,False
sec,RAIN,7,NORTE DE SANTANDER,19,0.24114839794899068,0.3199503148112178,0.6470588235294116,False
sec,RAIN,7,PUTUMAYO,17,-0.02381492837305346,0.9277116084491807,0.9887463921915758,False
sec,RAIN,7,QUINDIO,20,0.4784006807073612,0.03286464320210708,0.18933421355189264,False
sec,RAIN,7,RISARALDA,24,-0.35672138816907856,0.0870635486637475,0.28188849736309085,False
sec,RAIN,7,SAN ANDRES PROVIDENCIA,14,0.04236661940998253,0.8856545935113757,0.9887463921915758,False
sec,RAIN,7,SANTANDER,20,-0.25038974099429806,0.2869872986125731,0.6313720569476609,False
sec,RAIN,7,SUCRE,20,0.46225875394688776,0.04016180287464389,0.18933421355189264,False
sec,RAIN,7,TOLIMA,20,-0.17142857142857143,0.4698861728108753,0.7753121851379443,False
sec,RAIN,7,VALLE DEL CAUCA,22,0.07975078570296548,0.7242442868772679,0.9771974004116261,False
sec,RAIN,7,VAUPES,5,0.0,1.0,1.0,False
sec,RAIN,7,VICHADA,3,-0.8660254037844387,0.3333333333333332,0.6470588235294116,False
sec,RAIN,8,AMAZONAS,18,-0.22944960918675042,0.3597250116082983,0.6247855464775707,False
sec,RAIN,8,ANTIOQUIA,20,0.1526889916178011,0.5204425106258259,0.7407439789276581,False
sec,RAIN,8,ARAUCA,10,0.3439179697143973,0.3305264309208817,0.6167980025025938,False
sec,RAIN,8,ATLANTICO,18,0.697675257106756,0.001286246755652467,0.042446142936531414,True
sec,RAIN,8,BOGOTA,20,0.5166814935981167,0.019670230050586015,0.09273108452419121,False
sec,RAIN,8,BOLIVAR,19,0.14213139551936893,0.5616203526918826,0.7407439789276581,False
sec,RAIN,8,BOYACA,20,0.362406015037594,0.11634464918754708,0.426597047021006,False
sec,RAIN,8,CALDAS,21,-0.11945210428971453,0.6060413715119576,0.7407439789276581,False
sec,RAIN,8,CAQUETA,19,0.5406469255956712,0.016847585818062498,0.09266172199934374,False
sec,RAIN,8,CASANARE,18,-0.1875925227148531,0.4560262318647148,0.7166126500731232,False
sec,RAIN,8,CAUCA,18,0.47030711300430345,0.04888205063140953,0.20163845885456433,False
sec,RAIN,8,CESAR,20,-0.22671983002528334,0.3364352740923239,0.6167980025025938,False
sec,RAIN,8,CHOCO,20,0.5834586466165413,0.006922690881578284,0.07614959969736113,False
sec,RAIN,8,CORDOBA,20,0.540653053958752,0.013843968002752664,0.09137018881816758,False
sec,RAIN,8,CUNDINAMARCA,21,0.5709646290091488,0.0068653846293905895,0.07614959969736113,False
sec,RAIN,8,GUAINIA,18,0.08838273490063815,0.7272847078725057,0.8000131786597563,False
sec,RAIN,8,GUAVIARE,6,0.6179143806533246,0.1910939016901931,0.5996956240243225,False
sec,RAIN,8,HUILA,20,0.22891592225383317,0.3316486719279419,0.6167980025025938,False
sec,RAIN,8,LA GUAJIRA,20,0.03788166415217374,0.8740156811208245,0.8958146655044488,False
sec,RAIN,8,MAGDALENA,20,-0.03128902303959208,0.8958146655044488,0.8958146655044488,False
sec,RAIN,8,META,20,-0.03794760511788378,0.8737980581213028,0.8958146655044488,False
sec,RAIN,8,NARINO,20,0.27837001432361647,0.2346680460013386,0.5996956240243225,False
sec,RAIN,8,NORTE DE SANTANDER,19,0.1879538984014192,0.4409685899460243,0.7166126500731232,False
sec,RAIN,8,PUTUMAYO,17,-0.0990199653405907,0.7053537989075708,0.8000131786597563,False
sec,RAIN,8,QUINDIO,20,0.275008488347,0.24060229200294952,0.5996956240243225,False
sec,RAIN,8,RISARALDA,24,-0.2420800170433626,0.254416325343652,0.5996956240243225,False
sec,RAIN,8,SAN ANDRES PROVIDENCIA,14,0.1511204398212543,0.6060632554862657,0.7407439789276581,False
sec,RAIN,8,SANTANDER,20,-0.1532667045842923,0.5188466849745497,0.7407439789276581,False
sec,RAIN,8,SUCRE,20,0.5541450659380387,0.011234560996410863,0.09137018881816758,False
sec,RAIN,8,TOLIMA,20,-0.08574652731245974,0.7192646187007768,0.8000131786597563,False
sec,RAIN,8,VALLE DEL CAUCA,22,0.26901356892332295,0.2260466815709715,0.5996956240243225,False
sec,RAIN,8,VAUPES,4,-0.39999999999999997,0.6,0.7407439789276581,False
sec,RAIN,8,VICHADA,3,-0.8660254037844387,0.3333333333333332,0.6167980025025938,False
sec,RAIN,9,AMAZONAS,18,0.12873350829877964,0.6106914633614977,0.7197435103903366,False
sec,RAIN,9,ANTIOQUIA,20,0.239548447389284,0.3090475873713501,0.5367668622765553,False
sec,RAIN,9,ARAUCA,10,0.5144125078733912,0.12819475571212882,0.2964792155485294,False
sec,RAIN,9,ATLANTICO,18,0.4514465218855879,0.06002861120559872,0.2420028656884846,False
sec,RAIN,9,BOGOTA,20,0.1420493141888507,0.5502391025218457,0.6741755678134186,False
sec,RAIN,9,BOLIVAR,18,0.4135731388607046,0.08800104206853984,0.2420028656884846,False
sec,RAIN,9,BOYACA,21,0.21788646690014005,0.34271812127118806,0.5654849000974603,False
sec,RAIN,9,CALDAS,22,0.04414264287684901,0.8453490273887021,0.8798171147447852,False
sec,RAIN,9,CAQUETA,19,0.30406386572012273,0.20564521583773573,0.37701622903584886,False
sec,RAIN,9,CASANARE,18,-0.15031978600780466,0.5515981918473425,0.6741755678134186,False
sec,RAIN,9,CAUCA,20,0.5297628892416594,0.016288587935727305,0.10750468037580022,False
sec,RAIN,9,CESAR,20,-0.16305069133445887,0.4921761580910099,0.649672528680133,False
sec,RAIN,9,CHOCO,20,0.6355773296406007,0.002598264697906696,0.04287136751546048,True
sec,RAIN,9,CORDOBA,20,0.48844401908435375,0.028876656919531552,0.13613281119207732,False
sec,RAIN,9,CUNDINAMARCA,21,0.3237974129149114,0.15217792240503136,0.2964792155485294,False
sec,RAIN,9,GUAINIA,16,0.19120670377973897,0.4780931035436372,0.649672528680133,False
sec,RAIN,9,GUAVIARE,9,-0.037300192329612555,0.9241007182593003,0.9241007182593003,False
sec,RAIN,9,HUILA,20,0.6030075187969924,0.004886612315025839,0.05375273546528423,False
sec,RAIN,9,LA GUAJIRA,20,0.3558286956977309,0.1236206986921089,0.2964792155485294,False
sec,RAIN,9,MAGDALENA,20,-0.19267451029643548,0.41572949916535884,0.5964814553242105,False
sec,RAIN,9,META,20,-0.3934275830233577,0.08613013401470938,0.2420028656884846,False
sec,RAIN,9,NARINO,20,-0.4155662434411232,0.06841958121343493,0.2420028656884846,False
sec,RAIN,9,NORTE DE SANTANDER,20,0.33511400402111297,0.14864589296743605,0.2964792155485294,False
sec,RAIN,9,PUTUMAYO,18,0.04697541942695033,0.8531559900555493,0.8798171147447852,False
sec,RAIN,9,QUINDIO,20,0.5688536969115164,0.008859285833377896,0.07308910812536765,False
sec,RAIN,9,RISARALDA,24,-0.30113639239850576,0.15273171710075759,0.2964792155485294,False
sec,RAIN,9,SAN ANDRES PROVIDENCIA,12,0.6477893898051567,0.022740883444808672,0.12507485894644768,False
sec,RAIN,9,SANTANDER,20,0.05356500125555658,0.8225348469468283,0.8798171147447852,False
sec,RAIN,9,SUCRE,20,0.4075806948578442,0.07445989347123341,0.2420028656884846,False
sec,RAIN,9,TOLIMA,20,0.061747057976362894,0.7959384546783004,0.8798171147447852,False
sec,RAIN,9,VALLE DEL CAUCA,23,0.6130631403725946,0.0018679790949616651,0.04287136751546048,True
sec,RAIN,9,VAUPES,4,-0.6000000000000001,0.3999999999999999,0.5964814553242105,False
sec,RAIN,9,VICHADA,4,-0.632455532033676,0.367544467966324,0.5775698782327948,False
sec,RAIN,10,AMAZONAS,16,0.2598401827412995,0.33110889514109376,0.49666334271164064,False
sec,RAIN,10,ANTIOQUIA,20,0.13715181996774342,0.5642072411114867,0.6909528124860564,False
sec,RAIN,10,ARAUCA,10,0.45647294162092733,0.18480608278680513,0.4065733821309713,False
sec,RAIN,10,ATLANTICO,18,0.3636403380034867,0.13797520522027795,0.3794318143557644,False
sec,RAIN,10,BOGOTA,21,-0.10590964697380724,0.6477365084485237,0.7370794751310787,False
sec,RAIN,10,BOLIVAR,19,0.15216354383002367,0.5340238202601777,0.6909528124860564,False
sec,RAIN,10,BOYACA,21,0.2652798081712527,0.2451556962452749,0.40769133409772307,False
sec,RAIN,10,CALDAS,19,0.06423234807076322,0.7939043925965954,0.818713904865239,False
sec,RAIN,10,CAQUETA,20,0.3112895852333303,0.18155894528553768,0.4065733821309713,False
sec,RAIN,10,CASANARE,19,-0.49958014132298995,0.029415708651804276,0.15419530938112835,False
sec,RAIN,10,CAUCA,20,0.5623420329175227,0.009854502636121646,0.07836082747027352,False
sec,RAIN,10,CESAR,20,-0.2801875911688887,0.23149920459862075,0.40769133409772307,False
sec,RAIN,10,CHOCO,20,0.5829259532206693,0.006986632090587846,0.07836082747027352,False
sec,RAIN,10,CORDOBA,20,0.40845859057214284,0.0737770533553344,0.2213311600660032,False
sec,RAIN,10,CUNDINAMARCA,21,0.257875947345429,0.2590688207713686,0.40769133409772307,False
sec,RAIN,10,GUAINIA,17,0.21774088077596074,0.40117307765245314,0.5755961548926501,False
sec,RAIN,10,GUAVIARE,10,-0.1181757895737503,0.7450705291808077,0.7931395955795695,False
sec,RAIN,10,HUILA,20,0.1746331561030092,0.4614972254120707,0.6345586849415973,False
sec,RAIN,10,LA GUAJIRA,20,0.26467741450880944,0.25943993988036923,0.40769133409772307,False
sec,RAIN,10,MAGDALENA,20,0.13676223706055207,0.5653250283976825,0.6909528124860564,False
sec,RAIN,10,META,20,-0.5701352597370043,0.008673419979855008,0.07836082747027352,False
sec,RAIN,10,NARINO,20,-0.4471718489899281,0.048060914427133374,0.19825127201192516,False
sec,RAIN,10,NORTE DE SANTANDER,19,0.5858076936226564,0.008400834928648522,0.07836082747027352,False
sec,RAIN,10,PUTUMAYO,19,0.42154713801638144,0.07224178654617608,0.2213311600660032,False
sec,RAIN,10,QUINDIO,20,0.41063999114256333,0.0721005775007765,0.2213311600660032,False
sec,RAIN,10,RISARALDA,24,-0.5048199650418598,0.011872852647011139,0.07836082747027352,False
sec,RAIN,10,SAN ANDRES PROVIDENCIA,13,0.3649379035314237,0.2201739139651222,0.40769133409772307,False
sec,RAIN,10,SANTANDER,20,-0.12808287307845553,0.5904758916607762,0.6959180151716291,False
sec,RAIN,10,SUCRE,20,0.3263285492180861,0.16025724495592797,0.4065733821309713,False
sec,RAIN,10,TOLIMA,20,-0.08721804511278194,0.7146383646582315,0.7861022011240546,False
sec,RAIN,10,VALLE DEL CAUCA,23,0.4464771459057529,0.03270809592933026,0.15419530938112835,False
sec,RAIN,10,VAUPES,5,-0.09999999999999999,0.8728885715695383,0.8728885715695383,False
sec,RAIN,10,VICHADA,4,-0.7745966692414834,0.22540333075851657,0.40769133409772307,False
sec,RAIN,11,AMAZONAS,16,0.20059634664162412,0.45631999513401633,0.8625619305446364,False
sec,RAIN,11,ANTIOQUIA,21,0.03898636300593643,0.8667553135856857,0.9534308449442542,False
sec,RAIN,11,ARAUCA,10,0.5315095895586142,0.11385241441710063,0.4696412094705401,False
sec,RAIN,11,ATLANTICO,18,0.4192555569615504,0.08329309835247338,0.4217715784293342,False
sec,RAIN,11,BOGOTA,21,-0.002650425149868929,0.9909027110221946,0.9909027110221946,False
sec,RAIN,11,BOLIVAR,19,0.16614860842650295,0.4966265660711543,0.8625619305446364,False
sec,RAIN,11,BOYACA,21,0.28832655445704664,0.2049773651783279,0.5777990706920707,False
sec,RAIN,11,CALDAS,19,0.3494556068166188,0.14250268700071972,0.5225098523359724,False
sec,RAIN,11,CAQUETA,20,0.4610745036149966,0.040742820848458,0.4217715784293342,False
sec,RAIN,11,CASANARE,18,0.13721776993514986,0.5871636697703715,0.8742655942265601,False
sec,RAIN,11,CAUCA,20,0.38964394971652166,0.08946669845470726,0.4217715784293342,False
sec,RAIN,11,CESAR,20,-0.08629526527586683,0.7175383513688485,0.8742655942265601,False
sec,RAIN,11,CHOCO,20,0.4917293233082706,0.027658227513046127,0.4217715784293342,False
sec,RAIN,11,CORDOBA,20,0.2929029191586898,0.2101087529789348,0.5777990706920707,False
sec,RAIN,11,CUNDINAMARCA,21,0.11428571428571428,0.6218181517971058,0.8742655942265601,False
sec,RAIN,11,GUAINIA,19,0.17539425498197592,0.4726215489407738,0.8625619305446364,False
sec,RAIN,11,GUAVIARE,10,-0.19695964928958382,0.5854793070502378,0.8742655942265601,False
sec,RAIN,11,HUILA,20,0.3269308998960668,0.15944174049157187,0.5261577436221871,False
sec,RAIN,11,LA GUAJIRA,20,0.41899419054275894,0.06594265203694945,0.4217715784293342,False
sec,RAIN,11,MAGDALENA,20,-0.09339523311934775,0.6953241099229429,0.8742655942265601,False
sec,RAIN,11,META,20,-0.055493976030983945,0.8162466405935647,0.9288323841237115,False
sec,RAIN,11,NARINO,20,-0.10854877305506998,0.6487225892289921,0.8742655942265601,False
sec,RAIN,11,NORTE DE SANTANDER,19,-0.024110987389956894,0.9219513172173296,0.981432047360383,False
sec,RAIN,11,PUTUMAYO,18,-0.1278523810584276,0.6131563905858374,0.8742655942265601,False
sec,RAIN,11,QUINDIO,20,-0.28075953939860865,0.23050781753454336,0.5851352291261486,False
sec,RAIN,11,RISARALDA,24,-0.3904493756377137,0.05924718108191982,0.4217715784293342,False
sec,RAIN,11,SAN ANDRES PROVIDENCIA,13,0.28177225625601326,0.3509899316366787,0.7721778496006931,False
sec,RAIN,11,SANTANDER,20,-0.0030350271635672488,0.9898679003554351,0.9909027110221946,False
sec,RAIN,11,SUCRE,20,0.22976149581928484,0.3298164431262455,0.7721778496006931,False
sec,RAIN,11,TOLIMA,20,0.10379842779929335,0.6632062684236695,0.8742655942265601,False
sec,RAIN,11,VALLE DEL CAUCA,23,0.41073194856577644,0.0515523775940007,0.4217715784293342,False
sec,RAIN,11,VAUPES,6,0.44136741475237473,0.3809392104771887,0.7856871216092017,False
sec,RAIN,11,VICHADA,4,0.2581988897471611,0.7418011102528389,0.8742655942265601,False
sec,RAIN,12,AMAZONAS,16,-0.21598011242608758,0.4217487869815133,0.8790016017789515,False
sec,RAIN,12,ANTIOQUIA,21,0.32975122205702084,0.14435173217368968,0.519880487278129,False
sec,RAIN,12,ARAUCA,10,0.7338344376656173,0.015692604025455737,0.17261864428001308,False
sec,RAIN,12,ATLANTICO,19,0.4630933246644183,0.04585307792034077,0.26039539676606616,False
sec,RAIN,12,BOGOTA,21,-0.005955408733893025,0.9795603703169378,1.0,False
sec,RAIN,12,BOLIVAR,19,0.18927386464325147,0.43770754442947957,0.8790016017789515,False
sec,RAIN,12,BOYACA,21,0.4023401327292408,0.07058242989582753,0.3327457409374726,False
sec,RAIN,12,CALDAS,20,0.09362104122390269,0.6946214025945898,1.0,False
sec,RAIN,12,CAQUETA,20,0.0259258874704704,0.9136021094218105,1.0,False
sec,RAIN,12,CASANARE,18,0.3475993542999339,0.15753954159943304,0.519880487278129,False
sec,RAIN,12,CAUCA,20,0.37519953295922526,0.1030813609383521,0.4252106138707024,False
sec,RAIN,12,CESAR,20,0.1331845532235236,0.5756352469772555,0.9497981575124717,False
sec,RAIN,12,CHOCO,20,0.675187969924812,0.0010889426257988835,0.03264320638011271,True
sec,RAIN,12,CORDOBA,20,0.2511976899460218,0.2853832103361862,0.6726889957924388,False
sec,RAIN,12,CUNDINAMARCA,21,0.05844155844155843,0.8013282220179797,1.0,False
sec,RAIN,12,GUAINIA,17,0.1839123956901417,0.4798184261876053,0.8796671146772764,False
sec,RAIN,12,GUAVIARE,8,0.7757718233048143,0.023657253473068383,0.19517234115281415,False
sec,RAIN,12,HUILA,20,0.4484576137847772,0.04734461759383021,0.26039539676606616,False
sec,RAIN,12,LA GUAJIRA,20,0.17797969365491448,0.4528190069770356,0.8790016017789515,False
sec,RAIN,12,MAGDALENA,20,0.09963083652080637,0.6760088002539895,1.0,False
sec,RAIN,12,META,20,0.316660014586109,0.17374305764482678,0.5212291729344803,False
sec,RAIN,12,NARINO,20,-0.007558684789587233,0.9747693982936982,1.0,False
sec,RAIN,12,NORTE DE SANTANDER,20,-0.14423573187396835,0.544053935426902,0.9449357825835666,False
sec,RAIN,12,PUTUMAYO,18,0.2737521730608705,0.271672678378976,0.6726889957924388,False
sec,RAIN,12,QUINDIO,20,0.050552271636868595,0.8323766919334079,1.0,False
sec,RAIN,12,RISARALDA,24,0.005693038172653479,0.978937248171913,1.0,False
sec,RAIN,12,SAN ANDRES PROVIDENCIA,12,0.017543967645562597,0.9568431055442903,1.0,False
sec,RAIN,12,SANTANDER,20,0.029972611516655517,0.9001765823610832,1.0,False
sec,RAIN,12,SUCRE,20,0.2864124775481424,0.22085761792574268,0.6073584492957924,False
sec,RAIN,12,TOLIMA,20,-0.05570195496389086,0.8155692946421123,1.0,False
sec,RAIN,12,VALLE DEL CAUCA,23,0.6104379617706738,0.0019783761442492553,0.03264320638011271,True
sec,RAIN,12,VAUPES,6,0.05797710356524484,0.9131317851623264,1.0,False
sec,RAIN,12,VICHADA,3,0.0,1.0,1.0,False
sec,TEMP,1,AMAZONAS,16,0.7705882352941176,0.00047682239536332537,0.0006070028279678908,True
sec,TEMP,1,ANTIOQUIA,21,0.8987012987012987,3.140551058161405e-08,8.636515409943863e-08,True
sec,TEMP,1,ARAUCA,10,0.8424242424242423,0.0022200312259168407,0.002616465373401991,True
sec,TEMP,1,ATLANTICO,19,0.7578947368421053,0.00017042611955963191,0.00025563917933944786,True
sec,TEMP,1,BOGOTA,21,0.8220779220779221,4.842313369757487e-06,8.87757451122206e-06,True
sec,TEMP,1,BOLIVAR,19,0.32031595887474934,0.18122710028132802,0.19291917126722014,False
sec,TEMP,1,BOYACA,22,0.9559570863918693,4.131146750121671e-12,3.4081960688503784e-11,True
sec,TEMP,1,CALDAS,19,0.9350877192982456,4.446148370750682e-09,1.8340362029346562e-08,True
sec,TEMP,1,CAQUETA,20,0.7097744360902255,0.0004558392343877832,0.0006070028279678908,True
sec,TEMP,1,CASANARE,20,0.8330827067669173,5.123854828137097e-06,8.89932680676443e-06,True
sec,TEMP,1,CAUCA,21,0.92987012987013,1.0810361295691526e-09,5.0963131822545766e-09,True
sec,TEMP,1,CESAR,21,0.8480519480519481,1.2038040858545719e-06,2.648368988880058e-06,True
sec,TEMP,1,CHOCO,21,0.8285714285714286,3.494265356687365e-06,6.78298569239312e-06,True
sec,TEMP,1,CORDOBA,21,0.8363636363636363,2.3196074473363604e-06,4.784190360131243e-06,True
sec,TEMP,1,CUNDINAMARCA,22,0.681535855448899,0.00047824465233833814,0.0006070028279678908,True
sec,TEMP,1,GUAINIA,17,0.8039215686274511,0.0001007394030010668,0.00015830477614453355,True
sec,TEMP,1,GUAVIARE,6,1.0,0.0,0.0,True
sec,TEMP,1,HUILA,20,0.9082706766917292,3.118100742700067e-08,8.636515409943863e-08,True
sec,TEMP,1,LA GUAJIRA,20,0.6887218045112782,0.0007852045694487572,0.0009596944737707032,True
sec,TEMP,1,MAGDALENA,20,0.875187969924812,4.400102028393744e-07,1.0371669066928111e-06,True
sec,TEMP,1,META,19,0.9210526315789472,2.2361332893791873e-08,7.379239854951317e-08,True
sec,TEMP,1,NARINO,20,0.9218045112781955,7.79627424177817e-09,2.858633888651996e-08,True
sec,TEMP,1,NORTE DE SANTANDER,20,0.956390977443609,4.622988667749747e-11,3.051172520714833e-10,True
sec,TEMP,1,PUTUMAYO,18,0.5128998968008256,0.029506553722099375,0.03245720909430931,True
sec,TEMP,1,QUINDIO,20,0.5924812030075187,0.005910465902184195,0.006725702578347531,True
sec,TEMP,1,RISARALDA,25,0.968217054263566,2.433907856714739e-15,4.0159479635793196e-14,True
sec,TEMP,1,SAN ANDRES PROVIDENCIA,13,0.8516483516483516,0.00022021941625366222,0.0003159669885378632,True
sec,TEMP,1,SANTANDER,20,0.8781954887218045,3.5733947904134215e-07,9.070925237203301e-07,True
sec,TEMP,1,SUCRE,21,0.7597402597402596,6.461161103085651e-05,0.00010660915820091325,True
sec,TEMP,1,TOLIMA,20,0.9488721804511278,1.8821698161170056e-10,1.035193398864353e-09,True
sec,TEMP,1,VALLE DEL CAUCA,23,0.9508278026867228,3.6807142835673584e-12,3.4081960688503784e-11,True
sec,TEMP,1,VAUPES,6,0.16176470588235295,0.7594694560350091,0.7594694560350091,False
sec,TEMP,1,VICHADA,3,0.5,0.6666666666666667,0.6875000000000001,False
sec,TEMP,2,AMAZONAS,17,0.5857843137254902,0.013478995289806905,0.022240342228181394,True
sec,TEMP,2,ANTIOQUIA,21,0.748051948051948,9.650639036965701e-05,0.0002449777601691293,True
sec,TEMP,2,ARAUCA,10,0.8060606060606059,0.004862061101964606,0.00891377868693511,True
sec,TEMP,2,ATLANTICO,19,0.46140350877192987,0.04675598867249953,0.06708467939967323,False
sec,TEMP,2,BOGOTA,21,0.4727272727272727,0.030455231601954364,0.04785822108878542,True
sec,TEMP,2,BOLIVAR,20,0.35050773445268624,0.12973986247665398,0.15290769506177077,False
sec,TEMP,2,BOYACA,22,0.33370976849237727,0.12907336510697262,0.15290769506177077,False
sec,TEMP,2,CALDAS,19,0.8736842105263157,1.0290605944416866e-06,4.2448749520719576e-06,True
sec,TEMP,2,CAQUETA,20,0.39097744360902253,0.08828010210661397,0.11652973478073043,False
sec,TEMP,2,CASANARE,19,0.6824561403508772,0.0012845505066979117,0.00256840201849182,True
sec,TEMP,2,CAUCA,20,0.8706766917293233,5.953878226538417e-07,2.8068283067966823e-06,True
sec,TEMP,2,CESAR,21,0.8090909090909091,8.95835754740235e-06,2.9562579906427758e-05,True
sec,TEMP,2,CHOCO,20,0.7684210526315788,7.571881175260271e-05,0.00020822673231965747,True
sec,TEMP,2,CORDOBA,21,0.764935064935065,5.3672360673180114e-05,0.00016101708201954034,True
sec,TEMP,2,CUNDINAMARCA,22,0.25691699604743085,0.24841404808855894,0.26444076086846596,False
sec,TEMP,2,GUAINIA,16,0.31764705882352945,0.23057346362184541,0.25363080998403,False
sec,TEMP,2,GUAVIARE,5,0.8999999999999998,0.03738607346849875,0.05607911020274813,False
sec,TEMP,2,HUILA,20,0.8977443609022555,7.968058036056002e-08,4.382431919830801e-07,True
sec,TEMP,2,LA GUAJIRA,20,0.17744360902255638,0.4542034838793192,0.4683973427505479,False
sec,TEMP,2,MAGDALENA,20,0.9533834586466164,8.33304572667919e-11,1.213088687689076e-09,True
sec,TEMP,2,META,19,0.9175438596491228,3.1969361906463736e-08,2.1099778858266067e-07,True
sec,TEMP,2,NARINO,20,0.6812030075187969,0.0009435725086737296,0.002075859519082205,True
sec,TEMP,2,NORTE DE SANTANDER,20,0.9518796992481202,1.1028078978991599e-10,1.213088687689076e-09,True
sec,TEMP,2,PUTUMAYO,19,0.4168495355219341,0.07581618308209451,0.10424725173787995,False
sec,TEMP,2,QUINDIO,20,0.3578947368421052,0.12130112810947347,0.15290769506177077,False
sec,TEMP,2,RISARALDA,25,0.9325581395348838,1.1676874018005144e-11,3.8533684259416974e-10,True
sec,TEMP,2,SAN ANDRES PROVIDENCIA,13,0.7142857142857143,0.006088305245824148,0.010574424900641942,True
sec,TEMP,2,SANTANDER,21,0.7441558441558441,0.00010979854693235139,0.00025881086062625683,True
sec,TEMP,2,SUCRE,21,0.6532467532467533,0.001323116191344271,0.00256840201849182,True
sec,TEMP,2,TOLIMA,21,0.8103896103896104,8.441533572149069e-06,2.9562579906427758e-05,True
sec,TEMP,2,VALLE DEL CAUCA,23,0.8964409293129016,7.185722557897337e-09,5.9282211102653033e-08,True
sec,TEMP,2,VAUPES,6,0.1323529411764706,0.8026298213922247,0.8026298213922247,False
sec,TEMP,2,VICHADA,4,0.7999999999999999,0.20000000000000007,0.2275862068965518,False
sec,TEMP,3,AMAZONAS,16,0.3294117647058824,0.2128014262162131,0.22653055048822685,False
sec,TEMP,3,ANTIOQUIA,21,0.574025974025974,0.006506006572823372,0.01192767871684285,True
sec,TEMP,3,ARAUCA,10,0.5151515151515151,0.12755286970323426,0.1503301678645261,False
sec,TEMP,3,ATLANTICO,19,0.8070175438596491,2.971537443478794e-05,0.0001400867651925717,True
sec,TEMP,3,BOGOTA,21,0.525974025974026,0.01432246441287261,0.021483696619308913,True
sec,TEMP,3,BOLIVAR,20,0.35488721804511275,0.12468812756013875,0.1503301678645261,False
sec,TEMP,3,BOYACA,23,0.6679841897233202,0.0004954574689501719,0.0014863724068505156,True
sec,TEMP,3,CALDAS,19,0.7964912280701755,4.490979716030268e-05,0.00018525291328624856,True
sec,TEMP,3,CAQUETA,20,0.4240601503759398,0.06240648623134545,0.08237656182537599,False
sec,TEMP,3,CASANARE,20,0.431578947368421,0.05742465038435194,0.07895889427848392,False
sec,TEMP,3,CAUCA,20,0.8511278195488721,1.9615293616584223e-06,1.6182617233681984e-05,True
sec,TEMP,3,CESAR,21,0.5623376623376624,0.00796705909904402,0.01314564751342263,True
sec,TEMP,3,CHOCO,20,0.6511278195488721,0.0018736439667456604,0.003637073582506282,True
sec,TEMP,3,CORDOBA,21,0.648051948051948,0.0014887342546572653,0.003275215360245984,True
sec,TEMP,3,CUNDINAMARCA,22,0.28176171654432525,0.20395518659238387,0.22435070525162226,False
sec,TEMP,3,GUAINIA,15,0.475,0.07357086204591357,0.09337840182750567,False
sec,TEMP,3,GUAVIARE,5,0.3,0.6238376647810728,0.6433325918054813,False
sec,TEMP,3,HUILA,21,0.6662337662337662,0.0009757283731243881,0.0023725856259787684,True
sec,TEMP,3,LA GUAJIRA,20,0.33533834586466166,0.14835729861849292,0.1688203742900092,False
sec,TEMP,3,MAGDALENA,20,0.7563909774436091,0.00011384195119063901,0.00041742048769900976,True
sec,TEMP,3,META,19,0.7315789473684211,0.00037122223001881486,0.001225033359062089,True
sec,TEMP,3,NARINO,20,0.5774436090225563,0.007673261374909004,0.01314564751342263,True
sec,TEMP,3,NORTE DE SANTANDER,20,0.8105263157894737,1.4687607586992212e-05,8.250852292051931e-05,True
sec,TEMP,3,PUTUMAYO,19,0.5754385964912281,0.009940816036902564,0.015621282343704029,True
sec,TEMP,3,QUINDIO,20,0.4631578947368421,0.039724966457935725,0.056996691004864306,False
sec,TEMP,3,RISARALDA,25,0.8767441860465116,9.05392059209566e-09,1.4938968976957837e-07,True
sec,TEMP,3,SAN ANDRES PROVIDENCIA,13,0.7747252747252747,0.0018713615028719075,0.003637073582506282,True
sec,TEMP,3,SANTANDER,21,0.7974025974025974,1.5001549621912602e-05,8.250852292051931e-05,True
sec,TEMP,3,SUCRE,21,0.6818181818181818,0.0006639110602392577,0.0018257554156579587,True
sec,TEMP,3,TOLIMA,21,0.6649350649350649,0.0010065514776879624,0.0023725856259787684,True
sec,TEMP,3,VALLE DEL CAUCA,23,0.8208549793464899,1.6002821160742563e-06,1.6182617233681984e-05,True
sec,TEMP,3,VAUPES,6,0.21251185925162072,0.6860308660088958,0.6860308660088958,False
sec,TEMP,3,VICHADA,3,1.0,0.0,0.0,True
sec,TEMP,4,AMAZONAS,16,0.4382352941176471,0.08953003199187995,0.11363427137430918,False
sec,TEMP,4,ANTIOQUIA,20,0.7834586466165413,4.392227394692123e-05,0.00020706214860691436,True
sec,TEMP,4,ARAUCA,9,0.39999999999999997,0.2861051019083128,0.31471561209914406,False
sec,TEMP,4,ATLANTICO,18,0.5046439628482973,0.03269373337773917,0.0431557280586157,True
sec,TEMP,4,BOGOTA,20,0.49022556390977434,0.028210805618894004,0.04128160833977701,True
sec,TEMP,4,BOLIVAR,19,0.10530935634238334,0.6678751272735268,0.6887462250008245,False
sec,TEMP,4,BOYACA,22,0.8802936194240545,6.595210345744567e-08,5.441048535239268e-07,True
sec,TEMP,4,CALDAS,18,0.8575851393188855,5.389259946741498e-06,2.964092970707824e-05,True
sec,TEMP,4,CAQUETA,19,0.5175438596491229,0.02323790084695127,0.036516701330923426,True
sec,TEMP,4,CASANARE,19,0.7210526315789473,0.0004947294682852213,0.0011661480323865933,True
sec,TEMP,4,CAUCA,19,0.5385964912280702,0.01735062387146656,0.030135294092547185,True
sec,TEMP,4,CESAR,20,0.675187969924812,0.0010889426257988835,0.0023956737767575433,True
sec,TEMP,4,CHOCO,19,0.7614035087719299,0.00015251563657617335,0.0004575469097285201,True
sec,TEMP,4,CORDOBA,20,0.7488721804511278,0.00014522010920123906,0.0004575469097285201,True
sec,TEMP,4,CUNDINAMARCA,21,0.22987012987012984,0.3161498376663408,0.3365466013867499,False
sec,TEMP,4,GUAINIA,14,0.44175824175824174,0.11377750302872339,0.13906139259066191,False
sec,TEMP,4,GUAVIARE,4,1.0,0.0,0.0,True
sec,TEMP,4,HUILA,20,0.5172932330827067,0.019500547061355036,0.03217590265123581,True
sec,TEMP,4,LA GUAJIRA,19,0.32631578947368417,0.172729477006792,0.20357402647229056,False
sec,TEMP,4,MAGDALENA,20,0.7774436090225564,5.488285448149734e-05,0.00022639177473617652,True
sec,TEMP,4,META,19,0.4929824561403509,0.031981574415356324,0.0431557280586157,True
sec,TEMP,4,NARINO,19,0.756140350877193,0.00018003275829386932,0.0004950900853081407,True
sec,TEMP,4,NORTE DE SANTANDER,19,0.5719298245614035,0.010510758441862328,0.019269723810080935,True
sec,TEMP,4,PUTUMAYO,18,0.3312693498452013,0.179322144399268,0.20405623328192563,False
sec,TEMP,4,QUINDIO,19,0.5807017543859649,0.009132950070568508,0.017862278391879233,True
sec,TEMP,4,RISARALDA,24,0.8836131730853142,1.057868970777883e-08,1.1636558678556712e-07,True
sec,TEMP,4,SAN ANDRES PROVIDENCIA,12,0.7132867132867133,0.009201779777634755,0.017862278391879233,True
sec,TEMP,4,SANTANDER,20,0.48872180451127817,0.0287720300549961,0.04128160833977701,True
sec,TEMP,4,SUCRE,20,0.7563909774436091,0.00011384195119063901,0.00041742048769900976,True
sec,TEMP,4,TOLIMA,20,0.7142857142857143,0.0004032525947441218,0.0010236412020427706,True
sec,TEMP,4,VALLE DEL CAUCA,22,0.8212369714660175,2.811091382668129e-06,1.8553203125609652e-05,True
sec,TEMP,4,VAUPES,6,0.030358837035945815,0.9544757346935633,0.9544757346935633,False
sec,TEMP,4,VICHADA,3,1.0,0.0,0.0,True
sec,TEMP,5,AMAZONAS,17,0.6813725490196079,0.002596603135725265,0.009520878164325973,True
sec,TEMP,5,ANTIOQUIA,20,0.6165413533834586,0.0037895555881575995,0.011368666764472797,True
sec,TEMP,5,ARAUCA,9,0.5,0.1704706607870538,0.25925532961071346,False
sec,TEMP,5,ATLANTICO,17,0.6495098039215687,0.004776085665557086,0.013105888248564197,True
sec,TEMP,5,BOGOTA,20,0.35037593984962395,0.12989410232900506,0.21432526884285835,False
sec,TEMP,5,BOLIVAR,19,0.13859649122807016,0.5714909256572165,0.6083613079576821,False
sec,TEMP,5,BOYACA,22,0.5911914172783739,0.0037606445488212225,0.011368666764472797,True
sec,TEMP,5,CALDAS,19,0.7508771929824561,0.00021166486305839485,0.0017462351202317576,True
sec,TEMP,5,CAQUETA,19,0.2789473684210526,0.24747875892631563,0.34028329352368397,False
sec,TEMP,5,CASANARE,19,0.20526315789473687,0.39922262991187696,0.4705123852532836,False
sec,TEMP,5,CAUCA,18,0.48606811145510836,0.040833484782080216,0.07831726948444115,False
sec,TEMP,5,CESAR,20,0.6,0.005162925673676805,0.013105888248564197,True
sec,TEMP,5,CHOCO,19,0.543859649122807,0.01608281832523716,0.03381279975829463,True
sec,TEMP,5,CORDOBA,20,0.7699248120300751,7.183540419814864e-05,0.0007901894461796351,True
sec,TEMP,5,CUNDINAMARCA,21,0.14935064935064934,0.5181875885017935,0.5700063473519728,False
sec,TEMP,5,GUAINIA,15,-0.24285714285714283,0.38312834183934175,0.46826797335919546,False
sec,TEMP,5,GUAVIARE,5,0.39999999999999997,0.5046315754686911,0.5700063473519728,False
sec,TEMP,5,HUILA,20,0.31729323308270674,0.1728368864071423,0.25925532961071346,False
sec,TEMP,5,LA GUAJIRA,20,0.45714285714285713,0.042718510627876995,0.07831726948444115,False
sec,TEMP,5,MAGDALENA,20,0.3699248120300751,0.1084095615537755,0.18829029111971535,False
sec,TEMP,5,META,18,0.32920536635706915,0.18221199775917415,0.26143460548055425,False
sec,TEMP,5,NARINO,20,0.5593984962406015,0.010333258461010715,0.024356966372382403,True
sec,TEMP,5,NORTE DE SANTANDER,19,0.6649122807017543,0.0018958315241343047,0.007820305037054007,True
sec,TEMP,5,PUTUMAYO,17,0.2377450980392157,0.35817139991630287,0.46018993353116083,False
sec,TEMP,5,QUINDIO,20,0.2150375939849624,0.36257388702455096,0.46018993353116083,False
sec,TEMP,5,RISARALDA,24,0.9129124700466913,5.011605226055476e-10,1.653829724598307e-08,True
sec,TEMP,5,SAN ANDRES PROVIDENCIA,13,0.7857142857142857,0.0014541896038438224,0.006855465275263734,True
sec,TEMP,5,SANTANDER,20,0.5293233082706766,0.01639408473129437,0.03381279975829463,True
sec,TEMP,5,SUCRE,20,0.6947368421052631,0.0006752714633826038,0.003713993048604321,True
sec,TEMP,5,TOLIMA,20,0.7112781954887217,0.00043769852641296046,0.002888810274325539,True
sec,TEMP,5,VALLE DEL CAUCA,22,0.8698108225981203,1.4593018831686365e-07,2.40784810722825e-06,True
sec,TEMP,5,VAUPES,6,-0.05797710356524484,0.9131317851623264,0.9131317851623264,False
sec,TEMP,5,VICHADA,3,0.5,0.6666666666666667,0.6875000000000001,False
sec,TEMP,6,AMAZONAS,17,0.4488044988263006,0.07075248072667742,0.16677370457002533,False
sec,TEMP,6,ANTIOQUIA,20,0.2706766917293233,0.24839056913669727,0.39032803721481,False
sec,TEMP,6,ARAUCA,9,0.5166666666666667,0.1543901209862251,0.28304855514141264,False
sec,TEMP,6,ATLANTICO,18,0.052631578947368425,0.8356904320597222,0.8896059438055106,False
sec,TEMP,6,BOGOTA,20,0.2827067669172932,0.22715328510473626,0.3833739701176207,False
sec,TEMP,6,BOLIVAR,19,0.20096535502004823,0.4093803834714843,0.562898027273291,False
sec,TEMP,6,BOYACA,22,0.7052512704686619,0.00024652394943626654,0.002033822582849199,True
sec,TEMP,6,CALDAS,19,0.512280701754386,0.024930772015074765,0.0747923160452243,False
sec,TEMP,6,CAQUETA,19,0.26666666666666666,0.2697681649350135,0.39187288849947577,False
sec,TEMP,6,CASANARE,19,0.15964912280701754,0.5138473123904943,0.6280356040328264,False
sec,TEMP,6,CAUCA,18,0.18059855521155832,0.4732892668249995,0.616640163121237,False
sec,TEMP,6,CESAR,20,0.4917293233082706,0.027658227513046127,0.07606012566087685,False
sec,TEMP,6,CHOCO,19,0.7719298245614035,0.00010807079839875915,0.0011887787823863505,True
sec,TEMP,6,CORDOBA,20,0.7157894736842104,0.00038691327846311315,0.002553627637856547,True
sec,TEMP,6,CUNDINAMARCA,21,-0.2506493506493506,0.2731235283481195,0.39187288849947577,False
sec,TEMP,6,GUAINIA,19,0.09649122807017543,0.6943484389585837,0.7637832828544421,False
sec,TEMP,6,GUAVIARE,4,0.0,1.0,1.0,False
sec,TEMP,6,HUILA,20,0.3578947368421052,0.12130112810947347,0.23546689574191906,False
sec,TEMP,6,LA GUAJIRA,19,-0.012280701754385965,0.9602038588720425,0.9902102294617938,False
sec,TEMP,6,MAGDALENA,20,0.2796992481203007,0.23234786067734586,0.3833739701176207,False
sec,TEMP,6,META,19,0.6350877192982456,0.0034826965970136026,0.01436612346268111,True
sec,TEMP,6,NARINO,20,0.5578947368421052,0.010585028447546954,0.03766893412688287,True
sec,TEMP,6,NORTE DE SANTANDER,19,0.5666666666666667,0.011414828523297841,0.03766893412688287,True
sec,TEMP,6,PUTUMAYO,17,0.1519607843137255,0.5604155062809044,0.6604897038310659,False
sec,TEMP,6,QUINDIO,20,0.16541353383458643,0.4858377042773383,0.616640163121237,False
sec,TEMP,6,RISARALDA,24,0.8000019152662281,2.7058708521633168e-06,4.9152515890754865e-05,True
sec,TEMP,6,SAN ANDRES PROVIDENCIA,12,0.4755244755244756,0.11817595701303213,0.23546689574191906,False
sec,TEMP,6,SANTANDER,20,0.45714285714285713,0.042718510627876995,0.10843929620922621,False
sec,TEMP,6,SUCRE,20,0.6345864661654135,0.00265140753465565,0.012499492663376636,True
sec,TEMP,6,TOLIMA,20,0.6646616541353383,0.0013887947848759102,0.007638371316817507,True
sec,TEMP,6,VALLE DEL CAUCA,22,0.8201073470210849,2.9789403570154462e-06,4.9152515890754865e-05,True
sec,TEMP,6,VAUPES,6,0.753702346348183,0.0835232813732598,0.18375121902117156,False
sec,TEMP,6,VICHADA,3,0.5,0.6666666666666667,0.7586206896551725,False
sec,TEMP,7,AMAZONAS,17,-0.2366646674138689,0.36042497230116277,0.5663820993303986,False
sec,TEMP,7,ANTIOQUIA,20,0.03458646616541353,0.8849015088305833,0.9431706684765946,False
sec,TEMP,7,ARAUCA,9,0.4666666666666666,0.20538635110581185,0.42360934915573695,False
sec,TEMP,7,ATLANTICO,18,0.27966976264189886,0.2610264770684414,0.4785485412921425,False
sec,TEMP,7,BOGOTA,19,0.3315789473684211,0.16550152078683653,0.36410334573104036,False
sec,TEMP,7,BOLIVAR,19,0.12631578947368421,0.6063502472896753,0.8337315900233037,False
sec,TEMP,7,BOYACA,21,0.7103896103896103,0.0003079593734962153,0.003393354357194192,True
sec,TEMP,7,CALDAS,20,0.5458646616541353,0.012783628876204734,0.04218597529147562,True
sec,TEMP,7,CAQUETA,20,0.6796992481203006,0.0009782817239871893,0.005380549481929541,True
sec,TEMP,7,CASANARE,19,-0.01754385964912281,0.9431706684765946,0.9431706684765946,False
sec,TEMP,7,CAUCA,18,-0.07946336429308565,0.7539561864360347,0.9009776221830613,False
sec,TEMP,7,CESAR,20,0.22105263157894736,0.3489737543021465,0.5663820993303986,False
sec,TEMP,7,CHOCO,20,0.6165413533834586,0.0037895555881575995,0.01786504777274297,True
sec,TEMP,7,CORDOBA,20,0.7127819548872181,0.00042017538910877727,0.003393354357194192,True
sec,TEMP,7,CUNDINAMARCA,21,0.0935064935064935,0.6868397848627377,0.8717581884796286,False
sec,TEMP,7,GUAINIA,19,0.06491228070175438,0.7917682134335994,0.9009776221830613,False
sec,TEMP,7,GUAVIARE,5,0.39999999999999997,0.5046315754686911,0.7569473632030366,False
sec,TEMP,7,HUILA,20,0.5203007518796992,0.018683221143120664,0.056049663429362,False
sec,TEMP,7,LA GUAJIRA,20,0.06616541353383458,0.7816639121085741,0.9009776221830613,False
sec,TEMP,7,MAGDALENA,20,0.23458646616541348,0.3194764651496698,0.5548801763125845,False
sec,TEMP,7,META,19,0.3456140350877193,0.14724536947686556,0.3470783709097546,False
sec,TEMP,7,NARINO,20,0.5022556390977443,0.024024689465215552,0.06606789602934277,False
sec,TEMP,7,NORTE DE SANTANDER,19,0.5631578947368421,0.01205156953324739,0.04218597529147562,True
sec,TEMP,7,PUTUMAYO,17,0.16421568627450983,0.5288225629141268,0.7587454163550514,False
sec,TEMP,7,QUINDIO,20,0.025563909774436087,0.9148041683144317,0.9431706684765946,False
sec,TEMP,7,RISARALDA,24,0.8533937279918735,1.1572868817206788e-07,3.819046709678241e-06,True
sec,TEMP,7,SAN ANDRES PROVIDENCIA,14,0.3406593406593406,0.23331605103682404,0.45290762848324667,False
sec,TEMP,7,SANTANDER,20,0.7052631578947368,0.0005141445995748776,0.003393354357194192,True
sec,TEMP,7,SUCRE,20,0.5789473684210527,0.007479660209668737,0.03085359836488354,True
sec,TEMP,7,TOLIMA,20,0.4872180451127819,0.029341991903708217,0.07448351790941317,False
sec,TEMP,7,VALLE DEL CAUCA,22,0.6973461321287409,0.00030957279078606216,0.003393354357194192,True
sec,TEMP,7,VAUPES,5,-0.051298917604257706,0.9347128481082341,0.9431706684765946,False
sec,TEMP,7,VICHADA,3,-0.5,0.6666666666666667,0.8717581884796286,False
sec,TEMP,8,AMAZONAS,18,-0.037170887761984475,0.8835813301617399,0.9111932467292942,False
sec,TEMP,8,ANTIOQUIA,20,0.09624060150375939,0.6864870716570238,0.7502841297354068,False
sec,TEMP,8,ARAUCA,10,0.43030303030303024,0.21449233253280775,0.44239043584891596,False
sec,TEMP,8,ATLANTICO,18,0.5273477812177503,0.024513917732196133,0.08089592851624725,False
sec,TEMP,8,BOGOTA,20,0.4466165413533834,0.04837283310926692,0.12279257635429296,False
sec,TEMP,8,BOLIVAR,19,0.20877192982456141,0.391033007093879,0.6141448392775989,False
sec,TEMP,8,BOYACA,20,0.6090225563909774,0.004370507553662533,0.024037791545143933,True
sec,TEMP,8,CALDAS,21,0.32727272727272727,0.14757448251475364,0.324663861532458,False
sec,TEMP,8,CAQUETA,19,0.7385964912280703,0.00030430186721349935,0.005020980809022739,True
sec,TEMP,8,CASANARE,18,0.281733746130031,0.25737537573231434,0.47426192702834247,False
sec,TEMP,8,CAUCA,18,-0.09597523219814243,0.7048123642968973,0.7502841297354068,False
sec,TEMP,8,CESAR,20,0.13984962406015036,0.5564935505662203,0.711768589172486,False
sec,TEMP,8,CHOCO,20,0.6496240601503759,0.0019353332844401431,0.018031120949886213,True
sec,TEMP,8,CORDOBA,20,0.6375939849624059,0.002492844809327134,0.018031120949886213,True
sec,TEMP,8,CUNDINAMARCA,21,0.1,0.6662641376986583,0.7502841297354068,False
sec,TEMP,8,GUAINIA,18,0.12280701754385966,0.6273461454239682,0.7502841297354068,False
sec,TEMP,8,GUAVIARE,6,0.3714285714285715,0.46847813411078715,0.6721642793763468,False
sec,TEMP,8,HUILA,20,0.5203007518796992,0.018683221143120664,0.07706828721537275,False
sec,TEMP,8,LA GUAJIRA,20,0.0,1.0,1.0,False
sec,TEMP,8,MAGDALENA,20,0.13834586466165413,0.5607873732874131,0.711768589172486,False
sec,TEMP,8,META,20,0.20902255639097742,0.3764723395871389,0.6141448392775989,False
sec,TEMP,8,NARINO,20,0.4812030075187969,0.031711044624462434,0.0951331338733873,False
sec,TEMP,8,NORTE DE SANTANDER,19,0.6473684210526316,0.002731988022710032,0.018031120949886213,True
sec,TEMP,8,PUTUMAYO,17,0.28186274509803927,0.27305989737995473,0.47426192702834247,False
sec,TEMP,8,QUINDIO,20,0.1639097744360902,0.4898669433807742,0.6735670471485645,False
sec,TEMP,8,RISARALDA,24,0.8271354594382774,6.229399252223021e-07,2.055701753233597e-05,True
sec,TEMP,8,SAN ANDRES PROVIDENCIA,14,0.23956043956043957,0.4094298928517326,0.6141448392775989,False
sec,TEMP,8,SANTANDER,20,0.4330827067669173,0.05646561004225937,0.13309750938532566,False
sec,TEMP,8,SUCRE,20,0.5082706766917292,0.022124780463792442,0.08089592851624725,False
sec,TEMP,8,TOLIMA,20,0.4601503759398496,0.04120071780195449,0.11330197395537484,False
sec,TEMP,8,VALLE DEL CAUCA,22,0.5516657255787691,0.007777124824611087,0.03666358845888084,True
sec,TEMP,8,VAUPES,4,-0.7378647873726218,0.2621352126273781,0.47426192702834247,False
sec,TEMP,8,VICHADA,3,0.5,0.6666666666666667,0.7502841297354068,False
sec,TEMP,9,AMAZONAS,18,0.4016520927614433,0.09850167980941697,0.2955050394282509,False
sec,TEMP,9,ANTIOQUIA,20,-0.21654135338345865,0.3591457825704002,0.6584339347124003,False
sec,TEMP,9,ARAUCA,10,0.4666666666666666,0.17393859716506632,0.38266491376314593,False
sec,TEMP,9,ATLANTICO,18,0.11042311661506708,0.6626984309773885,0.748701960945606,False
sec,TEMP,9,BOGOTA,20,0.4496240601503759,0.04670190938806289,0.22016614425801076,False
sec,TEMP,9,BOLIVAR,18,0.1042311661506708,0.6806381463141873,0.748701960945606,False
sec,TEMP,9,BOYACA,21,0.32727272727272727,0.14757448251475364,0.37461214792206693,False
sec,TEMP,9,CALDAS,22,0.2840203274985884,0.2001981527952696,0.3886199436614057,False
sec,TEMP,9,CAQUETA,19,0.18771929824561404,0.4415495023823781,0.6741845088156037,False
sec,TEMP,9,CASANARE,18,0.4097007223942208,0.09131835313137276,0.2955050394282509,False
sec,TEMP,9,CAUCA,20,0.12330827067669171,0.6045088306268851,0.7388441263217485,False
sec,TEMP,9,CESAR,20,-0.15789473684210525,0.5061465835201627,0.6959515523402238,False
sec,TEMP,9,CHOCO,20,0.7052631578947368,0.0005141445995748776,0.00848338589298548,True
sec,TEMP,9,CORDOBA,20,0.6451127819548872,0.0021306929704406788,0.023437622674847464,True
sec,TEMP,9,CUNDINAMARCA,21,-0.17272727272727273,0.454024361012887,0.6741845088156037,False
sec,TEMP,9,GUAINIA,16,-0.16764705882352943,0.5348568245819433,0.7060110084481651,False
sec,TEMP,9,GUAVIARE,9,0.33333333333333337,0.38071318167686347,0.6612386839650787,False
sec,TEMP,9,HUILA,20,0.5578947368421052,0.010585028447546954,0.08732648469226237,False
sec,TEMP,9,LA GUAJIRA,20,0.10827067669172932,0.6495672222012883,0.748701960945606,False
sec,TEMP,9,MAGDALENA,20,0.17293233082706763,0.4659400851924169,0.6741845088156037,False
sec,TEMP,9,META,20,0.17142857142857143,0.4698861728108753,0.6741845088156037,False
sec,TEMP,9,NARINO,20,0.2992481203007519,0.19994045290488707,0.3886199436614057,False
sec,TEMP,9,NORTE DE SANTANDER,20,0.3398496240601503,0.14263670537136702,0.37461214792206693,False
sec,TEMP,9,PUTUMAYO,18,-0.0010319917440660476,0.9967573972800612,0.9967573972800613,False
sec,TEMP,9,QUINDIO,20,-0.07669172932330826,0.7479334475419401,0.7961872183510975,False
sec,TEMP,9,RISARALDA,24,0.7868727809894301,5.098067676658155e-06,0.00016823623332971912,True
sec,TEMP,9,SAN ANDRES PROVIDENCIA,12,0.5384615384615385,0.07089431754922315,0.25994583101381824,False
sec,TEMP,9,SANTANDER,20,0.47067669172932325,0.03621455166600094,0.20684476176740904,False
sec,TEMP,9,SUCRE,20,0.32481203007518794,0.16232315576999945,0.38261886717214155,False
sec,TEMP,9,TOLIMA,20,0.431578947368421,0.05742465038435194,0.23687668283545174,False
sec,TEMP,9,VALLE DEL CAUCA,23,0.43587844177218793,0.03760813850316528,0.20684476176740904,False
sec,TEMP,9,VAUPES,4,0.39999999999999997,0.6,0.7388441263217485,False
sec,TEMP,9,VICHADA,4,0.19999999999999998,0.8,0.8250000000000001,False
sec,TEMP,10,AMAZONAS,16,0.2588235294117647,0.3330723066336081,0.578494006258372,False
sec,TEMP,10,ANTIOQUIA,20,-0.07368421052631578,0.757528699864343,0.8788447698401857,False
sec,TEMP,10,ARAUCA,10,-0.10303030303030303,0.7769984634438898,0.8788447698401857,False
sec,TEMP,10,ATLANTICO,18,0.025799793601651185,0.9190604851409846,0.9190604851409846,False
sec,TEMP,10,BOGOTA,21,0.3311688311688311,0.142530865818502,0.335965612286469,False
sec,TEMP,10,BOLIVAR,19,-0.03333333333333333,0.8922406862320766,0.9190604851409846,False
sec,TEMP,10,BOYACA,21,0.512987012987013,0.017401319733001776,0.10275771628716367,False
sec,TEMP,10,CALDAS,19,0.6035087719298246,0.00622186140199637,0.06844047542196006,False
sec,TEMP,10,CAQUETA,20,0.14285714285714285,0.5479501508336087,0.7592948531193325,False
sec,TEMP,10,CASANARE,19,0.419298245614035,0.07393698475441418,0.2048975936025432,False
sec,TEMP,10,CAUCA,20,0.05714285714285714,0.8108800461568323,0.8788447698401857,False
sec,TEMP,10,CESAR,20,0.11278195488721804,0.6359170579042353,0.8071254965707602,False
sec,TEMP,10,CHOCO,20,0.5203007518796992,0.018683221143120664,0.10275771628716367,False
sec,TEMP,10,CORDOBA,20,0.4631578947368421,0.039724966457935725,0.14565821034576432,False
sec,TEMP,10,CUNDINAMARCA,21,0.3220779220779221,0.1544922989180332,0.339883057619673,False
sec,TEMP,10,GUAINIA,17,0.11029411764705883,0.6734589975422935,0.8231165525516921,False
sec,TEMP,10,GUAVIARE,10,0.6969696969696969,0.02509667588225183,0.11831290058775863,False
sec,TEMP,10,HUILA,20,0.40751879699248117,0.07450821585547025,0.2048975936025432,False
sec,TEMP,10,LA GUAJIRA,20,0.1413533834586466,0.5522144386322418,0.7592948531193325,False
sec,TEMP,10,MAGDALENA,20,0.4766917293233082,0.03358407951093336,0.13853432798260013,False
sec,TEMP,10,META,20,-0.05263157894736842,0.825581450455932,0.8788447698401857,False
sec,TEMP,10,NARINO,20,0.38796992481203,0.0909728657975423,0.2309311208706843,False
sec,TEMP,10,NORTE DE SANTANDER,19,0.2368421052631579,0.32893104152682706,0.578494006258372,False
sec,TEMP,10,PUTUMAYO,19,0.22456140350877193,0.35534598974510767,0.5863208830794276,False
sec,TEMP,10,QUINDIO,20,-0.14736842105263157,0.5352473458918693,0.7592948531193325,False
sec,TEMP,10,RISARALDA,24,0.7562381343435679,1.9119841246797447e-05,0.0006309547611443157,True
sec,TEMP,10,SAN ANDRES PROVIDENCIA,13,0.3021978021978022,0.3156083662499549,0.578494006258372,False
sec,TEMP,10,SANTANDER,20,0.14285714285714285,0.5479501508336087,0.7592948531193325,False
sec,TEMP,10,SUCRE,20,0.41353383458646614,0.06992073829262123,0.2048975936025432,False
sec,TEMP,10,TOLIMA,20,0.524812030075188,0.017508741658873835,0.10275771628716367,False
sec,TEMP,10,VALLE DEL CAUCA,23,0.5879446640316206,0.0031729106115477657,0.05235302509053814,False
sec,TEMP,10,VAUPES,5,0.6668859288553501,0.21889398131323165,0.4514688364585403,False
sec,TEMP,10,VICHADA,4,-0.39999999999999997,0.6,0.792,False
sec,TEMP,11,AMAZONAS,16,0.18529411764705883,0.4920570502059438,0.7380855753089157,False
sec,TEMP,11,ANTIOQUIA,21,-0.006493506493506493,0.9777139815073874,0.9849400483404019,False
sec,TEMP,11,ARAUCA,10,0.5030303030303029,0.13833369839449197,0.2842521840425767,False
sec,TEMP,11,ATLANTICO,18,-0.017543859649122806,0.9449151835129637,0.9849400483404019,False
sec,TEMP,11,BOGOTA,21,0.45714285714285713,0.037208372406870284,0.11162511722061086,False
sec,TEMP,11,BOLIVAR,19,0.12549364964134016,0.6087144252340335,0.8035030413089242,False
sec,TEMP,11,BOYACA,21,0.4701298701298702,0.031507962850302,0.10788932014653925,False
sec,TEMP,11,CALDAS,19,0.5614035087719299,0.01238047681616205,0.05836510499047824,False
sec,TEMP,11,CAQUETA,20,-0.02706766917293233,0.9098116651774512,0.9849400483404019,False
sec,TEMP,11,CASANARE,18,0.5046439628482973,0.03269373337773917,0.10788932014653925,False
sec,TEMP,11,CAUCA,20,-0.004511278195488721,0.9849400483404018,0.9849400483404019,False
sec,TEMP,11,CESAR,20,0.17293233082706763,0.4659400851924169,0.7321915624452265,False
sec,TEMP,11,CHOCO,20,0.42556390977443603,0.06138492007540436,0.1471010032596,False
sec,TEMP,11,CORDOBA,20,0.4240601503759398,0.06240648623134545,0.1471010032596,False
sec,TEMP,11,CUNDINAMARCA,21,0.212987012987013,0.353946406990143,0.6147490226670905,False
sec,TEMP,11,GUAINIA,19,-0.08771929824561404,0.7210236536238765,0.9151454065226126,False
sec,TEMP,11,GUAVIARE,10,0.0303030303030303,0.9337729580941466,0.9849400483404019,False
sec,TEMP,11,HUILA,20,0.5233082706766917,0.017893477980418213,0.07381059666922513,False
sec,TEMP,11,LA GUAJIRA,20,0.04210526315789473,0.8600949015145793,0.9849400483404019,False
sec,TEMP,11,MAGDALENA,20,0.5488721804511278,0.012202217962291394,0.05836510499047824,False
sec,TEMP,11,META,20,0.05263157894736842,0.825581450455932,0.9849400483404019,False
sec,TEMP,11,NARINO,20,0.5503759398496241,0.011919637001913331,0.05836510499047824,False
sec,TEMP,11,NORTE DE SANTANDER,19,0.3333333333333333,0.16313885284404722,0.2990878968807532,False
sec,TEMP,11,PUTUMAYO,18,0.21362229102167182,0.3946884572555506,0.6512359544716585,False
sec,TEMP,11,QUINDIO,20,-0.15037593984962402,0.5268549482529812,0.7559223170586252,False
sec,TEMP,11,RISARALDA,24,0.7291045901715186,5.3097268020770755e-05,0.001752209844685435,True
sec,TEMP,11,SAN ANDRES PROVIDENCIA,13,0.5604395604395606,0.04634590589406461,0.12745124120867765,False
sec,TEMP,11,SANTANDER,20,0.33684210526315783,0.1464329432946607,0.2842521840425767,False
sec,TEMP,11,SUCRE,20,0.3533834586466165,0.12640665077932206,0.27809463171450854,False
sec,TEMP,11,TOLIMA,20,0.6406015037593984,0.002342270858482576,0.0386474691649625,True
sec,TEMP,11,VALLE DEL CAUCA,23,0.5266798418972332,0.009823828373353946,0.05836510499047824,False
sec,TEMP,11,VAUPES,6,0.9276336570439175,0.007665844187473165,0.05836510499047824,False
sec,TEMP,11,VICHADA,4,-0.39999999999999997,0.6,0.8035030413089242,False
sec,TEMP,12,AMAZONAS,16,-0.15,0.5792486306642535,0.734728893088652,False
sec,TEMP,12,ANTIOQUIA,21,-0.11168831168831168,0.6298112160877902,0.734728893088652,False
sec,TEMP,12,ARAUCA,10,0.35757575757575755,0.3103760917056799,0.5690228347937465,False
sec,TEMP,12,ATLANTICO,19,0.120228181824221,0.6239433963719395,0.734728893088652,False
sec,TEMP,12,BOGOTA,21,0.5077922077922078,0.018772861912339817,0.1239008886214428,False
sec,TEMP,12,BOLIVAR,19,0.16666666666666666,0.4952660907838653,0.734728893088652,False
sec,TEMP,12,BOYACA,21,0.42727272727272725,0.05337040521549704,0.1770827520141631,False
sec,TEMP,12,CALDAS,20,0.38496240601503756,0.09372546338767992,0.23791848398411058,False
sec,TEMP,12,CAQUETA,20,-0.4586466165413533,0.04195431160933542,0.1770827520141631,False
sec,TEMP,12,CASANARE,18,0.2953020527757656,0.23417313935468054,0.4761026484773911,False
sec,TEMP,12,CAUCA,20,-0.13834586466165413,0.5607873732874131,0.734728893088652,False
sec,TEMP,12,CESAR,20,-0.07368421052631578,0.757528699864343,0.7812014717351037,False
sec,TEMP,12,CHOCO,20,0.6360902255639098,0.0025711072764284873,0.028282180040713357,True
sec,TEMP,12,CORDOBA,20,0.27368421052631575,0.24296636906130623,0.4761026484773911,False
sec,TEMP,12,CUNDINAMARCA,21,0.13116883116883118,0.570889196068409,0.734728893088652,False
sec,TEMP,12,GUAINIA,17,-0.18627450980392157,0.4740951399440866,0.734728893088652,False
sec,TEMP,12,GUAVIARE,8,0.7784570702436183,0.022867333969736826,0.12577033683355254,False
sec,TEMP,12,HUILA,20,0.6466165413533834,0.0020638211543594184,0.028282180040713357,True
sec,TEMP,12,LA GUAJIRA,20,0.051127819548872175,0.8304946161837171,0.8304946161837171,False
sec,TEMP,12,MAGDALENA,20,0.41804511278195483,0.06662156350962728,0.18320929965147503,False
sec,TEMP,12,META,20,0.10225563909774435,0.66793535735332,0.734728893088652,False
sec,TEMP,12,NARINO,20,0.5593984962406015,0.010333258461010715,0.08524938230333841,False
sec,TEMP,12,NORTE DE SANTANDER,20,0.32631578947368417,0.16027455107910063,0.3777900132578801,False
sec,TEMP,12,PUTUMAYO,18,-0.1393188854489164,0.5813962095847576,0.734728893088652,False
sec,TEMP,12,QUINDIO,20,-0.07368421052631578,0.757528699864343,0.7812014717351037,False
sec,TEMP,12,RISARALDA,24,0.7483606537774891,2.60560251970685e-05,0.0008598488315032605,True
sec,TEMP,12,SAN ANDRES PROVIDENCIA,12,0.3636363636363637,0.2452650007307772,0.4761026484773911,False
sec,TEMP,12,SANTANDER,20,0.10676691729323308,0.6541415450094847,0.734728893088652,False
sec,TEMP,12,SUCRE,20,0.45563909774436084,0.043493409805465975,0.1770827520141631,False
sec,TEMP,12,TOLIMA,20,0.437593984962406,0.05366144000429185,0.1770827520141631,False
sec,TEMP,12,VALLE DEL CAUCA,23,0.39673520692064856,0.06088453830522071,0.18265361491566212,False
sec,TEMP,12,VAUPES,6,0.46381682852195877,0.3541642984362303,0.6151274657050316,False
sec,TEMP,12,VICHADA,3,-0.5,0.6666666666666667,0.734728893088652,False
sec,HUMI,1,AMAZONAS,16,0.7176470588235294,0.0017475350604702381,0.008377650728877051,True
sec,HUMI,1,ANTIOQUIA,21,0.6623376623376622,0.0010706809556016235,0.007066494306970715,True
sec,HUMI,1,ARAUCA,10,0.10303030303030303,0.7769984634438898,0.8841706652982194,False
sec,HUMI,1,ATLANTICO,19,0.7894736842105263,5.83869193095435e-05,0.0009633841686074678,True
sec,HUMI,1,BOGOTA,21,0.48197469251966824,0.026930387712065046,0.07405856620817887,False
sec,HUMI,1,BOLIVAR,19,0.6561403508771929,0.0022822886812038433,0.009414440809965853,True
sec,HUMI,1,BOYACA,22,0.4500282326369283,0.035592322115366636,0.08389618784336421,False
sec,HUMI,1,CALDAS,19,0.6017543859649123,0.006414666234372084,0.023520442859364308,True
sec,HUMI,1,CAQUETA,20,0.7609022556390977,9.796553338830226e-05,0.001072179744992901,True
sec,HUMI,1,CASANARE,20,0.78796992481203,3.699406473493858e-05,0.0009633841686074678,True
sec,HUMI,1,CAUCA,21,0.7389610389610389,0.00012996118121126073,0.001072179744992901,True
sec,HUMI,1,CESAR,21,0.4676843377549341,0.0325251178034502,0.08256376057798898,False
sec,HUMI,1,CHOCO,21,0.34964487146827367,0.1202625560269653,0.1889840166138026,False
sec,HUMI,1,CORDOBA,21,-0.005524862170220242,0.9810377887963873,0.9914087370353041,False
sec,HUMI,1,CUNDINAMARCA,22,0.21244717149306866,0.3425208349318183,0.4914429370760871,False
sec,HUMI,1,GUAINIA,17,0.5724833004852564,0.016320718157479097,0.0489621544724373,True
sec,HUMI,1,GUAVIARE,6,0.6,0.20799999999999982,0.3119999999999998,False
sec,HUMI,1,HUILA,20,0.431638693631352,0.05738631217288232,0.11835926885656979,False
sec,HUMI,1,LA GUAJIRA,20,0.3602858472163878,0.11865561156514726,0.1889840166138026,False
sec,HUMI,1,MAGDALENA,20,0.6535671862541695,0.0017770774273375564,0.008377650728877051,True
sec,HUMI,1,META,19,0.002650227349566413,0.991408737035304,0.9914087370353041,False
sec,HUMI,1,NARINO,20,-0.12561591957740223,0.5977093735803551,0.7305336788204341,False
sec,HUMI,1,NORTE DE SANTANDER,20,0.15656756848446526,0.5097732025762403,0.6470198340390743,False
sec,HUMI,1,PUTUMAYO,18,0.00831187785102015,0.9738875426024712,0.9914087370353041,False
sec,HUMI,1,QUINDIO,20,0.3663688203778321,0.11211214103028833,0.1889840166138026,False
sec,HUMI,1,RISARALDA,25,-0.514724839877137,0.00847016205204368,0.027951534771744148,True
sec,HUMI,1,SAN ANDRES PROVIDENCIA,13,0.5123966942148761,0.0733999691334105,0.13456661007791926,False
sec,HUMI,1,SANTANDER,20,-0.2136945676424106,0.36565133500302016,0.5027705856291528,False
sec,HUMI,1,SUCRE,21,-0.00845805124485923,0.9709739874043406,0.9914087370353041,False
sec,HUMI,1,TOLIMA,20,0.41597694847359545,0.06811919183140344,0.1322313723786067,False
sec,HUMI,1,VALLE DEL CAUCA,23,-0.415677876035466,0.04853433851198679,0.10677554472637094,False
sec,HUMI,1,VAUPES,6,0.34786262139146906,0.4992532181146331,0.6470198340390743,False
sec,HUMI,1,VICHADA,3,-0.5,0.6666666666666667,0.7857142857142858,False
sec,HUMI,2,AMAZONAS,17,0.3921568627450981,0.11949978461381598,0.3033456070966098,False
sec,HUMI,2,ANTIOQUIA,21,0.49350649350649345,0.02299628542974777,0.08405164993607206,False
sec,HUMI,2,ARAUCA,10,-0.2121212121212121,0.5563057751029299,0.8468960074052265,False
sec,HUMI,2,ATLANTICO,19,0.8714349237332223,1.1861441809752595e-06,1.9571378986091783e-05,True
sec,HUMI,2,BOGOTA,21,0.12467532467532469,0.590260853646067,0.8468960074052265,False
sec,HUMI,2,BOLIVAR,20,0.6731935345227856,0.001141126557661156,0.009414294100704539,True
sec,HUMI,2,BOYACA,22,0.4680971202710334,0.028017216645357352,0.08405164993607206,False
sec,HUMI,2,CALDAS,19,0.16315789473684209,0.504515720888777,0.8324509394664821,False
sec,HUMI,2,CAQUETA,20,0.5308270676691729,0.016035444376776162,0.06614620805420167,False
sec,HUMI,2,CASANARE,19,0.687719298245614,0.0011372285554647073,0.009414294100704539,True
sec,HUMI,2,CAUCA,20,0.6300751879699248,0.002904950813404307,0.015977229473723688,True
sec,HUMI,2,CESAR,21,0.6478233986153104,0.0014964051910702808,0.009876274261063854,True
sec,HUMI,2,CHOCO,20,0.22667443753540006,0.33653463768966585,0.6941026902349359,False
sec,HUMI,2,CORDOBA,21,0.1948051948051948,0.39744295350722536,0.7715069097493198,False
sec,HUMI,2,CUNDINAMARCA,22,0.05920703643860085,0.7935337099194655,0.941232870307827,False
sec,HUMI,2,GUAINIA,16,0.08259622956817836,0.7610482348097771,0.941232870307827,False
sec,HUMI,2,GUAVIARE,5,0.0,1.0,1.0,False
sec,HUMI,2,HUILA,20,0.17162214237720236,0.4693772698014994,0.8152342054447095,False
sec,HUMI,2,LA GUAJIRA,20,0.18236670567139512,0.44157150226690056,0.8095477541559843,False
sec,HUMI,2,MAGDALENA,20,-0.024160268702942626,0.9194670542775274,0.9787875093922065,False
sec,HUMI,2,META,19,0.094821051155807,0.6994020561884184,0.941232870307827,False
sec,HUMI,2,NARINO,20,0.055325738075309196,0.8167946499258014,0.941232870307827,False
sec,HUMI,2,NORTE DE SANTANDER,20,0.27063795676572383,0.2484609300148512,0.5466140460326726,False
sec,HUMI,2,PUTUMAYO,19,0.3308407315412699,0.1665026448809381,0.39247052007649696,False
sec,HUMI,2,QUINDIO,20,0.05131069827213703,0.8298967774296132,0.941232870307827,False
sec,HUMI,2,RISARALDA,25,-0.398923196791615,0.048224888814033466,0.13261844423859204,False
sec,HUMI,2,SAN ANDRES PROVIDENCIA,13,0.01100413695761459,0.9715385747062459,1.0,False
sec,HUMI,2,SANTANDER,21,-0.5959611281717236,0.004358304353762013,0.020546291953449487,True
sec,HUMI,2,SUCRE,21,0.13076476820750327,0.5720864520173043,0.8468960074052265,False
sec,HUMI,2,TOLIMA,21,0.042262714537086826,0.8556662457343882,0.941232870307827,False
sec,HUMI,2,VALLE DEL CAUCA,23,-0.45849060758983917,0.027781028684801434,0.08405164993607206,False
sec,HUMI,2,VAUPES,6,-0.11764705882352942,0.8243435782617545,0.941232870307827,False
sec,HUMI,2,VICHADA,4,-1.0,0.0,0.0,True
sec,HUMI,3,AMAZONAS,16,0.40294117647058825,0.121745762952543,0.2511006360896199,False
sec,HUMI,3,ANTIOQUIA,21,0.5142857142857142,0.01707135314181649,0.11267093073598884,False
sec,HUMI,3,ARAUCA,10,0.5515151515151515,0.09840117666963498,0.23194563072128244,False
sec,HUMI,3,ATLANTICO,19,0.7117157332806074,0.0006317193537538661,0.01248051482426054,True
sec,HUMI,3,BOGOTA,21,-0.18441558441558442,0.4235662143050207,0.5911922779375739,False
sec,HUMI,3,BOLIVAR,20,0.6902255639097743,0.0007563948378339721,0.01248051482426054,True
sec,HUMI,3,BOYACA,23,0.009881422924901188,0.9643083438096369,0.9643083438096369,False
sec,HUMI,3,CALDAS,19,0.4807017543859649,0.037218020763320044,0.17624863206577984,False
sec,HUMI,3,CAQUETA,20,0.4195488721804511,0.065548285182185,0.196644855546555,False
sec,HUMI,3,CASANARE,20,0.42556390977443603,0.06138492007540436,0.196644855546555,False
sec,HUMI,3,CAUCA,20,0.38345864661654133,0.09512441358281763,0.23194563072128244,False
sec,HUMI,3,CESAR,21,0.5670672595278577,0.0073464146174092556,0.06764690380973634,False
sec,HUMI,3,CHOCO,20,0.4489105787601749,0.04709423389366486,0.19426371481136753,False
sec,HUMI,3,CORDOBA,21,0.25674370343788383,0.26123987167724166,0.45373240870257764,False
sec,HUMI,3,CUNDINAMARCA,22,0.12669691364386104,0.5742214619659571,0.7213508168810093,False
sec,HUMI,3,GUAINIA,15,0.04843098022505682,0.8639101581919328,0.9304891348198949,False
sec,HUMI,3,GUAVIARE,5,0.8999999999999998,0.03738607346849875,0.17624863206577984,False
sec,HUMI,3,HUILA,21,0.06115815197217527,0.7922833372519944,0.9015637975626143,False
sec,HUMI,3,LA GUAJIRA,20,-0.029334338291104642,0.9022924943708072,0.9304891348198949,False
sec,HUMI,3,MAGDALENA,20,0.2889492321250446,0.21661445828713907,0.4204868896162111,False
sec,HUMI,3,META,19,0.15989705009050692,0.5131852819969538,0.677404572235979,False
sec,HUMI,3,NARINO,20,-0.18695828010457044,0.4299580203182356,0.5911922779375739,False
sec,HUMI,3,NORTE DE SANTANDER,20,-0.2738598758813254,0.24265191944709064,0.4448618523196662,False
sec,HUMI,3,PUTUMAYO,19,0.24358995006573705,0.31492388689278855,0.5196244133731012,False
sec,HUMI,3,QUINDIO,20,-0.03653849808838024,0.8784503667952888,0.9304891348198949,False
sec,HUMI,3,RISARALDA,25,-0.5165597780832203,0.008199624704210465,0.06764690380973634,False
sec,HUMI,3,SAN ANDRES PROVIDENCIA,13,0.5419537451625185,0.05572229487253864,0.196644855546555,False
sec,HUMI,3,SANTANDER,21,0.11791593500327742,0.6107152321969753,0.7213508168810093,False
sec,HUMI,3,SUCRE,21,-0.38653714508380904,0.08347216492683006,0.22954845354878264,False
sec,HUMI,3,TOLIMA,21,0.18193636069437,0.4299331661025466,0.5911922779375739,False
sec,HUMI,3,VALLE DEL CAUCA,23,-0.33667347116644547,0.11621792168297101,0.2511006360896199,False
sec,HUMI,3,VAUPES,6,-0.26482044885142486,0.6120552385657049,0.7213508168810093,False
sec,HUMI,3,VICHADA,3,0.8660254037844387,0.3333333333333332,0.5238095238095236,False
sec,HUMI,4,AMAZONAS,16,0.6941176470588235,0.002853705903456908,0.06354301687886045,False
sec,HUMI,4,ANTIOQUIA,20,0.33684210526315783,0.1464329432946607,0.4392988298839821,False
sec,HUMI,4,ARAUCA,9,-0.7333333333333334,0.02455415007146968,0.18880175013551972,False
sec,HUMI,4,ATLANTICO,18,0.4447884416924664,0.0643852241036506,0.30353034220292424,False
sec,HUMI,4,BOGOTA,20,0.27669172932330827,0.23761884061099173,0.6031862877048252,False
sec,HUMI,4,BOLIVAR,19,0.0912280701754386,0.7103145534384594,0.8371564379810413,False
sec,HUMI,4,BOYACA,22,0.0852625635234331,0.7059795704811164,0.8371564379810413,False
sec,HUMI,4,CALDAS,18,0.40763673890608876,0.09312305169960118,0.3841325882608549,False
sec,HUMI,4,CAQUETA,19,0.5263157894736842,0.02061890542544584,0.18880175013551972,False
sec,HUMI,4,CASANARE,19,0.5017543859649122,0.028606325778109048,0.18880175013551972,False
sec,HUMI,4,CAUCA,19,0.27017543859649124,0.26327626992868586,0.6118299381830421,False
sec,HUMI,4,CESAR,20,0.4625799499751117,0.040005328859921106,0.22002930872956608,False
sec,HUMI,4,CHOCO,19,0.0712717854023238,0.7718588584512575,0.8435845450755138,False
sec,HUMI,4,CORDOBA,20,-0.05494922584275721,0.8180213770429225,0.8435845450755138,False
sec,HUMI,4,CUNDINAMARCA,21,-0.13774033235093514,0.5515733303589403,0.758413329243543,False
sec,HUMI,4,GUAINIA,14,0.03778010995531358,0.8979709395848123,0.8979709395848123,False
sec,HUMI,4,GUAVIARE,4,-0.19999999999999998,0.8,0.8435845450755138,False
sec,HUMI,4,HUILA,20,-0.2370203831245047,0.3143349771386964,0.6118299381830421,False
sec,HUMI,4,LA GUAJIRA,19,0.1248354663340589,0.6106098055769232,0.8060049433615387,False
sec,HUMI,4,MAGDALENA,20,0.20655933190475856,0.38224935368452084,0.6207760814137108,False
sec,HUMI,4,META,19,-0.20705046722691853,0.39503932453599777,0.6207760814137108,False
sec,HUMI,4,NARINO,19,-0.34945808099334125,0.1424996672188911,0.4392988298839821,False
sec,HUMI,4,NORTE DE SANTANDER,19,0.3311377489779151,0.16609935175195487,0.45677321731787585,False
sec,HUMI,4,PUTUMAYO,18,-0.21369717457841036,0.39451880592367106,0.6207760814137108,False
sec,HUMI,4,QUINDIO,19,-0.06841844060899396,0.780775576349272,0.8435845450755138,False
sec,HUMI,4,RISARALDA,24,-0.3318778503244605,0.11311345307687364,0.41474932794853664,False
sec,HUMI,4,SAN ANDRES PROVIDENCIA,12,-0.3058001207686486,0.33372542082711387,0.6118299381830421,False
sec,HUMI,4,SANTANDER,20,-0.1115300514023408,0.6396939710004057,0.8119192708851303,False
sec,HUMI,4,SUCRE,20,-0.15575625176753166,0.5119963081868837,0.7550184951877721,False
sec,HUMI,4,TOLIMA,20,0.15060258043015337,0.5262250117975381,0.7550184951877721,False
sec,HUMI,4,VALLE DEL CAUCA,22,-0.5899728327086794,0.0038510919320521486,0.06354301687886045,False
sec,HUMI,4,VAUPES,6,-0.4928053803045812,0.3206325828658273,0.6118299381830421,False
sec,HUMI,4,VICHADA,3,-0.8660254037844387,0.3333333333333332,0.6118299381830421,False
sec,HUMI,5,AMAZONAS,17,0.34558823529411764,0.17425156925856997,0.7187877231916011,False
sec,HUMI,5,ANTIOQUIA,20,0.3443609022556391,0.13707258150434384,0.6461993128061925,False
sec,HUMI,5,ARAUCA,9,0.3,0.4328453267094823,0.8402291636125244,False
sec,HUMI,5,ATLANTICO,17,0.4058860358237855,0.1059822960060528,0.6461993128061925,False
sec,HUMI,5,BOGOTA,20,0.47067669172932325,0.03621455166600094,0.5975401024890155,False
sec,HUMI,5,BOLIVAR,19,-0.023694605177036258,0.9232953569623656,0.989912396489255,False
sec,HUMI,5,BOYACA,22,-0.38565782044042923,0.07629273219603608,0.6294150406172977,False
sec,HUMI,5,CALDAS,19,0.06140350877192983,0.8028068323384662,0.989912396489255,False
sec,HUMI,5,CAQUETA,19,0.5157894736842105,0.023791808770112645,0.5975401024890155,False
sec,HUMI,5,CASANARE,19,0.4431768746075299,0.05737986258575148,0.6294150406172977,False
sec,HUMI,5,CAUCA,18,0.2982456140350877,0.229322411766133,0.7690891414174608,False
sec,HUMI,5,CESAR,20,-0.03915667091183988,0.8698093762955916,0.989912396489255,False
sec,HUMI,5,CHOCO,19,-0.22747784750445046,0.3489657103284798,0.7690891414174608,False
sec,HUMI,5,CORDOBA,20,0.006772010946414421,0.9773946060762593,0.989912396489255,False
sec,HUMI,5,CUNDINAMARCA,21,-0.07552097737830366,0.7449131712771839,0.989912396489255,False
sec,HUMI,5,GUAINIA,15,0.0035746216239853886,0.9899123964892551,0.989912396489255,False
sec,HUMI,5,GUAVIARE,5,-0.6,0.28475697986529375,0.7690891414174608,False
sec,HUMI,5,HUILA,20,0.12057302854307114,0.6126089538391404,0.962671213175792,False
sec,HUMI,5,LA GUAJIRA,20,-0.1596385994765835,0.5014002422064745,0.8708530522533505,False
sec,HUMI,5,MAGDALENA,20,-0.005305207760646087,0.9822900498351327,0.989912396489255,False
sec,HUMI,5,META,18,-0.3737078062930348,0.126597860859608,0.6461993128061925,False
sec,HUMI,5,NARINO,20,-0.06756363022246015,0.7771603797757007,0.989912396489255,False
sec,HUMI,5,NORTE DE SANTANDER,19,0.21704778686740292,0.3720884470032836,0.7690891414174608,False
sec,HUMI,5,PUTUMAYO,17,0.04888327402889921,0.8522023273208138,0.989912396489255,False
sec,HUMI,5,QUINDIO,20,-0.21055998362890974,0.37289170492967794,0.7690891414174608,False
sec,HUMI,5,RISARALDA,24,-0.058283154329485325,0.7867639169734734,0.989912396489255,False
sec,HUMI,5,SAN ANDRES PROVIDENCIA,13,-0.11294808698670127,0.7133315647344711,0.989912396489255,False
sec,HUMI,5,SANTANDER,20,-0.16472359194235686,0.487684327726293,0.8708530522533505,False
sec,HUMI,5,SUCRE,20,0.25387450041433557,0.28010837556538076,0.7690891414174608,False
sec,HUMI,5,TOLIMA,20,0.13112298238379497,0.5816128964930836,0.9596612792135879,False
sec,HUMI,5,VALLE DEL CAUCA,22,-0.25887404582505896,0.2447019682824387,0.7690891414174608,False
sec,HUMI,5,VAUPES,6,-0.028571428571428574,0.9571545189504373,0.989912396489255,False
sec,HUMI,5,VICHADA,3,-0.8660254037844387,0.3333333333333332,0.7690891414174608,False
sec,HUMI,6,AMAZONAS,17,0.23789090921394077,0.3578678750914639,0.71125872406877,False
sec,HUMI,6,ANTIOQUIA,20,0.3413533834586466,0.1407646971603081,0.5161372229211296,False
sec,HUMI,6,ARAUCA,9,0.21666666666666667,0.5755148957119259,0.71125872406877,False
sec,HUMI,6,ATLANTICO,18,-0.01652892561983471,0.9480977221247233,1.0,False
sec,HUMI,6,BOGOTA,20,0.12481203007518797,0.6000744184144979,0.71125872406877,False
sec,HUMI,6,BOLIVAR,19,0.15114258842588382,0.5368035450388517,0.71125872406877,False
sec,HUMI,6,BOYACA,22,-0.46019198193111244,0.031155633253642293,0.3450642650518927,False
sec,HUMI,6,CALDAS,19,0.2719298245614035,0.26006738252691075,0.71125872406877,False
sec,HUMI,6,CAQUETA,19,0.14035087719298248,0.5665827574598226,0.71125872406877,False
sec,HUMI,6,CASANARE,19,0.18604652953821058,0.4457030980928043,0.71125872406877,False
sec,HUMI,6,CAUCA,18,0.07120743034055728,0.7788829476841138,0.886315078399164,False
sec,HUMI,6,CESAR,20,0.2133182844243792,0.3665162241454941,0.71125872406877,False
sec,HUMI,6,CHOCO,19,-0.03173241344620041,0.8973894291052557,0.9871283720157813,False
sec,HUMI,6,CORDOBA,20,0.009025950243416814,0.9698736769157733,1.0,False
sec,HUMI,6,CUNDINAMARCA,21,0.23357233822342024,0.308200499339038,0.71125872406877,False
sec,HUMI,6,GUAINIA,19,-0.18799612196811297,0.44086407902597113,0.71125872406877,False
sec,HUMI,6,GUAVIARE,4,-0.39999999999999997,0.6,0.71125872406877,False
sec,HUMI,6,HUILA,20,-0.18983084510094198,0.4227757618024065,0.71125872406877,False
sec,HUMI,6,LA GUAJIRA,19,0.35454149968602394,0.13638908796178612,0.5161372229211296,False
sec,HUMI,6,MAGDALENA,20,-0.14549617174313284,0.5405026952274264,0.71125872406877,False
sec,HUMI,6,META,19,-0.4349394663576607,0.0627389572821623,0.3450642650518927,False
sec,HUMI,6,NARINO,20,-0.380103634027372,0.09830054946321973,0.46341687604089304,False
sec,HUMI,6,NORTE DE SANTANDER,19,0.43818949543650926,0.06058148041630659,0.3450642650518927,False
sec,HUMI,6,PUTUMAYO,17,0.13572181712207526,0.6034922507250169,0.71125872406877,False
sec,HUMI,6,QUINDIO,20,0.22711055161873858,0.33558070259029504,0.71125872406877,False
sec,HUMI,6,RISARALDA,24,-0.3983412577857305,0.05386185841256996,0.3450642650518927,False
sec,HUMI,6,SAN ANDRES PROVIDENCIA,12,-0.18563951410966179,0.5635041357745856,0.71125872406877,False
sec,HUMI,6,SANTANDER,20,-0.4608438961162694,0.04085671431829468,0.3450642650518927,False
sec,HUMI,6,SUCRE,20,0.2091767631340457,0.37611232359699387,0.71125872406877,False
sec,HUMI,6,TOLIMA,20,0.29766466421570686,0.20244662089973503,0.6680738489691256,False
sec,HUMI,6,VALLE DEL CAUCA,22,-0.4585316830571217,0.03184881291825704,0.3450642650518927,False
sec,HUMI,6,VAUPES,6,0.5373732906238788,0.27152872099918024,0.71125872406877,False
sec,HUMI,6,VICHADA,3,0.0,1.0,1.0,False
sec,HUMI,7,AMAZONAS,17,0.31637038441853976,0.21602990953723636,0.5476771001680295,False
sec,HUMI,7,ANTIOQUIA,20,0.3789473684210526,0.09941288322147498,0.4671887345333326,False
sec,HUMI,7,ARAUCA,9,0.11666666666666665,0.7650079429261462,0.8835073130220688,False
sec,HUMI,7,ATLANTICO,18,0.06518373085722064,0.7972019567656649,0.8835073130220688,False
sec,HUMI,7,BOGOTA,19,0.4,0.08971874672115318,0.4671887345333326,False
sec,HUMI,7,BOLIVAR,19,-0.09565599867766487,0.6968741462009181,0.8835073130220688,False
sec,HUMI,7,BOYACA,21,-0.21688311688311687,0.345000326982445,0.629952993701339,False
sec,HUMI,7,CALDAS,20,0.2796992481203007,0.23234786067734586,0.5476771001680295,False
sec,HUMI,7,CAQUETA,20,0.23759398496240602,0.3131305637442674,0.629952993701339,False
sec,HUMI,7,CASANARE,19,0.2220272262885249,0.36094387145235796,0.629952993701339,False
sec,HUMI,7,CAUCA,18,0.2280701754385965,0.3627002084947103,0.629952993701339,False
sec,HUMI,7,CESAR,20,0.36528561970039247,0.11325787503838367,0.4671887345333326,False
sec,HUMI,7,CHOCO,20,0.00453521087375234,0.9848601628777358,0.9848601628777358,False
sec,HUMI,7,CORDOBA,20,-0.42255639097744363,0.06344083999820868,0.4671887345333326,False
sec,HUMI,7,CUNDINAMARCA,21,-0.06963888163661316,0.7642163867565498,0.8835073130220688,False
sec,HUMI,7,GUAINIA,19,-0.06656786878755254,0.7865727328971595,0.8835073130220688,False
sec,HUMI,7,GUAVIARE,5,-0.7181848464596079,0.1717953049079889,0.4981743915039645,False
sec,HUMI,7,HUILA,20,0.40572099629104297,0.0759219539484396,0.4671887345333326,False
sec,HUMI,7,LA GUAJIRA,20,0.21519945896383602,0.3622039888449964,0.629952993701339,False
sec,HUMI,7,MAGDALENA,20,0.31193673780480063,0.18060469811453825,0.4981743915039645,False
sec,HUMI,7,META,19,-0.3203665272456669,0.1811543241832598,0.4981743915039645,False
sec,HUMI,7,NARINO,20,-0.09882694484711672,0.67848830856112,0.8835073130220688,False
sec,HUMI,7,NORTE DE SANTANDER,19,0.07729475307707302,0.7531279090763886,0.8835073130220688,False
sec,HUMI,7,PUTUMAYO,17,-0.0347639716942209,0.8946230184693391,0.922579987796506,False
sec,HUMI,7,QUINDIO,20,0.46111937737209907,0.04072068697528655,0.4671887345333326,False
sec,HUMI,7,RISARALDA,24,-0.5206057657814195,0.009102331316097027,0.30037693343120186,False
sec,HUMI,7,SAN ANDRES PROVIDENCIA,14,0.38809473594581456,0.17031163702991017,0.4981743915039645,False
sec,HUMI,7,SANTANDER,20,-0.10169509558979034,0.6696565832673751,0.8835073130220688,False
sec,HUMI,7,SUCRE,20,0.04530050381801743,0.8495896593993679,0.9044018954896497,False
sec,HUMI,7,TOLIMA,20,0.059510463345136586,0.8031884663836989,0.8835073130220688,False
sec,HUMI,7,VALLE DEL CAUCA,22,-0.4148042328619776,0.05491596541889411,0.4671887345333326,False
sec,HUMI,7,VAUPES,5,-0.22941573387056177,0.7104817254267773,0.8835073130220688,False
sec,HUMI,7,VICHADA,3,-0.5,0.6666666666666667,0.8835073130220688,False
sec,HUMI,8,AMAZONAS,18,0.061951479603307456,0.8070741101364698,0.9430232422419379,False
sec,HUMI,8,ANTIOQUIA,20,0.5022556390977443,0.024024689465215552,0.15856295047042263,False
sec,HUMI,8,ARAUCA,10,0.07878787878787878,0.8287173946974606,0.9430232422419379,False
sec,HUMI,8,ATLANTICO,18,0.13554077368723658,0.591784017425254,0.9341807580174927,False
sec,HUMI,8,BOGOTA,20,0.12330827067669171,0.6045088306268851,0.9341807580174927,False
sec,HUMI,8,BOLIVAR,19,0.06318561380543002,0.797195713989225,0.9430232422419379,False
sec,HUMI,8,BOYACA,20,0.003007518796992481,0.9899597295184989,1.0,False
sec,HUMI,8,CALDAS,21,0.2155844155844156,0.34796751366229983,0.9341807580174927,False
sec,HUMI,8,CAQUETA,19,0.1842105263157895,0.45028518879802637,0.9341807580174927,False
sec,HUMI,8,CASANARE,18,0.5472380698292159,0.018748325328602482,0.15467368396097048,False
sec,HUMI,8,CAUCA,18,0.16615067079463364,0.509950460343896,0.9341807580174927,False
sec,HUMI,8,CESAR,20,0.19728938036350094,0.40443050284577287,0.9341807580174927,False
sec,HUMI,8,CHOCO,20,-0.1676113864033165,0.47997830381403117,0.9341807580174927,False
sec,HUMI,8,CORDOBA,20,-0.060150375939849614,0.8011125555760907,0.9430232422419379,False
sec,HUMI,8,CUNDINAMARCA,21,-0.03644651749205923,0.8753683331772844,0.9629051664950128,False
sec,HUMI,8,GUAINIA,18,-0.029447967215900442,0.9076587732756932,0.9662174038096089,False
sec,HUMI,8,GUAVIARE,6,0.2571428571428572,0.6227871720116618,0.9341807580174927,False
sec,HUMI,8,HUILA,20,0.08649868983274446,0.7168987350782561,0.9430232422419379,False
sec,HUMI,8,LA GUAJIRA,20,0.17826251730748208,0.4520894732640316,0.9341807580174927,False
sec,HUMI,8,MAGDALENA,20,0.05183414676377904,0.8281860992830057,0.9430232422419379,False
sec,HUMI,8,META,20,-0.2529216704405339,0.28197900579063245,0.9341807580174927,False
sec,HUMI,8,NARINO,20,-0.1488863164094852,0.5310040161227028,0.9341807580174927,False
sec,HUMI,8,NORTE DE SANTANDER,19,0.28395672975986636,0.23873394434580325,0.9341807580174927,False
sec,HUMI,8,PUTUMAYO,17,-0.16545563033895141,0.5256719683357476,0.9341807580174927,False
sec,HUMI,8,QUINDIO,20,0.2805412357719364,0.2308858884640615,0.9341807580174927,False
sec,HUMI,8,RISARALDA,24,-0.06617127157659457,0.7586888527933673,0.9430232422419379,False
sec,HUMI,8,SAN ANDRES PROVIDENCIA,14,-0.24835164835164836,0.39191953893845743,0.9341807580174927,False
sec,HUMI,8,SANTANDER,20,0.0,1.0,1.0,False
sec,HUMI,8,SUCRE,20,0.5330898578966223,0.015507665158967612,0.15467368396097048,False
sec,HUMI,8,TOLIMA,20,-0.2355154918030793,0.3175080612891021,0.9341807580174927,False
sec,HUMI,8,VALLE DEL CAUCA,22,-0.5024145238123363,0.01717688105742273,0.15467368396097048,False
sec,HUMI,8,VAUPES,4,-0.39999999999999997,0.6,0.9341807580174927,False
sec,HUMI,8,VICHADA,3,-1.0,0.0,0.0,True
sec,HUMI,9,AMAZONAS,18,0.1528136496881584,0.5449387510900562,0.9220562754329853,False
sec,HUMI,9,ANTIOQUIA,20,0.25112781954887214,0.2855217106335982,0.9220562754329853,False
sec,HUMI,9,ARAUCA,10,0.18787878787878787,0.603217610029209,0.9220562754329853,False
sec,HUMI,9,ATLANTICO,18,0.5783762785585134,0.011921826603581024,0.2764828260265031,False
sec,HUMI,9,BOGOTA,20,-0.015037593984962403,0.9498276950483329,0.9628166223153186,False
sec,HUMI,9,BOLIVAR,18,0.2182010871720671,0.38438846976869145,0.9220562754329853,False
sec,HUMI,9,BOYACA,21,-0.14155844155844155,0.5404880300232261,0.9220562754329853,False
sec,HUMI,9,CALDAS,22,0.15362892451083685,0.4948651534023517,0.9220562754329853,False
sec,HUMI,9,CAQUETA,19,0.10526315789473684,0.6680128800865883,0.9220562754329853,False
sec,HUMI,9,CASANARE,18,0.44685242518059853,0.06301029106386723,0.6066908072063277,False
sec,HUMI,9,CAUCA,20,-0.08270676691729321,0.7288508763559796,0.9220562754329853,False
sec,HUMI,9,CESAR,20,0.22498118886380736,0.34025345076683755,0.9220562754329853,False
sec,HUMI,9,CHOCO,20,-0.11622724263194306,0.6255676476834368,0.9220562754329853,False
sec,HUMI,9,CORDOBA,20,-0.2881866064710308,0.21788440376559057,0.9220562754329853,False
sec,HUMI,9,CUNDINAMARCA,21,0.10529741761249918,0.6496468887750594,0.9220562754329853,False
sec,HUMI,9,GUAINIA,16,0.053737329062387894,0.8433152049541823,0.9557350414018029,False
sec,HUMI,9,GUAVIARE,9,-0.018257418583505537,0.9628166223153186,0.9628166223153186,False
sec,HUMI,9,HUILA,20,0.21218967632098518,0.3691173180385293,0.9220562754329853,False
sec,HUMI,9,LA GUAJIRA,20,0.03760812601423672,0.8749185237110242,0.9557350414018029,False
sec,HUMI,9,MAGDALENA,20,0.15000430459300163,0.5278886510356855,0.9220562754329853,False
sec,HUMI,9,META,20,-0.4087670019993163,0.07353827966137305,0.6066908072063277,False
sec,HUMI,9,NARINO,20,-0.08753421858158798,0.7136456009660795,0.9220562754329853,False
sec,HUMI,9,NORTE DE SANTANDER,20,0.24349877447166793,0.30089385690780857,0.9220562754329853,False
sec,HUMI,9,PUTUMAYO,18,0.032603106560461205,0.8978117055592694,0.9557350414018029,False
sec,HUMI,9,QUINDIO,20,0.3703498236807353,0.10797301734200579,0.7126219144572382,False
sec,HUMI,9,RISARALDA,24,-0.06738189910153439,0.7544051532496867,0.9220562754329853,False
sec,HUMI,9,SAN ANDRES PROVIDENCIA,12,-0.24648498532139956,0.43994311321635415,0.9220562754329853,False
sec,HUMI,9,SANTANDER,20,0.19126527714629485,0.41921345580194946,0.9220562754329853,False
sec,HUMI,9,SUCRE,20,0.2320154773455958,0.32496175049870646,0.9220562754329853,False
sec,HUMI,9,TOLIMA,20,0.0746606334841629,0.7544096798997152,0.9220562754329853,False
sec,HUMI,9,VALLE DEL CAUCA,23,-0.4933144896930841,0.016756534910697157,0.2764828260265031,False
sec,HUMI,9,VAUPES,4,0.19999999999999998,0.8,0.942857142857143,False
sec,HUMI,9,VICHADA,4,-0.39999999999999997,0.6,0.9220562754329853,False
sec,HUMI,10,AMAZONAS,16,0.10294117647058824,0.7044103818167706,0.974229537126503,False
sec,HUMI,10,ANTIOQUIA,20,0.5172932330827067,0.019500547061355036,0.24988094197264402,False
sec,HUMI,10,ARAUCA,10,0.29696969696969694,0.4047016712701569,0.7855973618773634,False
sec,HUMI,10,ATLANTICO,18,0.08156944814435482,0.7476332230802094,0.974229537126503,False
sec,HUMI,10,BOGOTA,21,0.22727272727272727,0.3218000022115526,0.7079600048654158,False
sec,HUMI,10,BOLIVAR,19,0.24659940943508105,0.30879359682151925,0.7079600048654158,False
sec,HUMI,10,BOYACA,21,0.07272727272727272,0.7540636728389069,0.974229537126503,False
sec,HUMI,10,CALDAS,19,-0.25789473684210523,0.2864302335499624,0.7079600048654158,False
sec,HUMI,10,CAQUETA,20,0.35037593984962395,0.12989410232900506,0.5358131721071459,False
sec,HUMI,10,CASANARE,19,0.45518523723609194,0.05019590536306606,0.24988094197264402,False
sec,HUMI,10,CAUCA,20,-0.0631578947368421,0.7913733978200618,0.974229537126503,False
sec,HUMI,10,CESAR,20,0.4550583247722644,0.04379557126704921,0.24988094197264402,False
sec,HUMI,10,CHOCO,20,-0.052313861346849,0.8266190011982449,0.974229537126503,False
sec,HUMI,10,CORDOBA,20,-0.2512222817751013,0.2853344731629943,0.7079600048654158,False
sec,HUMI,10,CUNDINAMARCA,21,-0.12683485554848764,0.5837876663854189,0.974229537126503,False
sec,HUMI,10,GUAINIA,17,-0.2843196256420209,0.2687215319501066,0.7079600048654158,False
sec,HUMI,10,GUAVIARE,10,-0.43146072564169846,0.21312472676070407,0.7079600048654158,False
sec,HUMI,10,HUILA,20,-0.057293829287451276,0.81038908078027,0.974229537126503,False
sec,HUMI,10,LA GUAJIRA,20,-0.03241624551790006,0.8920819062746471,0.9766592477310165,False
sec,HUMI,10,MAGDALENA,20,0.02427092700121165,0.9190993543212075,0.9766592477310165,False
sec,HUMI,10,META,20,-0.015867156275895973,0.9470635129512888,0.9766592477310165,False
sec,HUMI,10,NARINO,20,0.0030246233072148787,0.9899026307718616,0.9899026307718616,False
sec,HUMI,10,NORTE DE SANTANDER,19,0.09498695433913996,0.6988995211157546,0.974229537126503,False
sec,HUMI,10,PUTUMAYO,19,-0.18601414368656288,0.44578371329621536,0.8172701410430615,False
sec,HUMI,10,QUINDIO,20,0.4677324827176545,0.037559176627320515,0.24988094197264402,False
sec,HUMI,10,RISARALDA,24,-0.6270916830488232,0.0010398277878835925,0.03431431700015855,True
sec,HUMI,10,SAN ANDRES PROVIDENCIA,13,-0.0522696505486693,0.8653362257711976,0.9766592477310165,False
sec,HUMI,10,SANTANDER,20,0.4386758201955119,0.05300504829722752,0.24988094197264402,False
sec,HUMI,10,SUCRE,20,-0.05431943789295878,0.8200742195183617,0.974229537126503,False
sec,HUMI,10,TOLIMA,20,-0.11219882699061764,0.6376752484196395,0.974229537126503,False
sec,HUMI,10,VALLE DEL CAUCA,23,-0.43669655387995193,0.03721045634821776,0.24988094197264402,False
sec,HUMI,10,VAUPES,5,-0.6155870112510925,0.2689977701158222,0.7079600048654158,False
sec,HUMI,10,VICHADA,4,0.632455532033676,0.367544467966324,0.7580604651805433,False
sec,HUMI,11,AMAZONAS,16,-0.06470588235294117,0.8118214513105935,0.9315478292536926,False
sec,HUMI,11,ANTIOQUIA,21,0.2545454545454545,0.2654878493439647,0.5840732685567223,False
sec,HUMI,11,ARAUCA,10,-0.3939393939393939,0.25999776683488757,0.5840732685567223,False
sec,HUMI,11,ATLANTICO,18,-0.04026846174214984,0.8739502105652159,0.9315478292536926,False
sec,HUMI,11,BOGOTA,21,0.37532467532467534,0.09362577329735093,0.523184274705497,False
sec,HUMI,11,BOLIVAR,19,0.31255499315707264,0.19263087370402043,0.5308667864417559,False
sec,HUMI,11,BOYACA,21,-0.31428571428571433,0.16528805484305462,0.5308667864417559,False
sec,HUMI,11,CALDAS,19,-0.31228070175438594,0.19304246779700215,0.5308667864417559,False
sec,HUMI,11,CAQUETA,20,0.2421052631578947,0.30375506301143457,0.62287678137807,False
sec,HUMI,11,CASANARE,18,0.23888365467652842,0.3397509716607655,0.62287678137807,False
sec,HUMI,11,CAUCA,20,-0.38345864661654133,0.09512441358281763,0.523184274705497,False
sec,HUMI,11,CESAR,20,0.27529148242421286,0.24009902290353938,0.5840732685567223,False
sec,HUMI,11,CHOCO,20,-0.05383053005769009,0.8216686302484202,0.9315478292536926,False
sec,HUMI,11,CORDOBA,20,-0.3483823409099863,0.13224309885936505,0.5308667864417559,False
sec,HUMI,11,CUNDINAMARCA,21,-0.49477840417066987,0.02259204822249648,0.3727687956711919,False
sec,HUMI,11,GUAINIA,19,0.11421476259131937,0.6415156556282899,0.8984633087070394,False
sec,HUMI,11,GUAVIARE,10,-0.2650683553724467,0.45921430011338593,0.7975827317758808,False
sec,HUMI,11,HUILA,20,-0.22665688354738087,0.3365730677758798,0.62287678137807,False
sec,HUMI,11,LA GUAJIRA,20,-0.04069339713328651,0.8647441273002405,0.9315478292536926,False
sec,HUMI,11,MAGDALENA,20,0.15460891188168596,0.5151480258372074,0.8499942426313922,False
sec,HUMI,11,META,20,-0.09139014517188467,0.7015743125241379,0.926078092531862,False
sec,HUMI,11,NARINO,20,-0.31359728150802924,0.17817175734887092,0.5308667864417559,False
sec,HUMI,11,NORTE DE SANTANDER,19,0.029890182079985932,0.9033191071550959,0.9315478292536926,False
sec,HUMI,11,PUTUMAYO,18,0.14614742157075097,0.5628197412329945,0.8844310219375628,False
sec,HUMI,11,QUINDIO,20,0.07721393850266467,0.7462709669656161,0.9315478292536926,False
sec,HUMI,11,RISARALDA,24,-0.6189142121447384,0.0012625797206698053,0.04166513078210358,True
sec,HUMI,11,SAN ANDRES PROVIDENCIA,13,-0.01100413695761459,0.9715385747062459,0.9715385747062459,False
sec,HUMI,11,SANTANDER,20,0.44356616897274065,0.05011401045109358,0.5181159510098557,False
sec,HUMI,11,SUCRE,20,-0.036925489991315535,0.8771722855254596,0.9315478292536926,False
sec,HUMI,11,TOLIMA,20,-0.32279918844575406,0.1650934393526702,0.5308667864417559,False
sec,HUMI,11,VALLE DEL CAUCA,23,-0.3940668574520026,0.06280193345574009,0.5181159510098557,False
sec,HUMI,11,VAUPES,6,0.23539595453459985,0.6534278608778468,0.8984633087070394,False
sec,HUMI,11,VICHADA,4,-0.39999999999999997,0.6,0.8984633087070394,False
sec,HUMI,12,AMAZONAS,16,-0.1176470588235294,0.6643410791623536,0.8848770724159927,False
sec,HUMI,12,ANTIOQUIA,21,-0.0987012987012987,0.6703614184969642,0.8848770724159927,False
sec,HUMI,12,ARAUCA,10,-0.7212121212121211,0.018573155089460208,0.23848310737640963,False
sec,HUMI,12,ATLANTICO,19,0.06845108162254918,0.7806734224918902,0.8883525152493923,False
sec,HUMI,12,BOGOTA,21,0.4246753246753247,0.05499601800989416,0.3304717367319949,False
sec,HUMI,12,BOLIVAR,19,0.4064970837969794,0.0841535375098901,0.3304717367319949,False
sec,HUMI,12,BOYACA,21,0.0025974025974025974,0.9910846979963881,0.991084697996388,False
sec,HUMI,12,CALDAS,20,-0.26476120714022655,0.25928350562957697,0.5704237123850694,False
sec,HUMI,12,CAQUETA,20,0.19999999999999998,0.39787297935196153,0.7723416658008665,False
sec,HUMI,12,CASANARE,18,0.40268461742149847,0.09755811250405273,0.3304717367319949,False
sec,HUMI,12,CAUCA,20,-0.5593984962406015,0.010333258461010715,0.23848310737640963,False
sec,HUMI,12,CESAR,20,0.07747273958932765,0.7454474593240564,0.8883525152493923,False
sec,HUMI,12,CHOCO,20,-0.1744725432148335,0.4619158479522669,0.8022748938118319,False
sec,HUMI,12,CORDOBA,20,-0.35426854705410993,0.125393129011313,0.3304717367319949,False
sec,HUMI,12,CUNDINAMARCA,21,0.07238390213821146,0.7551905681974093,0.8883525152493923,False
sec,HUMI,12,GUAINIA,17,-0.39953447390926716,0.11209369737922671,0.3304717367319949,False
sec,HUMI,12,GUAVIARE,8,0.3132757502627219,0.44990820732344394,0.8022748938118319,False
sec,HUMI,12,HUILA,20,-0.04898279284562265,0.837513416917641,0.8915465405897469,False
sec,HUMI,12,LA GUAJIRA,20,-0.049755167539102425,0.8349847185068618,0.8915465405897469,False
sec,HUMI,12,MAGDALENA,20,-0.1546680018558983,0.5149854824220176,0.8092629009488848,False
sec,HUMI,12,META,20,0.11090511324380017,0.6415825752340321,0.8848770724159927,False
sec,HUMI,12,NARINO,20,-0.07860958075772224,0.7418331777001496,0.8883525152493923,False
sec,HUMI,12,NORTE DE SANTANDER,20,0.3702733139552044,0.10805150917900155,0.3304717367319949,False
sec,HUMI,12,PUTUMAYO,18,-0.41188255167037136,0.08943832693797457,0.3304717367319949,False
sec,HUMI,12,QUINDIO,20,0.3147734956542616,0.17646197387027615,0.4159460812656509,False
sec,HUMI,12,RISARALDA,24,-0.46614353235746264,0.02168028248876451,0.23848310737640963,False
sec,HUMI,12,SAN ANDRES PROVIDENCIA,12,-0.46234746910330854,0.13018583568230102,0.3304717367319949,False
sec,HUMI,12,SANTANDER,20,0.1622130336942417,0.4944329066930835,0.8092629009488848,False
sec,HUMI,12,SUCRE,20,-0.027088043785657684,0.9097440430963595,0.9381735444431207,False
sec,HUMI,12,TOLIMA,20,0.24406822941549686,0.29972937053060794,0.6181918267193789,False
sec,HUMI,12,VALLE DEL CAUCA,23,-0.4245427735260549,0.04347046555061995,0.3304717367319949,False
sec,HUMI,12,VAUPES,6,-0.7650368522374495,0.0763256359782481,0.3304717367319949,False
sec,HUMI,12,VICHADA,3,-0.5,0.6666666666666667,0.8848770724159927,False
avg,RAIN,1,AMAZONAS,16,0.7751801097077742,0.00041941481270622833,0.0009586624290428076,True
avg,RAIN,1,ANTIOQUIA,21,0.8675324675324675,3.540621138626703e-07,3.776662547868483e-06,True
avg,RAIN,1,ARAUCA,10,0.4684388785843302,0.17208901061861342,0.21180185922290884,False
avg,RAIN,1,ATLANTICO,19,0.7870121610601153,6.387040976142566e-05,0.00018580482839687464,True
avg,RAIN,1,BOGOTA,21,0.8045539091208156,1.0987333359155174e-05,5.0227809641852225e-05,True
avg,RAIN,1,BOLIVAR,19,0.3595613079621838,0.13053755277901927,0.16708806755714467,False
avg,RAIN,1,BOYACA,22,0.7267080745341615,0.0001278933149472678,0.0003148143137163515,True
avg,RAIN,1,CALDAS,19,0.5243746316705976,0.02117730234359313,0.03227017499976096,True
avg,RAIN,1,CAQUETA,20,0.4176234983763101,0.06692484075221723,0.09311282191612832,False
avg,RAIN,1,CASANARE,20,0.46732903679295806,0.037746411588687453,0.05490387140172721,False
avg,RAIN,1,CAUCA,21,0.6757945005397837,0.0007724875861134709,0.0016479735170420713,True
avg,RAIN,1,CESAR,21,0.25950066821219536,0.25597357012850347,0.2840160812974108,False
avg,RAIN,1,CHOCO,21,0.8272727272727272,3.7338564670140105e-06,2.9870851736112084e-05,True
avg,RAIN,1,CORDOBA,21,0.8179572595773004,5.916661405915654e-06,3.786663299786018e-05,True
avg,RAIN,1,CUNDINAMARCA,22,0.7933370976849238,1.0587514645181699e-05,5.0227809641852225e-05,True
avg,RAIN,1,GUAINIA,17,0.3047894232912094,0.2342337010196047,0.2776103123195315,False
avg,RAIN,1,GUAVIARE,6,0.47766514722122566,0.33799527279054725,0.3488983461063714,False
avg,RAIN,1,HUILA,20,0.9263157894736842,4.6441397916991325e-09,1.4861247333437224e-07,True
avg,RAIN,1,LA GUAJIRA,20,0.798507762833453,2.4372132215237202e-05,8.691819033361665e-05,True
avg,RAIN,1,MAGDALENA,20,0.7615282141187232,9.592073552098655e-05,0.0002557886280559641,True
avg,RAIN,1,META,19,-0.4105663912283142,0.08079966703897466,0.10773288938529955,False
avg,RAIN,1,NARINO,20,0.5190800168073667,0.019011605608724322,0.030418568973958914,True
avg,RAIN,1,NORTE DE SANTANDER,20,0.6854779969092819,0.0008505238078984817,0.0017010476157969634,True
avg,RAIN,1,PUTUMAYO,18,-0.28172568462045344,0.2573895736757785,0.2840160812974108,False
avg,RAIN,1,QUINDIO,20,0.5996777154756844,0.0051932839110466165,0.00923250473074954,True
avg,RAIN,1,RISARALDA,25,-0.0520085631983145,0.804988399194755,0.804988399194755,False
avg,RAIN,1,SAN ANDRES PROVIDENCIA,13,0.9023392305243964,2.4445741031329683e-05,8.691819033361665e-05,True
avg,RAIN,1,SANTANDER,20,0.7954816366134713,2.7541975865753873e-05,8.813432277041239e-05,True
avg,RAIN,1,SUCRE,21,0.898169610842365,3.293646549446911e-08,5.269834479115058e-07,True
avg,RAIN,1,TOLIMA,20,0.6451127819548872,0.0021306929704406788,0.0040107161796530425,True
avg,RAIN,1,VALLE DEL CAUCA,23,0.527936836042151,0.00961823305557227,0.016199129356753297,True
avg,RAIN,1,VAUPES,6,0.5217939320872036,0.28834323380039373,0.30756611605375334,False
avg,RAIN,1,VICHADA,3,,,,False
avg,RAIN,2,AMAZONAS,17,0.40329809613852513,0.10844311964694002,0.21050723225582477,False
avg,RAIN,2,ANTIOQUIA,21,0.7398506398650972,0.00012629750473666247,0.0013892725521032871,True
avg,RAIN,2,ARAUCA,10,0.4000170425092332,0.25204990424304674,0.3780748563645701,False
avg,RAIN,2,ATLANTICO,19,0.6934291237318213,0.0009936735035365328,0.005465204269450931,True
avg,RAIN,2,BOGOTA,21,0.026024773061105323,0.9108422484851884,0.9155589431481592,False
avg,RAIN,2,BOLIVAR,20,0.4695006691492532,0.03674707490810074,0.08661810514052316,False
avg,RAIN,2,BOYACA,22,0.4901077185456553,0.02058383565068612,0.05660554803938683,False
avg,RAIN,2,CALDAS,19,0.19514670214895768,0.4233523692749199,0.5373318533104753,False
avg,RAIN,2,CAQUETA,20,0.46242311002031433,0.040081675998233396,0.08817968719611348,False
avg,RAIN,2,CASANARE,19,0.3624280373459359,0.12727635290487663,0.22254402802198078,False
avg,RAIN,2,CAUCA,20,0.635717070246178,0.0025908419586205622,0.01211586069866068,True
avg,RAIN,2,CESAR,21,0.28291922883270065,0.21398146793181053,0.33625659246427364,False
avg,RAIN,2,CHOCO,20,0.7563909774436091,0.00011384195119063901,0.0013892725521032871,True
avg,RAIN,2,CORDOBA,21,0.6161625993256626,0.002937178351190468,0.01211586069866068,True
avg,RAIN,2,CUNDINAMARCA,22,0.4586275246426452,0.03180847017998149,0.08074457814918379,False
avg,RAIN,2,GUAINIA,16,-0.138051640972392,0.610145724646216,0.7278077133949253,False
avg,RAIN,2,GUAVIARE,5,-0.5789473684210528,0.3064088215209266,0.406210822742946,False
avg,RAIN,2,HUILA,20,0.5911997409438012,0.006046326629034194,0.022169864306458714,True
avg,RAIN,2,LA GUAJIRA,20,0.4024379029861532,0.07855511598884764,0.16201992672699825,False
avg,RAIN,2,MAGDALENA,20,0.7238132197323897,0.0003089262039571542,0.002548641182646522,True
avg,RAIN,2,META,19,-0.026092216564746668,0.9155589431481592,0.9155589431481592,False
avg,RAIN,2,NARINO,20,-0.07021578091792702,0.7686369182203284,0.8455006100423612,False
avg,RAIN,2,NORTE DE SANTANDER,20,0.5229497341953357,0.017986199788675196,0.05395859936602559,False
avg,RAIN,2,PUTUMAYO,19,-0.052468472830256824,0.8310739106401265,0.8846915822943281,False
avg,RAIN,2,QUINDIO,20,0.2922654984412192,0.21114877496546028,0.33625659246427364,False
avg,RAIN,2,RISARALDA,25,0.21253536419101554,0.3077354717749591,0.406210822742946,False
avg,RAIN,2,SAN ANDRES PROVIDENCIA,13,0.6464930462598572,0.0169537973656893,0.05395859936602559,False
avg,RAIN,2,SANTANDER,21,0.23916738832989456,0.29641968206286423,0.406210822742946,False
avg,RAIN,2,SUCRE,21,0.6777307461727795,0.0007360514573132585,0.004857939618267506,True
avg,RAIN,2,TOLIMA,21,0.34285714285714286,0.12813141007326168,0.22254402802198078,False
avg,RAIN,2,VALLE DEL CAUCA,23,0.7461503931107402,4.352585319908761e-05,0.0013892725521032871,True
avg,RAIN,2,VAUPES,6,-0.2608969660436018,0.6175338174259972,0.7278077133949253,False
avg,RAIN,2,VICHADA,4,-0.2581988897471611,0.7418011102528389,0.8441185047704719,False
avg,RAIN,3,AMAZONAS,16,-0.16911632920529177,0.5312309776561495,0.7385336380765883,False
avg,RAIN,3,ANTIOQUIA,21,0.6155844155844156,0.0029716265168021217,0.01584867475627798,True
avg,RAIN,3,ARAUCA,10,0.40372670807453415,0.24726591657011765,0.4164478594865139,False
avg,RAIN,3,ATLANTICO,19,0.5437760626542512,0.01610235834773378,0.0515275467127481,False
avg,RAIN,3,BOGOTA,21,0.5744968653239,0.006452130588941503,0.02580852235576601,True
avg,RAIN,3,BOLIVAR,20,0.6801364750034555,0.0009680805200182002,0.01032619221352747,True
avg,RAIN,3,BOYACA,23,0.3558191361405616,0.09564681290275073,0.18004105958164843,False
avg,RAIN,3,CALDAS,19,-0.05799657462853681,0.8135594076381808,0.9485608942268653,False
avg,RAIN,3,CAQUETA,20,0.03618557639207449,0.8796161801744197,0.9485608942268653,False
avg,RAIN,3,CASANARE,20,0.0873196910789586,0.7143191548563066,0.8898097872511807,False
avg,RAIN,3,CAUCA,20,0.6377709789877865,0.0024837653797483397,0.01584867475627798,True
avg,RAIN,3,CESAR,21,-0.1829105711988158,0.42742520876438495,0.6217093945663781,False
avg,RAIN,3,CHOCO,20,0.5744360902255639,0.008072760656054091,0.028703148999303436,True
avg,RAIN,3,CORDOBA,21,0.7489573961323841,9.362467463622996e-05,0.0017220952772589685,True
avg,RAIN,3,CUNDINAMARCA,22,0.579497340250436,0.004706429037295193,0.02151510417049231,True
avg,RAIN,3,GUAINIA,15,-0.018301639966303615,0.9483831548625508,0.9485608942268653,False
avg,RAIN,3,GUAVIARE,5,-0.052631578947368425,0.9330183436657281,0.9485608942268653,False
avg,RAIN,3,HUILA,21,0.4728808303966556,0.03039387356959496,0.07481568878669528,False
avg,RAIN,3,LA GUAJIRA,20,0.521248626557321,0.018431374045870853,0.05361854267889703,False
avg,RAIN,3,MAGDALENA,20,0.3936898989045125,0.08590226549949101,0.17180453099898202,False
avg,RAIN,3,META,19,0.015877626010893275,0.9485608942268653,0.9485608942268653,False
avg,RAIN,3,NARINO,20,0.14076034565199447,0.5539002285574413,0.7385336380765883,False
avg,RAIN,3,NORTE DE SANTANDER,20,0.4370064242854307,0.054020522721422826,0.12347548050610932,False
avg,RAIN,3,PUTUMAYO,19,0.21274930890322738,0.3818627931467863,0.5818861609855791,False
avg,RAIN,3,QUINDIO,20,-0.08456993423375037,0.7229704521415843,0.8898097872511807,False
avg,RAIN,3,RISARALDA,25,0.03958859588042713,0.8509689371024718,0.9485608942268653,False
avg,RAIN,3,SAN ANDRES PROVIDENCIA,13,0.4649247864592164,0.10942163150825938,0.19452734490357224,False
avg,RAIN,3,SANTANDER,21,0.6203313091055029,0.002698556323364622,0.01584867475627798,True
avg,RAIN,3,SUCRE,21,0.7447623537542016,0.00010763095482868553,0.0017220952772589685,True
avg,RAIN,3,TOLIMA,21,0.4,0.07239002577225477,0.15443205498081017,False
avg,RAIN,3,VALLE DEL CAUCA,23,0.4574262470393212,0.028192046351002205,0.07481568878669528,False
avg,RAIN,3,VAUPES,6,0.4928053803045812,0.3206325828658273,0.5130121325853236,False
avg,RAIN,3,VICHADA,3,,,,False
avg,RAIN,4,AMAZONAS,16,0.40389096102448946,0.12078629896774619,0.24157259793549238,False
avg,RAIN,4,ANTIOQUIA,20,0.41353383458646614,0.06992073829262123,0.15981883038313424,False
avg,RAIN,4,ARAUCA,9,0.8451956828432803,0.004116597419302816,0.026346223483538024,True
avg,RAIN,4,ATLANTICO,18,0.40652560712964325,0.09410521892024519,0.20075780036318974,False
avg,RAIN,4,BOGOTA,20,0.2626433794540012,0.26325564058327916,0.3834312517092961,False
avg,RAIN,4,BOLIVAR,19,0.2523329625583586,0.297314312245878,0.4136546952986129,False
avg,RAIN,4,BOYACA,22,0.3122529644268775,0.1571359244482707,0.2793527545747035,False
avg,RAIN,4,CALDAS,18,0.02593383321520673,0.9186412892665515,0.9186412892665515,False
avg,RAIN,4,CAQUETA,19,0.20918210353462754,0.3900817390440243,0.5201089853920324,False
avg,RAIN,4,CASANARE,19,-0.06850872229411233,0.7804930376914214,0.8056702324556608,False
avg,RAIN,4,CAUCA,19,0.6058642793285157,0.005970458624448067,0.027293525140334018,True
avg,RAIN,4,CESAR,20,0.1622945872268516,0.4942129699280038,0.6268519472926214,False
avg,RAIN,4,CHOCO,19,0.763157894736842,0.00014417907328042527,0.004613730344973609,True
avg,RAIN,4,CORDOBA,20,0.5990941607621193,0.005248627315904533,0.027293525140334018,True
avg,RAIN,4,CUNDINAMARCA,21,0.4623376623376624,0.03483879569015512,0.1013492238259058,False
avg,RAIN,4,GUAINIA,14,0.7823070261698787,0.000943755231692615,0.01510008370708184,True
avg,RAIN,4,GUAVIARE,4,-0.39999999999999997,0.6,0.6624602377148816,False
avg,RAIN,4,HUILA,20,0.6556390977443608,0.001698366104951454,0.018115905119482176,True
avg,RAIN,4,LA GUAJIRA,19,0.4560393409477864,0.049712348096226586,0.12236885685225006,False
avg,RAIN,4,MAGDALENA,20,0.2981593661310134,0.20166141146913438,0.322658258350615,False
avg,RAIN,4,META,19,-0.6437916569375763,0.0029352705456979506,0.023482164365583605,True
avg,RAIN,4,NARINO,19,0.1540495345195241,0.5289063305281493,0.6268519472926214,False
avg,RAIN,4,NORTE DE SANTANDER,19,0.3384623559057231,0.1563642722009778,0.2793527545747035,False
avg,RAIN,4,PUTUMAYO,18,0.07777209798733548,0.7590445924904317,0.8056702324556608,False
avg,RAIN,4,QUINDIO,19,0.2699943031803037,0.26360898555014106,0.3834312517092961,False
avg,RAIN,4,RISARALDA,24,-0.136992398669536,0.5232677309200539,0.6268519472926214,False
avg,RAIN,4,SAN ANDRES PROVIDENCIA,12,0.5944055944055945,0.04152149441031855,0.1107239850941828,False
avg,RAIN,4,SANTANDER,20,0.5031967260704874,0.023719209907046058,0.07590147170254738,False
avg,RAIN,4,SUCRE,20,0.5714310118691969,0.008488740907301827,0.03018218989262872,True
avg,RAIN,4,TOLIMA,20,0.3082706766917293,0.1860555607781014,0.31335673394206554,False
avg,RAIN,4,VALLE DEL CAUCA,22,0.5581088179482303,0.006949634735711006,0.027798538942844023,True
avg,RAIN,4,VAUPES,6,-0.27322953332351235,0.6003545904291114,0.6624602377148816,False
avg,RAIN,4,VICHADA,3,,,,False
avg,RAIN,5,AMAZONAS,17,-0.07041546100546928,0.7882768759852963,0.8698227597079131,False
avg,RAIN,5,ANTIOQUIA,20,0.5671305402946898,0.00911429972918934,0.02916575913340589,True
avg,RAIN,5,ARAUCA,9,0.322043663518041,0.398026085647747,0.6065159400346621,False
avg,RAIN,5,ATLANTICO,17,0.3046685345735935,0.23442869553381698,0.4167621253934524,False
avg,RAIN,5,BOGOTA,20,0.6083062179308188,0.00442949859602827,0.023623992512150773,True
avg,RAIN,5,BOLIVAR,19,0.013499409008810108,0.9562580207988387,0.9562580207988387,False
avg,RAIN,5,BOYACA,22,0.5527950310559007,0.007626484615782738,0.02711638974500529,True
avg,RAIN,5,CALDAS,19,-0.07915594835766294,0.747365821991743,0.8541323679905634,False
avg,RAIN,5,CAQUETA,19,0.3925622578904829,0.09641458715662453,0.20116222961914515,False
avg,RAIN,5,CASANARE,19,-0.3147286799764874,0.18938981136346672,0.35649846844887856,False
avg,RAIN,5,CAUCA,18,0.6600984535071489,0.0028711329630672043,0.01837525096363011,True
avg,RAIN,5,CESAR,20,0.1458750735712803,0.5394372291296907,0.7214980313465252,False
avg,RAIN,5,CHOCO,19,0.7017543859649124,0.0008117889387414537,0.009319405658065435,True
avg,RAIN,5,CORDOBA,20,0.7070462203928993,0.0004903852151648917,0.009319405658065435,True
avg,RAIN,5,CUNDINAMARCA,21,0.5779220779220778,0.006071212564747677,0.02711638974500529,True
avg,RAIN,5,GUAINIA,15,-0.04529253074995834,0.8726606020095248,0.9308379754768265,False
avg,RAIN,5,GUAVIARE,5,0.30779350562554625,0.614384002810333,0.7763008671933118,False
avg,RAIN,5,HUILA,20,0.4646616541353384,0.039002619486165416,0.09600644796594564,False
avg,RAIN,5,LA GUAJIRA,20,-0.01814773984328927,0.9394674787070015,0.9562580207988387,False
avg,RAIN,5,MAGDALENA,20,0.37774310209296413,0.10058111480957257,0.20116222961914515,False
avg,RAIN,5,META,18,-0.5442765778376225,0.019531298411078223,0.0543118698274234,False
avg,RAIN,5,NARINO,20,0.5142129183424698,0.020366951185283776,0.0543118698274234,False
avg,RAIN,5,NORTE DE SANTANDER,19,-0.22124679290893912,0.3626778749909466,0.5802845999855146,False
avg,RAIN,5,PUTUMAYO,17,-0.24065611829611916,0.35213922615747084,0.5802845999855146,False
avg,RAIN,5,QUINDIO,20,0.5817252094303509,0.0071325375699826,0.02711638974500529,True
avg,RAIN,5,RISARALDA,24,-0.39299815052836057,0.05746441390811435,0.13134723178997568,False
avg,RAIN,5,SAN ANDRES PROVIDENCIA,13,0.1868131868131868,0.5411235235098939,0.7214980313465252,False
avg,RAIN,5,SANTANDER,20,0.11450114466406025,0.6307444545945659,0.7763008671933118,False
avg,RAIN,5,SUCRE,20,0.6515507063633751,0.0018565954214929295,0.014852763371943436,True
avg,RAIN,5,TOLIMA,20,0.07969924812030074,0.73837374901493,0.8541323679905634,False
avg,RAIN,5,VALLE DEL CAUCA,22,0.65795160878696,0.0008736942804436345,0.009319405658065435,True
avg,RAIN,5,VAUPES,6,-0.3768511731740915,0.46148284035080467,0.6712477677829886,False
avg,RAIN,5,VICHADA,3,,,,False
avg,RAIN,6,AMAZONAS,17,-0.012384435115451748,0.9623742923257921,0.96484215803719,False
avg,RAIN,6,ANTIOQUIA,20,0.4977443609022556,0.025532566963083796,0.10913162482496856,False
avg,RAIN,6,ARAUCA,9,0.3916747259003201,0.29718146180482047,0.47549033888771275,False
avg,RAIN,6,ATLANTICO,18,0.46418071155925994,0.052315003283999954,0.15218910046254533,False
avg,RAIN,6,BOGOTA,20,0.3569281156194636,0.1223824629226549,0.24333380956569517,False
avg,RAIN,6,BOLIVAR,19,0.012479150851707966,0.9595612726974346,0.96484215803719,False
avg,RAIN,6,BOYACA,22,0.46597008353470726,0.02883581179024548,0.10913162482496856,False
avg,RAIN,6,CALDAS,19,-0.2649651993735815,0.2729517866001056,0.45970827216859894,False
avg,RAIN,6,CAQUETA,19,0.4962413793789567,0.030693269482022407,0.10913162482496856,False
avg,RAIN,6,CASANARE,19,-0.3606685176803079,0.12927108633177556,0.24333380956569517,False
avg,RAIN,6,CAUCA,18,0.6680587786785881,0.0024442852804403975,0.01955428224352318,True
avg,RAIN,6,CESAR,20,-0.20387155537339963,0.3886092892764099,0.5406737937758747,False
avg,RAIN,6,CHOCO,19,0.6824561403508772,0.0012845505066979117,0.01370187207144439,True
avg,RAIN,6,CORDOBA,20,0.4956742759457998,0.02624902775519742,0.10913162482496856,False
avg,RAIN,6,CUNDINAMARCA,21,0.35844155844155845,0.11058955072221291,0.2359243748740542,False
avg,RAIN,6,GUAINIA,19,-0.058019447083020856,0.8134871114299664,0.8976409505434112,False
avg,RAIN,6,GUAVIARE,4,0.316227766016838,0.683772233983162,0.8103967217578216,False
avg,RAIN,6,HUILA,20,0.39097744360902253,0.08828010210661397,0.23541360561763724,False
avg,RAIN,6,LA GUAJIRA,19,0.274011469393922,0.2562919587166508,0.4556301488296014,False
avg,RAIN,6,MAGDALENA,20,0.2206699519634389,0.34983006564478314,0.5088437318469573,False
avg,RAIN,6,META,19,-0.6036350287072401,0.006208170477946486,0.03973229105885751,True
avg,RAIN,6,NARINO,20,0.3692786315299616,0.10907571771472473,0.2359243748740542,False
avg,RAIN,6,NORTE DE SANTANDER,19,-0.10220363488647895,0.6771580864005547,0.8103967217578216,False
avg,RAIN,6,PUTUMAYO,17,0.0740300820665865,0.7776587120576874,0.8887528137802142,False
avg,RAIN,6,QUINDIO,20,0.37533042957714463,0.10295160302563028,0.2359243748740542,False
avg,RAIN,6,RISARALDA,24,-0.11026046619622339,0.608023881798313,0.7782705687018406,False
avg,RAIN,6,SAN ANDRES PROVIDENCIA,12,0.1958041958041958,0.5419358857313175,0.7225811809750899,False
avg,RAIN,6,SANTANDER,20,-0.010534239249977987,0.96484215803719,0.96484215803719,False
avg,RAIN,6,SUCRE,20,0.8022887332464316,2.0859035274785613e-05,0.0006674891287931396,True
avg,RAIN,6,TOLIMA,20,-0.2270676691729323,0.3356744310134179,0.5088437318469573,False
avg,RAIN,6,VALLE DEL CAUCA,22,0.6722735136008672,0.00060975099692325,0.009756015950772,True
avg,RAIN,6,VAUPES,6,-0.8116794499134278,0.04985758510134042,0.15218910046254533,False
avg,RAIN,6,VICHADA,3,,,,False
avg,RAIN,7,AMAZONAS,17,-0.20643336605904186,0.4266521140199917,0.6399781710299876,False
avg,RAIN,7,ANTIOQUIA,20,0.4240601503759398,0.06240648623134545,0.18721945869403633,False
avg,RAIN,7,ARAUCA,9,0.1422606594884729,0.7150322450059001,0.7894542086318647,False
avg,RAIN,7,ATLANTICO,18,0.4880839498176573,0.03988204530184897,0.14623416610677953,False
avg,RAIN,7,BOGOTA,19,0.465730068986735,0.04447090376490966,0.14675398242420187,False
avg,RAIN,7,BOLIVAR,19,-0.019610094195541092,0.9364897572485021,0.9364897572485021,False
avg,RAIN,7,BOYACA,21,0.5547255895037692,0.009055958159065961,0.06605908091449453,False
avg,RAIN,7,CALDAS,20,-0.4766785008213152,0.03358969601509603,0.13855749606227113,False
avg,RAIN,7,CAQUETA,20,0.5613799751473221,0.010008951653711292,0.06605908091449453,False
avg,RAIN,7,CASANARE,19,-0.13494196630544847,0.5817735465101854,0.7894542086318647,False
avg,RAIN,7,CAUCA,18,0.5077570322345258,0.03146218411494922,0.13855749606227113,False
avg,RAIN,7,CESAR,20,0.11259816667269935,0.6364709965030264,0.7894542086318647,False
avg,RAIN,7,CHOCO,20,0.6120300751879698,0.004129875210325545,0.06605908091449453,False
avg,RAIN,7,CORDOBA,20,0.3687488740442772,0.1096240532479383,0.2782764428601511,False
avg,RAIN,7,CUNDINAMARCA,21,0.376096154944593,0.09289934737006782,0.2554732052676865,False
avg,RAIN,7,GUAINIA,19,-0.199978255665117,0.4117329144905507,0.6399781710299876,False
avg,RAIN,7,GUAVIARE,5,0.15811388300841897,0.7995251457913304,0.8245103065973095,False
avg,RAIN,7,HUILA,20,0.35488721804511275,0.12468812756013875,0.28100123562003204,False
avg,RAIN,7,LA GUAJIRA,20,0.10167340997950285,0.6697232038494629,0.7894542086318647,False
avg,RAIN,7,MAGDALENA,20,0.23631446348323493,0.3158210377374217,0.5485312760702588,False
avg,RAIN,7,META,19,-0.3620280979629448,0.12772783437274185,0.28100123562003204,False
avg,RAIN,7,NARINO,20,0.5779148995640964,0.007612149460743921,0.06605908091449453,False
avg,RAIN,7,NORTE DE SANTANDER,19,0.07985959522630738,0.7451907161865725,0.7932675365857063,False
avg,RAIN,7,PUTUMAYO,17,0.09651313077500612,0.7125113604219043,0.7894542086318647,False
avg,RAIN,7,QUINDIO,20,0.23756863550435434,0.3131837322463373,0.5485312760702588,False
avg,RAIN,7,RISARALDA,24,-0.19135599280449866,0.37040119941176264,0.6111619790294084,False
avg,RAIN,7,SAN ANDRES PROVIDENCIA,14,0.33960509443531894,0.23485937890359637,0.48439746898866753,False
avg,RAIN,7,SANTANDER,20,-0.13554232238713804,0.5688314695570194,0.7894542086318647,False
avg,RAIN,7,SUCRE,20,0.5139431661476633,0.02044426033987973,0.11244343186933853,False
avg,RAIN,7,TOLIMA,20,-0.24060150375939846,0.306861091678276,0.5485312760702588,False
avg,RAIN,7,VALLE DEL CAUCA,22,0.6024124578068492,0.003008178309888021,0.06605908091449453,False
avg,RAIN,7,VAUPES,5,0.22360679774997896,0.7176856442107861,0.7894542086318647,False
avg,RAIN,7,VICHADA,3,0.5,0.6666666666666667,0.7894542086318647,False
avg,RAIN,8,AMAZONAS,18,-0.4334048173527508,0.0723729119769627,0.21233134786455032,False
avg,RAIN,8,ANTIOQUIA,20,0.2796992481203007,0.23234786067734586,0.4035515474922323,False
avg,RAIN,8,ARAUCA,10,0.5106406566912542,0.13150199306594584,0.2712228606985133,False
avg,RAIN,8,ATLANTICO,18,0.5447034970300154,0.01941686693945957,0.07914098988865663,False
avg,RAIN,8,BOGOTA,20,0.44277158646465103,0.050575341125208687,0.16689862571318867,False
avg,RAIN,8,BOLIVAR,19,0.08455918467608026,0.7307114105823886,0.8611955910435294,False
avg,RAIN,8,BOYACA,20,0.5533834586466165,0.011370353471172316,0.07504433290973729,False
avg,RAIN,8,CALDAS,21,-0.35805523584018195,0.1110021207349606,0.24420466561691334,False
avg,RAIN,8,CAQUETA,19,0.5685869651184219,0.011077992408139574,0.07504433290973729,False
avg,RAIN,8,CASANARE,18,-0.16862249232795784,0.5035848304014727,0.6975070386210961,False
avg,RAIN,8,CAUCA,18,0.41882199196534203,0.08364568249209559,0.21233134786455032,False
avg,RAIN,8,CESAR,20,-0.22383325331308462,0.3427882411668355,0.5656005979252786,False
avg,RAIN,8,CHOCO,20,0.6075187969924812,0.004495101001748822,0.04944611101923704,True
avg,RAIN,8,CORDOBA,20,0.5100578318449738,0.021583906333269988,0.07914098988865663,False
avg,RAIN,8,CUNDINAMARCA,21,0.5073075941480606,0.01890511003169477,0.07914098988865663,False
avg,RAIN,8,GUAINIA,18,0.2065813321773952,0.4108170230128203,0.6162255345192305,False
avg,RAIN,8,GUAVIARE,6,0.24688535993934707,0.6371960853462737,0.8087488775548859,False
avg,RAIN,8,HUILA,20,0.37293233082706767,0.1053477229621267,0.24420466561691334,False
avg,RAIN,8,LA GUAJIRA,20,-0.06006834872263521,0.8013785848705384,0.9119135620940608,False
avg,RAIN,8,MAGDALENA,20,0.12864837498335205,0.5888229591914382,0.7772463061326985,False
avg,RAIN,8,META,20,-0.3093304780821436,0.18446852414896164,0.3381922942730963,False
avg,RAIN,8,NARINO,20,-0.020000091136258388,0.9333014484487738,0.962467118712798,False
avg,RAIN,8,NORTE DE SANTANDER,19,0.1621161105095873,0.5072778462698881,0.6975070386210961,False
avg,RAIN,8,PUTUMAYO,17,0.3647444292925556,0.1500143907261056,0.2912044055271461,False
avg,RAIN,8,QUINDIO,20,0.030042944105134455,0.8999434652318816,0.9580043339565192,False
avg,RAIN,8,RISARALDA,24,-0.46775446135330945,0.021170790976860487,0.07914098988865663,False
avg,RAIN,8,SAN ANDRES PROVIDENCIA,14,0.48678532182342044,0.07752336855125326,0.21233134786455032,False
avg,RAIN,8,SANTANDER,20,-0.010530275283986283,0.9648553798812657,0.9648553798812657,False
avg,RAIN,8,SUCRE,20,0.6085535422478369,0.004409057321457227,0.04944611101923704,True
avg,RAIN,8,TOLIMA,20,0.051127819548872175,0.8304946161837171,0.9135440778020888,False
avg,RAIN,8,VALLE DEL CAUCA,22,0.6311035625374158,0.001635269265834103,0.04944611101923704,True
avg,RAIN,8,VAUPES,4,-0.632455532033676,0.367544467966324,0.5775698782327948,False
avg,RAIN,8,VICHADA,3,0.5,0.6666666666666667,0.814814814814815,False
avg,RAIN,9,AMAZONAS,18,0.040817941655710614,0.8722434636403118,0.8995010718790716,False
avg,RAIN,9,ANTIOQUIA,20,0.25282174199947166,0.28217563631185744,0.41646336332499007,False
avg,RAIN,9,ARAUCA,10,0.6893123494842632,0.027446067312172348,0.11321502766271094,False
avg,RAIN,9,ATLANTICO,18,0.3894630177365369,0.11014194778935485,0.27959109823451617,False
avg,RAIN,9,BOGOTA,20,-0.11755870282949435,0.6215858930027176,0.6837444823029893,False
avg,RAIN,9,BOLIVAR,18,0.4135731388607046,0.08800104206853984,0.2420028656884846,False
avg,RAIN,9,BOYACA,21,0.5220779220779221,0.01519575449250578,0.07163712832181297,False
avg,RAIN,9,CALDAS,22,-0.29841492661437397,0.17734874334357886,0.32513936279656125,False
avg,RAIN,9,CAQUETA,19,0.33571271683707854,0.15997154450186435,0.32513936279656125,False
avg,RAIN,9,CASANARE,18,-0.3368312005748243,0.1716883952197135,0.32513936279656125,False
avg,RAIN,9,CAUCA,20,0.454238093634397,0.04422507031127718,0.1459427320272147,False
avg,RAIN,9,CESAR,20,-0.25504258220656806,0.2778256921978533,0.41646336332499007,False
avg,RAIN,9,CHOCO,20,0.7548872180451127,0.00011960282700609452,0.0019734466456005594,True
avg,RAIN,9,CORDOBA,20,0.7374977480885544,0.00020667387218783486,0.0022734125940661837,True
avg,RAIN,9,CUNDINAMARCA,21,0.31503736640436536,0.1642245630806646,0.32513936279656125,False
avg,RAIN,9,GUAINIA,16,0.2748596366833747,0.30288244605453823,0.41646336332499007,False
avg,RAIN,9,GUAVIARE,9,0.2671027396298783,0.48718375412224013,0.5741808530726402,False
avg,RAIN,9,HUILA,20,0.6165413533834586,0.0037895555881575995,0.025011066881840155,True
avg,RAIN,9,LA GUAJIRA,20,0.2758708035535965,0.23907088914556923,0.39446696709018925,False
avg,RAIN,9,MAGDALENA,20,-0.01768155149474293,0.9410198430914518,0.9410198430914518,False
avg,RAIN,9,META,20,-0.4704594570927741,0.03631246430127805,0.1331457024380195,False
avg,RAIN,9,NARINO,20,-0.17414249258195272,0.4627767018737965,0.5656159689568624,False
avg,RAIN,9,NORTE DE SANTANDER,20,0.33245583396585265,0.1520952181153405,0.32513936279656125,False
avg,RAIN,9,PUTUMAYO,18,0.262018450581434,0.2935636646924238,0.41646336332499007,False
avg,RAIN,9,QUINDIO,20,0.7180612239702748,0.000363299269771256,0.002997218975612862,True
avg,RAIN,9,RISARALDA,24,-0.10928358304660589,0.6112258011205172,0.6837444823029893,False
avg,RAIN,9,SAN ANDRES PROVIDENCIA,12,0.5419936825637086,0.06870829861137613,0.20612489583412838,False
avg,RAIN,9,SANTANDER,20,0.23626793746379202,0.3159191293822537,0.41701325078457485,False
avg,RAIN,9,SUCRE,20,0.5376081811049545,0.014495538334615346,0.07163712832181297,False
avg,RAIN,9,TOLIMA,20,0.07518796992481201,0.7527267095067718,0.8012897230233377,False
avg,RAIN,9,VALLE DEL CAUCA,23,0.7407227773509073,5.293720018347087e-05,0.0017469276060545387,True
avg,RAIN,9,VAUPES,4,-0.6000000000000001,0.3999999999999999,0.5076923076923076,False
avg,RAIN,9,VICHADA,4,-0.7999999999999999,0.20000000000000007,0.3473684210526317,False
avg,RAIN,10,AMAZONAS,16,0.2821121984048394,0.2897788830489958,0.4346683245734937,False
avg,RAIN,10,ANTIOQUIA,20,0.12330827067669171,0.6045088306268851,0.7388441263217485,False
avg,RAIN,10,ARAUCA,10,0.5583242384172624,0.09346396626964013,0.28735800458902266,False
avg,RAIN,10,ATLANTICO,18,0.3407829453289818,0.16639988496966823,0.4180375646798197,False
avg,RAIN,10,BOGOTA,21,0.01624431791914018,0.9442837420523439,0.9639812177092435,False
avg,RAIN,10,BOLIVAR,19,0.12841509972115228,0.600330398001314,0.7388441263217485,False
avg,RAIN,10,BOYACA,21,0.44754792876826344,0.04191435358261681,0.18808164289043797,False
avg,RAIN,10,CALDAS,19,0.05015402520593841,0.8384298886776991,0.9540753905642783,False
avg,RAIN,10,CAQUETA,20,0.5774494129968492,0.007672506345811929,0.06329817735294842,False
avg,RAIN,10,CASANARE,19,-0.42878399473319,0.06698252679510726,0.24560259824872663,False
avg,RAIN,10,CAUCA,20,0.6690118513157427,0.0012574059555748118,0.020747198266984394,True
avg,RAIN,10,CESAR,20,-0.27218225475554825,0.24566562537019712,0.4266824019587634,False
avg,RAIN,10,CHOCO,20,0.591951903464086,0.005966274831854738,0.06329817735294842,False
avg,RAIN,10,CORDOBA,20,0.6729666951308059,0.0011471929556972748,0.020747198266984394,True
avg,RAIN,10,CUNDINAMARCA,21,0.18051948051948052,0.433594674982858,0.5723449709773726,False
avg,RAIN,10,GUAINIA,17,0.31814013415968906,0.21333093486044394,0.4180375646798197,False
avg,RAIN,10,GUAVIARE,10,-0.016470196146710307,0.9639812177092435,0.9639812177092435,False
avg,RAIN,10,HUILA,20,0.21654135338345865,0.3591457825704002,0.5032783777168318,False
avg,RAIN,10,LA GUAJIRA,20,0.3206269093140802,0.16811944145837832,0.4180375646798197,False
avg,RAIN,10,MAGDALENA,20,0.3119723093346287,0.18055234560760838,0.4180375646798197,False
avg,RAIN,10,META,20,-0.45166120437946217,0.04559554979162132,0.18808164289043797,False
avg,RAIN,10,NARINO,20,0.02338748251328123,0.9220353348528298,0.9639812177092435,False
avg,RAIN,10,NORTE DE SANTANDER,19,0.5338017860660118,0.018573615847752842,0.12258586459516876,False
avg,RAIN,10,PUTUMAYO,19,0.30645807811349635,0.20191840261894325,0.4180375646798197,False
avg,RAIN,10,QUINDIO,20,0.2822015916187666,0.2280204898253562,0.4180375646798197,False
avg,RAIN,10,RISARALDA,24,-0.34785277452174923,0.09578600152967422,0.28735800458902266,False
avg,RAIN,10,SAN ANDRES PROVIDENCIA,13,0.33516483516483514,0.2629431403593602,0.43385618159294426,False
avg,RAIN,10,SANTANDER,20,-0.08909099084210094,0.708763925891456,0.8353289126577874,False
avg,RAIN,10,SUCRE,20,0.5042159289525433,0.02339185125850528,0.12865518192177905,False
avg,RAIN,10,TOLIMA,20,0.21353383458646616,0.36602063833951404,0.5032783777168318,False
avg,RAIN,10,VALLE DEL CAUCA,23,0.23596345848023612,0.2783952275966283,0.4346683245734937,False
avg,RAIN,10,VAUPES,5,-0.09999999999999999,0.8728885715695383,0.9601774287264921,False
avg,RAIN,10,VICHADA,4,-0.7745966692414834,0.22540333075851657,0.4180375646798197,False
avg,RAIN,11,AMAZONAS,16,-0.09955522388880605,0.7137447279444971,0.823372194856195,False
avg,RAIN,11,ANTIOQUIA,21,0.14805194805194805,0.5218737233561959,0.7487753422067158,False
avg,RAIN,11,ARAUCA,10,0.6190523454859151,0.05634010571413019,0.2656033555094709,False
avg,RAIN,11,ATLANTICO,18,0.47929709351406874,0.044156631711012057,0.2428614744105663,False
avg,RAIN,11,BOGOTA,21,0.02210665068093773,0.9242248275624119,0.9838522357922449,False
avg,RAIN,11,BOLIVAR,19,0.09458315718011202,0.7001228663756218,0.823372194856195,False
avg,RAIN,11,BOYACA,21,0.3845404554873903,0.08521750399006905,0.31246418129691983,False
avg,RAIN,11,CALDAS,19,0.6332774194595578,0.003606513749614846,0.04769529699727224,True
avg,RAIN,11,CAQUETA,20,0.6706956292567746,0.0012094407454823943,0.039911544600919016,True
avg,RAIN,11,CASANARE,18,0.11226908449239534,0.6573832768522692,0.823372194856195,False
avg,RAIN,11,CAUCA,20,0.3405087870320977,0.14181398652403707,0.45301702783169495,False
avg,RAIN,11,CESAR,20,0.007688305356127971,0.9743368650215056,0.9849173530549146,False
avg,RAIN,11,CHOCO,20,0.4646616541353384,0.039002619486165416,0.2428614744105663,False
avg,RAIN,11,CORDOBA,20,0.5904709770180921,0.00612472780785796,0.050529004414828174,False
avg,RAIN,11,CUNDINAMARCA,21,0.3246753246753247,0.1510056759438983,0.45301702783169495,False
avg,RAIN,11,GUAINIA,19,0.30392470629490587,0.20586321651126577,0.5661238454059808,False
avg,RAIN,11,GUAVIARE,10,0.12846752994434038,0.7235695045705955,0.823372194856195,False
avg,RAIN,11,HUILA,20,0.1894736842105263,0.42366525592686277,0.7246206931158328,False
avg,RAIN,11,LA GUAJIRA,20,0.418154172222457,0.06654328297490998,0.27449104227150367,False
avg,RAIN,11,MAGDALENA,20,0.10045423186395352,0.6734724602601068,0.823372194856195,False
avg,RAIN,11,META,20,0.17477708249431653,0.46112225925552996,0.7246206931158328,False
avg,RAIN,11,NARINO,20,0.11384383515531729,0.6327201960208324,0.823372194856195,False
avg,RAIN,11,NORTE DE SANTANDER,19,0.27801112754786267,0.2491354363340885,0.6178901440502483,False
avg,RAIN,11,PUTUMAYO,18,-0.26372643935929624,0.29031265353907704,0.6386878377859695,False
avg,RAIN,11,QUINDIO,20,-0.21223425485378314,0.3690143797647151,0.7163220313079763,False
avg,RAIN,11,RISARALDA,24,-0.14552986857567404,0.4974456323340768,0.7461684485011152,False
avg,RAIN,11,SAN ANDRES PROVIDENCIA,13,0.23076923076923078,0.44812738231536575,0.7246206931158328,False
avg,RAIN,11,SANTANDER,20,-0.004518077412904602,0.9849173530549146,0.9849173530549146,False
avg,RAIN,11,SUCRE,20,0.21563238252187733,0.3612157224332674,0.7163220313079763,False
avg,RAIN,11,TOLIMA,20,0.19548872180451127,0.40881908952023194,0.7246206931158328,False
avg,RAIN,11,VALLE DEL CAUCA,23,0.5721357676620449,0.0043359360906611135,0.04769529699727224,True
avg,RAIN,11,VAUPES,6,-0.14494275891311212,0.7841083696021082,0.862519206562319,False
avg,RAIN,11,VICHADA,4,0.7378647873726218,0.2621352126273781,0.6178901440502483,False
avg,RAIN,12,AMAZONAS,16,-0.36982895963371165,0.15856997257308983,0.6541011368639955,False
avg,RAIN,12,ANTIOQUIA,21,0.17408250349766993,0.4504358506757681,0.8743754748411969,False
avg,RAIN,12,ARAUCA,10,0.8216436866170587,0.003548303099646482,0.05854700114416696,False
avg,RAIN,12,ATLANTICO,19,0.4173991066709653,0.07539138284662142,0.4362412195599357,False
avg,RAIN,12,BOGOTA,21,0.026187456233866736,0.9102870720919252,1.0,False
avg,RAIN,12,BOLIVAR,19,0.2397813039731461,0.3227854404732031,0.7608513954011216,False
avg,RAIN,12,BOYACA,21,0.3983106753773172,0.07371637938813533,0.4362412195599357,False
avg,RAIN,12,CALDAS,20,0.004530050381801743,0.9848773881962871,1.0,False
avg,RAIN,12,CAQUETA,20,0.03648897885307144,0.8786139302142871,0.999802058519706,False
avg,RAIN,12,CASANARE,18,-0.1672771003818553,0.507044885865717,0.8806569070299296,False
avg,RAIN,12,CAUCA,20,0.3469796540585593,0.13391375065380254,0.6313076816536406,False
avg,RAIN,12,CESAR,20,0.26482044885142486,0.25917294204164365,0.7608513954011216,False
avg,RAIN,12,CHOCO,20,0.6872180451127818,0.0008149369421759723,0.026892919091807084,True
avg,RAIN,12,CORDOBA,20,0.1903967640180787,0.42136841342367826,0.8690723526863364,False
avg,RAIN,12,CUNDINAMARCA,21,0.07272727272727272,0.7540636728389069,0.943365231222327,False
avg,RAIN,12,GUAINIA,17,0.07642797410989363,0.7706351125971453,0.943365231222327,False
avg,RAIN,12,GUAVIARE,8,-0.23463943765014822,0.5759321342891327,0.9050362110257799,False
avg,RAIN,12,HUILA,20,0.4015037593984962,0.07931658537453377,0.4362412195599357,False
avg,RAIN,12,LA GUAJIRA,20,0.24105504139802159,0.3059222885783967,0.7608513954011216,False
avg,RAIN,12,MAGDALENA,20,0.06504823210862565,0.7852670767917465,0.943365231222327,False
avg,RAIN,12,META,20,0.10096406262165794,0.6719037038344312,0.943365231222327,False
avg,RAIN,12,NARINO,20,0.158551763363061,0.5043557962634763,0.8806569070299296,False
avg,RAIN,12,NORTE DE SANTANDER,20,-0.24093902992671037,0.30616226147917364,0.7608513954011216,False
avg,RAIN,12,PUTUMAYO,18,-0.0641254414763779,0.8004311052795502,0.943365231222327,False
avg,RAIN,12,QUINDIO,20,-0.28387044842241593,0.22516384468659095,0.7608513954011216,False
avg,RAIN,12,RISARALDA,24,-0.17791520371370567,0.40555588889695104,0.8690723526863364,False
avg,RAIN,12,SAN ANDRES PROVIDENCIA,12,0.02097902097902098,0.9484022252365223,1.0,False
avg,RAIN,12,SANTANDER,20,-0.13967655343888707,0.5569869880952065,0.9050362110257799,False
avg,RAIN,12,SUCRE,20,0.25349150311732144,0.28085936151365193,0.7608513954011216,False
avg,RAIN,12,TOLIMA,20,0.07975924003554762,0.7381834291378002,0.943365231222327,False
avg,RAIN,12,VALLE DEL CAUCA,23,0.5157143269627591,0.011775762200783736,0.1295333842086211,False
avg,RAIN,12,VAUPES,6,0.0,1.0,1.0,False
avg,RAIN,12,VICHADA,3,0.5,0.6666666666666667,0.943365231222327,False
avg,TEMP,1,AMAZONAS,16,0.7970588235294117,0.00021809806990574787,0.00027993770807669305,True
avg,TEMP,1,ANTIOQUIA,21,0.8883116883116883,7.615212819509368e-08,1.4782471943753476e-07,True
avg,TEMP,1,ARAUCA,10,0.8545454545454544,0.0016368033159867143,0.0018625692906055714,True
avg,TEMP,1,ATLANTICO,19,0.9298245614035087,8.470122190291039e-09,1.8634268818640283e-08,True
avg,TEMP,1,BOGOTA,21,0.9025974025974025,2.1977492069540085e-08,4.5328577393426425e-08,True
avg,TEMP,1,BOLIVAR,19,0.6020184870906248,0.006385334200052774,0.007023867620058051,True
avg,TEMP,1,BOYACA,22,0.9774138904573689,5.68056764784103e-15,6.248624412625133e-14,True
avg,TEMP,1,CALDAS,19,0.9666666666666668,1.7165085324141367e-11,6.449847647258365e-11,True
avg,TEMP,1,CAQUETA,20,0.7353383458646616,0.0002205569821210309,0.00027993770807669305,True
avg,TEMP,1,CASANARE,20,0.8676691729323308,7.239120255573896e-07,1.194454842169693e-06,True
avg,TEMP,1,CAUCA,21,0.9233766233766234,2.4434594119524256e-09,6.20262773803308e-09,True
avg,TEMP,1,CESAR,21,0.974025974025974,1.0259942221352342e-13,8.464452332615682e-13,True
avg,TEMP,1,CHOCO,21,0.8584415584415584,6.409520654006233e-07,1.113232534643188e-06,True
avg,TEMP,1,CORDOBA,21,0.9623376623376624,3.3446990261039674e-12,2.2075013572286183e-11,True
avg,TEMP,1,CUNDINAMARCA,22,0.7267080745341615,0.0001278933149472678,0.00018349910405477554,True
avg,TEMP,1,GUAINIA,17,0.7843137254901962,0.00019365164317268238,0.0002662710093624383,True
avg,TEMP,1,GUAVIARE,6,0.8857142857142858,0.01884548104956266,0.020061318536631217,True
avg,TEMP,1,HUILA,20,0.9654135338345864,5.932418372864708e-12,2.7967115186362193e-11,True
avg,TEMP,1,LA GUAJIRA,20,0.9398496240601503,7.860443387804434e-10,2.1616219316462192e-09,True
avg,TEMP,1,MAGDALENA,20,0.9609022556390976,1.7590493583431903e-11,6.449847647258365e-11,True
avg,TEMP,1,META,19,0.9298245614035087,8.470122190291039e-09,1.8634268818640283e-08,True
avg,TEMP,1,NARINO,20,0.9488721804511278,1.8821698161170056e-10,5.646509448351017e-10,True
avg,TEMP,1,NORTE DE SANTANDER,20,0.9593984962406013,2.4569761819746818e-11,8.10802140051645e-11,True
avg,TEMP,1,PUTUMAYO,18,0.7234262125902993,0.0006909021305997825,0.000844435937399734,True
avg,TEMP,1,QUINDIO,20,0.7548872180451127,0.00011960282700609452,0.00017940424050914177,True
avg,TEMP,1,RISARALDA,25,0.9798449612403101,1.3682038504597097e-17,4.515072706517042e-16,True
avg,TEMP,1,SAN ANDRES PROVIDENCIA,13,0.8021978021978022,0.0009687789139250084,0.001141775148554474,True
avg,TEMP,1,SANTANDER,20,0.8736842105263156,4.87296288071922e-07,8.933765281318569e-07,True
avg,TEMP,1,SUCRE,21,0.7818181818181819,2.84032686051854e-05,4.463370780814848e-05,True
avg,TEMP,1,TOLIMA,20,0.9654135338345864,5.932418372864708e-12,2.7967115186362193e-11,True
avg,TEMP,1,VALLE DEL CAUCA,23,0.9762616051631089,1.9668747951774238e-15,3.245343412042749e-14,True
avg,TEMP,1,VAUPES,6,0.5479462546995058,0.26033970643197807,0.2684753222579774,False
avg,TEMP,1,VICHADA,3,0.5,0.6666666666666667,0.6666666666666667,False
avg,TEMP,2,AMAZONAS,17,0.536764705882353,0.02631190195230556,0.033395875554849366,True
avg,TEMP,2,ANTIOQUIA,21,0.8012987012987013,1.2680036000946958e-05,2.98886562879464e-05,True
avg,TEMP,2,ARAUCA,10,0.8181818181818182,0.0038149200825507135,0.006294618136208676,True
avg,TEMP,2,ATLANTICO,19,0.6192982456140351,0.004690234476412316,0.007370368462933639,True
avg,TEMP,2,BOGOTA,21,0.6428571428571428,0.0016715248867048174,0.0029031748032241566,True
avg,TEMP,2,BOLIVAR,20,0.5686348653352593,0.008891345117921877,0.012757147343105303,True
avg,TEMP,2,BOYACA,22,0.3822699040090345,0.07913423131078041,0.09004929769847426,False
avg,TEMP,2,CALDAS,19,0.8894736842105263,3.497015717376129e-07,1.4425189834176532e-06,True
avg,TEMP,2,CAQUETA,20,0.4060150375939849,0.0756893721143978,0.08920533142054025,False
avg,TEMP,2,CASANARE,19,0.6912280701754386,0.0010470965319447035,0.0019196769752319563,True
avg,TEMP,2,CAUCA,20,0.8300751879699247,5.947594428814412e-06,1.5097739703913506e-05,True
avg,TEMP,2,CESAR,21,0.835064935064935,2.4871456891979744e-06,8.207580774353315e-06,True
avg,TEMP,2,CHOCO,20,0.787514158738117,3.764816404018867e-05,8.282596088841507e-05,True
avg,TEMP,2,CORDOBA,21,0.9142857142857143,6.8369397785225525e-09,3.760316878187404e-08,True
avg,TEMP,2,CUNDINAMARCA,22,0.31451157538114066,0.1539966672539894,0.16939633397938833,False
avg,TEMP,2,GUAINIA,16,0.2029411764705882,0.45096124172270946,0.45096124172270946,False
avg,TEMP,2,GUAVIARE,5,0.9999999999999999,1.4042654220543672e-24,4.6340758927794115e-23,True
avg,TEMP,2,HUILA,20,0.9368421052631578,1.2059368966099323e-09,9.948979397031942e-09,True
avg,TEMP,2,LA GUAJIRA,20,0.4992481203007519,0.025021864609017945,0.03322059384850706,True
avg,TEMP,2,MAGDALENA,20,0.9278195488721804,3.879148683992122e-09,2.5602381314348e-08,True
avg,TEMP,2,META,19,0.8491228070175438,4.2696917643518e-06,1.174165235196745e-05,True
avg,TEMP,2,NARINO,20,0.8646616541353382,8.760838300464326e-07,3.2123073768369196e-06,True
avg,TEMP,2,NORTE DE SANTANDER,20,0.9203007518796992,9.20256433443776e-09,4.338351757663516e-08,True
avg,TEMP,2,PUTUMAYO,19,0.6052631578947367,0.006033813164502901,0.009050719746754352,True
avg,TEMP,2,QUINDIO,20,0.4601503759398496,0.04120071780195449,0.05035643286905548,False
avg,TEMP,2,RISARALDA,25,0.9767441860465117,6.986922691271849e-17,1.1528422440598551e-15,True
avg,TEMP,2,SAN ANDRES PROVIDENCIA,13,0.6153846153846153,0.02516711655189929,0.03322059384850706,True
avg,TEMP,2,SANTANDER,21,0.7233766233766233,0.00021075106965465264,0.000409105017564914,True
avg,TEMP,2,SUCRE,21,0.7701298701298702,4.437647022067929e-05,9.152646983015104e-05,True
avg,TEMP,2,TOLIMA,21,0.8285714285714286,3.494265356687365e-06,1.0482796070062094e-05,True
avg,TEMP,2,VALLE DEL CAUCA,23,0.9230771771994143,3.5706351927978456e-10,3.927698712077631e-09,True
avg,TEMP,2,VAUPES,6,0.6002450479987809,0.20776480797219707,0.22116898913169364,False
avg,TEMP,2,VICHADA,4,0.6000000000000001,0.3999999999999999,0.4124999999999999,False
avg,TEMP,3,AMAZONAS,16,0.2735294117647059,0.3053231563074052,0.3148645049420116,False
avg,TEMP,3,ANTIOQUIA,21,0.7324675324675325,0.00015959227909270496,0.0005266545210059263,True
avg,TEMP,3,ARAUCA,10,0.41818181818181815,0.22911284098281892,0.2583783401437114,False
avg,TEMP,3,ATLANTICO,19,0.8596491228070176,2.3973995383996983e-06,1.3185697461198342e-05,True
avg,TEMP,3,BOGOTA,21,0.6675324675324676,0.0009457098107349513,0.0018357896326031407,True
avg,TEMP,3,BOLIVAR,20,0.3358437543592421,0.14770857168020912,0.1740851023373893,False
avg,TEMP,3,BOYACA,23,0.6729249011857709,0.0004339408833872341,0.0010228606536984803,True
avg,TEMP,3,CALDAS,19,0.8333333333333334,9.401481434945419e-06,4.4321269621885546e-05,True
avg,TEMP,3,CAQUETA,20,0.45112781954887216,0.04588325880000641,0.05607953853334117,False
avg,TEMP,3,CASANARE,20,0.46917293233082696,0.036896559181429214,0.048703458119486565,True
avg,TEMP,3,CAUCA,20,0.9233082706766916,6.582911442531829e-09,7.241202586785012e-08,True
avg,TEMP,3,CESAR,21,0.6077922077922078,0.003469852390223122,0.005725256443868151,True
avg,TEMP,3,CHOCO,20,0.6992481203007518,0.000601641629003831,0.0013236115838084282,True
avg,TEMP,3,CORDOBA,21,0.7077922077922078,0.0003314364703475777,0.0008413387324207741,True
avg,TEMP,3,CUNDINAMARCA,22,0.2625635234330887,0.23780202752583154,0.2583783401437114,False
avg,TEMP,3,GUAINIA,15,0.3214285714285714,0.2427190468016683,0.2583783401437114,False
avg,TEMP,3,GUAVIARE,5,0.49999999999999994,0.39100221895577053,0.39100221895577053,False
avg,TEMP,3,HUILA,21,0.735064935064935,0.00014710767492018793,0.0005266545210059263,True
avg,TEMP,3,LA GUAJIRA,20,0.6045112781954887,0.00475310082409381,0.007129651236140715,True
avg,TEMP,3,MAGDALENA,20,0.6902255639097743,0.0007563948378339721,0.0015600643530325675,True
avg,TEMP,3,META,19,0.6508771929824562,0.002544036186011222,0.004418589165177385,True
avg,TEMP,3,NARINO,20,0.5759398496240601,0.007870940177445081,0.011293088080682074,True
avg,TEMP,3,NORTE DE SANTANDER,20,0.8105263157894737,1.4687607586992212e-05,6.0586381296342874e-05,True
avg,TEMP,3,PUTUMAYO,19,0.7473684210526316,0.00023527871081758408,0.0007058361324527523,True
avg,TEMP,3,QUINDIO,20,0.6390977443609022,0.002416579396833126,0.004418589165177385,True
avg,TEMP,3,RISARALDA,25,0.9201550387596898,7.649175346736941e-11,1.2621139322115952e-09,True
avg,TEMP,3,SAN ANDRES PROVIDENCIA,13,0.7362637362637362,0.004107709360574614,0.0064549718523315355,True
avg,TEMP,3,SANTANDER,21,0.8727272727272727,2.472856989509214e-07,2.0401070163451013e-06,True
avg,TEMP,3,SUCRE,21,0.5506493506493506,0.009687372375827945,0.013320137016763425,True
avg,TEMP,3,TOLIMA,21,0.7090909090909091,0.00031951313058866174,0.0008413387324207741,True
avg,TEMP,3,VALLE DEL CAUCA,23,0.8228317523250487,1.43755707554235e-06,9.48787669857951e-06,True
avg,TEMP,3,VAUPES,6,0.8197822947299412,0.0457910386611168,0.05607953853334117,False
avg,TEMP,3,VICHADA,3,1.0,0.0,0.0,True
avg,TEMP,4,AMAZONAS,16,0.40294117647058825,0.121745762952543,0.13883897230896028,False
avg,TEMP,4,ANTIOQUIA,20,0.7714285714285714,6.812469391417083e-05,0.00020437408174251253,True
avg,TEMP,4,ARAUCA,9,0.25,0.5164895523012263,0.5326298508106396,False
avg,TEMP,4,ATLANTICO,18,0.6222910216718266,0.005818551360831045,0.009193537363482737,True
avg,TEMP,4,BOGOTA,20,0.7443609022556391,0.00016739569998519392,0.0004249275461162615,True
avg,TEMP,4,BOLIVAR,19,0.0702062375615889,0.7751855624211641,0.7751855624211641,False
avg,TEMP,4,BOYACA,22,0.9051383399209487,7.164664560765993e-09,5.910848262631944e-08,True
avg,TEMP,4,CALDAS,18,0.8679050567595459,3.054546058934943e-06,1.5167241355017597e-05,True
avg,TEMP,4,CAQUETA,19,0.5105263157894736,0.025516089506920026,0.031186331619568918,True
avg,TEMP,4,CASANARE,19,0.6631578947368422,0.001968415958236449,0.003966400128734053,True
avg,TEMP,4,CAUCA,19,0.6438596491228071,0.0029312928784330367,0.0053740369437939,True
avg,TEMP,4,CESAR,20,0.7097744360902255,0.0004558392343877832,0.0010744781953426318,True
avg,TEMP,4,CHOCO,19,0.8047389980497128,3.256148476955432e-05,0.00011939211082169917,True
avg,TEMP,4,CORDOBA,20,0.7654135338345864,8.403045414071614e-05,0.00023108374888696937,True
avg,TEMP,4,CUNDINAMARCA,21,0.1987012987012987,0.3878822634645567,0.4129069256235603,False
avg,TEMP,4,GUAINIA,14,0.432967032967033,0.12201000596848025,0.13883897230896028,False
avg,TEMP,4,GUAVIARE,4,1.0,0.0,0.0,True
avg,TEMP,4,HUILA,20,0.5278195488721804,0.016759126882928903,0.02304379946402724,True
avg,TEMP,4,LA GUAJIRA,19,0.5368421052631579,0.017790451903171158,0.02348339651218593,True
avg,TEMP,4,MAGDALENA,20,0.801503759398496,2.154990269369141e-05,8.889334861147707e-05,True
avg,TEMP,4,META,19,0.5175438596491229,0.02323790084695127,0.029494258767284304,True
avg,TEMP,4,NARINO,19,0.8543859649122807,3.2172936207613084e-06,1.5167241355017597e-05,True
avg,TEMP,4,NORTE DE SANTANDER,19,0.6070175438596491,0.005850432867670833,0.009193537363482737,True
avg,TEMP,4,PUTUMAYO,18,0.5727554179566564,0.012978178834505893,0.019467268251758842,True
avg,TEMP,4,QUINDIO,19,0.6614035087719298,0.0020432970360145125,0.003966400128734053,True
avg,TEMP,4,RISARALDA,24,0.9236842105263159,1.2343469666638017e-10,1.357781663330182e-09,True
avg,TEMP,4,SAN ANDRES PROVIDENCIA,12,0.6783216783216784,0.0153173290532817,0.021977037337317217,True
avg,TEMP,4,SANTANDER,20,0.6541353383458646,0.0017551954128432132,0.003861429908255069,True
avg,TEMP,4,SUCRE,20,0.6,0.005162925673676805,0.008967186696386029,True
avg,TEMP,4,TOLIMA,20,0.7789473684210525,5.194277584211622e-05,0.0001714111602789835,True
avg,TEMP,4,VALLE DEL CAUCA,22,0.8890144381619749,3.2137076898486264e-08,2.1210470753000935e-07,True
avg,TEMP,4,VAUPES,6,0.5002443195845779,0.3122251852436863,0.34344770376805495,False
avg,TEMP,4,VICHADA,3,1.0,0.0,0.0,True
avg,TEMP,5,AMAZONAS,17,0.4558823529411765,0.06589472039088747,0.10354884632853745,False
avg,TEMP,5,ANTIOQUIA,20,0.7097744360902255,0.0004558392343877832,0.0028277952976618267,True
avg,TEMP,5,ARAUCA,9,0.7333333333333334,0.02455415007146968,0.050642934522406216,False
avg,TEMP,5,ATLANTICO,17,0.5465686274509804,0.02319384337673329,0.050642934522406216,False
avg,TEMP,5,BOGOTA,20,0.5714285714285714,0.008489085694766677,0.023344985660608362,True
avg,TEMP,5,BOLIVAR,19,0.04035087719298246,0.8697227104002634,0.8969015451002716,False
avg,TEMP,5,BOYACA,22,0.5900621118012424,0.0038444041264623315,0.014096148463695215,True
avg,TEMP,5,CALDAS,19,0.7245614035087719,0.0004501976283496303,0.0028277952976618267,True
avg,TEMP,5,CAQUETA,19,0.29473684210526313,0.2205947807705565,0.27998568328570633,False
avg,TEMP,5,CASANARE,19,0.151820988726936,0.5349557480223932,0.5884513228246325,False
avg,TEMP,5,CAUCA,18,0.44272445820433437,0.06578236404039446,0.10354884632853745,False
avg,TEMP,5,CESAR,20,0.6586466165413534,0.0015893261832982616,0.007492537721263233,True
avg,TEMP,5,CHOCO,19,0.4807017543859649,0.037218020763320044,0.07224674618762127,False
avg,TEMP,5,CORDOBA,20,0.7052631578947368,0.0005141445995748776,0.0028277952976618267,True
avg,TEMP,5,CUNDINAMARCA,21,0.16883116883116883,0.4644227731653937,0.5473554112306426,False
avg,TEMP,5,GUAINIA,15,0.021428571428571425,0.9395779040128779,0.9395779040128779,False
avg,TEMP,5,GUAVIARE,5,0.39999999999999997,0.5046315754686911,0.5742359307057519,False
avg,TEMP,5,HUILA,20,0.42105263157894735,0.06448807512897049,0.10354884632853745,False
avg,TEMP,5,LA GUAJIRA,20,0.45563909774436084,0.043493409805465975,0.07973791797668763,False
avg,TEMP,5,MAGDALENA,20,0.3714285714285714,0.10687070696592833,0.15333623173372327,False
avg,TEMP,5,META,18,0.3828689370485036,0.11683232301276766,0.16064444414255555,False
avg,TEMP,5,NARINO,20,0.5744360902255639,0.008072760656054091,0.023344985660608362,True
avg,TEMP,5,NORTE DE SANTANDER,19,0.6070175438596491,0.005850432867670833,0.01930642846331375,True
avg,TEMP,5,PUTUMAYO,17,0.4264705882352942,0.08780457420797669,0.13170686131196502,False
avg,TEMP,5,QUINDIO,20,0.21052631578947367,0.3729699095048,0.4558521116169778,False
avg,TEMP,5,RISARALDA,24,0.9094113675728784,7.603748796164307e-10,2.5092371027342213e-08,True
avg,TEMP,5,SAN ANDRES PROVIDENCIA,13,0.6263736263736264,0.021988602409889653,0.050642934522406216,False
avg,TEMP,5,SANTANDER,20,0.5533834586466165,0.011370353471172316,0.028863204965283572,True
avg,TEMP,5,SUCRE,20,0.6511278195488721,0.0018736439667456604,0.00772878136282585,True
avg,TEMP,5,TOLIMA,20,0.7669172932330827,7.978155088069932e-05,0.0008775970596876925,True
avg,TEMP,5,VALLE DEL CAUCA,22,0.9161016949152543,2.198176640283781e-09,3.626991456468239e-08,True
avg,TEMP,5,VAUPES,6,0.5884898863364997,0.21916818111628908,0.27998568328570633,False
avg,TEMP,5,VICHADA,3,0.5,0.6666666666666667,0.7096774193548389,False
avg,TEMP,6,AMAZONAS,17,0.4438995316260131,0.07426971584416685,0.13616114571430588,False
avg,TEMP,6,ANTIOQUIA,20,0.34736842105263155,0.13344922901624715,0.22972433144756393,False
avg,TEMP,6,ARAUCA,9,0.5333333333333333,0.13922686754397814,0.22972433144756393,False
avg,TEMP,6,ATLANTICO,18,0.040247678018575844,0.8740147776078566,0.9304028277761055,False
avg,TEMP,6,BOGOTA,20,0.4466165413533834,0.04837283310926692,0.09976896828786302,False
avg,TEMP,6,BOLIVAR,19,-0.013163669542797917,0.9573449591601384,0.9872619891338927,False
avg,TEMP,6,BOYACA,22,0.6984754376058724,0.00029979361274913715,0.0019786378441443053,True
avg,TEMP,6,CALDAS,19,0.5473684210526315,0.015279471990301049,0.03878635197537958,True
avg,TEMP,6,CAQUETA,19,0.32631578947368417,0.172729477006792,0.27143203529638743,False
avg,TEMP,6,CASANARE,19,0.21403508771929824,0.37892417299512104,0.5210207378682915,False
avg,TEMP,6,CAUCA,18,0.2053663570691434,0.4136353714020946,0.5459986902507649,False
avg,TEMP,6,CESAR,20,0.47518796992481205,0.03422725114507126,0.07673598103489236,False
avg,TEMP,6,CHOCO,19,0.7614035087719299,0.00015251563657617335,0.0012582540017534302,True
avg,TEMP,6,CORDOBA,20,0.6646616541353383,0.0013887947848759102,0.0065471754144150055,True
avg,TEMP,6,CUNDINAMARCA,21,-0.044155844155844164,0.8492705803407118,0.9304028277761055,False
avg,TEMP,6,GUAINIA,19,0.09298245614035087,0.7049792897185855,0.8308684485969043,False
avg,TEMP,6,GUAVIARE,4,0.0,1.0,1.0,False
avg,TEMP,6,HUILA,20,0.47368421052631576,0.034879991379496524,0.07673598103489236,False
avg,TEMP,6,LA GUAJIRA,19,0.27543859649122804,0.25372370328900945,0.36403835689292663,False
avg,TEMP,6,MAGDALENA,20,0.30977443609022554,0.18380643241191041,0.2757096486178656,False
avg,TEMP,6,META,19,0.5736842105263157,0.010222581046377573,0.033734517453045995,True
avg,TEMP,6,NARINO,20,0.544360902255639,0.013082608661519567,0.03878635197537958,True
avg,TEMP,6,NORTE DE SANTANDER,19,0.5508771929824561,0.014508498261036222,0.03878635197537958,True
avg,TEMP,6,PUTUMAYO,17,0.18872549019607845,0.4681922842798525,0.5942440531244282,False
avg,TEMP,6,QUINDIO,20,0.13082706766917293,0.5824730901969897,0.7119115546852096,False
avg,TEMP,6,RISARALDA,24,0.8332623887674497,4.317137388561005e-07,4.748851127417105e-06,True
avg,TEMP,6,SAN ANDRES PROVIDENCIA,12,0.7622377622377624,0.003950448972542649,0.014484979565989715,True
avg,TEMP,6,SANTANDER,20,0.431578947368421,0.05742465038435194,0.11147138015785964,False
avg,TEMP,6,SUCRE,20,0.675187969924812,0.0010889426257988835,0.005989184441893859,True
avg,TEMP,6,TOLIMA,20,0.6541353383458646,0.0017551954128432132,0.007240181077978254,True
avg,TEMP,6,VALLE DEL CAUCA,22,0.8652923248183898,2.012878918140867e-07,3.3212502149324307e-06,True
avg,TEMP,6,VAUPES,6,0.1543033499620919,0.770381919699268,0.8766414948302015,False
avg,TEMP,6,VICHADA,3,1.0,0.0,0.0,True
avg,TEMP,7,AMAZONAS,17,-0.015941143400934176,0.9515790655518024,0.9813159113502962,False
avg,TEMP,7,ANTIOQUIA,20,0.2706766917293233,0.24839056913669727,0.4098444390755505,False
avg,TEMP,7,ARAUCA,9,0.45,0.22421610749233667,0.3894279761709005,False
avg,TEMP,7,ATLANTICO,18,0.2652218782249742,0.2874842429174512,0.4464007505829927,False
avg,TEMP,7,BOGOTA,19,0.4052631578947368,0.08519044298371392,0.18741897456417064,False
avg,TEMP,7,BOLIVAR,19,0.0544098341102314,0.8249140367040472,0.9314145697183923,False
avg,TEMP,7,BOYACA,21,0.6727272727272726,0.0008333435326227538,0.006875084144137719,True
avg,TEMP,7,CALDAS,20,0.5338345864661653,0.0153370468002174,0.0562358382674638,False
avg,TEMP,7,CAQUETA,20,0.7022556390977444,0.0005564352866091819,0.0061207881527010006,True
avg,TEMP,7,CASANARE,19,0.07894736842105264,0.7480109342989423,0.9142355863653739,False
avg,TEMP,7,CAUCA,18,-0.06914344685242517,0.7851478708666942,0.9253528478071754,False
avg,TEMP,7,CESAR,20,0.21052631578947367,0.3729699095048,0.5128336255691001,False
avg,TEMP,7,CHOCO,20,0.6330827067669172,0.002733786879051339,0.015035827834782363,True
avg,TEMP,7,CORDOBA,20,0.6601503759398496,0.001537048632118307,0.010144520971980826,True
avg,TEMP,7,CUNDINAMARCA,21,0.22207792207792207,0.33328051959453797,0.4781850933312936,False
avg,TEMP,7,GUAINIA,19,-0.04036858659791362,0.8696659983359347,0.9314145697183923,False
avg,TEMP,7,GUAVIARE,5,0.3,0.6238376647810728,0.823465717511016,False
avg,TEMP,7,HUILA,20,0.5218045112781955,0.01828494348209759,0.060340313490922046,False
avg,TEMP,7,LA GUAJIRA,20,0.24511278195488717,0.2976005003886618,0.4464007505829927,False
avg,TEMP,7,MAGDALENA,20,0.3398496240601503,0.14263670537136702,0.2768830163091242,False
avg,TEMP,7,META,19,0.37543859649122807,0.11319758006806778,0.2334700088903898,False
avg,TEMP,7,NARINO,20,0.4631578947368421,0.039724966457935725,0.10924365775932325,False
avg,TEMP,7,NORTE DE SANTANDER,19,0.519298245614035,0.02269420152703128,0.06808260458109384,False
avg,TEMP,7,PUTUMAYO,17,0.3556101220208393,0.16126565867815484,0.29565370757661724,False
avg,TEMP,7,QUINDIO,20,0.037593984962406006,0.8749652018566716,0.9314145697183923,False
avg,TEMP,7,RISARALDA,24,0.8490173498996074,1.5655236340995842e-07,5.166227992528628e-06,True
avg,TEMP,7,SAN ANDRES PROVIDENCIA,14,0.5076923076923077,0.06383915813376861,0.1620532475703357,False
avg,TEMP,7,SANTANDER,20,0.5984962406015037,0.005305836200418917,0.021886574326728032,True
avg,TEMP,7,SUCRE,20,0.6210526315789473,0.003472810272541166,0.016371819856265495,True
avg,TEMP,7,TOLIMA,20,0.41052631578947363,0.07218723053142066,0.170155614824063,False
avg,TEMP,7,VALLE DEL CAUCA,22,0.7060152780828899,0.00024106509714085438,0.0039775741028240975,True
avg,TEMP,7,VAUPES,5,0.0,1.0,1.0,False
avg,TEMP,7,VICHADA,3,-0.5,0.6666666666666667,0.8461538461538463,False
avg,TEMP,8,AMAZONAS,18,-0.10325246600551242,0.683488983753956,0.7268377506811754,False
avg,TEMP,8,ANTIOQUIA,20,0.16240601503759397,0.4939125443630319,0.6268889986146173,False
avg,TEMP,8,ARAUCA,10,0.34545454545454546,0.32822651147136733,0.5378785512747649,False
avg,TEMP,8,ATLANTICO,18,0.44685242518059853,0.06301029106386723,0.1386226403405079,False
avg,TEMP,8,BOGOTA,20,0.5578947368421052,0.010585028447546954,0.03493059387690495,True
avg,TEMP,8,BOLIVAR,19,0.1448003649707771,0.5542177786663978,0.6531852391425402,False
avg,TEMP,8,BOYACA,20,0.631578947368421,0.0028182871655732474,0.013286210923416739,True
avg,TEMP,8,CALDAS,21,0.251948051948052,0.2705631402262357,0.5199483272680901,False
avg,TEMP,8,CAQUETA,19,0.6508771929824562,0.002544036186011222,0.013286210923416739,True
avg,TEMP,8,CASANARE,18,0.2672858617131063,0.28360817850986736,0.5199483272680901,False
avg,TEMP,8,CAUCA,18,-0.09597523219814243,0.7048123642968973,0.7268377506811754,False
avg,TEMP,8,CESAR,20,0.07368421052631578,0.757528699864343,0.757528699864343,False
avg,TEMP,8,CHOCO,20,0.6676691729323309,0.0012967923499898853,0.013286210923416739,True
avg,TEMP,8,CORDOBA,20,0.6827067669172932,0.0009099086324726488,0.013286210923416739,True
avg,TEMP,8,CUNDINAMARCA,21,0.13766233766233765,0.5518008406047312,0.6531852391425402,False
avg,TEMP,8,GUAINIA,18,0.18059855521155832,0.4732892668249995,0.6247418322089993,False
avg,TEMP,8,GUAVIARE,6,0.3714285714285715,0.46847813411078715,0.6247418322089993,False
avg,TEMP,8,HUILA,20,0.6195488721804511,0.0035758529444134455,0.014750393395705462,True
avg,TEMP,8,LA GUAJIRA,20,0.09774436090225563,0.681832438507082,0.7268377506811754,False
avg,TEMP,8,MAGDALENA,20,0.22406015037593985,0.34228635081121406,0.5378785512747649,False
avg,TEMP,8,META,20,0.193984962406015,0.4125038246613568,0.6187557369920352,False
avg,TEMP,8,NARINO,20,0.45714285714285713,0.042718510627876995,0.11747590422666172,False
avg,TEMP,8,NORTE DE SANTANDER,19,0.6701754385964912,0.001691308018215136,0.013286210923416739,True
avg,TEMP,8,PUTUMAYO,17,0.286764705882353,0.2644463470710114,0.5199483272680901,False
avg,TEMP,8,QUINDIO,20,0.22406015037593985,0.34228635081121406,0.5378785512747649,False
avg,TEMP,8,RISARALDA,24,0.8437656961888883,2.2223744956599845e-07,7.333835835677949e-06,True
avg,TEMP,8,SAN ANDRES PROVIDENCIA,14,0.5120879120879122,0.06119848615645835,0.1386226403405079,False
avg,TEMP,8,SANTANDER,20,0.5578947368421052,0.010585028447546954,0.03493059387690495,True
avg,TEMP,8,SUCRE,20,0.5308270676691729,0.016035444376776162,0.048106333130328485,True
avg,TEMP,8,TOLIMA,20,0.437593984962406,0.05366144000429185,0.13621750154935625,False
avg,TEMP,8,VALLE DEL CAUCA,22,0.611518915866742,0.00249452747768515,0.013286210923416739,True
avg,TEMP,8,VAUPES,4,0.5443310539518174,0.45566894604818264,0.6247418322089993,False
avg,TEMP,8,VICHADA,3,0.5,0.6666666666666667,0.7268377506811754,False
avg,TEMP,9,AMAZONAS,18,0.4202375366424356,0.0824985479571108,0.22687100688205472,False
avg,TEMP,9,ANTIOQUIA,20,-0.18496240601503755,0.4349861436228526,0.6524792154342789,False
avg,TEMP,9,ARAUCA,10,0.3696969696969697,0.2930500752928223,0.5089817097191124,False
avg,TEMP,9,ATLANTICO,18,-0.03199174406604747,0.8997186782888817,0.9577650446300999,False
avg,TEMP,9,BOGOTA,20,0.46917293233082696,0.036896559181429214,0.17394092185530916,False
avg,TEMP,9,BOLIVAR,18,0.09602479338512657,0.7046664112444079,0.8943842911948253,False
avg,TEMP,9,BOYACA,21,0.30129870129870134,0.1844190014873057,0.3381015027267271,False
avg,TEMP,9,CALDAS,22,0.2941840767927725,0.18386950922521036,0.3381015027267271,False
avg,TEMP,9,CAQUETA,19,0.32631578947368417,0.172729477006792,0.3381015027267271,False
avg,TEMP,9,CASANARE,18,0.35397316821465424,0.14955138885906258,0.3381015027267271,False
avg,TEMP,9,CAUCA,20,0.12330827067669171,0.6045088306268851,0.8634668394125198,False
avg,TEMP,9,CESAR,20,-0.03308270676691729,0.889875964885619,0.9577650446300999,False
avg,TEMP,9,CHOCO,20,0.6962406015037594,0.0006499244054973399,0.010723752690706108,True
avg,TEMP,9,CORDOBA,20,0.6586466165413534,0.0015893261832982616,0.017482588016280876,True
avg,TEMP,9,CUNDINAMARCA,21,-0.029870129870129873,0.8977307350801784,0.9577650446300999,False
avg,TEMP,9,GUAINIA,16,-0.0058823529411764705,0.9827505044191351,0.9899597295184989,False
avg,TEMP,9,GUAVIARE,9,0.17573375583870185,0.6510838503222887,0.8634668394125198,False
avg,TEMP,9,HUILA,20,0.5654135338345864,0.009374317750631534,0.07733812144271016,False
avg,TEMP,9,LA GUAJIRA,20,0.003007518796992481,0.9899597295184989,0.9899597295184989,False
avg,TEMP,9,MAGDALENA,20,0.20902255639097742,0.3764723395871389,0.5915993907797896,False
avg,TEMP,9,META,20,0.22857142857142856,0.3323968570405118,0.5484548141168445,False
avg,TEMP,9,NARINO,20,0.3443609022556391,0.13707258150434384,0.3381015027267271,False
avg,TEMP,9,NORTE DE SANTANDER,20,0.4120300751879699,0.0710472186641245,0.21314165599237353,False
avg,TEMP,9,PUTUMAYO,18,-0.03199174406604747,0.8997186782888817,0.9577650446300999,False
avg,TEMP,9,QUINDIO,20,-0.10676691729323308,0.6541415450094847,0.8634668394125198,False
avg,TEMP,9,RISARALDA,24,0.7921244347001494,3.978269802582606e-06,0.000131282903485226,True
avg,TEMP,9,SAN ANDRES PROVIDENCIA,12,0.5524475524475525,0.0625114832796151,0.20628789482272986,False
avg,TEMP,9,SANTANDER,20,0.5338345864661653,0.0153370468002174,0.10122450888143483,False
avg,TEMP,9,SUCRE,20,0.312781954887218,0.17936353052759138,0.3381015027267271,False
avg,TEMP,9,TOLIMA,20,0.4526315789473684,0.04507568878304832,0.18593721623007434,False
avg,TEMP,9,VALLE DEL CAUCA,23,0.47378856015514603,0.022384359424988034,0.12311397683743419,False
avg,TEMP,9,VAUPES,4,0.9486832980505139,0.05131670194948612,0.1881612404814491,False
avg,TEMP,9,VICHADA,4,0.19999999999999998,0.8,0.9577650446300999,False
avg,TEMP,10,AMAZONAS,16,0.15882352941176472,0.5568612810855389,0.7770067141875452,False
avg,TEMP,10,ANTIOQUIA,20,0.19548872180451127,0.40881908952023194,0.6716619768927574,False
avg,TEMP,10,ARAUCA,10,-0.11515151515151514,0.7514196523258483,0.9155386959841765,False
avg,TEMP,10,ATLANTICO,18,-0.04437564499484004,0.8612061336731367,0.9497826777838688,False
avg,TEMP,10,BOGOTA,21,0.4753246753246753,0.029430421226411384,0.10791154449684175,False
avg,TEMP,10,BOLIVAR,19,-0.08070175438596491,0.7425898686237979,0.9155386959841765,False
avg,TEMP,10,BOYACA,21,0.5051948051948052,0.01949043669697086,0.08039805137500479,False
avg,TEMP,10,CALDAS,19,0.6315789473684211,0.0037259598816399148,0.030739169023529297,True
avg,TEMP,10,CAQUETA,20,0.2526315789473684,0.28255005726391946,0.5180084383171857,False
avg,TEMP,10,CASANARE,19,0.3719298245614035,0.11687923396377846,0.2571343147203126,False
avg,TEMP,10,CAUCA,20,0.09172932330827067,0.7005157258604466,0.9155386959841765,False
avg,TEMP,10,CESAR,20,0.18796992481203004,0.42742125802266384,0.6716619768927574,False
avg,TEMP,10,CHOCO,20,0.543813502165863,0.013192834105892559,0.06219478935635064,False
avg,TEMP,10,CORDOBA,20,0.4646616541353384,0.039002619486165416,0.12870864430434587,False
avg,TEMP,10,CUNDINAMARCA,21,0.3233766233766234,0.1527420375382629,0.2964992493389809,False
avg,TEMP,10,GUAINIA,17,-0.03556101220208393,0.8922200912515131,0.9497826777838688,False
avg,TEMP,10,GUAVIARE,10,0.6322217654272672,0.049846099509679546,0.13707677365161874,False
avg,TEMP,10,HUILA,20,0.5473684210526315,0.012490190369603566,0.06219478935635064,False
avg,TEMP,10,LA GUAJIRA,20,0.06766917293233082,0.7768207117441497,0.9155386959841765,False
avg,TEMP,10,MAGDALENA,20,0.5684210526315789,0.008922760369500673,0.05889021843870444,False
avg,TEMP,10,META,20,0.013533834586466165,0.9548397533571387,0.9846784956495492,False
avg,TEMP,10,NARINO,20,0.3924812030075188,0.08695594245899085,0.2049675786533356,False
avg,TEMP,10,NORTE DE SANTANDER,19,0.3596491228070175,0.13043678910162934,0.2690258775221105,False
avg,TEMP,10,PUTUMAYO,19,0.1842105263157895,0.45028518879802637,0.6754277831970396,False
avg,TEMP,10,QUINDIO,20,-0.13684210526315788,0.5650957921363965,0.7770067141875452,False
avg,TEMP,10,RISARALDA,24,0.7868727809894301,5.098067676658155e-06,8.411811666485956e-05,True
avg,TEMP,10,SAN ANDRES PROVIDENCIA,13,0.2692307692307692,0.37373304228189164,0.6491152839632854,False
avg,TEMP,10,SANTANDER,20,0.037593984962406006,0.8749652018566716,0.9497826777838688,False
avg,TEMP,10,SUCRE,20,0.4270676691729323,0.060376047595293976,0.15326227466497702,False
avg,TEMP,10,TOLIMA,20,0.4451127819548871,0.04922529669211776,0.13707677365161874,False
avg,TEMP,10,VALLE DEL CAUCA,23,0.7086731128132852,0.0001538067529489781,0.0016918742824387591,True
avg,TEMP,10,VAUPES,5,1.0,0.0,0.0,True
avg,TEMP,10,VICHADA,4,0.0,1.0,1.0,False
avg,TEMP,11,AMAZONAS,16,0.5411764705882353,0.03040021888817021,0.09302692318561341,False
avg,TEMP,11,ANTIOQUIA,21,0.06883116883116883,0.7668778725128099,0.9116108391038273,False
avg,TEMP,11,ARAUCA,10,0.49090909090909085,0.14965567342083677,0.29050807193456546,False
avg,TEMP,11,ATLANTICO,18,-0.10216718266253869,0.6866550541678016,0.8715237225975943,False
avg,TEMP,11,BOGOTA,21,0.46753246753246747,0.032589125101716326,0.09302692318561341,False
avg,TEMP,11,BOLIVAR,19,0.17910454664056974,0.46315454701415826,0.720336137330745,False
avg,TEMP,11,BOYACA,21,0.5025974025974026,0.020229828771012277,0.08344804368042565,False
avg,TEMP,11,CALDAS,19,0.6175438596491227,0.00484333815485027,0.039957539777514726,True
avg,TEMP,11,CAQUETA,20,-0.15939849624060148,0.5020524593517314,0.720336137330745,False
avg,TEMP,11,CASANARE,18,0.5314757481940144,0.023216334307843867,0.08512655912876084,False
avg,TEMP,11,CAUCA,20,-0.03157894736842105,0.8948543863933638,0.9525869274510002,False
avg,TEMP,11,CESAR,20,0.1413533834586466,0.5522144386322418,0.7592948531193325,False
avg,TEMP,11,CHOCO,20,0.4761188753402369,0.033827972067495785,0.09302692318561341,False
avg,TEMP,11,CORDOBA,20,0.41503759398496237,0.06880769728594098,0.16218957217400373,False
avg,TEMP,11,CUNDINAMARCA,21,0.18571428571428572,0.4202513335237501,0.6934147003141876,False
avg,TEMP,11,GUAINIA,19,-0.16761739217829352,0.4927741001363424,0.720336137330745,False
avg,TEMP,11,GUAVIARE,10,0.018406293574195463,0.9597498710616379,0.9897420545323141,False
avg,TEMP,11,HUILA,20,0.544360902255639,0.013082608661519567,0.06167515511859224,False
avg,TEMP,11,LA GUAJIRA,20,0.060150375939849614,0.8011125555760907,0.9116108391038273,False
avg,TEMP,11,MAGDALENA,20,0.5624060150375939,0.00984430003305582,0.05414365018180701,False
avg,TEMP,11,META,20,0.04060150375939849,0.8650468790077722,0.9515515669085494,False
avg,TEMP,11,NARINO,20,0.5819548872180451,0.00710443754510044,0.0468892877976629,True
avg,TEMP,11,NORTE DE SANTANDER,19,0.37719298245614036,0.1113882030181703,0.22973816872497624,False
avg,TEMP,11,PUTUMAYO,18,0.07124420154380358,0.7787714503200565,0.9116108391038273,False
avg,TEMP,11,QUINDIO,20,-0.11879699248120301,0.6178918280262935,0.8156172129947075,False
avg,TEMP,11,RISARALDA,24,0.761489788054287,1.5455388384862665e-05,0.0005100278167004679,True
avg,TEMP,11,SAN ANDRES PROVIDENCIA,13,0.5,0.08186423116569437,0.18010130856452763,False
avg,TEMP,11,SANTANDER,20,0.2120300751879699,0.36948599387790193,0.6417388314721455,False
avg,TEMP,11,SUCRE,20,0.3037593984962406,0.19291416827770463,0.35367597517579186,False
avg,TEMP,11,TOLIMA,20,0.6842105263157895,0.0008772646601370105,0.009649911261507115,True
avg,TEMP,11,VALLE DEL CAUCA,23,0.6627105121168013,0.0005692735486714789,0.009393013553079402,True
avg,TEMP,11,VAUPES,6,0.8060599359358184,0.052771813251892584,0.13395921825480425,False
avg,TEMP,11,VICHADA,4,0.0,1.0,1.0,False
avg,TEMP,12,AMAZONAS,16,-0.09411764705882353,0.7288144270239805,0.8589598604211198,False
avg,TEMP,12,ANTIOQUIA,21,-0.12727272727272726,0.5824788611326692,0.7393000929760802,False
avg,TEMP,12,ARAUCA,10,0.41818181818181815,0.22911284098281892,0.3600344644015726,False
avg,TEMP,12,ATLANTICO,19,0.15087719298245614,0.5375272100958033,0.7226101610389866,False
avg,TEMP,12,BOGOTA,21,0.4623376623376624,0.03483879569015512,0.14371003222188986,False
avg,TEMP,12,BOLIVAR,19,0.3211935368442692,0.17996691827761585,0.32990174729306365,False
avg,TEMP,12,BOYACA,21,0.34155844155844156,0.1296778641559596,0.28529130114311113,False
avg,TEMP,12,CALDAS,20,0.35488721804511275,0.12468812756013875,0.28529130114311113,False
avg,TEMP,12,CAQUETA,20,-0.4240601503759398,0.06240648623134545,0.18721945869403633,False
avg,TEMP,12,CASANARE,18,0.3333333333333333,0.17646319681352732,0.32990174729306365,False
avg,TEMP,12,CAUCA,20,-0.1894736842105263,0.42366525592686277,0.6354978838902942,False
avg,TEMP,12,CESAR,20,0.03157894736842105,0.8948543863933638,0.9228185859681564,False
avg,TEMP,12,CHOCO,20,0.6165413533834586,0.0037895555881575995,0.031263833602300194,True
avg,TEMP,12,CORDOBA,20,0.2992481203007519,0.19994045290488707,0.32990174729306365,False
avg,TEMP,12,CUNDINAMARCA,21,0.17142857142857143,0.45747702762159437,0.6563800831092441,False
avg,TEMP,12,GUAINIA,17,-0.15695895040919802,0.5474319401810505,0.7226101610389866,False
avg,TEMP,12,GUAVIARE,8,0.7784570702436183,0.022867333969736826,0.10780314585733075,False
avg,TEMP,12,HUILA,20,0.6481203007518795,0.0019987135591128073,0.02198584915024088,True
avg,TEMP,12,LA GUAJIRA,20,0.03458646616541353,0.8849015088305833,0.9228185859681564,False
avg,TEMP,12,MAGDALENA,20,0.3699248120300751,0.1084095615537755,0.2751935024057378,False
avg,TEMP,12,META,20,0.09924812030075188,0.6771888443218218,0.8276752541711155,False
avg,TEMP,12,NARINO,20,0.5233082706766917,0.017893477980418213,0.09841412889230017,False
avg,TEMP,12,NORTE DE SANTANDER,20,0.33684210526315783,0.1464329432946607,0.3020179455452377,False
avg,TEMP,12,PUTUMAYO,18,-0.06501547987616099,0.7977151313810279,0.9077448046749628,False
avg,TEMP,12,QUINDIO,20,-0.021052631578947364,0.9297994024457079,0.9297994024457079,False
avg,TEMP,12,RISARALDA,24,0.7623650636727404,1.4909187494404863e-05,0.00024600159365768023,True
avg,TEMP,12,SAN ANDRES PROVIDENCIA,12,0.4055944055944056,0.19083587400450033,0.32990174729306365,False
avg,TEMP,12,SANTANDER,20,0.048120300751879695,0.8403389659546905,0.9228185859681564,False
avg,TEMP,12,SUCRE,20,0.5609022556390978,0.010086372424803406,0.06657005800370248,False
avg,TEMP,12,TOLIMA,20,0.4421052631578947,0.05096470340964169,0.16818352125181757,False
avg,TEMP,12,VALLE DEL CAUCA,23,0.344793565116823,0.10713329563494449,0.2751935024057378,False
avg,TEMP,12,VAUPES,6,0.823529411764706,0.04396499084062688,0.1612049664156319,False
avg,TEMP,12,VICHADA,3,-1.0,0.0,0.0,True
avg,HUMI,1,AMAZONAS,16,0.7558823529411764,0.0007058905869098935,0.0019411991140022072,True
avg,HUMI,1,ANTIOQUIA,21,0.7506493506493507,8.843868728411263e-05,0.00041692524005367384,True
avg,HUMI,1,ARAUCA,10,0.43030303030303024,0.21449233253280775,0.2527945347708091,False
avg,HUMI,1,ATLANTICO,19,0.7596491228070175,0.00016125927895513438,0.0006651945256899293,True
avg,HUMI,1,BOGOTA,21,0.7508931867287554,8.77121837560346e-05,0.00041692524005367384,True
avg,HUMI,1,BOLIVAR,19,0.736842105263158,0.00031998843680607915,0.0011732909349556236,True
avg,HUMI,1,BOYACA,22,0.6194240542066629,0.0021105766720578368,0.004643268678527241,True
avg,HUMI,1,CALDAS,19,0.6070175438596491,0.005850432867670833,0.011356722625478675,True
avg,HUMI,1,CAQUETA,20,0.8917293233082706,1.3029570145042387e-07,4.299758147863988e-06,True
avg,HUMI,1,CASANARE,20,0.8330827067669173,5.123854828137097e-06,4.227180233213105e-05,True
avg,HUMI,1,CAUCA,21,0.8480519480519481,1.2038040858545719e-06,1.4661289426031055e-05,True
avg,HUMI,1,CESAR,21,0.6077922077922078,0.003469852390223122,0.007156570554835189,True
avg,HUMI,1,CHOCO,21,0.4995128554606196,0.021136877228597195,0.03487584742718537,True
avg,HUMI,1,CORDOBA,21,0.5367121507472384,0.012123796271032541,0.02105711983916178,True
avg,HUMI,1,CUNDINAMARCA,22,0.25947971749558424,0.24356046457470137,0.2771550114125912,False
avg,HUMI,1,GUAINIA,17,0.3421214622200488,0.1789017473201784,0.22706760236791876,False
avg,HUMI,1,GUAVIARE,6,0.6,0.20799999999999982,0.2527945347708091,False
avg,HUMI,1,HUILA,20,0.656229405395346,0.0016764832547902517,0.0039517105291484505,True
avg,HUMI,1,LA GUAJIRA,20,0.6962406015037594,0.0006499244054973399,0.0019411991140022072,True
avg,HUMI,1,MAGDALENA,20,0.8577880532124933,1.3328444932755505e-06,1.4661289426031055e-05,True
avg,HUMI,1,META,19,0.40037973189524767,0.08938626779662986,0.1340794016949448,False
avg,HUMI,1,NARINO,20,0.1468041469760002,0.5368287652620675,0.5714628791499429,False
avg,HUMI,1,NORTE DE SANTANDER,20,0.8074613541622776,1.6767539797473556e-05,0.00011066576266332546,True
avg,HUMI,1,PUTUMAYO,18,0.38242940019185145,0.11728827823781166,0.16127138257699103,False
avg,HUMI,1,QUINDIO,20,0.16800175567771888,0.47894128959050464,0.5268354185495551,False
avg,HUMI,1,RISARALDA,25,-0.420833823926524,0.03618413272598066,0.0568607799979696,False
avg,HUMI,1,SAN ANDRES PROVIDENCIA,13,0.6804407713498623,0.010478111486223402,0.019209871058076238,True
avg,HUMI,1,SANTANDER,20,0.6792677311477489,0.0009884384954005343,0.0025091131037090486,True
avg,HUMI,1,SUCRE,21,0.6963300139906797,0.00045427197542672687,0.0014990975189081985,True
avg,HUMI,1,TOLIMA,20,0.3153545144341218,0.17562152206891465,0.22706760236791876,False
avg,HUMI,1,VALLE DEL CAUCA,23,-0.3536415004769041,0.09783968576174402,0.14037867957119793,False
avg,HUMI,1,VAUPES,6,-0.05797710356524484,0.9131317851623264,0.9131317851623264,False
avg,HUMI,1,VICHADA,3,0.5,0.6666666666666667,0.6875000000000001,False
avg,HUMI,2,AMAZONAS,17,0.42892156862745107,0.08580101895154528,0.157301868077833,False
avg,HUMI,2,ANTIOQUIA,21,0.4922077922077922,0.02341496306990662,0.05885910911176275,False
avg,HUMI,2,ARAUCA,10,-0.1515151515151515,0.6760651759978538,0.7196822841267475,False
avg,HUMI,2,ATLANTICO,19,0.8315789473684211,1.0211881664518593e-05,0.00011233069830970454,True
avg,HUMI,2,BOGOTA,21,0.36233766233766235,0.1064906990145019,0.18287389616339403,False
avg,HUMI,2,BOLIVAR,20,0.6295187861980412,0.002937573891614271,0.010833425833928734,True
avg,HUMI,2,BOYACA,22,0.34952004517221913,0.11083266434145092,0.18287389616339403,False
avg,HUMI,2,CALDAS,19,0.17719298245614035,0.46801996198974094,0.5392474166670197,False
avg,HUMI,2,CAQUETA,20,0.6556390977443608,0.001698366104951454,0.008006583066199712,True
avg,HUMI,2,CASANARE,19,0.8491228070175438,4.2696917643518e-06,7.04499141118047e-05,True
avg,HUMI,2,CAUCA,20,0.6887218045112782,0.0007852045694487572,0.004318625131968164,True
avg,HUMI,2,CESAR,21,0.9282234981275013,1.3389331606330511e-09,4.418479430089069e-08,True
avg,HUMI,2,CHOCO,20,0.25141779618999677,0.28494717700536226,0.3616637246606521,False
avg,HUMI,2,CORDOBA,21,0.5099058404689213,0.018204716833649163,0.0500629712925352,False
avg,HUMI,2,CUNDINAMARCA,22,0.45207389812270715,0.03466164224735837,0.07148963713517664,False
avg,HUMI,2,GUAINIA,16,0.12094447901054688,0.6554679401036361,0.7196822841267475,False
avg,HUMI,2,GUAVIARE,5,0.0,1.0,1.0,False
avg,HUMI,2,HUILA,20,0.43137365304646297,0.05755653264861165,0.11172738690612849,False
avg,HUMI,2,LA GUAJIRA,20,0.7122979067096435,0.00042574960567962565,0.0028099473974855294,True
avg,HUMI,2,MAGDALENA,20,0.7822490210961238,4.596008952647566e-05,0.00037917073859342423,True
avg,HUMI,2,META,19,0.085615049742372,0.7274700878234494,0.7502035280679321,False
avg,HUMI,2,NARINO,20,0.18806839640047301,0.42717476065275395,0.5221024852422548,False
avg,HUMI,2,NORTE DE SANTANDER,20,0.5250878996319349,0.01743888448097037,0.0500629712925352,False
avg,HUMI,2,PUTUMAYO,19,0.6434628282146193,0.002954570681980564,0.010833425833928734,True
avg,HUMI,2,QUINDIO,20,-0.16991154837042818,0.47388409343465365,0.5392474166670197,False
avg,HUMI,2,RISARALDA,25,-0.44251348623199893,0.026754140505346705,0.05885910911176275,False
avg,HUMI,2,SAN ANDRES PROVIDENCIA,13,0.35213238264366686,0.2380089766666944,0.3272623429167048,False
avg,HUMI,2,SANTANDER,21,0.32073257072984274,0.15632013277886928,0.24564592293822315,False
avg,HUMI,2,SUCRE,21,0.4853802194239086,0.025716940017942398,0.05885910911176275,False
avg,HUMI,2,TOLIMA,21,0.30287619219242035,0.18201838793075634,0.2730275818961345,False
avg,HUMI,2,VALLE DEL CAUCA,23,-0.4930702736413234,0.016819018412681287,0.0500629712925352,False
avg,HUMI,2,VAUPES,6,-0.5294117647058824,0.28007327498473444,0.3616637246606521,False
avg,HUMI,2,VICHADA,4,-0.7999999999999999,0.20000000000000007,0.28695652173913055,False
avg,HUMI,3,AMAZONAS,16,0.4205882352941176,0.10476751392918707,0.16463466474586538,False
avg,HUMI,3,ANTIOQUIA,21,0.6194805194805195,0.0027458897532375575,0.011326795232104924,True
avg,HUMI,3,ARAUCA,10,0.5030303030303029,0.13833369839449197,0.19020883529242646,False
avg,HUMI,3,ATLANTICO,19,0.8315789473684211,1.0211881664518593e-05,0.0001684960474645568,True
avg,HUMI,3,BOGOTA,21,0.16623376623376623,0.4714220223155512,0.5018363463359093,False
avg,HUMI,3,BOLIVAR,20,0.7503759398496239,0.00013841163311276012,0.0009135167785442168,True
avg,HUMI,3,BOYACA,23,0.1818181818181818,0.4063711723526793,0.47893745312994346,False
avg,HUMI,3,CALDAS,19,0.4807017543859649,0.037218020763320044,0.06464182553629272,False
avg,HUMI,3,CAQUETA,20,0.6090225563909774,0.004370507553662533,0.013250133787546055,True
avg,HUMI,3,CASANARE,20,0.6060150375939849,0.00462261467072206,0.013250133787546055,True
avg,HUMI,3,CAUCA,20,0.45112781954887216,0.04588325880000641,0.07570737702001058,False
avg,HUMI,3,CESAR,21,0.7415584415584415,0.00011951333722583938,0.0009135167785442168,True
avg,HUMI,3,CHOCO,20,0.6102762550544826,0.004268827660361271,0.013250133787546055,True
avg,HUMI,3,CORDOBA,21,0.5339396189368832,0.01266326370338105,0.029849121586541048,True
avg,HUMI,3,CUNDINAMARCA,22,0.5026944227958628,0.017105066596374893,0.03360265268708768,True
avg,HUMI,3,GUAINIA,15,0.0950682204417782,0.7361022464956155,0.7361022464956155,False
avg,HUMI,3,GUAVIARE,5,0.9746794344808963,0.004818230468198566,0.013250133787546055,True
avg,HUMI,3,HUILA,21,0.2167266129438522,0.34535710917434426,0.42210313343530964,False
avg,HUMI,3,LA GUAJIRA,20,0.7643080956830286,8.727670230379865e-05,0.0009135167785442168,True
avg,HUMI,3,MAGDALENA,20,0.7203007518796991,0.0003412328956726316,0.0018767809261994739,True
avg,HUMI,3,META,19,0.5347413725758992,0.01832871964750237,0.03360265268708768,True
avg,HUMI,3,NARINO,20,0.1356443489897572,0.5685378476235474,0.5863046553617832,False
avg,HUMI,3,NORTE DE SANTANDER,20,0.5230399834470658,0.0179628241686623,0.03360265268708768,True
avg,HUMI,3,PUTUMAYO,19,0.3756666340424855,0.11296121361998727,0.1694418204299809,False
avg,HUMI,3,QUINDIO,20,0.18535785559035217,0.43398744820667445,0.4927681903969955,False
avg,HUMI,3,RISARALDA,25,-0.4679977443592349,0.01831153779111673,0.03360265268708768,True
avg,HUMI,3,SAN ANDRES PROVIDENCIA,13,0.6703296703296703,0.012166220319952023,0.029849121586541048,True
avg,HUMI,3,SANTANDER,21,0.3458171802694817,0.12465596861404185,0.17885421583753833,False
avg,HUMI,3,SUCRE,21,0.6380496239672757,0.0018571993240996492,0.00875536824218406,True
avg,HUMI,3,TOLIMA,21,0.1750165988359333,0.44797108217908677,0.4927681903969955,False
avg,HUMI,3,VALLE DEL CAUCA,23,-0.2996132585108405,0.16485842927077451,0.21761312663742235,False
avg,HUMI,3,VAUPES,6,0.6179143806533246,0.1910939016901931,0.2425422598375528,False
avg,HUMI,3,VICHADA,3,1.0,0.0,0.0,True
avg,HUMI,4,AMAZONAS,16,0.5911764705882353,0.015875579555641478,0.05821045837068542,False
avg,HUMI,4,ANTIOQUIA,20,0.5458646616541353,0.012783628876204734,0.052732469114344524,False
avg,HUMI,4,ARAUCA,9,-0.48333333333333334,0.18746985521554207,0.31276854173576984,False
avg,HUMI,4,ATLANTICO,18,0.6759545923632612,0.0020739524486674083,0.022813476935341494,True
avg,HUMI,4,BOGOTA,20,0.4240601503759398,0.06240648623134545,0.1471010032596,False
avg,HUMI,4,BOLIVAR,19,0.243859649122807,0.3143715652235502,0.43226090218238156,False
avg,HUMI,4,BOYACA,22,0.0694522868435912,0.758755244688898,0.8346307691577878,False
avg,HUMI,4,CALDAS,18,0.27554179566563464,0.2684251313890622,0.3851317102538719,False
avg,HUMI,4,CAQUETA,19,0.5151382681081585,0.024000036393495284,0.07920012009853443,False
avg,HUMI,4,CASANARE,19,0.5631578947368421,0.01205156953324739,0.052732469114344524,False
avg,HUMI,4,CAUCA,19,0.2824561403508772,0.24133244704369025,0.3792367024972275,False
avg,HUMI,4,CESAR,20,0.5984962406015037,0.005305836200418917,0.029182099102304043,True
avg,HUMI,4,CHOCO,19,-0.16769102160955307,0.49258136174468814,0.6251994206759502,False
avg,HUMI,4,CORDOBA,20,0.3775855851829367,0.1007346541085379,0.21259748545931156,False
avg,HUMI,4,CUNDINAMARCA,21,0.029171743028057744,0.9001102174750082,0.9581818444088797,False
avg,HUMI,4,GUAINIA,14,0.4383270544925822,0.11694409167893864,0.21439750141138753,False
avg,HUMI,4,GUAVIARE,4,0.39999999999999997,0.6,0.7019883535555271,False
avg,HUMI,4,HUILA,20,-0.017325831100482803,0.9422044973846619,0.9716483879279326,False
avg,HUMI,4,LA GUAJIRA,19,0.6210526315789473,0.004541125258515691,0.029182099102304043,True
avg,HUMI,4,MAGDALENA,20,0.7499060327238803,0.00014050915504911933,0.0023184010583104687,True
avg,HUMI,4,META,19,-0.006156573761151561,0.9800437267547293,0.9800437267547293,False
avg,HUMI,4,NARINO,19,-0.13925106273084917,0.5696575120975109,0.6962480703414022,False
avg,HUMI,4,NORTE DE SANTANDER,19,0.37902604949628266,0.10951991675176656,0.21259748545931156,False
avg,HUMI,4,PUTUMAYO,18,0.17382365445189726,0.4903153050916744,0.6251994206759502,False
avg,HUMI,4,QUINDIO,19,-0.48349031363689066,0.03597461945034312,0.10792385835102937,False
avg,HUMI,4,RISARALDA,24,-0.33938568207302466,0.10470496350474338,0.21259748545931156,False
avg,HUMI,4,SAN ANDRES PROVIDENCIA,12,0.16112108771781963,0.6168988561548572,0.7019883535555271,False
avg,HUMI,4,SANTANDER,20,0.4499850045923065,0.046504394557989645,0.1180496169548968,False
avg,HUMI,4,SUCRE,20,0.4527314996256593,0.04502241825080936,0.1180496169548968,False
avg,HUMI,4,TOLIMA,20,0.30595405992804303,0.18955669196107264,0.31276854173576984,False
avg,HUMI,4,VALLE DEL CAUCA,22,-0.5892004756222318,0.003909355912856579,0.029182099102304043,True
avg,HUMI,4,VAUPES,6,0.550782483869826,0.2573693316225745,0.3851317102538719,False
avg,HUMI,4,VICHADA,3,1.0,0.0,0.0,True
avg,HUMI,5,AMAZONAS,17,0.3137254901960785,0.22010439650726996,0.3822865834073636,False
avg,HUMI,5,ANTIOQUIA,20,0.44360902255639095,0.05008922172295618,0.13774535973812949,False
avg,HUMI,5,ARAUCA,9,0.25,0.5164895523012263,0.6555444317669411,False
avg,HUMI,5,ATLANTICO,17,0.37500000000000006,0.13803484396804858,0.3002850952857247,False
avg,HUMI,5,BOGOTA,20,0.7308270676691728,0.00025215134150965545,0.004160497134909315,True
avg,HUMI,5,BOLIVAR,19,0.013163669542797917,0.9573449591601384,0.9573449591601384,False
avg,HUMI,5,BOYACA,22,-0.15193448784343788,0.49969279465679106,0.6555444317669411,False
avg,HUMI,5,CALDAS,19,0.11403508771929824,0.6420435738344661,0.7566942120191922,False
avg,HUMI,5,CAQUETA,19,0.5684210526315789,0.011106774915463205,0.05236051031575511,False
avg,HUMI,5,CASANARE,19,0.6028960650601447,0.0062886520420977355,0.04152583859113933,True
avg,HUMI,5,CAUCA,18,0.3498452012383901,0.1546923218138582,0.3002850952857247,False
avg,HUMI,5,CESAR,20,0.21353383458646616,0.36602063833951404,0.5201035309416657,False
avg,HUMI,5,CHOCO,19,-0.3221980823363364,0.178531688728698,0.327308096002613,False
avg,HUMI,5,CORDOBA,20,0.5889432533829471,0.006291793725930202,0.04152583859113933,True
avg,HUMI,5,CUNDINAMARCA,21,0.20267835592888608,0.37825711341212054,0.5201035309416657,False
avg,HUMI,5,GUAINIA,15,-0.04110814867583197,0.8843484358033111,0.9119843244221646,False
avg,HUMI,5,GUAVIARE,5,-0.3,0.6238376647810728,0.7566942120191922,False
avg,HUMI,5,HUILA,20,0.08971007480535133,0.7068256446432624,0.7705008029340844,False
avg,HUMI,5,LA GUAJIRA,20,0.5366955592760758,0.014695562424885142,0.060619195002651206,False
avg,HUMI,5,MAGDALENA,20,0.46651630964188223,0.03812578987954592,0.11437736963863777,False
avg,HUMI,5,META,18,0.35507417606235714,0.14820031932579159,0.3002850952857247,False
avg,HUMI,5,NARINO,20,-0.374898338356121,0.10338038634740847,0.24687334045506223,False
avg,HUMI,5,NORTE DE SANTANDER,19,0.5842105263157895,0.008624534642976706,0.04743494053637188,True
avg,HUMI,5,PUTUMAYO,17,-0.11309177184542417,0.6656227714747853,0.7574328089195833,False
avg,HUMI,5,QUINDIO,20,-0.2307506409912736,0.32768073536451403,0.514926869858522,False
avg,HUMI,5,RISARALDA,24,-0.1958345408985601,0.35909141098830677,0.5201035309416657,False
avg,HUMI,5,SAN ANDRES PROVIDENCIA,13,0.4704268549380237,0.10473414443548094,0.24687334045506223,False
avg,HUMI,5,SANTANDER,20,0.5194647153153191,0.018907626499219052,0.06932796383046985,False
avg,HUMI,5,SUCRE,20,0.5033916794964083,0.0236563137434157,0.0780658353532718,False
avg,HUMI,5,TOLIMA,20,-0.08430561379932747,0.7238037845744429,0.7705008029340844,False
avg,HUMI,5,VALLE DEL CAUCA,22,-0.6124240245116515,0.002447783884777046,0.02692562273254751,True
avg,HUMI,5,VAUPES,6,0.5428571428571429,0.26570262390670557,0.43840932944606414,False
avg,HUMI,5,VICHADA,3,-1.0,0.0,0.0,True
avg,HUMI,6,AMAZONAS,17,0.09068627450980393,0.7292353374489888,0.8594559334220226,False
avg,HUMI,6,ANTIOQUIA,20,0.27669172932330827,0.23761884061099173,0.49008885876017044,False
avg,HUMI,6,ARAUCA,9,0.5333333333333333,0.13922686754397814,0.4176806026319344,False
avg,HUMI,6,ATLANTICO,18,0.04749613436253572,0.851545240773077,0.9241701517733851,False
avg,HUMI,6,BOGOTA,20,0.393984962406015,0.0856464817310337,0.3140370996804569,False
avg,HUMI,6,BOLIVAR,19,0.25659090593231443,0.2889595193664747,0.5609214199466862,False
avg,HUMI,6,BOYACA,22,-0.3788819875776398,0.08205437428657275,0.3140370996804569,False
avg,HUMI,6,CALDAS,19,-0.02631578947368421,0.9148378965354744,0.9241701517733851,False
avg,HUMI,6,CAQUETA,19,0.12982456140350876,0.5963025541504445,0.792,False
avg,HUMI,6,CASANARE,19,0.28784557400251454,0.23208355391590646,0.49008885876017044,False
avg,HUMI,6,CAUCA,18,0.15583075335397317,0.5369306230900768,0.792,False
avg,HUMI,6,CESAR,20,0.12490594431903684,0.5997979229832913,0.792,False
avg,HUMI,6,CHOCO,19,-0.32337484035305375,0.17686027415213953,0.4318774128628809,False
avg,HUMI,6,CORDOBA,20,0.23317038128826767,0.32249083969714487,0.5912332061114323,False
avg,HUMI,6,CUNDINAMARCA,21,0.3020843576554017,0.18322072060849492,0.4318774128628809,False
avg,HUMI,6,GUAINIA,19,0.10753762334545694,0.6612431037212815,0.814814814814815,False
avg,HUMI,6,GUAVIARE,4,-0.39999999999999997,0.6,0.792,False
avg,HUMI,6,HUILA,20,-0.1439340528232912,0.5449054737828106,0.792,False
avg,HUMI,6,LA GUAJIRA,19,0.4591748916324411,0.04796748221624759,0.2609887763521574,False
avg,HUMI,6,MAGDALENA,20,0.6252365136261184,0.003199001005974268,0.10556703319715084,False
avg,HUMI,6,META,19,-0.02547211488509005,0.9175591663425394,0.9241701517733851,False
avg,HUMI,6,NARINO,20,-0.4348385573273136,0.05536125558985157,0.2609887763521574,False
avg,HUMI,6,NORTE DE SANTANDER,19,0.4694516832562497,0.04257461597204574,0.2609887763521574,False
avg,HUMI,6,PUTUMAYO,17,0.07970571700467087,0.761061659836389,0.8660356818827875,False
avg,HUMI,6,QUINDIO,20,-0.13411374207599885,0.5729497100928685,0.792,False
avg,HUMI,6,RISARALDA,24,-0.46407413860845825,0.022349276191816002,0.21767899111650246,False
avg,HUMI,6,SAN ANDRES PROVIDENCIA,12,0.2447552447552448,0.4432619364501832,0.7698759948871603,False
avg,HUMI,6,SANTANDER,20,0.022745294390573278,0.9241701517733851,0.9241701517733851,False
avg,HUMI,6,SUCRE,20,0.49528550841032387,0.026385332256545754,0.21767899111650246,False
avg,HUMI,6,TOLIMA,20,0.3303236450528812,0.15490194551993433,0.4259803501798194,False
avg,HUMI,6,VALLE DEL CAUCA,22,-0.5079405072318822,0.01580336925490215,0.21767899111650246,False
avg,HUMI,6,VAUPES,6,-0.7015706849811751,0.12030101833075674,0.39699336049149725,False
avg,HUMI,6,VICHADA,3,0.5,0.6666666666666667,0.814814814814815,False
avg,HUMI,7,AMAZONAS,17,0.07975466126289381,0.7609189505410096,0.846183761100935,False
avg,HUMI,7,ANTIOQUIA,20,0.3609022556390977,0.11798037156435756,0.3539411146930727,False
avg,HUMI,7,ARAUCA,9,0.09999999999999999,0.797971695234851,0.8494537400887123,False
avg,HUMI,7,ATLANTICO,18,0.27625485934726846,0.2671379011137984,0.48975281870863047,False
avg,HUMI,7,BOGOTA,19,0.4350877192982456,0.06263930438145027,0.3510525280505677,False
avg,HUMI,7,BOLIVAR,19,0.15357614466597572,0.530188702153306,0.7523764707052657,False
avg,HUMI,7,BOYACA,21,-0.2701298701298701,0.2363077950605595,0.46126010236251336,False
avg,HUMI,7,CALDAS,20,0.05263157894736842,0.825581450455932,0.8513808707826799,False
avg,HUMI,7,CAQUETA,20,0.3804511278195489,0.0979680397059128,0.3539411146930727,False
avg,HUMI,7,CASANARE,19,0.41860469146097384,0.07446568776830223,0.3510525280505677,False
avg,HUMI,7,CAUCA,18,0.11042311661506708,0.6626984309773885,0.7857142857142858,False
avg,HUMI,7,CESAR,20,0.41218506111603453,0.07093049335798665,0.3510525280505677,False
avg,HUMI,7,CHOCO,20,-0.17921707071188253,0.44963172485789826,0.7065641390624116,False
avg,HUMI,7,CORDOBA,20,0.3082706766917293,0.1860555607781014,0.46126010236251336,False
avg,HUMI,7,CUNDINAMARCA,21,0.06810950327415839,0.7692579646372136,0.846183761100935,False
avg,HUMI,7,GUAINIA,19,-0.0413369952534462,0.8665657301885081,0.8665657301885081,False
avg,HUMI,7,GUAVIARE,5,-0.3,0.6238376647810728,0.7857142857142858,False
avg,HUMI,7,HUILA,20,0.4840048248889436,0.030589586055407333,0.33648544660948065,False
avg,HUMI,7,LA GUAJIRA,20,0.27669172932330827,0.23761884061099173,0.46126010236251336,False
avg,HUMI,7,MAGDALENA,20,0.5233082706766917,0.017893477980418213,0.2952423866769005,False
avg,HUMI,7,META,19,0.12373849370230043,0.6137740457908776,0.7857142857142858,False
avg,HUMI,7,NARINO,20,-0.3633790741301676,0.11529490970567455,0.3539411146930727,False
avg,HUMI,7,NORTE DE SANTANDER,19,0.25460940453806485,0.29282949334102293,0.5085985936975661,False
avg,HUMI,7,PUTUMAYO,17,0.15705533294846782,0.5471828877856477,0.7523764707052657,False
avg,HUMI,7,QUINDIO,20,-0.28717200211889726,0.21958151602135745,0.46126010236251336,False
avg,HUMI,7,RISARALDA,24,-0.5292821224202846,0.00782364932774797,0.258180427815683,False
avg,HUMI,7,SAN ANDRES PROVIDENCIA,14,0.18701881503923706,0.5220380477099633,0.7523764707052657,False
avg,HUMI,7,SANTANDER,20,0.3222449321114308,0.16586193768586344,0.45612032863612445,False
avg,HUMI,7,SUCRE,20,0.3796253444406972,0.09875956024048595,0.3539411146930727,False
avg,HUMI,7,TOLIMA,20,0.22807692370349908,0.33347258199726826,0.5502297602954926,False
avg,HUMI,7,VALLE DEL CAUCA,22,-0.4036463236874993,0.06247280930917036,0.3510525280505677,False
avg,HUMI,7,VAUPES,5,-0.6842105263157895,0.20263069030420366,0.46126010236251336,False
avg,HUMI,7,VICHADA,3,-0.5,0.6666666666666667,0.7857142857142858,False
avg,HUMI,8,AMAZONAS,18,0.057821380963086956,0.8197288274066754,0.845345353263134,False
avg,HUMI,8,ANTIOQUIA,20,0.5609022556390978,0.010086372424803406,0.0832125725046281,False
avg,HUMI,8,ARAUCA,10,0.09090909090909088,0.8027717312071619,0.845345353263134,False
avg,HUMI,8,ATLANTICO,18,0.24107633793226046,0.33520243112767933,0.6580024113316827,False
avg,HUMI,8,BOGOTA,20,0.2526315789473684,0.28255005726391946,0.6432588257763185,False
avg,HUMI,8,BOLIVAR,19,0.17025012608685308,0.4859053321931853,0.843940840125006,False
avg,HUMI,8,BOYACA,20,-0.016541353383458645,0.9448174502147446,0.9448174502147446,False
avg,HUMI,8,CALDAS,21,0.06363636363636363,0.7840544504932396,0.845345353263134,False
avg,HUMI,8,CAQUETA,19,0.27543859649122804,0.25372370328900945,0.6432588257763185,False
avg,HUMI,8,CASANARE,18,0.5389778725487749,0.02099622459988771,0.1385750823592589,False
avg,HUMI,8,CAUCA,18,0.07120743034055728,0.7788829476841138,0.845345353263134,False
avg,HUMI,8,CESAR,20,0.22556390977443608,0.33897093917086685,0.6580024113316827,False
avg,HUMI,8,CHOCO,20,-0.09890581810285791,0.6782448921043178,0.845345353263134,False
avg,HUMI,8,CORDOBA,20,0.3669172932330827,0.111535199402392,0.46008269753486697,False
avg,HUMI,8,CUNDINAMARCA,21,-0.0936890838722685,0.6862582163723978,0.845345353263134,False
avg,HUMI,8,GUAINIA,18,0.1345762183326718,0.5944483009230999,0.845345353263134,False
avg,HUMI,8,GUAVIARE,6,-0.14285714285714288,0.7871720116618075,0.845345353263134,False
avg,HUMI,8,HUILA,20,0.1656628384731687,0.4851712940096964,0.843940840125006,False
avg,HUMI,8,LA GUAJIRA,20,0.37006395998008934,0.10826649766894873,0.46008269753486697,False
avg,HUMI,8,MAGDALENA,20,0.4016547858320482,0.07919310587249175,0.4355620822987046,False
avg,HUMI,8,META,20,0.0617237529602219,0.7960139169670407,0.845345353263134,False
avg,HUMI,8,NARINO,20,-0.29084628855759465,0.2134765699836158,0.6404297099508475,False
avg,HUMI,8,NORTE DE SANTANDER,19,0.25483343397387387,0.2923903753528721,0.6432588257763185,False
avg,HUMI,8,PUTUMAYO,17,-0.0909653957438914,0.728431511720429,0.845345353263134,False
avg,HUMI,8,QUINDIO,20,-0.06530452507362894,0.7844400990082481,0.845345353263134,False
avg,HUMI,8,RISARALDA,24,-0.5762597491604096,0.003206506388743104,0.03527157027617415,True
avg,HUMI,8,SAN ANDRES PROVIDENCIA,14,0.4197802197802198,0.13510107382914271,0.49537060404018995,False
avg,HUMI,8,SANTANDER,20,0.2675214070799391,0.25416379748264667,0.6432588257763185,False
avg,HUMI,8,SUCRE,20,0.8253021407572407,7.491740482537913e-06,0.0002472274359237511,True
avg,HUMI,8,TOLIMA,20,0.06475910958496596,0.7862002512657221,0.845345353263134,False
avg,HUMI,8,VALLE DEL CAUCA,22,-0.6193057173300274,0.0021159325530000755,0.034912887124501246,True
avg,HUMI,8,VAUPES,4,0.7999999999999999,0.20000000000000007,0.6404297099508475,False
avg,HUMI,8,VICHADA,3,0.5,0.6666666666666667,0.845345353263134,False
avg,HUMI,9,AMAZONAS,18,0.17346414288926087,0.49122701468428176,0.805545568239351,False
avg,HUMI,9,ANTIOQUIA,20,0.3082706766917293,0.1860555607781014,0.5581666823343042,False
avg,HUMI,9,ARAUCA,10,-0.13939393939393938,0.7009318849100584,0.8260982929297117,False
avg,HUMI,9,ATLANTICO,18,0.39213704753788287,0.10750829042105454,0.38366911235548984,False
avg,HUMI,9,BOGOTA,20,0.07669172932330826,0.7479334475419401,0.851096681685656,False
avg,HUMI,9,BOLIVAR,18,0.2182010871720671,0.38438846976869145,0.7294876553752349,False
avg,HUMI,9,BOYACA,21,-0.11428571428571428,0.6218181517971058,0.8142735523321208,False
avg,HUMI,9,CALDAS,22,0.031638418079096044,0.8888420838212503,0.9228185859681564,False
avg,HUMI,9,CAQUETA,19,0.26491228070175443,0.2730511755617616,0.6007125862358755,False
avg,HUMI,9,CASANARE,18,0.42002063983488136,0.08267356720316324,0.3410284647130484,False
avg,HUMI,9,CAUCA,20,-0.03157894736842105,0.8948543863933638,0.9228185859681564,False
avg,HUMI,9,CESAR,20,0.19488337095560568,0.41030025211977117,0.7294876553752349,False
avg,HUMI,9,CHOCO,20,0.2717000477110357,0.24653628642851566,0.5811212465815012,False
avg,HUMI,9,CORDOBA,20,0.24303987960872836,0.30183425812404463,0.622533157380842,False
avg,HUMI,9,CUNDINAMARCA,21,0.10789735384984486,0.6415488594131862,0.8142735523321208,False
avg,HUMI,9,GUAINIA,16,0.1767306776737573,0.5126199070614051,0.805545568239351,False
avg,HUMI,9,GUAVIARE,9,0.01695158759052026,0.9654747777786836,0.9654747777786836,False
avg,HUMI,9,HUILA,20,0.4484576137847772,0.04734461759383021,0.26786449313116273,False
avg,HUMI,9,LA GUAJIRA,20,0.44603237452884753,0.04870263511475686,0.26786449313116273,False
avg,HUMI,9,MAGDALENA,20,0.5699248120300752,0.008703721225416173,0.14361140021936686,False
avg,HUMI,9,META,20,-0.09347914005228522,0.6950629663722123,0.8260982929297117,False
avg,HUMI,9,NARINO,20,-0.4084930200474106,0.07375036921753399,0.3410284647130484,False
avg,HUMI,9,NORTE DE SANTANDER,20,0.19094475575247788,0.4200080440039231,0.7294876553752349,False
avg,HUMI,9,PUTUMAYO,18,-0.14152900114033304,0.5753555118433191,0.8142735523321208,False
avg,HUMI,9,QUINDIO,20,-0.2887498702624077,0.2169459703444031,0.560258808588099,False
avg,HUMI,9,RISARALDA,24,-0.42669992867547174,0.03757937942223401,0.26786449313116273,False
avg,HUMI,9,SAN ANDRES PROVIDENCIA,12,0.3817869252443988,0.2207080155044026,0.560258808588099,False
avg,HUMI,9,SANTANDER,20,0.5255282996285852,0.017327826349054835,0.19060608983960317,False
avg,HUMI,9,SUCRE,20,0.7694622582512833,7.301123886284537e-05,0.002409370882473897,True
avg,HUMI,9,TOLIMA,20,-0.11986431307588954,0.6147148633927646,0.8142735523321208,False
avg,HUMI,9,VALLE DEL CAUCA,23,-0.3366340346176823,0.11626336738045147,0.38366911235548984,False
avg,HUMI,9,VAUPES,4,-0.19999999999999998,0.8,0.8800000000000001,False
avg,HUMI,9,VICHADA,4,-0.39999999999999997,0.6,0.8142735523321208,False
avg,HUMI,10,AMAZONAS,16,0.2735294117647059,0.3053231563074052,0.6297290098840232,False
avg,HUMI,10,ANTIOQUIA,20,0.47518796992481205,0.03422725114507126,0.2258998575574703,False
avg,HUMI,10,ARAUCA,10,0.18787878787878787,0.603217610029209,0.9048264150438136,False
avg,HUMI,10,ATLANTICO,18,0.21476512929146582,0.3921036534537221,0.7188566979984905,False
avg,HUMI,10,BOGOTA,21,0.2831168831168831,0.21364780365132666,0.5035983943209843,False
avg,HUMI,10,BOLIVAR,19,0.22027207034948515,0.36485019976339195,0.7082386230701138,False
avg,HUMI,10,BOYACA,21,0.005194805194805195,0.9821704184352005,0.9821704184352006,False
avg,HUMI,10,CALDAS,19,-0.31228070175438594,0.19304246779700215,0.5035983943209843,False
avg,HUMI,10,CAQUETA,20,0.3714285714285714,0.10687070696592833,0.45039648803660687,False
avg,HUMI,10,CASANARE,19,0.5370777173461552,0.017730873665889896,0.19503961032478886,False
avg,HUMI,10,CAUCA,20,-0.07669172932330826,0.7479334475419401,0.948890642030647,False
avg,HUMI,10,CESAR,20,0.3684210526315789,0.10996436611637714,0.45039648803660687,False
avg,HUMI,10,CHOCO,20,0.24403815525703998,0.2997908008141976,0.6297290098840232,False
avg,HUMI,10,CORDOBA,20,0.13233082706766916,0.5781074593622941,0.9048264150438136,False
avg,HUMI,10,CUNDINAMARCA,21,0.027415429787482178,0.9060977763400377,0.9716932812879533,False
avg,HUMI,10,GUAINIA,17,0.023428312090816677,0.9288823399835343,0.9716932812879533,False
avg,HUMI,10,GUAVIARE,10,-0.27609440361293197,0.44001452222946114,0.7642357491353798,False
avg,HUMI,10,HUILA,20,0.0715902356974485,0.7642296749610447,0.948890642030647,False
avg,HUMI,10,LA GUAJIRA,20,0.35652503461496415,0.12283540582816552,0.45039648803660687,False
avg,HUMI,10,MAGDALENA,20,0.728234724890499,0.00027199720252682973,0.008975907683385381,True
avg,HUMI,10,META,20,0.1114878301176965,0.6398214994733074,0.9180047601138758,False
avg,HUMI,10,NARINO,20,-0.0499062845690455,0.8344901538986306,0.9716932812879533,False
avg,HUMI,10,NORTE DE SANTANDER,19,0.06982872873671238,0.7763650707523475,0.948890642030647,False
avg,HUMI,10,PUTUMAYO,19,-0.30228517685176765,0.20844311017298633,0.5035983943209843,False
avg,HUMI,10,QUINDIO,20,0.022502593670265164,0.9249770891025806,0.9716932812879533,False
avg,HUMI,10,RISARALDA,24,-0.4807264684168826,0.017411450925262174,0.19503961032478886,False
avg,HUMI,10,SAN ANDRES PROVIDENCIA,13,0.40165099895293255,0.1737095959715191,0.5035983943209843,False
avg,HUMI,10,SANTANDER,20,0.32379554792482984,0.1637181112650582,0.5035983943209843,False
avg,HUMI,10,SUCRE,20,0.48382255983827466,0.030661580471211737,0.2258998575574703,False
avg,HUMI,10,TOLIMA,20,0.017312759976647607,0.9422480303398335,0.9716932812879533,False
avg,HUMI,10,VALLE DEL CAUCA,23,-0.3675491309362942,0.08445685967133373,0.45039648803660687,False
avg,HUMI,10,VAUPES,5,-0.20519567041703085,0.7405819415910722,0.948890642030647,False
avg,HUMI,10,VICHADA,4,-0.39999999999999997,0.6,0.9048264150438136,False
avg,HUMI,11,AMAZONAS,16,-0.055882352941176466,0.8371372217954723,0.8679336982351336,False
avg,HUMI,11,ANTIOQUIA,21,0.3168831168831169,0.16163316689274096,0.4102995774969578,False
avg,HUMI,11,ARAUCA,10,-0.6121212121212121,0.05997214247725524,0.24738508771867787,False
avg,HUMI,11,ATLANTICO,18,-0.04439856038237034,0.8611351186353199,0.8679336982351336,False
avg,HUMI,11,BOGOTA,21,0.37922077922077924,0.08999962703369169,0.29699876921118257,False
avg,HUMI,11,BOLIVAR,19,0.34416167785834967,0.14906661443861743,0.40993318970619796,False
avg,HUMI,11,BOYACA,21,-0.32987012987012987,0.1441983737234451,0.40993318970619796,False
avg,HUMI,11,CALDAS,19,-0.26491228070175443,0.2730511755617616,0.5005938218632296,False
avg,HUMI,11,CAQUETA,20,0.13383458646616542,0.5737559530736434,0.7012572759788974,False
avg,HUMI,11,CASANARE,18,0.3221476939371987,0.19232842074857748,0.4231225256468704,False
avg,HUMI,11,CAUCA,20,-0.24661654135338343,0.29455199407204263,0.5115903054935478,False
avg,HUMI,11,CESAR,20,0.44360902255639095,0.05008922172295618,0.236134902408222,False
avg,HUMI,11,CHOCO,20,-0.13869328859974772,0.5597940409496893,0.7012572759788974,False
avg,HUMI,11,CORDOBA,20,0.11813396873189601,0.6198686692290083,0.7053677960192163,False
avg,HUMI,11,CUNDINAMARCA,21,-0.14907119849998599,0.5189797149976522,0.7012572759788974,False
avg,HUMI,11,GUAINIA,19,0.0747583956711261,0.7610003410745826,0.8371003751820408,False
avg,HUMI,11,GUAVIARE,10,-0.2876404837611323,0.42031228542220656,0.660490734234896,False
avg,HUMI,11,HUILA,20,-0.28227342042512266,0.22789705432461005,0.4423883995713019,False
avg,HUMI,11,LA GUAJIRA,20,0.49247043800660156,0.027389047148318354,0.18076771117890114,False
avg,HUMI,11,MAGDALENA,20,0.4655886000562506,0.03856245180868548,0.21209348494777014,False
avg,HUMI,11,META,20,0.29174538064705147,0.21199991962928755,0.4372498342354056,False
avg,HUMI,11,NARINO,20,-0.6221170309021288,0.003401373473800222,0.056122662317703666,False
avg,HUMI,11,NORTE DE SANTANDER,19,0.4122807017543859,0.07941665997517341,0.29119441990896916,False
avg,HUMI,11,PUTUMAYO,18,-0.24004218948119146,0.33734325650590713,0.5566163732347468,False
avg,HUMI,11,QUINDIO,20,-0.5764440429300187,0.007804202398990019,0.08584622638889021,False
avg,HUMI,11,RISARALDA,24,-0.6762801739059812,0.00028568747678233135,0.009427686733816935,True
avg,HUMI,11,SAN ANDRES PROVIDENCIA,13,0.1868131868131868,0.5411235235098939,0.7012572759788974,False
avg,HUMI,11,SANTANDER,20,0.17831661338625954,0.4519500035236652,0.6779250052854978,False
avg,HUMI,11,SUCRE,20,0.514672831927496,0.020235679841110788,0.166944358689164,False
avg,HUMI,11,TOLIMA,20,-0.14898424082111725,0.5307308016302539,0.7012572759788974,False
avg,HUMI,11,VALLE DEL CAUCA,23,-0.2889661768522332,0.18112847092295697,0.4231225256468704,False
avg,HUMI,11,VAUPES,6,0.08827348295047496,0.8679336982351336,0.8679336982351336,False
avg,HUMI,11,VICHADA,4,-0.39999999999999997,0.6,0.7053677960192163,False
avg,HUMI,12,AMAZONAS,16,0.17058823529411765,0.527609768861268,0.7570053205400802,False
avg,HUMI,12,ANTIOQUIA,21,-0.1,0.6662641376986583,0.7990456304596711,False
avg,HUMI,12,ARAUCA,10,-0.7454545454545454,0.013330146315440047,0.07930060610530769,False
avg,HUMI,12,ATLANTICO,19,0.11062339645446956,0.6520987126724448,0.7990456304596711,False
avg,HUMI,12,BOGOTA,21,0.2753246753246753,0.22706392689035132,0.5352221133843995,False
avg,HUMI,12,BOLIVAR,19,0.09390084273862516,0.7021916146463777,0.7990456304596711,False
avg,HUMI,12,BOYACA,21,-0.014285714285714285,0.9509932422972028,0.9565293523898406,False
avg,HUMI,12,CALDAS,20,-0.18646616541353384,0.43119491043425096,0.680290649920922,False
avg,HUMI,12,CAQUETA,20,0.19999999999999998,0.39787297935196153,0.680290649920922,False
avg,HUMI,12,CASANARE,18,0.2808467075349938,0.2589405711597229,0.5696692565513904,False
avg,HUMI,12,CAUCA,20,-0.5187969924812029,0.019088394384192506,0.07930060610530769,False
avg,HUMI,12,CESAR,20,0.18578414251032943,0.4329122317678594,0.680290649920922,False
avg,HUMI,12,CHOCO,20,-0.30049248553387364,0.19798555642408588,0.5025787201534487,False
avg,HUMI,12,CORDOBA,20,0.09774436090225563,0.681832438507082,0.7990456304596711,False
avg,HUMI,12,CUNDINAMARCA,21,0.13246448677772507,0.5670575243814773,0.7797040960245313,False
avg,HUMI,12,GUAINIA,17,-0.3477254741900159,0.1714254185428552,0.47141990099285175,False
avg,HUMI,12,GUAVIARE,8,-0.08383383833392813,0.8435464923328297,0.9279011415661127,False
avg,HUMI,12,HUILA,20,0.021845613126695706,0.9271617860029197,0.9565293523898406,False
avg,HUMI,12,LA GUAJIRA,20,0.46784508761710486,0.03750704689031939,0.12377325473805398,False
avg,HUMI,12,MAGDALENA,20,0.4857142857142857,0.029920782525592476,0.10970953592717242,False
avg,HUMI,12,META,20,-0.16183666934692328,0.4954485201106561,0.7431727801659842,False
avg,HUMI,12,NARINO,20,-0.33346294004775706,0.15078187997428086,0.4523456399228426,False
avg,HUMI,12,NORTE DE SANTANDER,20,0.2509426156552669,0.2858890310853873,0.5896461266136114,False
avg,HUMI,12,PUTUMAYO,18,-0.2150987020463979,0.3913509498419112,0.680290649920922,False
avg,HUMI,12,QUINDIO,20,-0.5782730584745364,0.007565973884649913,0.07930060610530769,False
avg,HUMI,12,RISARALDA,24,-0.5174842968202443,0.009602774530953442,0.07930060610530769,False
avg,HUMI,12,SAN ANDRES PROVIDENCIA,12,0.27670795499364675,0.3839396014534969,0.680290649920922,False
avg,HUMI,12,SANTANDER,20,0.5224108796393414,0.018126275958850132,0.07930060610530769,False
avg,HUMI,12,SUCRE,20,0.6197819167146212,0.0035597199188725165,0.07930060610530769,False
avg,HUMI,12,TOLIMA,20,0.518297969895315,0.01922438935886247,0.07930060610530769,False
avg,HUMI,12,VALLE DEL CAUCA,23,-0.5039567252589706,0.014211319343840956,0.07930060610530769,False
avg,HUMI,12,VAUPES,6,0.02898855178262242,0.9565293523898406,0.9565293523898406,False
avg,HUMI,12,VICHADA,3,-0.5,0.6666666666666667,0.7990456304596711,False
