Year,Model,RMSE,Month,Target,FeatureSet
2001,GlobalClim,2968.4726284711637,2,RAIN,PRIMARY_1_12
2001,DeptClim,1942.5148775561074,2,RAIN,PRIMARY_1_12
2001,Persist,865.2180855834304,2,RAIN,PRIMARY_1_12
2001,Ridge,4441.802556411807,2,RAIN,PRIMARY_1_12
2001,RF,849.829468410821,2,RAIN,PRIMARY_1_12
2001,HGB,655.7002030636363,2,RAIN,PRIMARY_1_12
2002,GlobalClim,2220.547958033425,2,RAIN,PRIMARY_1_12
2002,DeptClim,1380.9800008491402,2,RAIN,PRIMARY_1_12
2002,Persist,639.374689263852,2,RAIN,PRIMARY_1_12
2002,Ridge,3982.3218517387472,2,RAIN,PRIMARY_1_12
2002,RF,1011.455127361661,2,RAIN,PRIMARY_1_12
2002,HGB,885.062265929758,2,RAIN,PRIMARY_1_12
2003,GlobalClim,14076.559898244881,2,RAIN,PRIMARY_1_12
2003,DeptClim,1508.139583401142,2,RAIN,PRIMARY_1_12
2003,Persist,3155.6307094532667,2,RAIN,PRIMARY_1_12
2003,Ridge,24335.083749965313,2,RAIN,PRIMARY_1_12
2003,RF,11206.490842911022,2,RAIN,PRIMARY_1_12
2003,HGB,23103.113922111585,2,RAIN,PRIMARY_1_12
2004,GlobalClim,9103.889107314459,2,RAIN,PRIMARY_1_12
2004,DeptClim,1600.9586771346,2,RAIN,PRIMARY_1_12
2004,Persist,3183.520898426753,2,RAIN,PRIMARY_1_12
2004,Ridge,16412.629280753237,2,RAIN,PRIMARY_1_12
2004,RF,6859.100465460798,2,RAIN,PRIMARY_1_12
2004,HGB,15383.171692423874,2,RAIN,PRIMARY_1_12
2005,GlobalClim,6030.18556042434,2,RAIN,PRIMARY_1_12
2005,DeptClim,4124.78911874515,2,RAIN,PRIMARY_1_12
2005,Persist,3039.2836586539925,2,RAIN,PRIMARY_1_12
2005,Ridge,9571.07840442308,2,RAIN,PRIMARY_1_12
2005,RF,6691.6678380980775,2,RAIN,PRIMARY_1_12
2005,HGB,9078.732719274582,2,RAIN,PRIMARY_1_12
2006,GlobalClim,3408.8409773461462,2,RAIN,PRIMARY_1_12
2006,DeptClim,6236.414654674369,2,RAIN,PRIMARY_1_12
2006,Persist,3187.8557649718036,2,RAIN,PRIMARY_1_12
2006,Ridge,3643.623126534156,2,RAIN,PRIMARY_1_12
2006,RF,3667.0097924933475,2,RAIN,PRIMARY_1_12
2006,HGB,2014.3649146342168,2,RAIN,PRIMARY_1_12
2007,GlobalClim,4463.522252385507,2,RAIN,PRIMARY_1_12
2007,DeptClim,7866.714337613177,2,RAIN,PRIMARY_1_12
2007,Persist,3604.2694344788165,2,RAIN,PRIMARY_1_12
2007,Ridge,2375.995358651983,2,RAIN,PRIMARY_1_12
2007,RF,2265.2831484862786,2,RAIN,PRIMARY_1_12
2007,HGB,2470.9053621095964,2,RAIN,PRIMARY_1_12
2008,GlobalClim,4899.129204838234,2,RAIN,PRIMARY_1_12
2008,DeptClim,8613.679593052728,2,RAIN,PRIMARY_1_12
2008,Persist,3905.7179802214782,2,RAIN,PRIMARY_1_12
2008,Ridge,3458.08046753554,2,RAIN,PRIMARY_1_12
2008,RF,2483.76114092298,2,RAIN,PRIMARY_1_12
2008,HGB,2725.80613906532,2,RAIN,PRIMARY_1_12
2009,GlobalClim,4786.219834266472,2,RAIN,PRIMARY_1_12
2009,DeptClim,8193.793079990965,2,RAIN,PRIMARY_1_12
2009,Persist,3574.1659702077495,2,RAIN,PRIMARY_1_12
2009,Ridge,1894.7201314550027,2,RAIN,PRIMARY_1_12
2009,RF,1406.116132674024,2,RAIN,PRIMARY_1_12
2009,HGB,1946.8158977472344,2,RAIN,PRIMARY_1_12
2010,GlobalClim,5037.323036857588,2,RAIN,PRIMARY_1_12
2010,DeptClim,8471.508643381214,2,RAIN,PRIMARY_1_12
2010,Persist,3682.6659964839087,2,RAIN,PRIMARY_1_12
2010,Ridge,2035.1071349283993,2,RAIN,PRIMARY_1_12
2010,RF,1128.6950196152782,2,RAIN,PRIMARY_1_12
2010,HGB,2083.407262835279,2,RAIN,PRIMARY_1_12
2011,GlobalClim,3972.997570194123,2,RAIN,PRIMARY_1_12
2011,DeptClim,7241.97174971312,2,RAIN,PRIMARY_1_12
2011,Persist,3802.1873339283115,2,RAIN,PRIMARY_1_12
2011,Ridge,1725.2953233419457,2,RAIN,PRIMARY_1_12
2011,RF,1469.2465830679105,2,RAIN,PRIMARY_1_12
2011,HGB,1595.0483606420414,2,RAIN,PRIMARY_1_12
2012,GlobalClim,15049.540270767975,2,RAIN,PRIMARY_1_12
2012,DeptClim,16533.567744920183,2,RAIN,PRIMARY_1_12
2012,Persist,17214.616258144437,2,RAIN,PRIMARY_1_12
2012,Ridge,15355.616423929223,2,RAIN,PRIMARY_1_12
2012,RF,15029.692424384275,2,RAIN,PRIMARY_1_12
2012,HGB,15082.670410258865,2,RAIN,PRIMARY_1_12
2013,GlobalClim,4008.8451377900137,2,RAIN,PRIMARY_1_12
2013,DeptClim,7316.730568615351,2,RAIN,PRIMARY_1_12
2013,Persist,3980.908267985886,2,RAIN,PRIMARY_1_12
2013,Ridge,1528.9720036242097,2,RAIN,PRIMARY_1_12
2013,RF,1363.8618740916736,2,RAIN,PRIMARY_1_12
2013,HGB,1255.6122190905942,2,RAIN,PRIMARY_1_12
2014,GlobalClim,4524.077943977077,2,RAIN,PRIMARY_1_12
2014,DeptClim,7839.241857484052,2,RAIN,PRIMARY_1_12
2014,Persist,4582.200531071165,2,RAIN,PRIMARY_1_12
2014,Ridge,1986.5314643465542,2,RAIN,PRIMARY_1_12
2014,RF,1610.5391269406566,2,RAIN,PRIMARY_1_12
2014,HGB,1885.7543218881472,2,RAIN,PRIMARY_1_12
2015,GlobalClim,5393.280042533795,2,RAIN,PRIMARY_1_12
2015,DeptClim,8807.185768407191,2,RAIN,PRIMARY_1_12
2015,Persist,5642.468339360456,2,RAIN,PRIMARY_1_12
2015,Ridge,1579.075816183335,2,RAIN,PRIMARY_1_12
2015,RF,2379.8451895638113,2,RAIN,PRIMARY_1_12
2015,HGB,2616.8376437730794,2,RAIN,PRIMARY_1_12
2016,GlobalClim,5956.654798921213,2,RAIN,PRIMARY_1_12
2016,DeptClim,9371.219465590797,2,RAIN,PRIMARY_1_12
2016,Persist,5221.343344878741,2,RAIN,PRIMARY_1_12
2016,Ridge,1752.0956481108446,2,RAIN,PRIMARY_1_12
2016,RF,1410.4221595269114,2,RAIN,PRIMARY_1_12
2016,HGB,3110.2599370058506,2,RAIN,PRIMARY_1_12
2017,GlobalClim,6039.924716164544,2,RAIN,PRIMARY_1_12
2017,DeptClim,9396.517747498134,2,RAIN,PRIMARY_1_12
2017,Persist,5392.351217088913,2,RAIN,PRIMARY_1_12
2017,Ridge,1778.9030489708134,2,RAIN,PRIMARY_1_12
2017,RF,1695.3104557191089,2,RAIN,PRIMARY_1_12
2017,HGB,3228.8937970416227,2,RAIN,PRIMARY_1_12
2018,GlobalClim,8172.952995123638,2,RAIN,PRIMARY_1_12
2018,DeptClim,11200.88153929875,2,RAIN,PRIMARY_1_12
2018,Persist,7031.383986708524,2,RAIN,PRIMARY_1_12
2018,Ridge,4831.986601003745,2,RAIN,PRIMARY_1_12
2018,RF,5207.473693900545,2,RAIN,PRIMARY_1_12
2018,HGB,5689.240278521534,2,RAIN,PRIMARY_1_12
2019,GlobalClim,51405.90014291004,2,RAIN,PRIMARY_1_12
2019,DeptClim,50090.79670360285,2,RAIN,PRIMARY_1_12
2019,Persist,4771.479598791245,2,RAIN,PRIMARY_1_12
2019,Ridge,33763.74519663306,2,RAIN,PRIMARY_1_12
2019,RF,46320.96640157273,2,RAIN,PRIMARY_1_12
2019,HGB,48563.17187166747,2,RAIN,PRIMARY_1_12
2020,GlobalClim,10655.08347343513,2,RAIN,PRIMARY_1_12
2020,DeptClim,7639.245741665123,2,RAIN,PRIMARY_1_12
2020,Persist,24073.596391672203,2,RAIN,PRIMARY_1_12
2020,Ridge,22348.871024947402,2,RAIN,PRIMARY_1_12
2020,RF,7159.18614966841,2,RAIN,PRIMARY_1_12
2020,HGB,3419.099175885446,2,RAIN,PRIMARY_1_12
2021,GlobalClim,6407.208647220505,2,RAIN,PRIMARY_1_12
2021,DeptClim,9263.988694026657,2,RAIN,PRIMARY_1_12
2021,Persist,5834.424890563164,2,RAIN,PRIMARY_1_12
2021,Ridge,4555.695507900034,2,RAIN,PRIMARY_1_12
2021,RF,7053.757078198176,2,RAIN,PRIMARY_1_12
2021,HGB,4102.401808297313,2,RAIN,PRIMARY_1_12
2022,GlobalClim,6545.224735580397,2,RAIN,PRIMARY_1_12
2022,DeptClim,9896.291029787224,2,RAIN,PRIMARY_1_12
2022,Persist,6870.269461972199,2,RAIN,PRIMARY_1_12
2022,Ridge,4249.532218337967,2,RAIN,PRIMARY_1_12
2022,RF,2629.8004114346404,2,RAIN,PRIMARY_1_12
2022,HGB,4557.26445287834,2,RAIN,PRIMARY_1_12
2023,GlobalClim,7380.120480673085,2,RAIN,PRIMARY_1_12
2023,DeptClim,10582.40763522133,2,RAIN,PRIMARY_1_12
2023,Persist,7568.803183830183,2,RAIN,PRIMARY_1_12
2023,Ridge,4376.487087827917,2,RAIN,PRIMARY_1_12
2023,RF,3828.017826373071,2,RAIN,PRIMARY_1_12
2023,HGB,4933.480459176396,2,RAIN,PRIMARY_1_12
2024,GlobalClim,8267.851291100405,2,RAIN,PRIMARY_1_12
2024,DeptClim,11792.095062275648,2,RAIN,PRIMARY_1_12
2024,Persist,8686.806312609056,2,RAIN,PRIMARY_1_12
2024,Ridge,4211.124875251779,2,RAIN,PRIMARY_1_12
2024,RF,5576.797699630375,2,RAIN,PRIMARY_1_12
2024,HGB,5630.4211465161125,2,RAIN,PRIMARY_1_12
2025,GlobalClim,9572.249292210137,2,RAIN,PRIMARY_1_12
2025,DeptClim,12969.547161072996,2,RAIN,PRIMARY_1_12
2025,Persist,11785.648296569876,2,RAIN,PRIMARY_1_12
2025,Ridge,8571.431925635434,2,RAIN,PRIMARY_1_12
2025,RF,7490.799357288126,2,RAIN,PRIMARY_1_12
2025,HGB,8742.283920580965,2,RAIN,PRIMARY_1_12
2001,GlobalClim,2578.9886625543263,3,RAIN,PRIMARY_1_12
2001,DeptClim,1909.8294079326342,3,RAIN,PRIMARY_1_12
2001,Persist,533.9200740500673,3,RAIN,PRIMARY_1_12
2001,Ridge,2511.092728077403,3,RAIN,PRIMARY_1_12
2001,RF,759.9458220905278,3,RAIN,PRIMARY_1_12
2001,HGB,600.7773297615971,3,RAIN,PRIMARY_1_12
2002,GlobalClim,1892.1644681584544,3,RAIN,PRIMARY_1_12
2002,DeptClim,1397.9818744567854,3,RAIN,PRIMARY_1_12
2002,Persist,1595.8340758848208,3,RAIN,PRIMARY_1_12
2002,Ridge,1889.8141551608078,3,RAIN,PRIMARY_1_12
2002,RF,1812.9378140176532,3,RAIN,PRIMARY_1_12
2002,HGB,2435.739057810806,3,RAIN,PRIMARY_1_12
2003,GlobalClim,10678.065030432404,3,RAIN,PRIMARY_1_12
2003,DeptClim,18296.185621453355,3,RAIN,PRIMARY_1_12
2003,Persist,27540.530477899523,3,RAIN,PRIMARY_1_12
2003,Ridge,6631.740439681236,3,RAIN,PRIMARY_1_12
2003,RF,2097.8197018505084,3,RAIN,PRIMARY_1_12
2003,HGB,5981.9808935313695,3,RAIN,PRIMARY_1_12
2004,GlobalClim,6016.666714802389,3,RAIN,PRIMARY_1_12
2004,DeptClim,2398.192159995905,3,RAIN,PRIMARY_1_12
2004,Persist,6306.742301196466,3,RAIN,PRIMARY_1_12
2004,Ridge,7528.635331300483,3,RAIN,PRIMARY_1_12
2004,RF,2026.2237978953399,3,RAIN,PRIMARY_1_12
2004,HGB,6378.729202592769,3,RAIN,PRIMARY_1_12
2005,GlobalClim,4760.4082195616775,3,RAIN,PRIMARY_1_12
2005,DeptClim,4396.762404614607,3,RAIN,PRIMARY_1_12
2005,Persist,4567.466929411144,3,RAIN,PRIMARY_1_12
2005,Ridge,4780.80520791871,3,RAIN,PRIMARY_1_12
2005,RF,4091.9017077545227,3,RAIN,PRIMARY_1_12
2005,HGB,4398.340230359572,3,RAIN,PRIMARY_1_12
2006,GlobalClim,3497.403111292608,3,RAIN,PRIMARY_1_12
2006,DeptClim,5173.0576007537975,3,RAIN,PRIMARY_1_12
2006,Persist,3295.00156471238,3,RAIN,PRIMARY_1_12
2006,Ridge,2817.382740452393,3,RAIN,PRIMARY_1_12
2006,RF,2493.923171729462,3,RAIN,PRIMARY_1_12
2006,HGB,3380.7912388992536,3,RAIN,PRIMARY_1_12
2007,GlobalClim,3861.7594778640673,3,RAIN,PRIMARY_1_12
2007,DeptClim,5763.541685045174,3,RAIN,PRIMARY_1_12
2007,Persist,3059.8041881044696,3,RAIN,PRIMARY_1_12
2007,Ridge,2620.1405473927075,3,RAIN,PRIMARY_1_12
2007,RF,2454.3577822760317,3,RAIN,PRIMARY_1_12
2007,HGB,4567.425479349029,3,RAIN,PRIMARY_1_12
2008,GlobalClim,3764.781260422914,3,RAIN,PRIMARY_1_12
2008,DeptClim,5777.8199495813005,3,RAIN,PRIMARY_1_12
2008,Persist,3686.703159890542,3,RAIN,PRIMARY_1_12
2008,Ridge,2205.3933258443335,3,RAIN,PRIMARY_1_12
2008,RF,1200.8537609742102,3,RAIN,PRIMARY_1_12
2008,HGB,2127.154295709317,3,RAIN,PRIMARY_1_12
2009,GlobalClim,4343.870507027622,3,RAIN,PRIMARY_1_12
2009,DeptClim,6306.811909087137,3,RAIN,PRIMARY_1_12
2009,Persist,3090.144228311137,3,RAIN,PRIMARY_1_12
2009,Ridge,2635.574296745161,3,RAIN,PRIMARY_1_12
2009,RF,1773.5115726948795,3,RAIN,PRIMARY_1_12
2009,HGB,2964.5667315811024,3,RAIN,PRIMARY_1_12
2010,GlobalClim,3806.296065034468,3,RAIN,PRIMARY_1_12
2010,DeptClim,5656.748224616174,3,RAIN,PRIMARY_1_12
2010,Persist,2406.4663244819744,3,RAIN,PRIMARY_1_12
2010,Ridge,2245.330190859489,3,RAIN,PRIMARY_1_12
2010,RF,1425.8820377839313,3,RAIN,PRIMARY_1_12
2010,HGB,2861.8557460004167,3,RAIN,PRIMARY_1_12
2011,GlobalClim,3980.995034899672,3,RAIN,PRIMARY_1_12
2011,DeptClim,3513.5180126974756,3,RAIN,PRIMARY_1_12
2011,Persist,2759.377490698992,3,RAIN,PRIMARY_1_12
2011,Ridge,4105.905052431231,3,RAIN,PRIMARY_1_12
2011,RF,1873.2562884008055,3,RAIN,PRIMARY_1_12
2011,HGB,3137.9954185722445,3,RAIN,PRIMARY_1_12
2012,GlobalClim,14900.996319632106,3,RAIN,PRIMARY_1_12
2012,DeptClim,15645.928541480553,3,RAIN,PRIMARY_1_12
2012,Persist,3839.126816553628,3,RAIN,PRIMARY_1_12
2012,Ridge,15027.789679137424,3,RAIN,PRIMARY_1_12
2012,RF,14974.66980705515,3,RAIN,PRIMARY_1_12
2012,HGB,14972.51611697152,3,RAIN,PRIMARY_1_12
2013,GlobalClim,4401.482001642315,3,RAIN,PRIMARY_1_12
2013,DeptClim,3754.0535094089887,3,RAIN,PRIMARY_1_12
2013,Persist,3349.985938642969,3,RAIN,PRIMARY_1_12
2013,Ridge,4468.609399129955,3,RAIN,PRIMARY_1_12
2013,RF,3795.630639776616,3,RAIN,PRIMARY_1_12
2013,HGB,4630.565302435783,3,RAIN,PRIMARY_1_12
2014,GlobalClim,4622.649049376407,3,RAIN,PRIMARY_1_12
2014,DeptClim,4263.862181637056,3,RAIN,PRIMARY_1_12
2014,Persist,3317.2827687293943,3,RAIN,PRIMARY_1_12
2014,Ridge,4649.445203768069,3,RAIN,PRIMARY_1_12
2014,RF,2809.4043726945906,3,RAIN,PRIMARY_1_12
2014,HGB,3589.1278898546057,3,RAIN,PRIMARY_1_12
2015,GlobalClim,3704.7860798711076,3,RAIN,PRIMARY_1_12
2015,DeptClim,3998.8873489327725,3,RAIN,PRIMARY_1_12
2015,Persist,2870.4450658801998,3,RAIN,PRIMARY_1_12
2015,Ridge,3183.3420386389757,3,RAIN,PRIMARY_1_12
2015,RF,3869.8256438892668,3,RAIN,PRIMARY_1_12
2015,HGB,3453.003576432454,3,RAIN,PRIMARY_1_12
2016,GlobalClim,4377.910557009982,3,RAIN,PRIMARY_1_12
2016,DeptClim,6307.218328508562,3,RAIN,PRIMARY_1_12
2016,Persist,3278.8341581605937,3,RAIN,PRIMARY_1_12
2016,Ridge,2312.963191372386,3,RAIN,PRIMARY_1_12
2016,RF,1719.955521758828,3,RAIN,PRIMARY_1_12
2016,HGB,3114.9962938666895,3,RAIN,PRIMARY_1_12
2017,GlobalClim,3279.6668007059975,3,RAIN,PRIMARY_1_12
2017,DeptClim,5162.905318127233,3,RAIN,PRIMARY_1_12
2017,Persist,2440.650872522563,3,RAIN,PRIMARY_1_12
2017,Ridge,1824.4035962462333,3,RAIN,PRIMARY_1_12
2017,RF,1703.9880777525057,3,RAIN,PRIMARY_1_12
2017,HGB,2468.8785026516425,3,RAIN,PRIMARY_1_12
2018,GlobalClim,5394.057689547199,3,RAIN,PRIMARY_1_12
2018,DeptClim,7088.277451521614,3,RAIN,PRIMARY_1_12
2018,Persist,4100.273453735913,3,RAIN,PRIMARY_1_12
2018,Ridge,4451.0443526098115,3,RAIN,PRIMARY_1_12
2018,RF,4424.404560198205,3,RAIN,PRIMARY_1_12
2018,HGB,4265.752576793316,3,RAIN,PRIMARY_1_12
2019,GlobalClim,10766.602718238006,3,RAIN,PRIMARY_1_12
2019,DeptClim,9223.654623467071,3,RAIN,PRIMARY_1_12
2019,Persist,42831.09658817381,3,RAIN,PRIMARY_1_12
2019,Ridge,7231.403515356963,3,RAIN,PRIMARY_1_12
2019,RF,9381.53732074843,3,RAIN,PRIMARY_1_12
2019,HGB,10109.222162537057,3,RAIN,PRIMARY_1_12
2020,GlobalClim,4352.169798687107,3,RAIN,PRIMARY_1_12
2020,DeptClim,3298.2905731413175,3,RAIN,PRIMARY_1_12
2020,Persist,12893.032465411436,3,RAIN,PRIMARY_1_12
2020,Ridge,5733.597591386658,3,RAIN,PRIMARY_1_12
2020,RF,2681.7942170434453,3,RAIN,PRIMARY_1_12
2020,HGB,3457.7899919773163,3,RAIN,PRIMARY_1_12
2021,GlobalClim,6804.451538120981,3,RAIN,PRIMARY_1_12
2021,DeptClim,7077.673792776793,3,RAIN,PRIMARY_1_12
2021,Persist,4749.883114955358,3,RAIN,PRIMARY_1_12
2021,Ridge,6835.813121677634,3,RAIN,PRIMARY_1_12
2021,RF,6377.908331326932,3,RAIN,PRIMARY_1_12
2021,HGB,6981.914733865206,3,RAIN,PRIMARY_1_12
2022,GlobalClim,5836.311546252374,3,RAIN,PRIMARY_1_12
2022,DeptClim,7721.225995658907,3,RAIN,PRIMARY_1_12
2022,Persist,7235.992154711442,3,RAIN,PRIMARY_1_12
2022,Ridge,4884.5108793823565,3,RAIN,PRIMARY_1_12
2022,RF,5507.832798875345,3,RAIN,PRIMARY_1_12
2022,HGB,4680.777744048069,3,RAIN,PRIMARY_1_12
2023,GlobalClim,3761.625809186564,3,RAIN,PRIMARY_1_12
2023,DeptClim,4984.195319875196,3,RAIN,PRIMARY_1_12
2023,Persist,3719.3424358699544,3,RAIN,PRIMARY_1_12
2023,Ridge,2506.6507834626377,3,RAIN,PRIMARY_1_12
2023,RF,2082.1591037167173,3,RAIN,PRIMARY_1_12
2023,HGB,2760.201988471823,3,RAIN,PRIMARY_1_12
2024,GlobalClim,5122.913316827449,3,RAIN,PRIMARY_1_12
2024,DeptClim,6440.471105598962,3,RAIN,PRIMARY_1_12
2024,Persist,4255.859056413081,3,RAIN,PRIMARY_1_12
2024,Ridge,3011.288012461336,3,RAIN,PRIMARY_1_12
2024,RF,2548.5015020416968,3,RAIN,PRIMARY_1_12
2024,HGB,3282.706099343944,3,RAIN,PRIMARY_1_12
2025,GlobalClim,5995.1169527590955,3,RAIN,PRIMARY_1_12
2025,DeptClim,7742.863722793064,3,RAIN,PRIMARY_1_12
2025,Persist,5061.369616339869,3,RAIN,PRIMARY_1_12
2025,Ridge,5305.456391082111,3,RAIN,PRIMARY_1_12
2025,RF,7196.40879134689,3,RAIN,PRIMARY_1_12
2025,HGB,6785.4139757709045,3,RAIN,PRIMARY_1_12
2001,GlobalClim,2460.7654720909413,4,RAIN,PRIMARY_1_12
2001,DeptClim,1802.1088929873063,4,RAIN,PRIMARY_1_12
2001,Persist,477.46879963579346,4,RAIN,PRIMARY_1_12
2001,Ridge,2559.6822609859655,4,RAIN,PRIMARY_1_12
2001,RF,757.0206370348178,4,RAIN,PRIMARY_1_12
2001,HGB,2600.4677915489638,4,RAIN,PRIMARY_1_12
2002,GlobalClim,1838.961584013074,4,RAIN,PRIMARY_1_12
2002,DeptClim,1486.9768865442868,4,RAIN,PRIMARY_1_12
2002,Persist,477.2872378089464,4,RAIN,PRIMARY_1_12
2002,Ridge,2542.9937022029076,4,RAIN,PRIMARY_1_12
2002,RF,1125.5755500991368,4,RAIN,PRIMARY_1_12
2002,HGB,2094.592117365512,4,RAIN,PRIMARY_1_12
2003,GlobalClim,8151.800862744395,4,RAIN,PRIMARY_1_12
2003,DeptClim,14788.36016467279,4,RAIN,PRIMARY_1_12
2003,Persist,9357.954716069133,4,RAIN,PRIMARY_1_12
2003,Ridge,3798.5001484880318,4,RAIN,PRIMARY_1_12
2003,RF,908.9065896348004,4,RAIN,PRIMARY_1_12
2003,HGB,5383.051204904785,4,RAIN,PRIMARY_1_12
2004,GlobalClim,10171.346357918586,4,RAIN,PRIMARY_1_12
2004,DeptClim,6266.256279299262,4,RAIN,PRIMARY_1_12
2004,Persist,2335.2595017980207,4,RAIN,PRIMARY_1_12
2004,Ridge,12077.788145103983,4,RAIN,PRIMARY_1_12
2004,RF,7514.496047905731,4,RAIN,PRIMARY_1_12
2004,HGB,9650.821318188306,4,RAIN,PRIMARY_1_12
2005,GlobalClim,5426.794112797348,4,RAIN,PRIMARY_1_12
2005,DeptClim,3336.4066331991453,4,RAIN,PRIMARY_1_12
2005,Persist,1574.1654909479105,4,RAIN,PRIMARY_1_12
2005,Ridge,6238.103920229544,4,RAIN,PRIMARY_1_12
2005,RF,3875.944545770277,4,RAIN,PRIMARY_1_12
2005,HGB,5079.914550854696,4,RAIN,PRIMARY_1_12
2006,GlobalClim,2522.5786663704594,4,RAIN,PRIMARY_1_12
2006,DeptClim,2949.502998932636,4,RAIN,PRIMARY_1_12
2006,Persist,2995.9268324726886,4,RAIN,PRIMARY_1_12
2006,Ridge,2517.1713874325565,4,RAIN,PRIMARY_1_12
2006,RF,2110.358945869873,4,RAIN,PRIMARY_1_12
2006,HGB,2439.7520393184677,4,RAIN,PRIMARY_1_12
2007,GlobalClim,3543.74452526704,4,RAIN,PRIMARY_1_12
2007,DeptClim,4874.9956662802415,4,RAIN,PRIMARY_1_12
2007,Persist,3403.8667008545526,4,RAIN,PRIMARY_1_12
2007,Ridge,2481.163386195123,4,RAIN,PRIMARY_1_12
2007,RF,1414.9353291261657,4,RAIN,PRIMARY_1_12
2007,HGB,3126.334191770931,4,RAIN,PRIMARY_1_12
2008,GlobalClim,2997.200780568631,4,RAIN,PRIMARY_1_12
2008,DeptClim,4442.737886030403,4,RAIN,PRIMARY_1_12
2008,Persist,2892.5584688868826,4,RAIN,PRIMARY_1_12
2008,Ridge,1658.03267287702,4,RAIN,PRIMARY_1_12
2008,RF,1333.8323080583002,4,RAIN,PRIMARY_1_12
2008,HGB,2051.6248137444586,4,RAIN,PRIMARY_1_12
2009,GlobalClim,3660.15000228317,4,RAIN,PRIMARY_1_12
2009,DeptClim,5227.479574913527,4,RAIN,PRIMARY_1_12
2009,Persist,2652.129195322719,4,RAIN,PRIMARY_1_12
2009,Ridge,1842.9507654808383,4,RAIN,PRIMARY_1_12
2009,RF,978.4622714408243,4,RAIN,PRIMARY_1_12
2009,HGB,2380.0725179046995,4,RAIN,PRIMARY_1_12
2010,GlobalClim,2888.917154339181,4,RAIN,PRIMARY_1_12
2010,DeptClim,4445.723499367212,4,RAIN,PRIMARY_1_12
2010,Persist,2449.241681336496,4,RAIN,PRIMARY_1_12
2010,Ridge,1167.543362277733,4,RAIN,PRIMARY_1_12
2010,RF,890.2020888105892,4,RAIN,PRIMARY_1_12
2010,HGB,1650.3936686917787,4,RAIN,PRIMARY_1_12
2011,GlobalClim,2527.988484607882,4,RAIN,PRIMARY_1_12
2011,DeptClim,4168.594479100926,4,RAIN,PRIMARY_1_12
2011,Persist,6668.1785040790855,4,RAIN,PRIMARY_1_12
2011,Ridge,944.59840661183,4,RAIN,PRIMARY_1_12
2011,RF,711.0010248547412,4,RAIN,PRIMARY_1_12
2011,HGB,1484.160233092414,4,RAIN,PRIMARY_1_12
2012,GlobalClim,2654.6947692119347,4,RAIN,PRIMARY_1_12
2012,DeptClim,4384.3332417043475,4,RAIN,PRIMARY_1_12
2012,Persist,15210.61999575879,4,RAIN,PRIMARY_1_12
2012,Ridge,1318.70968853537,4,RAIN,PRIMARY_1_12
2012,RF,741.9013566318499,4,RAIN,PRIMARY_1_12
2012,HGB,2326.242827891732,4,RAIN,PRIMARY_1_12
2013,GlobalClim,4511.36943076027,4,RAIN,PRIMARY_1_12
2013,DeptClim,3974.9908968107898,4,RAIN,PRIMARY_1_12
2013,Persist,2641.8627406503197,4,RAIN,PRIMARY_1_12
2013,Ridge,4868.621066925893,4,RAIN,PRIMARY_1_12
2013,RF,4065.606357297505,4,RAIN,PRIMARY_1_12
2013,HGB,4340.767852226296,4,RAIN,PRIMARY_1_12
2014,GlobalClim,3328.2361283445,4,RAIN,PRIMARY_1_12
2014,DeptClim,4967.406565346921,4,RAIN,PRIMARY_1_12
2014,Persist,7135.037158027875,4,RAIN,PRIMARY_1_12
2014,Ridge,1738.0618794692261,4,RAIN,PRIMARY_1_12
2014,RF,1667.2346596970629,4,RAIN,PRIMARY_1_12
2014,HGB,2784.1448510582472,4,RAIN,PRIMARY_1_12
2015,GlobalClim,3573.3282731257073,4,RAIN,PRIMARY_1_12
2015,DeptClim,5170.360911020598,4,RAIN,PRIMARY_1_12
2015,Persist,5869.946267881969,4,RAIN,PRIMARY_1_12
2015,Ridge,1571.0248344709667,4,RAIN,PRIMARY_1_12
2015,RF,2506.4832830367495,4,RAIN,PRIMARY_1_12
2015,HGB,2600.003633339122,4,RAIN,PRIMARY_1_12
2016,GlobalClim,4098.5266087505215,4,RAIN,PRIMARY_1_12
2016,DeptClim,5984.292717764656,4,RAIN,PRIMARY_1_12
2016,Persist,3205.4569168649964,4,RAIN,PRIMARY_1_12
2016,Ridge,2330.5128365652677,4,RAIN,PRIMARY_1_12
2016,RF,2004.400697039437,4,RAIN,PRIMARY_1_12
2016,HGB,2959.360749105419,4,RAIN,PRIMARY_1_12
2017,GlobalClim,4171.443335142799,4,RAIN,PRIMARY_1_12
2017,DeptClim,6100.663896304839,4,RAIN,PRIMARY_1_12
2017,Persist,4473.767669512302,4,RAIN,PRIMARY_1_12
2017,Ridge,2533.249153065885,4,RAIN,PRIMARY_1_12
2017,RF,1690.411451801295,4,RAIN,PRIMARY_1_12
2017,HGB,3441.238938989024,4,RAIN,PRIMARY_1_12
2018,GlobalClim,5866.817829921402,4,RAIN,PRIMARY_1_12
2018,DeptClim,7519.8233375116715,4,RAIN,PRIMARY_1_12
2018,Persist,4255.096628892226,4,RAIN,PRIMARY_1_12
2018,Ridge,5336.678875056398,4,RAIN,PRIMARY_1_12
2018,RF,4754.748396126243,4,RAIN,PRIMARY_1_12
2018,HGB,5678.16241504361,4,RAIN,PRIMARY_1_12
2019,GlobalClim,3910.939478766276,4,RAIN,PRIMARY_1_12
2019,DeptClim,4543.901118155428,4,RAIN,PRIMARY_1_12
2019,Persist,14056.551796798265,4,RAIN,PRIMARY_1_12
2019,Ridge,24188.48834617221,4,RAIN,PRIMARY_1_12
2019,RF,8695.266627547255,4,RAIN,PRIMARY_1_12
2019,HGB,6698.652367838571,4,RAIN,PRIMARY_1_12
2020,GlobalClim,19854.70209904499,4,RAIN,PRIMARY_1_12
2020,DeptClim,18942.947120618366,4,RAIN,PRIMARY_1_12
2020,Persist,16393.917529359565,4,RAIN,PRIMARY_1_12
2020,Ridge,19659.5079775166,4,RAIN,PRIMARY_1_12
2020,RF,19227.619856649304,4,RAIN,PRIMARY_1_12
2020,HGB,19345.97556412518,4,RAIN,PRIMARY_1_12
2021,GlobalClim,3512.1310827414527,4,RAIN,PRIMARY_1_12
2021,DeptClim,4934.148700265908,4,RAIN,PRIMARY_1_12
2021,Persist,9799.360475599982,4,RAIN,PRIMARY_1_12
2021,Ridge,1689.215752979898,4,RAIN,PRIMARY_1_12
2021,RF,1330.9888124591025,4,RAIN,PRIMARY_1_12
2021,HGB,2898.753343488669,4,RAIN,PRIMARY_1_12
2022,GlobalClim,3328.7076331974336,4,RAIN,PRIMARY_1_12
2022,DeptClim,4599.150183613887,4,RAIN,PRIMARY_1_12
2022,Persist,3177.7720266312367,4,RAIN,PRIMARY_1_12
2022,Ridge,2090.3804790257177,4,RAIN,PRIMARY_1_12
2022,RF,2105.8777681136016,4,RAIN,PRIMARY_1_12
2022,HGB,2398.4388322795903,4,RAIN,PRIMARY_1_12
2023,GlobalClim,4493.654595015877,4,RAIN,PRIMARY_1_12
2023,DeptClim,5606.209656099696,4,RAIN,PRIMARY_1_12
2023,Persist,5544.004199146215,4,RAIN,PRIMARY_1_12
2023,Ridge,2560.5046800412415,4,RAIN,PRIMARY_1_12
2023,RF,1729.2534550535465,4,RAIN,PRIMARY_1_12
2023,HGB,3244.978364181973,4,RAIN,PRIMARY_1_12
2024,GlobalClim,5028.612524469636,4,RAIN,PRIMARY_1_12
2024,DeptClim,6503.308477944062,4,RAIN,PRIMARY_1_12
2024,Persist,6796.236628214511,4,RAIN,PRIMARY_1_12
2024,Ridge,2943.5886228870013,4,RAIN,PRIMARY_1_12
2024,RF,3388.017832914702,4,RAIN,PRIMARY_1_12
2024,HGB,4794.230244786532,4,RAIN,PRIMARY_1_12
2001,GlobalClim,2858.4285699750726,5,RAIN,PRIMARY_1_12
2001,DeptClim,1829.7934841725078,5,RAIN,PRIMARY_1_12
2001,Persist,909.8602322801889,5,RAIN,PRIMARY_1_12
2001,Ridge,3821.965122758735,5,RAIN,PRIMARY_1_12
2001,RF,675.1224129324225,5,RAIN,PRIMARY_1_12
2001,HGB,1079.2635148856534,5,RAIN,PRIMARY_1_12
2002,GlobalClim,2201.7544650841455,5,RAIN,PRIMARY_1_12
2002,DeptClim,1542.50529441074,5,RAIN,PRIMARY_1_12
2002,Persist,867.4276745495991,5,RAIN,PRIMARY_1_12
2002,Ridge,3291.1649213810915,5,RAIN,PRIMARY_1_12
2002,RF,952.192070611537,5,RAIN,PRIMARY_1_12
2002,HGB,940.9566832512118,5,RAIN,PRIMARY_1_12
2003,GlobalClim,14659.44045805116,5,RAIN,PRIMARY_1_12
2003,DeptClim,4247.186142598417,5,RAIN,PRIMARY_1_12
2003,Persist,16558.559664339253,5,RAIN,PRIMARY_1_12
2003,Ridge,20241.86916434336,5,RAIN,PRIMARY_1_12
2003,RF,7552.13550553257,5,RAIN,PRIMARY_1_12
2003,HGB,12385.209193177183,5,RAIN,PRIMARY_1_12
2004,GlobalClim,9689.792022118245,5,RAIN,PRIMARY_1_12
2004,DeptClim,3268.7253539240146,5,RAIN,PRIMARY_1_12
2004,Persist,2649.116526455397,5,RAIN,PRIMARY_1_12
2004,Ridge,13456.951423318205,5,RAIN,PRIMARY_1_12
2004,RF,4184.014023792448,5,RAIN,PRIMARY_1_12
2004,HGB,8130.186154053053,5,RAIN,PRIMARY_1_12
2005,GlobalClim,4894.22450150277,5,RAIN,PRIMARY_1_12
2005,DeptClim,2353.93138729162,5,RAIN,PRIMARY_1_12
2005,Persist,2416.50045071968,5,RAIN,PRIMARY_1_12
2005,Ridge,6214.945445782071,5,RAIN,PRIMARY_1_12
2005,RF,1838.5746425878974,5,RAIN,PRIMARY_1_12
2005,HGB,4791.66538289221,5,RAIN,PRIMARY_1_12
2006,GlobalClim,3205.57883859948,5,RAIN,PRIMARY_1_12
2006,DeptClim,4813.026099258409,5,RAIN,PRIMARY_1_12
2006,Persist,3272.7051219345867,5,RAIN,PRIMARY_1_12
2006,Ridge,3009.940864005967,5,RAIN,PRIMARY_1_12
2006,RF,3817.743600569404,5,RAIN,PRIMARY_1_12
2006,HGB,2890.913455733141,5,RAIN,PRIMARY_1_12
2007,GlobalClim,4238.5192548568475,5,RAIN,PRIMARY_1_12
2007,DeptClim,6640.329876599457,5,RAIN,PRIMARY_1_12
2007,Persist,3623.91283622775,5,RAIN,PRIMARY_1_12
2007,Ridge,2697.6377367005875,5,RAIN,PRIMARY_1_12
2007,RF,2268.9027685984465,5,RAIN,PRIMARY_1_12
2007,HGB,4954.891216080317,5,RAIN,PRIMARY_1_12
2008,GlobalClim,4940.501668897485,5,RAIN,PRIMARY_1_12
2008,DeptClim,7428.840744308354,5,RAIN,PRIMARY_1_12
2008,Persist,4671.165996158498,5,RAIN,PRIMARY_1_12
2008,Ridge,4069.4138291254462,5,RAIN,PRIMARY_1_12
2008,RF,3714.4520255706348,5,RAIN,PRIMARY_1_12
2008,HGB,3833.0499827288036,5,RAIN,PRIMARY_1_12
2009,GlobalClim,4613.635360205764,5,RAIN,PRIMARY_1_12
2009,DeptClim,7145.159256175651,5,RAIN,PRIMARY_1_12
2009,Persist,3068.9219993497522,5,RAIN,PRIMARY_1_12
2009,Ridge,1828.8030362670593,5,RAIN,PRIMARY_1_12
2009,RF,1341.8743159434111,5,RAIN,PRIMARY_1_12
2009,HGB,2404.3309140945425,5,RAIN,PRIMARY_1_12
2010,GlobalClim,4195.5752700473495,5,RAIN,PRIMARY_1_12
2010,DeptClim,6868.090741502316,5,RAIN,PRIMARY_1_12
2010,Persist,3455.273008281527,5,RAIN,PRIMARY_1_12
2010,Ridge,1447.9005038012242,5,RAIN,PRIMARY_1_12
2010,RF,805.7803973304043,5,RAIN,PRIMARY_1_12
2010,HGB,2438.8265760697063,5,RAIN,PRIMARY_1_12
2011,GlobalClim,3610.572574086584,5,RAIN,PRIMARY_1_12
2011,DeptClim,6214.989690604104,5,RAIN,PRIMARY_1_12
2011,Persist,3390.8259481879795,5,RAIN,PRIMARY_1_12
2011,Ridge,1278.7913415606083,5,RAIN,PRIMARY_1_12
2011,RF,808.137750785882,5,RAIN,PRIMARY_1_12
2011,HGB,2245.146872404516,5,RAIN,PRIMARY_1_12
2012,GlobalClim,3855.4499613458383,5,RAIN,PRIMARY_1_12
2012,DeptClim,6590.017052900826,5,RAIN,PRIMARY_1_12
2012,Persist,3702.3194853033147,5,RAIN,PRIMARY_1_12
2012,Ridge,1792.4670201961808,5,RAIN,PRIMARY_1_12
2012,RF,1007.9350696793085,5,RAIN,PRIMARY_1_12
2012,HGB,2875.585279480248,5,RAIN,PRIMARY_1_12
2013,GlobalClim,3845.4044737097147,5,RAIN,PRIMARY_1_12
2013,DeptClim,3586.335783010208,5,RAIN,PRIMARY_1_12
2013,Persist,3530.8545383095525,5,RAIN,PRIMARY_1_12
2013,Ridge,4485.757343382849,5,RAIN,PRIMARY_1_12
2013,RF,4416.994179947315,5,RAIN,PRIMARY_1_12
2013,HGB,4221.579616150441,5,RAIN,PRIMARY_1_12
2014,GlobalClim,4492.178503521119,5,RAIN,PRIMARY_1_12
2014,DeptClim,7143.89840122903,5,RAIN,PRIMARY_1_12
2014,Persist,4136.168675361055,5,RAIN,PRIMARY_1_12
2014,Ridge,1940.8965312693715,5,RAIN,PRIMARY_1_12
2014,RF,2128.479328154536,5,RAIN,PRIMARY_1_12
2014,HGB,3041.3697135358943,5,RAIN,PRIMARY_1_12
2015,GlobalClim,5388.20866506317,5,RAIN,PRIMARY_1_12
2015,DeptClim,8097.640971416716,5,RAIN,PRIMARY_1_12
2015,Persist,5120.664291723478,5,RAIN,PRIMARY_1_12
2015,Ridge,2114.6400904047437,5,RAIN,PRIMARY_1_12
2015,RF,1998.5325426148265,5,RAIN,PRIMARY_1_12
2015,HGB,4024.4071272181677,5,RAIN,PRIMARY_1_12
2016,GlobalClim,5782.633121757165,5,RAIN,PRIMARY_1_12
2016,DeptClim,8704.638576866177,5,RAIN,PRIMARY_1_12
2016,Persist,5117.6123183470045,5,RAIN,PRIMARY_1_12
2016,Ridge,3083.4706141614397,5,RAIN,PRIMARY_1_12
2016,RF,2848.540320541542,5,RAIN,PRIMARY_1_12
2016,HGB,6325.993604065939,5,RAIN,PRIMARY_1_12
2017,GlobalClim,5461.703629319201,5,RAIN,PRIMARY_1_12
2017,DeptClim,8470.902054927637,5,RAIN,PRIMARY_1_12
2017,Persist,5089.291824929134,5,RAIN,PRIMARY_1_12
2017,Ridge,2921.9322656461864,5,RAIN,PRIMARY_1_12
2017,RF,2672.9290432898447,5,RAIN,PRIMARY_1_12
2017,HGB,4528.149924558704,5,RAIN,PRIMARY_1_12
2018,GlobalClim,5331.6646858960885,5,RAIN,PRIMARY_1_12
2018,DeptClim,7904.894938202275,5,RAIN,PRIMARY_1_12
2018,Persist,5456.244648851534,5,RAIN,PRIMARY_1_12
2018,Ridge,4413.185938105399,5,RAIN,PRIMARY_1_12
2018,RF,3809.5075154236724,5,RAIN,PRIMARY_1_12
2018,HGB,5472.5581781330775,5,RAIN,PRIMARY_1_12
2019,GlobalClim,4864.784104494749,5,RAIN,PRIMARY_1_12
2019,DeptClim,7623.525888693069,5,RAIN,PRIMARY_1_12
2019,Persist,7472.363412265596,5,RAIN,PRIMARY_1_12
2019,Ridge,48763.84820810457,5,RAIN,PRIMARY_1_12
2019,RF,16406.61767651447,5,RAIN,PRIMARY_1_12
2019,HGB,13235.265765927472,5,RAIN,PRIMARY_1_12
2020,GlobalClim,43044.46002240834,5,RAIN,PRIMARY_1_12
2020,DeptClim,42075.73301735916,5,RAIN,PRIMARY_1_12
2020,Persist,23044.901751738624,5,RAIN,PRIMARY_1_12
2020,Ridge,42743.98378520137,5,RAIN,PRIMARY_1_12
2020,RF,42605.96121218448,5,RAIN,PRIMARY_1_12
2020,HGB,42917.99112065882,5,RAIN,PRIMARY_1_12
2021,GlobalClim,5849.701066331531,5,RAIN,PRIMARY_1_12
2021,DeptClim,8062.891901691181,5,RAIN,PRIMARY_1_12
2021,Persist,5749.470522699459,5,RAIN,PRIMARY_1_12
2021,Ridge,2894.330702989022,5,RAIN,PRIMARY_1_12
2021,RF,1647.7851274809177,5,RAIN,PRIMARY_1_12
2021,HGB,5381.285599317912,5,RAIN,PRIMARY_1_12
2022,GlobalClim,6141.251374705055,5,RAIN,PRIMARY_1_12
2022,DeptClim,8656.819319540522,5,RAIN,PRIMARY_1_12
2022,Persist,7743.931297879008,5,RAIN,PRIMARY_1_12
2022,Ridge,3674.6144210624875,5,RAIN,PRIMARY_1_12
2022,RF,2771.108196403907,5,RAIN,PRIMARY_1_12
2022,HGB,5249.151169276721,5,RAIN,PRIMARY_1_12
2023,GlobalClim,7088.587796588185,5,RAIN,PRIMARY_1_12
2023,DeptClim,9498.69832264573,5,RAIN,PRIMARY_1_12
2023,Persist,7953.209137133123,5,RAIN,PRIMARY_1_12
2023,Ridge,4276.350567172417,5,RAIN,PRIMARY_1_12
2023,RF,3051.009336717311,5,RAIN,PRIMARY_1_12
2023,HGB,5651.756948177375,5,RAIN,PRIMARY_1_12
2024,GlobalClim,7759.180258343421,5,RAIN,PRIMARY_1_12
2024,DeptClim,10525.171669062893,5,RAIN,PRIMARY_1_12
2024,Persist,8090.678734283491,5,RAIN,PRIMARY_1_12
2024,Ridge,4590.43817041144,5,RAIN,PRIMARY_1_12
2024,RF,4233.214126956053,5,RAIN,PRIMARY_1_12
2024,HGB,7391.1496019982005,5,RAIN,PRIMARY_1_12
2001,GlobalClim,2808.698347551019,6,RAIN,PRIMARY_1_12
2001,DeptClim,1734.1044957692382,6,RAIN,PRIMARY_1_12
2001,Persist,909.6582986224239,6,RAIN,PRIMARY_1_12
2001,Ridge,4015.171824679342,6,RAIN,PRIMARY_1_12
2001,RF,637.8503609764912,6,RAIN,PRIMARY_1_12
2001,HGB,853.7756328471904,6,RAIN,PRIMARY_1_12
2002,GlobalClim,2072.079382793149,6,RAIN,PRIMARY_1_12
2002,DeptClim,1340.4547425415494,6,RAIN,PRIMARY_1_12
2002,Persist,1248.0035429328334,6,RAIN,PRIMARY_1_12
2002,Ridge,2877.5230783318966,6,RAIN,PRIMARY_1_12
2002,RF,1159.8050798141253,6,RAIN,PRIMARY_1_12
2002,HGB,1087.736897645903,6,RAIN,PRIMARY_1_12
2003,GlobalClim,16257.118972162756,6,RAIN,PRIMARY_1_12
2003,DeptClim,3424.592833786634,6,RAIN,PRIMARY_1_12
2003,Persist,977.6744427763722,6,RAIN,PRIMARY_1_12
2003,Ridge,25230.129647805355,6,RAIN,PRIMARY_1_12
2003,RF,13641.806578104306,6,RAIN,PRIMARY_1_12
2003,HGB,16558.408789830464,6,RAIN,PRIMARY_1_12
2004,GlobalClim,10422.943096849547,6,RAIN,PRIMARY_1_12
2004,DeptClim,2091.5067914483316,6,RAIN,PRIMARY_1_12
2004,Persist,1980.9204463813292,6,RAIN,PRIMARY_1_12
2004,Ridge,16647.793438442463,6,RAIN,PRIMARY_1_12
2004,RF,9048.734268199954,6,RAIN,PRIMARY_1_12
2004,HGB,10729.214096116706,6,RAIN,PRIMARY_1_12
2005,GlobalClim,5078.526880020394,6,RAIN,PRIMARY_1_12
2005,DeptClim,1771.8759085770382,6,RAIN,PRIMARY_1_12
2005,Persist,1742.1395920027626,6,RAIN,PRIMARY_1_12
2005,Ridge,7560.755534646898,6,RAIN,PRIMARY_1_12
2005,RF,4924.862713152014,6,RAIN,PRIMARY_1_12
2005,HGB,6202.706124604816,6,RAIN,PRIMARY_1_12
2006,GlobalClim,2962.7759361863787,6,RAIN,PRIMARY_1_12
2006,DeptClim,5205.070387335513,6,RAIN,PRIMARY_1_12
2006,Persist,2735.27219957925,6,RAIN,PRIMARY_1_12
2006,Ridge,3722.2399919167347,6,RAIN,PRIMARY_1_12
2006,RF,3577.409933936101,6,RAIN,PRIMARY_1_12
2006,HGB,2362.736889713927,6,RAIN,PRIMARY_1_12
2007,GlobalClim,4178.18386530759,6,RAIN,PRIMARY_1_12
2007,DeptClim,7111.326060976929,6,RAIN,PRIMARY_1_12
2007,Persist,3002.9502231952706,6,RAIN,PRIMARY_1_12
2007,Ridge,2794.3003610455535,6,RAIN,PRIMARY_1_12
2007,RF,1797.435796730037,6,RAIN,PRIMARY_1_12
2007,HGB,4317.617777802218,6,RAIN,PRIMARY_1_12
2008,GlobalClim,3719.9057598249124,6,RAIN,PRIMARY_1_12
2008,DeptClim,6791.739609212595,6,RAIN,PRIMARY_1_12
2008,Persist,4264.438096453167,6,RAIN,PRIMARY_1_12
2008,Ridge,2748.4606760906263,6,RAIN,PRIMARY_1_12
2008,RF,2248.1698680150303,6,RAIN,PRIMARY_1_12
2008,HGB,2921.883495307838,6,RAIN,PRIMARY_1_12
2009,GlobalClim,4593.317281246624,6,RAIN,PRIMARY_1_12
2009,DeptClim,7932.583886480747,6,RAIN,PRIMARY_1_12
2009,Persist,3220.639660466637,6,RAIN,PRIMARY_1_12
2009,Ridge,1835.8551915909798,6,RAIN,PRIMARY_1_12
2009,RF,969.8000295508517,6,RAIN,PRIMARY_1_12
2009,HGB,3972.993484532465,6,RAIN,PRIMARY_1_12
2010,GlobalClim,4041.8942626409294,6,RAIN,PRIMARY_1_12
2010,DeptClim,7315.760932548097,6,RAIN,PRIMARY_1_12
2010,Persist,3115.5547262735063,6,RAIN,PRIMARY_1_12
2010,Ridge,1627.31436015898,6,RAIN,PRIMARY_1_12
2010,RF,871.0144410091156,6,RAIN,PRIMARY_1_12
2010,HGB,2732.1094276186777,6,RAIN,PRIMARY_1_12
2011,GlobalClim,3851.6546392346518,6,RAIN,PRIMARY_1_12
2011,DeptClim,6955.64379627399,6,RAIN,PRIMARY_1_12
2011,Persist,3714.7128729845285,6,RAIN,PRIMARY_1_12
2011,Ridge,1546.184106064595,6,RAIN,PRIMARY_1_12
2011,RF,565.3287058499847,6,RAIN,PRIMARY_1_12
2011,HGB,1737.5250519913086,6,RAIN,PRIMARY_1_12
2012,GlobalClim,4086.2244898583317,6,RAIN,PRIMARY_1_12
2012,DeptClim,7339.389479257888,6,RAIN,PRIMARY_1_12
2012,Persist,4086.4100776853898,6,RAIN,PRIMARY_1_12
2012,Ridge,1756.980393593806,6,RAIN,PRIMARY_1_12
2012,RF,1590.6111167988568,6,RAIN,PRIMARY_1_12
2012,HGB,3389.6436026044234,6,RAIN,PRIMARY_1_12
2013,GlobalClim,4269.962909652844,6,RAIN,PRIMARY_1_12
2013,DeptClim,7452.632229202839,6,RAIN,PRIMARY_1_12
2013,Persist,8897.020852888314,6,RAIN,PRIMARY_1_12
2013,Ridge,1417.9302273100911,6,RAIN,PRIMARY_1_12
2013,RF,1108.5127146477553,6,RAIN,PRIMARY_1_12
2013,HGB,2610.3367252558023,6,RAIN,PRIMARY_1_12
2014,GlobalClim,4730.071579089154,6,RAIN,PRIMARY_1_12
2014,DeptClim,7907.609423607126,6,RAIN,PRIMARY_1_12
2014,Persist,4627.240633618387,6,RAIN,PRIMARY_1_12
2014,Ridge,1972.8591887209943,6,RAIN,PRIMARY_1_12
2014,RF,1514.6636906587485,6,RAIN,PRIMARY_1_12
2014,HGB,3219.7715844748427,6,RAIN,PRIMARY_1_12
2015,GlobalClim,5157.172277829852,6,RAIN,PRIMARY_1_12
2015,DeptClim,8331.597857110875,6,RAIN,PRIMARY_1_12
2015,Persist,4431.903936273423,6,RAIN,PRIMARY_1_12
2015,Ridge,1461.7657166083654,6,RAIN,PRIMARY_1_12
2015,RF,1916.4511958676078,6,RAIN,PRIMARY_1_12
2015,HGB,3068.4866699026793,6,RAIN,PRIMARY_1_12
2016,GlobalClim,5881.423087535901,6,RAIN,PRIMARY_1_12
2016,DeptClim,9155.024116564682,6,RAIN,PRIMARY_1_12
2016,Persist,4871.807098427971,6,RAIN,PRIMARY_1_12
2016,Ridge,3073.912607475044,6,RAIN,PRIMARY_1_12
2016,RF,2967.02280581169,6,RAIN,PRIMARY_1_12
2016,HGB,5263.402495548294,6,RAIN,PRIMARY_1_12
2017,GlobalClim,6344.327186284809,6,RAIN,PRIMARY_1_12
2017,DeptClim,9794.519141833,6,RAIN,PRIMARY_1_12
2017,Persist,6049.914017586926,6,RAIN,PRIMARY_1_12
2017,Ridge,3288.5307882199963,6,RAIN,PRIMARY_1_12
2017,RF,2949.5183813887897,6,RAIN,PRIMARY_1_12
2017,HGB,5686.705940140497,6,RAIN,PRIMARY_1_12
2018,GlobalClim,6724.926981377211,6,RAIN,PRIMARY_1_12
2018,DeptClim,9838.610991487672,6,RAIN,PRIMARY_1_12
2018,Persist,6956.347682448892,6,RAIN,PRIMARY_1_12
2018,Ridge,4913.501058629682,6,RAIN,PRIMARY_1_12
2018,RF,4427.193303451674,6,RAIN,PRIMARY_1_12
2018,HGB,7224.076780515979,6,RAIN,PRIMARY_1_12
2019,GlobalClim,18180.284343544103,6,RAIN,PRIMARY_1_12
2019,DeptClim,15770.045596915905,6,RAIN,PRIMARY_1_12
2019,Persist,18329.79661274265,6,RAIN,PRIMARY_1_12
2019,Ridge,14202.982291958424,6,RAIN,PRIMARY_1_12
2019,RF,7312.053043217172,6,RAIN,PRIMARY_1_12
2019,HGB,10864.721718237102,6,RAIN,PRIMARY_1_12
2020,GlobalClim,35123.81959685841,6,RAIN,PRIMARY_1_12
2020,DeptClim,33261.432485721096,6,RAIN,PRIMARY_1_12
2020,Persist,9383.932475781472,6,RAIN,PRIMARY_1_12
2020,Ridge,16736.56565641434,6,RAIN,PRIMARY_1_12
2020,RF,28893.152730334998,6,RAIN,PRIMARY_1_12
2020,HGB,30865.77592080273,6,RAIN,PRIMARY_1_12
2021,GlobalClim,7166.272998937904,6,RAIN,PRIMARY_1_12
2021,DeptClim,10555.998622918887,6,RAIN,PRIMARY_1_12
2021,Persist,9609.333953528007,6,RAIN,PRIMARY_1_12
2021,Ridge,5146.556856200713,6,RAIN,PRIMARY_1_12
2021,RF,3635.0690300971164,6,RAIN,PRIMARY_1_12
2021,HGB,11588.225204650113,6,RAIN,PRIMARY_1_12
2022,GlobalClim,7092.991363373616,6,RAIN,PRIMARY_1_12
2022,DeptClim,10376.00253187424,6,RAIN,PRIMARY_1_12
2022,Persist,7748.943746023152,6,RAIN,PRIMARY_1_12
2022,Ridge,4654.014917642025,6,RAIN,PRIMARY_1_12
2022,RF,3600.2185523780827,6,RAIN,PRIMARY_1_12
2022,HGB,6156.641803779517,6,RAIN,PRIMARY_1_12
2023,GlobalClim,8768.4806132029,6,RAIN,PRIMARY_1_12
2023,DeptClim,11858.17661849464,6,RAIN,PRIMARY_1_12
2023,Persist,9275.605817200896,6,RAIN,PRIMARY_1_12
2023,Ridge,5358.465333551394,6,RAIN,PRIMARY_1_12
2023,RF,3263.989953020249,6,RAIN,PRIMARY_1_12
2023,HGB,7459.569848117513,6,RAIN,PRIMARY_1_12
2024,GlobalClim,9416.245012860589,6,RAIN,PRIMARY_1_12
2024,DeptClim,12555.938012061504,6,RAIN,PRIMARY_1_12
2024,Persist,9136.767274517271,6,RAIN,PRIMARY_1_12
2024,Ridge,5270.61267938382,6,RAIN,PRIMARY_1_12
2024,RF,5535.006329110177,6,RAIN,PRIMARY_1_12
2024,HGB,9894.962940568073,6,RAIN,PRIMARY_1_12
2001,GlobalClim,3011.9494014826514,7,RAIN,PRIMARY_1_12
2001,DeptClim,1661.0631696960875,7,RAIN,PRIMARY_1_12
2001,Persist,960.4206105372541,7,RAIN,PRIMARY_1_12
2001,Ridge,3382.2645683721194,7,RAIN,PRIMARY_1_12
2001,RF,823.4692966440314,7,RAIN,PRIMARY_1_12
2001,HGB,518.4692957555854,7,RAIN,PRIMARY_1_12
2002,GlobalClim,2147.9611188442714,7,RAIN,PRIMARY_1_12
2002,DeptClim,1255.929620672832,7,RAIN,PRIMARY_1_12
2002,Persist,1999.7906633484754,7,RAIN,PRIMARY_1_12
2002,Ridge,2439.2491384159307,7,RAIN,PRIMARY_1_12
2002,RF,1999.747268174836,7,RAIN,PRIMARY_1_12
2002,HGB,1958.5617261778607,7,RAIN,PRIMARY_1_12
2003,GlobalClim,22189.36672081084,7,RAIN,PRIMARY_1_12
2003,DeptClim,4385.832738136301,7,RAIN,PRIMARY_1_12
2003,Persist,5402.4515964348675,7,RAIN,PRIMARY_1_12
2003,Ridge,35807.59043907671,7,RAIN,PRIMARY_1_12
2003,RF,29546.26204385848,7,RAIN,PRIMARY_1_12
2003,HGB,24387.299283718858,7,RAIN,PRIMARY_1_12
2004,GlobalClim,15818.185799375586,7,RAIN,PRIMARY_1_12
2004,DeptClim,2105.0596250824988,7,RAIN,PRIMARY_1_12
2004,Persist,2087.885519127213,7,RAIN,PRIMARY_1_12
2004,Ridge,26807.349858970836,7,RAIN,PRIMARY_1_12
2004,RF,22428.147897828687,7,RAIN,PRIMARY_1_12
2004,HGB,17410.756049231233,7,RAIN,PRIMARY_1_12
2005,GlobalClim,3425.989050249387,7,RAIN,PRIMARY_1_12
2005,DeptClim,8005.78811513099,7,RAIN,PRIMARY_1_12
2005,Persist,7913.189887714143,7,RAIN,PRIMARY_1_12
2005,Ridge,5161.4438094928355,7,RAIN,PRIMARY_1_12
2005,RF,6248.141383137192,7,RAIN,PRIMARY_1_12
2005,HGB,3270.1193593407916,7,RAIN,PRIMARY_1_12
2006,GlobalClim,2660.313292481141,7,RAIN,PRIMARY_1_12
2006,DeptClim,6074.229901241671,7,RAIN,PRIMARY_1_12
2006,Persist,2095.1588401499334,7,RAIN,PRIMARY_1_12
2006,Ridge,5045.045248662081,7,RAIN,PRIMARY_1_12
2006,RF,4033.549759475082,7,RAIN,PRIMARY_1_12
2006,HGB,4283.53706613832,7,RAIN,PRIMARY_1_12
2007,GlobalClim,3314.7823506529617,7,RAIN,PRIMARY_1_12
2007,DeptClim,7188.880914747685,7,RAIN,PRIMARY_1_12
2007,Persist,1752.1508955398663,7,RAIN,PRIMARY_1_12
2007,Ridge,4064.8306427213074,7,RAIN,PRIMARY_1_12
2007,RF,3124.8591030872585,7,RAIN,PRIMARY_1_12
2007,HGB,4733.752651508891,7,RAIN,PRIMARY_1_12
2008,GlobalClim,3633.5503098918985,7,RAIN,PRIMARY_1_12
2008,DeptClim,7878.150541785349,7,RAIN,PRIMARY_1_12
2008,Persist,2797.8949829480507,7,RAIN,PRIMARY_1_12
2008,Ridge,3282.9027256958652,7,RAIN,PRIMARY_1_12
2008,RF,2616.790767154253,7,RAIN,PRIMARY_1_12
2008,HGB,2988.9788875470235,7,RAIN,PRIMARY_1_12
2009,GlobalClim,4809.608184169041,7,RAIN,PRIMARY_1_12
2009,DeptClim,8967.664080791836,7,RAIN,PRIMARY_1_12
2009,Persist,3391.635867667076,7,RAIN,PRIMARY_1_12
2009,Ridge,1654.824282146879,7,RAIN,PRIMARY_1_12
2009,RF,1498.2753993658173,7,RAIN,PRIMARY_1_12
2009,HGB,5405.789194995584,7,RAIN,PRIMARY_1_12
2010,GlobalClim,4085.4137541285754,7,RAIN,PRIMARY_1_12
2010,DeptClim,8486.901628567413,7,RAIN,PRIMARY_1_12
2010,Persist,3229.1346210393854,7,RAIN,PRIMARY_1_12
2010,Ridge,2726.007593124822,7,RAIN,PRIMARY_1_12
2010,RF,3839.064257500919,7,RAIN,PRIMARY_1_12
2010,HGB,2996.42338062862,7,RAIN,PRIMARY_1_12
2011,GlobalClim,4460.466446670122,7,RAIN,PRIMARY_1_12
2011,DeptClim,8796.392971214504,7,RAIN,PRIMARY_1_12
2011,Persist,4274.393981222341,7,RAIN,PRIMARY_1_12
2011,Ridge,1972.5446474431776,7,RAIN,PRIMARY_1_12
2011,RF,552.6833684613227,7,RAIN,PRIMARY_1_12
2011,HGB,2532.7357107003013,7,RAIN,PRIMARY_1_12
2012,GlobalClim,4887.019496723474,7,RAIN,PRIMARY_1_12
2012,DeptClim,9340.413966899714,7,RAIN,PRIMARY_1_12
2012,Persist,4931.408897689137,7,RAIN,PRIMARY_1_12
2012,Ridge,1730.2088829763459,7,RAIN,PRIMARY_1_12
2012,RF,1438.9630327165762,7,RAIN,PRIMARY_1_12
2012,HGB,4471.4231446575695,7,RAIN,PRIMARY_1_12
2013,GlobalClim,5286.210903614228,7,RAIN,PRIMARY_1_12
2013,DeptClim,9599.086669378572,7,RAIN,PRIMARY_1_12
2013,Persist,5308.477237048202,7,RAIN,PRIMARY_1_12
2013,Ridge,2259.4426356321505,7,RAIN,PRIMARY_1_12
2013,RF,2310.4813154344656,7,RAIN,PRIMARY_1_12
2013,HGB,4975.126619601554,7,RAIN,PRIMARY_1_12
2014,GlobalClim,5964.653963462731,7,RAIN,PRIMARY_1_12
2014,DeptClim,10261.825059727576,7,RAIN,PRIMARY_1_12
2014,Persist,5905.42153063382,7,RAIN,PRIMARY_1_12
2014,Ridge,2497.7785091964925,7,RAIN,PRIMARY_1_12
2014,RF,3105.626243501025,7,RAIN,PRIMARY_1_12
2014,HGB,3170.792480592081,7,RAIN,PRIMARY_1_12
2015,GlobalClim,6396.61420098237,7,RAIN,PRIMARY_1_12
2015,DeptClim,10682.08964254532,7,RAIN,PRIMARY_1_12
2015,Persist,6461.958239934947,7,RAIN,PRIMARY_1_12
2015,Ridge,2441.2219765959812,7,RAIN,PRIMARY_1_12
2015,RF,2384.077769053911,7,RAIN,PRIMARY_1_12
2015,HGB,3468.4268675928765,7,RAIN,PRIMARY_1_12
2016,GlobalClim,7427.385740378966,7,RAIN,PRIMARY_1_12
2016,DeptClim,11926.27827414509,7,RAIN,PRIMARY_1_12
2016,Persist,7099.331959573051,7,RAIN,PRIMARY_1_12
2016,Ridge,3906.278206577013,7,RAIN,PRIMARY_1_12
2016,RF,3200.3259227156213,7,RAIN,PRIMARY_1_12
2016,HGB,7414.797054592314,7,RAIN,PRIMARY_1_12
2017,GlobalClim,8344.121602020998,7,RAIN,PRIMARY_1_12
2017,DeptClim,12816.680998877357,7,RAIN,PRIMARY_1_12
2017,Persist,8398.781968561556,7,RAIN,PRIMARY_1_12
2017,Ridge,3573.4107471579778,7,RAIN,PRIMARY_1_12
2017,RF,3800.480485513773,7,RAIN,PRIMARY_1_12
2017,HGB,7035.726084134908,7,RAIN,PRIMARY_1_12
2018,GlobalClim,9289.317608477804,7,RAIN,PRIMARY_1_12
2018,DeptClim,13614.408361258076,7,RAIN,PRIMARY_1_12
2018,Persist,8566.34831470337,7,RAIN,PRIMARY_1_12
2018,Ridge,6931.118847823481,7,RAIN,PRIMARY_1_12
2018,RF,4910.0526261550085,7,RAIN,PRIMARY_1_12
2018,HGB,10423.309576691947,7,RAIN,PRIMARY_1_12
2019,GlobalClim,43537.87091156078,7,RAIN,PRIMARY_1_12
2019,DeptClim,41006.11557681739,7,RAIN,PRIMARY_1_12
2019,Persist,21943.995688943432,7,RAIN,PRIMARY_1_12
2019,Ridge,23495.09813095805,7,RAIN,PRIMARY_1_12
2019,RF,33323.01362411381,7,RAIN,PRIMARY_1_12
2019,HGB,35126.00768916658,7,RAIN,PRIMARY_1_12
2020,GlobalClim,38120.24340953368,7,RAIN,PRIMARY_1_12
2020,DeptClim,35264.659126437575,7,RAIN,PRIMARY_1_12
2020,Persist,3442.1584361046457,7,RAIN,PRIMARY_1_12
2020,Ridge,25937.820403235826,7,RAIN,PRIMARY_1_12
2020,RF,28702.67687678404,7,RAIN,PRIMARY_1_12
2020,HGB,28502.302000564952,7,RAIN,PRIMARY_1_12
2021,GlobalClim,10238.437280949276,7,RAIN,PRIMARY_1_12
2021,DeptClim,14800.052794908483,7,RAIN,PRIMARY_1_12
2021,Persist,10246.586671428315,7,RAIN,PRIMARY_1_12
2021,Ridge,7501.1679534489485,7,RAIN,PRIMARY_1_12
2021,RF,3127.6444441818917,7,RAIN,PRIMARY_1_12
2021,HGB,11955.098933766732,7,RAIN,PRIMARY_1_12
2022,GlobalClim,12749.31529250939,7,RAIN,PRIMARY_1_12
2022,DeptClim,17631.943041903614,7,RAIN,PRIMARY_1_12
2022,Persist,15118.04544136281,7,RAIN,PRIMARY_1_12
2022,Ridge,11303.237189035408,7,RAIN,PRIMARY_1_12
2022,RF,11239.34093299256,7,RAIN,PRIMARY_1_12
2022,HGB,12608.409071574553,7,RAIN,PRIMARY_1_12
2023,GlobalClim,12687.75578443308,7,RAIN,PRIMARY_1_12
2023,DeptClim,17122.08911756643,7,RAIN,PRIMARY_1_12
2023,Persist,12261.317748466468,7,RAIN,PRIMARY_1_12
2023,Ridge,9180.700172950781,7,RAIN,PRIMARY_1_12
2023,RF,7899.082337214299,7,RAIN,PRIMARY_1_12
2023,HGB,13625.204931889863,7,RAIN,PRIMARY_1_12
2024,GlobalClim,14193.730672962613,7,RAIN,PRIMARY_1_12
2024,DeptClim,18601.768400858808,7,RAIN,PRIMARY_1_12
2024,Persist,13537.432551413516,7,RAIN,PRIMARY_1_12
2024,Ridge,9132.811529974828,7,RAIN,PRIMARY_1_12
2024,RF,11187.005114683507,7,RAIN,PRIMARY_1_12
2024,HGB,13965.686134998212,7,RAIN,PRIMARY_1_12
2001,GlobalClim,3150.4022158874423,8,RAIN,PRIMARY_1_12
2001,DeptClim,1629.6255573295507,8,RAIN,PRIMARY_1_12
2001,Persist,999.0681101799414,8,RAIN,PRIMARY_1_12
2001,Ridge,3726.5515813660613,8,RAIN,PRIMARY_1_12
2001,RF,614.6891381050292,8,RAIN,PRIMARY_1_12
2001,HGB,434.9400188443906,8,RAIN,PRIMARY_1_12
2002,GlobalClim,3146.2899451695093,8,RAIN,PRIMARY_1_12
2002,DeptClim,1850.9755954670848,8,RAIN,PRIMARY_1_12
2002,Persist,995.5789102754561,8,RAIN,PRIMARY_1_12
2002,Ridge,2820.2800920353707,8,RAIN,PRIMARY_1_12
2002,RF,802.9074603518269,8,RAIN,PRIMARY_1_12
2002,HGB,714.9651353912482,8,RAIN,PRIMARY_1_12
2003,GlobalClim,4866.931827258815,8,RAIN,PRIMARY_1_12
2003,DeptClim,14561.92223299862,8,RAIN,PRIMARY_1_12
2003,Persist,12322.930694513041,8,RAIN,PRIMARY_1_12
2003,Ridge,22571.791330439693,8,RAIN,PRIMARY_1_12
2003,RF,23639.83387583313,8,RAIN,PRIMARY_1_12
2003,HGB,8464.90078589243,8,RAIN,PRIMARY_1_12
2004,GlobalClim,16625.123700916356,8,RAIN,PRIMARY_1_12
2004,DeptClim,2412.408002721674,8,RAIN,PRIMARY_1_12
2004,Persist,2921.233038108997,8,RAIN,PRIMARY_1_12
2004,Ridge,29655.003194763227,8,RAIN,PRIMARY_1_12
2004,RF,21648.25521467356,8,RAIN,PRIMARY_1_12
2004,HGB,19042.20313251107,8,RAIN,PRIMARY_1_12
2005,GlobalClim,5791.471683145148,8,RAIN,PRIMARY_1_12
2005,DeptClim,2123.5207376990948,8,RAIN,PRIMARY_1_12
2005,Persist,6389.841522619038,8,RAIN,PRIMARY_1_12
2005,Ridge,10465.27477784733,8,RAIN,PRIMARY_1_12
2005,RF,6890.85415714934,8,RAIN,PRIMARY_1_12
2005,HGB,7004.895902552245,8,RAIN,PRIMARY_1_12
2006,GlobalClim,3745.488967662504,8,RAIN,PRIMARY_1_12
2006,DeptClim,7932.1872770898035,8,RAIN,PRIMARY_1_12
2006,Persist,3346.7499916480033,8,RAIN,PRIMARY_1_12
2006,Ridge,5020.363836846584,8,RAIN,PRIMARY_1_12
2006,RF,2654.298847381269,8,RAIN,PRIMARY_1_12
2006,HGB,3190.4310636727564,8,RAIN,PRIMARY_1_12
2007,GlobalClim,3481.0978095032665,8,RAIN,PRIMARY_1_12
2007,DeptClim,7260.557783958629,8,RAIN,PRIMARY_1_12
2007,Persist,2450.088307191734,8,RAIN,PRIMARY_1_12
2007,Ridge,4428.6105275479085,8,RAIN,PRIMARY_1_12
2007,RF,2047.5111811934266,8,RAIN,PRIMARY_1_12
2007,HGB,1919.8141798554232,8,RAIN,PRIMARY_1_12
2008,GlobalClim,3932.673674501538,8,RAIN,PRIMARY_1_12
2008,DeptClim,8246.693463539557,8,RAIN,PRIMARY_1_12
2008,Persist,3193.133139484915,8,RAIN,PRIMARY_1_12
2008,Ridge,3542.21631445445,8,RAIN,PRIMARY_1_12
2008,RF,2181.8139172498354,8,RAIN,PRIMARY_1_12
2008,HGB,3564.236903475609,8,RAIN,PRIMARY_1_12
2009,GlobalClim,4733.326007085591,8,RAIN,PRIMARY_1_12
2009,DeptClim,8966.389791588494,8,RAIN,PRIMARY_1_12
2009,Persist,3112.099643637862,8,RAIN,PRIMARY_1_12
2009,Ridge,2527.817216250243,8,RAIN,PRIMARY_1_12
2009,RF,1659.488126864425,8,RAIN,PRIMARY_1_12
2009,HGB,4940.929700082886,8,RAIN,PRIMARY_1_12
2010,GlobalClim,4537.439897048391,8,RAIN,PRIMARY_1_12
2010,DeptClim,8942.909403344156,8,RAIN,PRIMARY_1_12
2010,Persist,4106.034488092767,8,RAIN,PRIMARY_1_12
2010,Ridge,2820.573972348023,8,RAIN,PRIMARY_1_12
2010,RF,3620.9226458383787,8,RAIN,PRIMARY_1_12
2010,HGB,3840.4672521446705,8,RAIN,PRIMARY_1_12
2011,GlobalClim,4675.710824105528,8,RAIN,PRIMARY_1_12
2011,DeptClim,9037.922479958108,8,RAIN,PRIMARY_1_12
2011,Persist,4363.758028158403,8,RAIN,PRIMARY_1_12
2011,Ridge,1579.0190934275981,8,RAIN,PRIMARY_1_12
2011,RF,1816.677571444242,8,RAIN,PRIMARY_1_12
2011,HGB,2117.327585517642,8,RAIN,PRIMARY_1_12
2012,GlobalClim,5126.929008420753,8,RAIN,PRIMARY_1_12
2012,DeptClim,9809.164710708297,8,RAIN,PRIMARY_1_12
2012,Persist,5236.727015056413,8,RAIN,PRIMARY_1_12
2012,Ridge,2068.475847942857,8,RAIN,PRIMARY_1_12
2012,RF,2497.0050989653328,8,RAIN,PRIMARY_1_12
2012,HGB,5891.572171025333,8,RAIN,PRIMARY_1_12
2013,GlobalClim,5395.101951686529,8,RAIN,PRIMARY_1_12
2013,DeptClim,9828.242259515242,8,RAIN,PRIMARY_1_12
2013,Persist,5344.554675633662,8,RAIN,PRIMARY_1_12
2013,Ridge,2048.362181562789,8,RAIN,PRIMARY_1_12
2013,RF,1107.9321687307036,8,RAIN,PRIMARY_1_12
2013,HGB,9935.025573849794,8,RAIN,PRIMARY_1_12
2014,GlobalClim,6208.5058037269155,8,RAIN,PRIMARY_1_12
2014,DeptClim,10599.00424395683,8,RAIN,PRIMARY_1_12
2014,Persist,6041.564070657564,8,RAIN,PRIMARY_1_12
2014,Ridge,2196.401661511261,8,RAIN,PRIMARY_1_12
2014,RF,1781.2939628837848,8,RAIN,PRIMARY_1_12
2014,HGB,6035.66967409165,8,RAIN,PRIMARY_1_12
2015,GlobalClim,6705.596355755782,8,RAIN,PRIMARY_1_12
2015,DeptClim,11055.553386724208,8,RAIN,PRIMARY_1_12
2015,Persist,6597.721824495995,8,RAIN,PRIMARY_1_12
2015,Ridge,1762.3996758956414,8,RAIN,PRIMARY_1_12
2015,RF,1577.9938203691886,8,RAIN,PRIMARY_1_12
2015,HGB,4737.432104011329,8,RAIN,PRIMARY_1_12
2016,GlobalClim,8644.509602169834,8,RAIN,PRIMARY_1_12
2016,DeptClim,13388.390481133201,8,RAIN,PRIMARY_1_12
2016,Persist,8392.546805737678,8,RAIN,PRIMARY_1_12
2016,Ridge,3959.8972672676273,8,RAIN,PRIMARY_1_12
2016,RF,6659.074531456646,8,RAIN,PRIMARY_1_12
2016,HGB,7148.4130126740765,8,RAIN,PRIMARY_1_12
2017,GlobalClim,8400.587767222707,8,RAIN,PRIMARY_1_12
2017,DeptClim,13164.904186060548,8,RAIN,PRIMARY_1_12
2017,Persist,7816.904456807523,8,RAIN,PRIMARY_1_12
2017,Ridge,4246.527714545774,8,RAIN,PRIMARY_1_12
2017,RF,6538.370256379879,8,RAIN,PRIMARY_1_12
2017,HGB,7163.0089303214445,8,RAIN,PRIMARY_1_12
2018,GlobalClim,9410.097843657442,8,RAIN,PRIMARY_1_12
2018,DeptClim,13940.512800308543,8,RAIN,PRIMARY_1_12
2018,Persist,9144.812560689757,8,RAIN,PRIMARY_1_12
2018,Ridge,5774.4396996622445,8,RAIN,PRIMARY_1_12
2018,RF,4711.861957629052,8,RAIN,PRIMARY_1_12
2018,HGB,9417.750235846128,8,RAIN,PRIMARY_1_12
2019,GlobalClim,54468.84599517915,8,RAIN,PRIMARY_1_12
2019,DeptClim,52355.3348420901,8,RAIN,PRIMARY_1_12
2019,Persist,7513.344196650276,8,RAIN,PRIMARY_1_12
2019,Ridge,17362.35522517495,8,RAIN,PRIMARY_1_12
2019,RF,44554.9825665981,8,RAIN,PRIMARY_1_12
2019,HGB,52601.480205835665,8,RAIN,PRIMARY_1_12
2020,GlobalClim,30315.157774360443,8,RAIN,PRIMARY_1_12
2020,DeptClim,27076.122943445655,8,RAIN,PRIMARY_1_12
2020,Persist,13065.717617749027,8,RAIN,PRIMARY_1_12
2020,Ridge,10557.93407288888,8,RAIN,PRIMARY_1_12
2020,RF,20721.69295937218,8,RAIN,PRIMARY_1_12
2020,HGB,18578.40791279978,8,RAIN,PRIMARY_1_12
2021,GlobalClim,10385.016922022534,8,RAIN,PRIMARY_1_12
2021,DeptClim,15084.21109232335,8,RAIN,PRIMARY_1_12
2021,Persist,10533.184754310014,8,RAIN,PRIMARY_1_12
2021,Ridge,6560.395296549876,8,RAIN,PRIMARY_1_12
2021,RF,3497.3202964460716,8,RAIN,PRIMARY_1_12
2021,HGB,9985.405848745797,8,RAIN,PRIMARY_1_12
2022,GlobalClim,12042.454282601646,8,RAIN,PRIMARY_1_12
2022,DeptClim,16731.274064010107,8,RAIN,PRIMARY_1_12
2022,Persist,11426.976163629348,8,RAIN,PRIMARY_1_12
2022,Ridge,8659.88497924158,8,RAIN,PRIMARY_1_12
2022,RF,4973.358868938545,8,RAIN,PRIMARY_1_12
2022,HGB,14624.98376059871,8,RAIN,PRIMARY_1_12
2023,GlobalClim,12865.96221894129,8,RAIN,PRIMARY_1_12
2023,DeptClim,17330.97820522468,8,RAIN,PRIMARY_1_12
2023,Persist,12825.839798814994,8,RAIN,PRIMARY_1_12
2023,Ridge,8749.582960922678,8,RAIN,PRIMARY_1_12
2023,RF,9975.63209400448,8,RAIN,PRIMARY_1_12
2023,HGB,17794.48597454815,8,RAIN,PRIMARY_1_12
2024,GlobalClim,14819.941123411012,8,RAIN,PRIMARY_1_12
2024,DeptClim,19227.31837492933,8,RAIN,PRIMARY_1_12
2024,Persist,13884.859427844614,8,RAIN,PRIMARY_1_12
2024,Ridge,9056.980543328278,8,RAIN,PRIMARY_1_12
2024,RF,7109.559278237399,8,RAIN,PRIMARY_1_12
2024,HGB,13777.938668957791,8,RAIN,PRIMARY_1_12
2001,GlobalClim,3642.175690545364,9,RAIN,PRIMARY_1_12
2001,DeptClim,2059.2959223572843,9,RAIN,PRIMARY_1_12
2001,Persist,1025.14067183779,9,RAIN,PRIMARY_1_12
2001,Ridge,4241.160827288753,9,RAIN,PRIMARY_1_12
2001,RF,640.2193073276275,9,RAIN,PRIMARY_1_12
2001,HGB,630.0009051165242,9,RAIN,PRIMARY_1_12
2002,GlobalClim,6602.014095095286,9,RAIN,PRIMARY_1_12
2002,DeptClim,30543.42561237382,9,RAIN,PRIMARY_1_12
2002,Persist,1028.6964576800408,9,RAIN,PRIMARY_1_12
2002,Ridge,15996.50306097148,9,RAIN,PRIMARY_1_12
2002,RF,22284.674233885922,9,RAIN,PRIMARY_1_12
2002,HGB,8267.559893281868,9,RAIN,PRIMARY_1_12
2003,GlobalClim,19612.15322655556,9,RAIN,PRIMARY_1_12
2003,DeptClim,1179.007631359437,9,RAIN,PRIMARY_1_12
2003,Persist,23205.512910804926,9,RAIN,PRIMARY_1_12
2003,Ridge,33196.78115295938,9,RAIN,PRIMARY_1_12
2003,RF,15460.94811216547,9,RAIN,PRIMARY_1_12
2003,HGB,31145.125441380347,9,RAIN,PRIMARY_1_12
2004,GlobalClim,15144.044791300395,9,RAIN,PRIMARY_1_12
2004,DeptClim,2444.1097688188806,9,RAIN,PRIMARY_1_12
2004,Persist,3850.4891741478336,9,RAIN,PRIMARY_1_12
2004,Ridge,26926.919322495738,9,RAIN,PRIMARY_1_12
2004,RF,11857.890846671668,9,RAIN,PRIMARY_1_12
2004,HGB,24943.024912143184,9,RAIN,PRIMARY_1_12
2005,GlobalClim,5949.558242093166,9,RAIN,PRIMARY_1_12
2005,DeptClim,2998.9244932473903,9,RAIN,PRIMARY_1_12
2005,Persist,2088.6688066849783,9,RAIN,PRIMARY_1_12
2005,Ridge,10335.726162461217,9,RAIN,PRIMARY_1_12
2005,RF,7849.239338004163,9,RAIN,PRIMARY_1_12
2005,HGB,9360.042205206146,9,RAIN,PRIMARY_1_12
2006,GlobalClim,5748.759098907906,9,RAIN,PRIMARY_1_12
2006,DeptClim,11694.83803234322,9,RAIN,PRIMARY_1_12
2006,Persist,3695.260590634004,9,RAIN,PRIMARY_1_12
2006,Ridge,5620.133118797532,9,RAIN,PRIMARY_1_12
2006,RF,3580.7403709491286,9,RAIN,PRIMARY_1_12
2006,HGB,3086.8159489901354,9,RAIN,PRIMARY_1_12
2007,GlobalClim,5363.657643012807,9,RAIN,PRIMARY_1_12
2007,DeptClim,11079.373108342696,9,RAIN,PRIMARY_1_12
2007,Persist,4239.494543699233,9,RAIN,PRIMARY_1_12
2007,Ridge,4229.596113597385,9,RAIN,PRIMARY_1_12
2007,RF,2251.9887916241832,9,RAIN,PRIMARY_1_12
2007,HGB,3554.287153083813,9,RAIN,PRIMARY_1_12
2008,GlobalClim,6037.702910384173,9,RAIN,PRIMARY_1_12
2008,DeptClim,11758.859554105898,9,RAIN,PRIMARY_1_12
2008,Persist,4908.7519869748585,9,RAIN,PRIMARY_1_12
2008,Ridge,3191.9544160951746,9,RAIN,PRIMARY_1_12
2008,RF,2565.83214230325,9,RAIN,PRIMARY_1_12
2008,HGB,1653.2416085920954,9,RAIN,PRIMARY_1_12
2009,GlobalClim,6871.59580608992,9,RAIN,PRIMARY_1_12
2009,DeptClim,12780.75107513821,9,RAIN,PRIMARY_1_12
2009,Persist,5170.320477527013,9,RAIN,PRIMARY_1_12
2009,Ridge,2836.109363815355,9,RAIN,PRIMARY_1_12
2009,RF,1740.3311012439399,9,RAIN,PRIMARY_1_12
2009,HGB,2502.05694643559,9,RAIN,PRIMARY_1_12
2010,GlobalClim,6864.175078014349,9,RAIN,PRIMARY_1_12
2010,DeptClim,12902.461630225005,9,RAIN,PRIMARY_1_12
2010,Persist,6034.295423246073,9,RAIN,PRIMARY_1_12
2010,Ridge,4426.383708790159,9,RAIN,PRIMARY_1_12
2010,RF,8235.073430089948,9,RAIN,PRIMARY_1_12
2010,HGB,2202.0814069020225,9,RAIN,PRIMARY_1_12
2011,GlobalClim,4610.087718069442,9,RAIN,PRIMARY_1_12
2011,DeptClim,9678.350187435217,9,RAIN,PRIMARY_1_12
2011,Persist,3713.990538857027,9,RAIN,PRIMARY_1_12
2011,Ridge,3937.272575060413,9,RAIN,PRIMARY_1_12
2011,RF,3972.807313163215,9,RAIN,PRIMARY_1_12
2011,HGB,1377.0468654706244,9,RAIN,PRIMARY_1_12
2012,GlobalClim,6882.202126750898,9,RAIN,PRIMARY_1_12
2012,DeptClim,12608.108406454436,9,RAIN,PRIMARY_1_12
2012,Persist,6933.895000820072,9,RAIN,PRIMARY_1_12
2012,Ridge,2300.7480200846035,9,RAIN,PRIMARY_1_12
2012,RF,1440.8405239940148,9,RAIN,PRIMARY_1_12
2012,HGB,2359.8215173264107,9,RAIN,PRIMARY_1_12
2013,GlobalClim,3892.8385829456333,9,RAIN,PRIMARY_1_12
2013,DeptClim,5999.145648202622,9,RAIN,PRIMARY_1_12
2013,Persist,2242.2718410077696,9,RAIN,PRIMARY_1_12
2013,Ridge,6603.287795066958,9,RAIN,PRIMARY_1_12
2013,RF,5717.8993745325715,9,RAIN,PRIMARY_1_12
2013,HGB,5023.036965910289,9,RAIN,PRIMARY_1_12
2014,GlobalClim,6045.818817486722,9,RAIN,PRIMARY_1_12
2014,DeptClim,11296.78551080246,9,RAIN,PRIMARY_1_12
2014,Persist,5408.149911763699,9,RAIN,PRIMARY_1_12
2014,Ridge,2686.985141449065,9,RAIN,PRIMARY_1_12
2014,RF,3728.889186496133,9,RAIN,PRIMARY_1_12
2014,HGB,1890.286704882085,9,RAIN,PRIMARY_1_12
2015,GlobalClim,9751.366045517065,9,RAIN,PRIMARY_1_12
2015,DeptClim,15492.286712182937,9,RAIN,PRIMARY_1_12
2015,Persist,9554.218952307789,9,RAIN,PRIMARY_1_12
2015,Ridge,3587.673335066394,9,RAIN,PRIMARY_1_12
2015,RF,3452.321970411107,9,RAIN,PRIMARY_1_12
2015,HGB,5492.40434882011,9,RAIN,PRIMARY_1_12
2016,GlobalClim,10020.947647117238,9,RAIN,PRIMARY_1_12
2016,DeptClim,16145.998425022502,9,RAIN,PRIMARY_1_12
2016,Persist,9148.454851989743,9,RAIN,PRIMARY_1_12
2016,Ridge,3995.310974256134,9,RAIN,PRIMARY_1_12
2016,RF,2238.4586145057547,9,RAIN,PRIMARY_1_12
2016,HGB,5674.510405761939,9,RAIN,PRIMARY_1_12
2017,GlobalClim,9890.101373733947,9,RAIN,PRIMARY_1_12
2017,DeptClim,15836.301008143271,9,RAIN,PRIMARY_1_12
2017,Persist,9410.381096876925,9,RAIN,PRIMARY_1_12
2017,Ridge,4430.114974987767,9,RAIN,PRIMARY_1_12
2017,RF,2350.4174217592395,9,RAIN,PRIMARY_1_12
2017,HGB,5818.366674414328,9,RAIN,PRIMARY_1_12
2018,GlobalClim,10662.102149981569,9,RAIN,PRIMARY_1_12
2018,DeptClim,16531.634448173056,9,RAIN,PRIMARY_1_12
2018,Persist,9952.237065694473,9,RAIN,PRIMARY_1_12
2018,Ridge,7701.259293548821,9,RAIN,PRIMARY_1_12
2018,RF,6927.8465663910065,9,RAIN,PRIMARY_1_12
2018,HGB,8722.87504498064,9,RAIN,PRIMARY_1_12
2019,GlobalClim,78909.58888121662,9,RAIN,PRIMARY_1_12
2019,DeptClim,76287.68468950907,9,RAIN,PRIMARY_1_12
2019,Persist,20982.743979098075,9,RAIN,PRIMARY_1_12
2019,Ridge,49237.63434284395,9,RAIN,PRIMARY_1_12
2019,RF,71675.53946743577,9,RAIN,PRIMARY_1_12
2019,HGB,73709.14975141469,9,RAIN,PRIMARY_1_12
2020,GlobalClim,20114.574720763307,9,RAIN,PRIMARY_1_12
2020,DeptClim,15053.771726268234,9,RAIN,PRIMARY_1_12
2020,Persist,16429.891534767645,9,RAIN,PRIMARY_1_12
2020,Ridge,32042.834552501557,9,RAIN,PRIMARY_1_12
2020,RF,8749.703683484531,9,RAIN,PRIMARY_1_12
2020,HGB,4611.222179328059,9,RAIN,PRIMARY_1_12
2021,GlobalClim,12174.09370522755,9,RAIN,PRIMARY_1_12
2021,DeptClim,17881.21144333251,9,RAIN,PRIMARY_1_12
2021,Persist,11804.282820089395,9,RAIN,PRIMARY_1_12
2021,Ridge,11329.646064293853,9,RAIN,PRIMARY_1_12
2021,RF,13650.0743908776,9,RAIN,PRIMARY_1_12
2021,HGB,9235.703156426607,9,RAIN,PRIMARY_1_12
2022,GlobalClim,13635.61474079708,9,RAIN,PRIMARY_1_12
2022,DeptClim,19525.547874328557,9,RAIN,PRIMARY_1_12
2022,Persist,12909.626112414287,9,RAIN,PRIMARY_1_12
2022,Ridge,8311.612370237843,9,RAIN,PRIMARY_1_12
2022,RF,4901.3262680215075,9,RAIN,PRIMARY_1_12
2022,HGB,9739.808033860823,9,RAIN,PRIMARY_1_12
2023,GlobalClim,14893.115254504743,9,RAIN,PRIMARY_1_12
2023,DeptClim,20664.977190094058,9,RAIN,PRIMARY_1_12
2023,Persist,14881.284128422485,9,RAIN,PRIMARY_1_12
2023,Ridge,10463.500058788251,9,RAIN,PRIMARY_1_12
2023,RF,11486.983673258894,9,RAIN,PRIMARY_1_12
2023,HGB,10973.767406521392,9,RAIN,PRIMARY_1_12
2024,GlobalClim,16112.18652750233,9,RAIN,PRIMARY_1_12
2024,DeptClim,21962.433552623224,9,RAIN,PRIMARY_1_12
2024,Persist,18516.19600494218,9,RAIN,PRIMARY_1_12
2024,Ridge,11213.084869432496,9,RAIN,PRIMARY_1_12
2024,RF,8671.772764559297,9,RAIN,PRIMARY_1_12
2024,HGB,12979.059954500693,9,RAIN,PRIMARY_1_12
2001,GlobalClim,3954.103615003358,10,RAIN,PRIMARY_1_12
2001,DeptClim,1945.5972361277898,10,RAIN,PRIMARY_1_12
2001,Persist,1002.7135796809773,10,RAIN,PRIMARY_1_12
2001,Ridge,5778.650740476365,10,RAIN,PRIMARY_1_12
2001,RF,540.7137226323688,10,RAIN,PRIMARY_1_12
2001,HGB,598.7099824802472,10,RAIN,PRIMARY_1_12
2002,GlobalClim,45468.8423135416,10,RAIN,PRIMARY_1_12
2002,DeptClim,74134.17300917309,10,RAIN,PRIMARY_1_12
2002,Persist,42823.422766314376,10,RAIN,PRIMARY_1_12
2002,Ridge,34336.37537098015,10,RAIN,PRIMARY_1_12
2002,RF,37914.34753294098,10,RAIN,PRIMARY_1_12
2002,HGB,38313.92577841747,10,RAIN,PRIMARY_1_12
2003,GlobalClim,29797.82643190113,10,RAIN,PRIMARY_1_12
2003,DeptClim,8770.647549021869,10,RAIN,PRIMARY_1_12
2003,Persist,9234.432009515656,10,RAIN,PRIMARY_1_12
2003,Ridge,34629.208650652035,10,RAIN,PRIMARY_1_12
2003,RF,7647.259733433621,10,RAIN,PRIMARY_1_12
2003,HGB,27940.655316613338,10,RAIN,PRIMARY_1_12
2004,GlobalClim,25951.204516490947,10,RAIN,PRIMARY_1_12
2004,DeptClim,8020.552932956104,10,RAIN,PRIMARY_1_12
2004,Persist,9213.456433320216,10,RAIN,PRIMARY_1_12
2004,Ridge,29781.198565736722,10,RAIN,PRIMARY_1_12
2004,RF,10179.067931234067,10,RAIN,PRIMARY_1_12
2004,HGB,23580.315179242527,10,RAIN,PRIMARY_1_12
2005,GlobalClim,11007.900678339209,10,RAIN,PRIMARY_1_12
2005,DeptClim,3930.5181030842377,10,RAIN,PRIMARY_1_12
2005,Persist,4513.759672093119,10,RAIN,PRIMARY_1_12
2005,Ridge,12507.751525534268,10,RAIN,PRIMARY_1_12
2005,RF,5374.206360546746,10,RAIN,PRIMARY_1_12
2005,HGB,9157.57882013226,10,RAIN,PRIMARY_1_12
2006,GlobalClim,10699.718078402251,10,RAIN,PRIMARY_1_12
2006,DeptClim,18107.159490962204,10,RAIN,PRIMARY_1_12
2006,Persist,9719.439822798666,10,RAIN,PRIMARY_1_12
2006,Ridge,7737.2649379371,10,RAIN,PRIMARY_1_12
2006,RF,2320.7523893935627,10,RAIN,PRIMARY_1_12
2006,HGB,8074.045241399997,10,RAIN,PRIMARY_1_12
2007,GlobalClim,10658.008478574442,10,RAIN,PRIMARY_1_12
2007,DeptClim,18020.672967623956,10,RAIN,PRIMARY_1_12
2007,Persist,9808.675412272918,10,RAIN,PRIMARY_1_12
2007,Ridge,7177.1082344433025,10,RAIN,PRIMARY_1_12
2007,RF,2975.6912371557632,10,RAIN,PRIMARY_1_12
2007,HGB,9373.171719553544,10,RAIN,PRIMARY_1_12
2008,GlobalClim,9971.424798971962,10,RAIN,PRIMARY_1_12
2008,DeptClim,16961.805502554926,10,RAIN,PRIMARY_1_12
2008,Persist,8758.876596544002,10,RAIN,PRIMARY_1_12
2008,Ridge,7209.293885598079,10,RAIN,PRIMARY_1_12
2008,RF,3005.7651049653987,10,RAIN,PRIMARY_1_12
2008,HGB,8224.584941839077,10,RAIN,PRIMARY_1_12
2009,GlobalClim,9863.381255824537,10,RAIN,PRIMARY_1_12
2009,DeptClim,16803.311369356546,10,RAIN,PRIMARY_1_12
2009,Persist,8403.358628423299,10,RAIN,PRIMARY_1_12
2009,Ridge,6055.534753518274,10,RAIN,PRIMARY_1_12
2009,RF,1262.2084991844563,10,RAIN,PRIMARY_1_12
2009,HGB,8116.037982566224,10,RAIN,PRIMARY_1_12
2010,GlobalClim,10074.954062677953,10,RAIN,PRIMARY_1_12
2010,DeptClim,17356.404680960717,10,RAIN,PRIMARY_1_12
2010,Persist,8969.1993424201,10,RAIN,PRIMARY_1_12
2010,Ridge,9666.22547960011,10,RAIN,PRIMARY_1_12
2010,RF,14414.979822833893,10,RAIN,PRIMARY_1_12
2010,HGB,8415.949468615725,10,RAIN,PRIMARY_1_12
2011,GlobalClim,7303.415540508607,10,RAIN,PRIMARY_1_12
2011,DeptClim,3433.0819180094177,10,RAIN,PRIMARY_1_12
2011,Persist,3734.0408634554155,10,RAIN,PRIMARY_1_12
2011,Ridge,9211.369556521478,10,RAIN,PRIMARY_1_12
2011,RF,9712.067924268064,10,RAIN,PRIMARY_1_12
2011,HGB,7231.719470123028,10,RAIN,PRIMARY_1_12
2012,GlobalClim,8493.18213476878,10,RAIN,PRIMARY_1_12
2012,DeptClim,15309.82259354442,10,RAIN,PRIMARY_1_12
2012,Persist,8279.927899718256,10,RAIN,PRIMARY_1_12
2012,Ridge,5207.1816820274025,10,RAIN,PRIMARY_1_12
2012,RF,8598.39487677202,10,RAIN,PRIMARY_1_12
2012,HGB,7304.432966897167,10,RAIN,PRIMARY_1_12
2013,GlobalClim,12119.487900437955,10,RAIN,PRIMARY_1_12
2013,DeptClim,6080.946158011336,10,RAIN,PRIMARY_1_12
2013,Persist,4383.553419712221,10,RAIN,PRIMARY_1_12
2013,Ridge,14069.137231726585,10,RAIN,PRIMARY_1_12
2013,RF,9474.010995943981,10,RAIN,PRIMARY_1_12
2013,HGB,11679.868160111024,10,RAIN,PRIMARY_1_12
2014,GlobalClim,7843.498425936912,10,RAIN,PRIMARY_1_12
2014,DeptClim,3968.063030362366,10,RAIN,PRIMARY_1_12
2014,Persist,4327.339595263284,10,RAIN,PRIMARY_1_12
2014,Ridge,9409.50678916389,10,RAIN,PRIMARY_1_12
2014,RF,2030.6442637587966,10,RAIN,PRIMARY_1_12
2014,HGB,5152.094599239207,10,RAIN,PRIMARY_1_12
2015,GlobalClim,12168.103600164904,10,RAIN,PRIMARY_1_12
2015,DeptClim,6450.587833323355,10,RAIN,PRIMARY_1_12
2015,Persist,12491.01967339847,10,RAIN,PRIMARY_1_12
2015,Ridge,14387.26840018272,10,RAIN,PRIMARY_1_12
2015,RF,17630.1045123334,10,RAIN,PRIMARY_1_12
2015,HGB,14741.245324454829,10,RAIN,PRIMARY_1_12
2016,GlobalClim,8959.965645334714,10,RAIN,PRIMARY_1_12
2016,DeptClim,15767.688829352483,10,RAIN,PRIMARY_1_12
2016,Persist,7981.160383297042,10,RAIN,PRIMARY_1_12
2016,Ridge,5058.044615055727,10,RAIN,PRIMARY_1_12
2016,RF,4902.441258572209,10,RAIN,PRIMARY_1_12
2016,HGB,7157.091233496045,10,RAIN,PRIMARY_1_12
2017,GlobalClim,8700.287050787712,10,RAIN,PRIMARY_1_12
2017,DeptClim,15482.834524132928,10,RAIN,PRIMARY_1_12
2017,Persist,8221.692800182567,10,RAIN,PRIMARY_1_12
2017,Ridge,5042.814947008481,10,RAIN,PRIMARY_1_12
2017,RF,2540.5669416071505,10,RAIN,PRIMARY_1_12
2017,HGB,7579.968684798027,10,RAIN,PRIMARY_1_12
2018,GlobalClim,8366.827304181203,10,RAIN,PRIMARY_1_12
2018,DeptClim,15129.539850662435,10,RAIN,PRIMARY_1_12
2018,Persist,7703.8462143399265,10,RAIN,PRIMARY_1_12
2018,Ridge,6040.332783907538,10,RAIN,PRIMARY_1_12
2018,RF,4662.84315006695,10,RAIN,PRIMARY_1_12
2018,HGB,7462.300060403882,10,RAIN,PRIMARY_1_12
2019,GlobalClim,43660.06746070816,10,RAIN,PRIMARY_1_12
2019,DeptClim,38453.76351645455,10,RAIN,PRIMARY_1_12
2019,Persist,39018.86573340204,10,RAIN,PRIMARY_1_12
2019,Ridge,45331.15527692974,10,RAIN,PRIMARY_1_12
2019,RF,44985.849832711945,10,RAIN,PRIMARY_1_12
2019,HGB,44515.05539039779,10,RAIN,PRIMARY_1_12
2020,GlobalClim,8385.346640248295,10,RAIN,PRIMARY_1_12
2020,DeptClim,14730.67925542723,10,RAIN,PRIMARY_1_12
2020,Persist,35194.88223230924,10,RAIN,PRIMARY_1_12
2020,Ridge,33535.052102076435,10,RAIN,PRIMARY_1_12
2020,RF,19262.149175133203,10,RAIN,PRIMARY_1_12
2020,HGB,9465.866284680826,10,RAIN,PRIMARY_1_12
2021,GlobalClim,7750.554798883669,10,RAIN,PRIMARY_1_12
2021,DeptClim,13990.313186524952,10,RAIN,PRIMARY_1_12
2021,Persist,7886.742698778028,10,RAIN,PRIMARY_1_12
2021,Ridge,5795.2630048925375,10,RAIN,PRIMARY_1_12
2021,RF,6092.560688700274,10,RAIN,PRIMARY_1_12
2021,HGB,8455.651974351194,10,RAIN,PRIMARY_1_12
2022,GlobalClim,8068.150345244959,10,RAIN,PRIMARY_1_12
2022,DeptClim,14704.716333171811,10,RAIN,PRIMARY_1_12
2022,Persist,7562.4596183934145,10,RAIN,PRIMARY_1_12
2022,Ridge,5087.668017302166,10,RAIN,PRIMARY_1_12
2022,RF,4623.838936369224,10,RAIN,PRIMARY_1_12
2022,HGB,5929.926787436556,10,RAIN,PRIMARY_1_12
2023,GlobalClim,9071.18446705066,10,RAIN,PRIMARY_1_12
2023,DeptClim,15420.198089906025,10,RAIN,PRIMARY_1_12
2023,Persist,7931.178067114558,10,RAIN,PRIMARY_1_12
2023,Ridge,5895.474100237928,10,RAIN,PRIMARY_1_12
2023,RF,4992.7288221991075,10,RAIN,PRIMARY_1_12
2023,HGB,9273.483943848061,10,RAIN,PRIMARY_1_12
2024,GlobalClim,8831.659434928233,10,RAIN,PRIMARY_1_12
2024,DeptClim,15122.72168186581,10,RAIN,PRIMARY_1_12
2024,Persist,7975.518232495268,10,RAIN,PRIMARY_1_12
2024,Ridge,5793.391908423571,10,RAIN,PRIMARY_1_12
2024,RF,3685.8909013932584,10,RAIN,PRIMARY_1_12
2024,HGB,6638.558302929213,10,RAIN,PRIMARY_1_12
2001,GlobalClim,4473.4293350934095,11,RAIN,PRIMARY_1_12
2001,DeptClim,2134.4465272384664,11,RAIN,PRIMARY_1_12
2001,Persist,921.7988826825167,11,RAIN,PRIMARY_1_12
2001,Ridge,5295.312110934251,11,RAIN,PRIMARY_1_12
2001,RF,443.90685785796734,11,RAIN,PRIMARY_1_12
2001,HGB,2701.3502205462987,11,RAIN,PRIMARY_1_12
2002,GlobalClim,41547.025056003185,11,RAIN,PRIMARY_1_12
2002,DeptClim,74305.38380655753,11,RAIN,PRIMARY_1_12
2002,Persist,40147.43625746927,11,RAIN,PRIMARY_1_12
2002,Ridge,31935.1738923171,11,RAIN,PRIMARY_1_12
2002,RF,26051.682844397583,11,RAIN,PRIMARY_1_12
2002,HGB,33243.147014556496,11,RAIN,PRIMARY_1_12
2003,GlobalClim,32299.814391935008,11,RAIN,PRIMARY_1_12
2003,DeptClim,7945.904137710003,11,RAIN,PRIMARY_1_12
2003,Persist,22977.513886377354,11,RAIN,PRIMARY_1_12
2003,Ridge,36703.94277480639,11,RAIN,PRIMARY_1_12
2003,RF,13261.690856005196,11,RAIN,PRIMARY_1_12
2003,HGB,32960.246296944664,11,RAIN,PRIMARY_1_12
2004,GlobalClim,24543.629329298717,11,RAIN,PRIMARY_1_12
2004,DeptClim,6071.239414330858,11,RAIN,PRIMARY_1_12
2004,Persist,20371.222633038993,11,RAIN,PRIMARY_1_12
2004,Ridge,27563.628552101847,11,RAIN,PRIMARY_1_12
2004,RF,1611.3735496878528,11,RAIN,PRIMARY_1_12
2004,HGB,23208.13528366302,11,RAIN,PRIMARY_1_12
2005,GlobalClim,11364.253944983588,11,RAIN,PRIMARY_1_12
2005,DeptClim,3386.304336501283,11,RAIN,PRIMARY_1_12
2005,Persist,8593.75131908212,11,RAIN,PRIMARY_1_12
2005,Ridge,12578.000323342329,11,RAIN,PRIMARY_1_12
2005,RF,2650.9176152441255,11,RAIN,PRIMARY_1_12
2005,HGB,12232.301147374408,11,RAIN,PRIMARY_1_12
2006,GlobalClim,10691.085523981137,11,RAIN,PRIMARY_1_12
2006,DeptClim,19115.069880861953,11,RAIN,PRIMARY_1_12
2006,Persist,10432.63877805603,11,RAIN,PRIMARY_1_12
2006,Ridge,7666.729243479747,11,RAIN,PRIMARY_1_12
2006,RF,1634.8393464839332,11,RAIN,PRIMARY_1_12
2006,HGB,7646.225109356959,11,RAIN,PRIMARY_1_12
2007,GlobalClim,11961.877776278317,11,RAIN,PRIMARY_1_12
2007,DeptClim,20795.793294098374,11,RAIN,PRIMARY_1_12
2007,Persist,11286.863788097506,11,RAIN,PRIMARY_1_12
2007,Ridge,8596.484758219705,11,RAIN,PRIMARY_1_12
2007,RF,3071.170070226017,11,RAIN,PRIMARY_1_12
2007,HGB,11422.927556998093,11,RAIN,PRIMARY_1_12
2008,GlobalClim,10731.64423502935,11,RAIN,PRIMARY_1_12
2008,DeptClim,18639.364859371042,11,RAIN,PRIMARY_1_12
2008,Persist,9718.176902569063,11,RAIN,PRIMARY_1_12
2008,Ridge,8395.173178178191,11,RAIN,PRIMARY_1_12
2008,RF,4389.684761627177,11,RAIN,PRIMARY_1_12
2008,HGB,8280.600457976198,11,RAIN,PRIMARY_1_12
2009,GlobalClim,10406.627755449397,11,RAIN,PRIMARY_1_12
2009,DeptClim,18369.5001613042,11,RAIN,PRIMARY_1_12
2009,Persist,9544.926436980424,11,RAIN,PRIMARY_1_12
2009,Ridge,6881.588655469595,11,RAIN,PRIMARY_1_12
2009,RF,970.520338474422,11,RAIN,PRIMARY_1_12
2009,HGB,7708.421327258536,11,RAIN,PRIMARY_1_12
2010,GlobalClim,10794.40228303432,11,RAIN,PRIMARY_1_12
2010,DeptClim,19164.294036701773,11,RAIN,PRIMARY_1_12
2010,Persist,9850.097685282977,11,RAIN,PRIMARY_1_12
2010,Ridge,10312.602161937459,11,RAIN,PRIMARY_1_12
2010,RF,14918.431057958343,11,RAIN,PRIMARY_1_12
2010,HGB,10832.528867651472,11,RAIN,PRIMARY_1_12
2011,GlobalClim,6739.80665342005,11,RAIN,PRIMARY_1_12
2011,DeptClim,4562.503923439477,11,RAIN,PRIMARY_1_12
2011,Persist,8844.005163480828,11,RAIN,PRIMARY_1_12
2011,Ridge,7729.63144030937,11,RAIN,PRIMARY_1_12
2011,RF,9942.520763030536,11,RAIN,PRIMARY_1_12
2011,HGB,7557.804005927341,11,RAIN,PRIMARY_1_12
2012,GlobalClim,9779.216529536301,11,RAIN,PRIMARY_1_12
2012,DeptClim,17397.483173589113,11,RAIN,PRIMARY_1_12
2012,Persist,9566.608511924824,11,RAIN,PRIMARY_1_12
2012,Ridge,6558.981032572508,11,RAIN,PRIMARY_1_12
2012,RF,5382.549989141044,11,RAIN,PRIMARY_1_12
2012,HGB,10844.152084998255,11,RAIN,PRIMARY_1_12
2013,GlobalClim,11098.321278840409,11,RAIN,PRIMARY_1_12
2013,DeptClim,4628.293233220414,11,RAIN,PRIMARY_1_12
2013,Persist,8631.156236974342,11,RAIN,PRIMARY_1_12
2013,Ridge,12421.531207466896,11,RAIN,PRIMARY_1_12
2013,RF,9408.224024916819,11,RAIN,PRIMARY_1_12
2013,HGB,12142.327766421758,11,RAIN,PRIMARY_1_12
2014,GlobalClim,7154.740213972069,11,RAIN,PRIMARY_1_12
2014,DeptClim,5184.202646701072,11,RAIN,PRIMARY_1_12
2014,Persist,8926.901084607442,11,RAIN,PRIMARY_1_12
2014,Ridge,7695.327255289699,11,RAIN,PRIMARY_1_12
2014,RF,3807.022120164029,11,RAIN,PRIMARY_1_12
2014,HGB,6388.528675564015,11,RAIN,PRIMARY_1_12
2015,GlobalClim,10799.257325360246,11,RAIN,PRIMARY_1_12
2015,DeptClim,18416.97573657582,11,RAIN,PRIMARY_1_12
2015,Persist,27502.615361459557,11,RAIN,PRIMARY_1_12
2015,Ridge,7548.957573309165,11,RAIN,PRIMARY_1_12
2015,RF,8527.938190301344,11,RAIN,PRIMARY_1_12
2015,HGB,7652.591678975694,11,RAIN,PRIMARY_1_12
2016,GlobalClim,10614.353546994425,11,RAIN,PRIMARY_1_12
2016,DeptClim,18296.44656488185,11,RAIN,PRIMARY_1_12
2016,Persist,9741.87446284109,11,RAIN,PRIMARY_1_12
2016,Ridge,7059.842467318442,11,RAIN,PRIMARY_1_12
2016,RF,4279.796536069957,11,RAIN,PRIMARY_1_12
2016,HGB,10195.906752457631,11,RAIN,PRIMARY_1_12
2017,GlobalClim,10578.217667283105,11,RAIN,PRIMARY_1_12
2017,DeptClim,18499.381948369013,11,RAIN,PRIMARY_1_12
2017,Persist,9938.747167772013,11,RAIN,PRIMARY_1_12
2017,Ridge,7395.052456154598,11,RAIN,PRIMARY_1_12
2017,RF,5771.397680112827,11,RAIN,PRIMARY_1_12
2017,HGB,10186.21203085649,11,RAIN,PRIMARY_1_12
2018,GlobalClim,43807.81157098621,11,RAIN,PRIMARY_1_12
2018,DeptClim,37577.284995939226,11,RAIN,PRIMARY_1_12
2018,Persist,43746.66595805714,11,RAIN,PRIMARY_1_12
2018,Ridge,46669.42151189781,11,RAIN,PRIMARY_1_12
2018,RF,49213.24219796055,11,RAIN,PRIMARY_1_12
2018,HGB,44489.27767407066,11,RAIN,PRIMARY_1_12
2019,GlobalClim,35230.167640633306,11,RAIN,PRIMARY_1_12
2019,DeptClim,28605.526367354156,11,RAIN,PRIMARY_1_12
2019,Persist,12602.195103667998,11,RAIN,PRIMARY_1_12
2019,Ridge,42161.09421142996,11,RAIN,PRIMARY_1_12
2019,RF,37422.26076011727,11,RAIN,PRIMARY_1_12
2019,HGB,36113.711086160496,11,RAIN,PRIMARY_1_12
2020,GlobalClim,10535.69610434412,11,RAIN,PRIMARY_1_12
2020,DeptClim,18103.93054739763,11,RAIN,PRIMARY_1_12
2020,Persist,10027.774597961981,11,RAIN,PRIMARY_1_12
2020,Ridge,27765.621891940184,11,RAIN,PRIMARY_1_12
2020,RF,18317.990076853275,11,RAIN,PRIMARY_1_12
2020,HGB,14291.650104429646,11,RAIN,PRIMARY_1_12
2021,GlobalClim,11083.487601395815,11,RAIN,PRIMARY_1_12
2021,DeptClim,18422.20683996638,11,RAIN,PRIMARY_1_12
2021,Persist,10965.514770682476,11,RAIN,PRIMARY_1_12
2021,Ridge,9023.749908356984,11,RAIN,PRIMARY_1_12
2021,RF,11019.1981257109,11,RAIN,PRIMARY_1_12
2021,HGB,10844.888667970608,11,RAIN,PRIMARY_1_12
2022,GlobalClim,13507.09806392369,11,RAIN,PRIMARY_1_12
2022,DeptClim,20515.257680934577,11,RAIN,PRIMARY_1_12
2022,Persist,14862.580640723549,11,RAIN,PRIMARY_1_12
2022,Ridge,10268.093009688462,11,RAIN,PRIMARY_1_12
2022,RF,20319.168830694936,11,RAIN,PRIMARY_1_12
2022,HGB,12167.703140112808,11,RAIN,PRIMARY_1_12
2023,GlobalClim,12950.659210160766,11,RAIN,PRIMARY_1_12
2023,DeptClim,20334.239020616707,11,RAIN,PRIMARY_1_12
2023,Persist,12107.917744825943,11,RAIN,PRIMARY_1_12
2023,Ridge,9570.35026328155,11,RAIN,PRIMARY_1_12
2023,RF,7798.134542122553,11,RAIN,PRIMARY_1_12
2023,HGB,10551.30838758071,11,RAIN,PRIMARY_1_12
2024,GlobalClim,14105.360582192208,11,RAIN,PRIMARY_1_12
2024,DeptClim,21292.56177182301,11,RAIN,PRIMARY_1_12
2024,Persist,14346.506449946295,11,RAIN,PRIMARY_1_12
2024,Ridge,13474.350417978176,11,RAIN,PRIMARY_1_12
2024,RF,12233.406333106783,11,RAIN,PRIMARY_1_12
2024,HGB,14941.920973645496,11,RAIN,PRIMARY_1_12
2001,GlobalClim,4181.530336101577,12,RAIN,PRIMARY_1_12
2001,DeptClim,2245.1623961536743,12,RAIN,PRIMARY_1_12
2001,Persist,992.7505221647134,12,RAIN,PRIMARY_1_12
2001,Ridge,6349.533683428102,12,RAIN,PRIMARY_1_12
2001,RF,2764.378823913092,12,RAIN,PRIMARY_1_12
2001,HGB,5570.142833246207,12,RAIN,PRIMARY_1_12
2002,GlobalClim,42149.252538445246,12,RAIN,PRIMARY_1_12
2002,DeptClim,74734.38256335795,12,RAIN,PRIMARY_1_12
2002,Persist,41080.05597446741,12,RAIN,PRIMARY_1_12
2002,Ridge,33170.22616135383,12,RAIN,PRIMARY_1_12
2002,RF,20719.164762717788,12,RAIN,PRIMARY_1_12
2002,HGB,42089.9842228074,12,RAIN,PRIMARY_1_12
2003,GlobalClim,31885.893540443783,12,RAIN,PRIMARY_1_12
2003,DeptClim,7699.771543086891,12,RAIN,PRIMARY_1_12
2003,Persist,23505.577081245498,12,RAIN,PRIMARY_1_12
2003,Ridge,33657.61304977029,12,RAIN,PRIMARY_1_12
2003,RF,3866.4375018867677,12,RAIN,PRIMARY_1_12
2003,HGB,26819.65854452016,12,RAIN,PRIMARY_1_12
2004,GlobalClim,24305.36417708577,12,RAIN,PRIMARY_1_12
2004,DeptClim,5627.136325753957,12,RAIN,PRIMARY_1_12
2004,Persist,18621.309056572365,12,RAIN,PRIMARY_1_12
2004,Ridge,25318.06412437648,12,RAIN,PRIMARY_1_12
2004,RF,4009.1927340686107,12,RAIN,PRIMARY_1_12
2004,HGB,21339.48684367066,12,RAIN,PRIMARY_1_12
2005,GlobalClim,11194.258124033793,12,RAIN,PRIMARY_1_12
2005,DeptClim,2952.405486749591,12,RAIN,PRIMARY_1_12
2005,Persist,8760.964868760297,12,RAIN,PRIMARY_1_12
2005,Ridge,11681.591527998984,12,RAIN,PRIMARY_1_12
2005,RF,2756.911691038107,12,RAIN,PRIMARY_1_12
2005,HGB,10553.089806955137,12,RAIN,PRIMARY_1_12
2006,GlobalClim,10488.182530368964,12,RAIN,PRIMARY_1_12
2006,DeptClim,18947.43083391799,12,RAIN,PRIMARY_1_12
2006,Persist,10238.764397194498,12,RAIN,PRIMARY_1_12
2006,Ridge,7955.939908304783,12,RAIN,PRIMARY_1_12
2006,RF,1808.6706578388769,12,RAIN,PRIMARY_1_12
2006,HGB,9942.751948572084,12,RAIN,PRIMARY_1_12
2007,GlobalClim,10252.690471829445,12,RAIN,PRIMARY_1_12
2007,DeptClim,18883.84585106074,12,RAIN,PRIMARY_1_12
2007,Persist,9041.78603420201,12,RAIN,PRIMARY_1_12
2007,Ridge,7071.968876436654,12,RAIN,PRIMARY_1_12
2007,RF,1431.3240208060683,12,RAIN,PRIMARY_1_12
2007,HGB,8971.58662688091,12,RAIN,PRIMARY_1_12
2008,GlobalClim,10971.409663422432,12,RAIN,PRIMARY_1_12
2008,DeptClim,19171.714732347795,12,RAIN,PRIMARY_1_12
2008,Persist,10915.087790045685,12,RAIN,PRIMARY_1_12
2008,Ridge,8285.10854812074,12,RAIN,PRIMARY_1_12
2008,RF,2525.9556279629423,12,RAIN,PRIMARY_1_12
2008,HGB,10295.326774349935,12,RAIN,PRIMARY_1_12
2009,GlobalClim,9392.803118587419,12,RAIN,PRIMARY_1_12
2009,DeptClim,17340.351846891263,12,RAIN,PRIMARY_1_12
2009,Persist,8741.480294202618,12,RAIN,PRIMARY_1_12
2009,Ridge,6577.326854995316,12,RAIN,PRIMARY_1_12
2009,RF,2708.884356427869,12,RAIN,PRIMARY_1_12
2009,HGB,6216.968990801232,12,RAIN,PRIMARY_1_12
2010,GlobalClim,9717.926959003229,12,RAIN,PRIMARY_1_12
2010,DeptClim,17973.844274292926,12,RAIN,PRIMARY_1_12
2010,Persist,9042.41145924706,12,RAIN,PRIMARY_1_12
2010,Ridge,6548.553710980277,12,RAIN,PRIMARY_1_12
2010,RF,1868.4496810526043,12,RAIN,PRIMARY_1_12
2010,HGB,8308.107059774564,12,RAIN,PRIMARY_1_12
2011,GlobalClim,6489.998218986487,12,RAIN,PRIMARY_1_12
2011,DeptClim,4127.116981446948,12,RAIN,PRIMARY_1_12
2011,Persist,8888.51320797188,12,RAIN,PRIMARY_1_12
2011,Ridge,8012.786225802345,12,RAIN,PRIMARY_1_12
2011,RF,2389.9436296247336,12,RAIN,PRIMARY_1_12
2011,HGB,6369.532718019887,12,RAIN,PRIMARY_1_12
2012,GlobalClim,9434.73324556041,12,RAIN,PRIMARY_1_12
2012,DeptClim,17615.35844966071,12,RAIN,PRIMARY_1_12
2012,Persist,9518.364724401277,12,RAIN,PRIMARY_1_12
2012,Ridge,7403.111162417069,12,RAIN,PRIMARY_1_12
2012,RF,1607.9741964099385,12,RAIN,PRIMARY_1_12
2012,HGB,5610.453820882141,12,RAIN,PRIMARY_1_12
2013,GlobalClim,11014.163006337918,12,RAIN,PRIMARY_1_12
2013,DeptClim,4565.389254155601,12,RAIN,PRIMARY_1_12
2013,Persist,8585.766896031464,12,RAIN,PRIMARY_1_12
2013,Ridge,12082.70559412939,12,RAIN,PRIMARY_1_12
2013,RF,3005.634692791134,12,RAIN,PRIMARY_1_12
2013,HGB,10025.744847182032,12,RAIN,PRIMARY_1_12
2014,GlobalClim,6908.088076091125,12,RAIN,PRIMARY_1_12
2014,DeptClim,4771.5923010727065,12,RAIN,PRIMARY_1_12
2014,Persist,8708.917500119027,12,RAIN,PRIMARY_1_12
2014,Ridge,7987.825260086688,12,RAIN,PRIMARY_1_12
2014,RF,2756.116860187627,12,RAIN,PRIMARY_1_12
2014,HGB,6362.263911146371,12,RAIN,PRIMARY_1_12
2015,GlobalClim,10833.79204784044,12,RAIN,PRIMARY_1_12
2015,DeptClim,18717.054616273916,12,RAIN,PRIMARY_1_12
2015,Persist,9994.383225079284,12,RAIN,PRIMARY_1_12
2015,Ridge,7830.780504489327,12,RAIN,PRIMARY_1_12
2015,RF,2686.0957507872317,12,RAIN,PRIMARY_1_12
2015,HGB,8479.019958276109,12,RAIN,PRIMARY_1_12
2016,GlobalClim,11149.608316340878,12,RAIN,PRIMARY_1_12
2016,DeptClim,19086.713101596695,12,RAIN,PRIMARY_1_12
2016,Persist,10610.764383783266,12,RAIN,PRIMARY_1_12
2016,Ridge,7612.874718919523,12,RAIN,PRIMARY_1_12
2016,RF,3230.640353624254,12,RAIN,PRIMARY_1_12
2016,HGB,9922.847589013802,12,RAIN,PRIMARY_1_12
2017,GlobalClim,10329.485795766774,12,RAIN,PRIMARY_1_12
2017,DeptClim,18100.28198190627,12,RAIN,PRIMARY_1_12
2017,Persist,10063.632119244929,12,RAIN,PRIMARY_1_12
2017,Ridge,7261.936668961236,12,RAIN,PRIMARY_1_12
2017,RF,2530.2011979752506,12,RAIN,PRIMARY_1_12
2017,HGB,8058.176156464689,12,RAIN,PRIMARY_1_12
2018,GlobalClim,43974.14721896021,12,RAIN,PRIMARY_1_12
2018,DeptClim,37746.64043573033,12,RAIN,PRIMARY_1_12
2018,Persist,7431.576776391233,12,RAIN,PRIMARY_1_12
2018,Ridge,46503.07763044504,12,RAIN,PRIMARY_1_12
2018,RF,48519.372267154155,12,RAIN,PRIMARY_1_12
2018,HGB,45767.415470280706,12,RAIN,PRIMARY_1_12
2019,GlobalClim,32667.30833525655,12,RAIN,PRIMARY_1_12
2019,DeptClim,25939.556533083614,12,RAIN,PRIMARY_1_12
2019,Persist,9124.478618665944,12,RAIN,PRIMARY_1_12
2019,Ridge,40001.78091977114,12,RAIN,PRIMARY_1_12
2019,RF,39188.35820741839,12,RAIN,PRIMARY_1_12
2019,HGB,35273.9832819851,12,RAIN,PRIMARY_1_12
2020,GlobalClim,10427.272013045067,12,RAIN,PRIMARY_1_12
2020,DeptClim,17832.591188213744,12,RAIN,PRIMARY_1_12
2020,Persist,11017.6593665841,12,RAIN,PRIMARY_1_12
2020,Ridge,24970.427613935004,12,RAIN,PRIMARY_1_12
2020,RF,16862.239153021317,12,RAIN,PRIMARY_1_12
2020,HGB,14143.6861981879,12,RAIN,PRIMARY_1_12
2021,GlobalClim,10489.125561313678,12,RAIN,PRIMARY_1_12
2021,DeptClim,18036.182020425367,12,RAIN,PRIMARY_1_12
2021,Persist,10814.461405068425,12,RAIN,PRIMARY_1_12
2021,Ridge,7497.958798330548,12,RAIN,PRIMARY_1_12
2021,RF,2142.363866712139,12,RAIN,PRIMARY_1_12
2021,HGB,9855.71711278892,12,RAIN,PRIMARY_1_12
2022,GlobalClim,11441.320745228566,12,RAIN,PRIMARY_1_12
2022,DeptClim,19095.96752360355,12,RAIN,PRIMARY_1_12
2022,Persist,9857.77734953805,12,RAIN,PRIMARY_1_12
2022,Ridge,8444.041980564192,12,RAIN,PRIMARY_1_12
2022,RF,5341.616644488272,12,RAIN,PRIMARY_1_12
2022,HGB,9630.231184942975,12,RAIN,PRIMARY_1_12
2023,GlobalClim,11728.791518386679,12,RAIN,PRIMARY_1_12
2023,DeptClim,19384.2659993063,12,RAIN,PRIMARY_1_12
2023,Persist,11251.887081096322,12,RAIN,PRIMARY_1_12
2023,Ridge,9123.163055146326,12,RAIN,PRIMARY_1_12
2023,RF,23924.54060939599,12,RAIN,PRIMARY_1_12
2023,HGB,12275.397850680698,12,RAIN,PRIMARY_1_12
2024,GlobalClim,12059.120459630087,12,RAIN,PRIMARY_1_12
2024,DeptClim,19849.401349309755,12,RAIN,PRIMARY_1_12
2024,Persist,12403.509949840292,12,RAIN,PRIMARY_1_12
2024,Ridge,11246.254393743373,12,RAIN,PRIMARY_1_12
2024,RF,8418.802401568719,12,RAIN,PRIMARY_1_12
2024,HGB,12673.508594083067,12,RAIN,PRIMARY_1_12
2001,GlobalClim,2968.4726284711637,2,RAIN,SECONDARY_13_24
2001,DeptClim,1942.5148775561074,2,RAIN,SECONDARY_13_24
2001,Persist,865.2180855834304,2,RAIN,SECONDARY_13_24
2001,Ridge,3190.3953459455397,2,RAIN,SECONDARY_13_24
2001,RF,802.451611913256,2,RAIN,SECONDARY_13_24
2001,HGB,929.4267445003308,2,RAIN,SECONDARY_13_24
2002,GlobalClim,2220.547958033425,2,RAIN,SECONDARY_13_24
2002,DeptClim,1380.9800008491402,2,RAIN,SECONDARY_13_24
2002,Persist,639.374689263852,2,RAIN,SECONDARY_13_24
2002,Ridge,2837.9266126791704,2,RAIN,SECONDARY_13_24
2002,RF,1043.23873363069,2,RAIN,SECONDARY_13_24
2002,HGB,1179.2814898860668,2,RAIN,SECONDARY_13_24
2003,GlobalClim,14076.559898244881,2,RAIN,SECONDARY_13_24
2003,DeptClim,1508.139583401142,2,RAIN,SECONDARY_13_24
2003,Persist,3155.6307094532667,2,RAIN,SECONDARY_13_24
2003,Ridge,23152.647054135174,2,RAIN,SECONDARY_13_24
2003,RF,8911.930912296148,2,RAIN,SECONDARY_13_24
2003,HGB,23459.1218484289,2,RAIN,SECONDARY_13_24
2004,GlobalClim,9103.889107314459,2,RAIN,SECONDARY_13_24
2004,DeptClim,1600.9586771346,2,RAIN,SECONDARY_13_24
2004,Persist,3183.520898426753,2,RAIN,SECONDARY_13_24
2004,Ridge,15449.849951697259,2,RAIN,SECONDARY_13_24
2004,RF,5398.115541517597,2,RAIN,SECONDARY_13_24
2004,HGB,15634.313453076413,2,RAIN,SECONDARY_13_24
2005,GlobalClim,6030.18556042434,2,RAIN,SECONDARY_13_24
2005,DeptClim,4124.78911874515,2,RAIN,SECONDARY_13_24
2005,Persist,3039.2836586539925,2,RAIN,SECONDARY_13_24
2005,Ridge,9117.627669135747,2,RAIN,SECONDARY_13_24
2005,RF,3570.857210277822,2,RAIN,SECONDARY_13_24
2005,HGB,9197.803894907755,2,RAIN,SECONDARY_13_24
2006,GlobalClim,3408.8409773461462,2,RAIN,SECONDARY_13_24
2006,DeptClim,6236.414654674369,2,RAIN,SECONDARY_13_24
2006,Persist,3187.8557649718036,2,RAIN,SECONDARY_13_24
2006,Ridge,3143.2285907277815,2,RAIN,SECONDARY_13_24
2006,RF,2915.751787613637,2,RAIN,SECONDARY_13_24
2006,HGB,2048.537069283752,2,RAIN,SECONDARY_13_24
2007,GlobalClim,4463.522252385507,2,RAIN,SECONDARY_13_24
2007,DeptClim,7866.714337613177,2,RAIN,SECONDARY_13_24
2007,Persist,3604.2694344788165,2,RAIN,SECONDARY_13_24
2007,Ridge,2372.7819945067536,2,RAIN,SECONDARY_13_24
2007,RF,2119.1533507842896,2,RAIN,SECONDARY_13_24
2007,HGB,2052.5172614557246,2,RAIN,SECONDARY_13_24
2008,GlobalClim,4899.129204838234,2,RAIN,SECONDARY_13_24
2008,DeptClim,8613.679593052728,2,RAIN,SECONDARY_13_24
2008,Persist,3905.7179802214782,2,RAIN,SECONDARY_13_24
2008,Ridge,2892.8653155677343,2,RAIN,SECONDARY_13_24
2008,RF,2388.812107698615,2,RAIN,SECONDARY_13_24
2008,HGB,2747.8420022060354,2,RAIN,SECONDARY_13_24
2009,GlobalClim,4786.219834266472,2,RAIN,SECONDARY_13_24
2009,DeptClim,8193.793079990965,2,RAIN,SECONDARY_13_24
2009,Persist,3574.1659702077495,2,RAIN,SECONDARY_13_24
2009,Ridge,2011.3962806695577,2,RAIN,SECONDARY_13_24
2009,RF,1496.0116268738007,2,RAIN,SECONDARY_13_24
2009,HGB,4774.346418237748,2,RAIN,SECONDARY_13_24
2010,GlobalClim,5037.323036857588,2,RAIN,SECONDARY_13_24
2010,DeptClim,8471.508643381214,2,RAIN,SECONDARY_13_24
2010,Persist,3682.6659964839087,2,RAIN,SECONDARY_13_24
2010,Ridge,2079.829238148585,2,RAIN,SECONDARY_13_24
2010,RF,2540.4231105624617,2,RAIN,SECONDARY_13_24
2010,HGB,2138.020592937066,2,RAIN,SECONDARY_13_24
2011,GlobalClim,3972.997570194123,2,RAIN,SECONDARY_13_24
2011,DeptClim,7241.97174971312,2,RAIN,SECONDARY_13_24
2011,Persist,3802.1873339283115,2,RAIN,SECONDARY_13_24
2011,Ridge,1473.1002538275259,2,RAIN,SECONDARY_13_24
2011,RF,3808.223299942491,2,RAIN,SECONDARY_13_24
2011,HGB,1515.6677448973255,2,RAIN,SECONDARY_13_24
2012,GlobalClim,15049.540270767975,2,RAIN,SECONDARY_13_24
2012,DeptClim,16533.567744920183,2,RAIN,SECONDARY_13_24
2012,Persist,17214.616258144437,2,RAIN,SECONDARY_13_24
2012,Ridge,15100.799632253556,2,RAIN,SECONDARY_13_24
2012,RF,15028.740132145578,2,RAIN,SECONDARY_13_24
2012,HGB,15097.209315453749,2,RAIN,SECONDARY_13_24
2013,GlobalClim,4008.8451377900137,2,RAIN,SECONDARY_13_24
2013,DeptClim,7316.730568615351,2,RAIN,SECONDARY_13_24
2013,Persist,3980.908267985886,2,RAIN,SECONDARY_13_24
2013,Ridge,1465.9577477418495,2,RAIN,SECONDARY_13_24
2013,RF,1629.573049842071,2,RAIN,SECONDARY_13_24
2013,HGB,1194.835915758283,2,RAIN,SECONDARY_13_24
2014,GlobalClim,4524.077943977077,2,RAIN,SECONDARY_13_24
2014,DeptClim,7839.241857484052,2,RAIN,SECONDARY_13_24
2014,Persist,4582.200531071165,2,RAIN,SECONDARY_13_24
2014,Ridge,1568.7856076194905,2,RAIN,SECONDARY_13_24
2014,RF,2234.323427822704,2,RAIN,SECONDARY_13_24
2014,HGB,1753.9806582415997,2,RAIN,SECONDARY_13_24
2015,GlobalClim,5393.280042533795,2,RAIN,SECONDARY_13_24
2015,DeptClim,8807.185768407191,2,RAIN,SECONDARY_13_24
2015,Persist,5642.468339360456,2,RAIN,SECONDARY_13_24
2015,Ridge,1839.6529213842841,2,RAIN,SECONDARY_13_24
2015,RF,1696.8678587184563,2,RAIN,SECONDARY_13_24
2015,HGB,2577.998254217229,2,RAIN,SECONDARY_13_24
2016,GlobalClim,5956.654798921213,2,RAIN,SECONDARY_13_24
2016,DeptClim,9371.219465590797,2,RAIN,SECONDARY_13_24
2016,Persist,5221.343344878741,2,RAIN,SECONDARY_13_24
2016,Ridge,2188.8462641246647,2,RAIN,SECONDARY_13_24
2016,RF,1721.0721615166608,2,RAIN,SECONDARY_13_24
2016,HGB,3025.3747623547,2,RAIN,SECONDARY_13_24
2017,GlobalClim,6039.924716164544,2,RAIN,SECONDARY_13_24
2017,DeptClim,9396.517747498134,2,RAIN,SECONDARY_13_24
2017,Persist,5392.351217088913,2,RAIN,SECONDARY_13_24
2017,Ridge,2352.8214153839313,2,RAIN,SECONDARY_13_24
2017,RF,1323.2578248968302,2,RAIN,SECONDARY_13_24
2017,HGB,3233.159609522481,2,RAIN,SECONDARY_13_24
2018,GlobalClim,8172.952995123638,2,RAIN,SECONDARY_13_24
2018,DeptClim,11200.88153929875,2,RAIN,SECONDARY_13_24
2018,Persist,7031.383986708524,2,RAIN,SECONDARY_13_24
2018,Ridge,5825.925001403049,2,RAIN,SECONDARY_13_24
2018,RF,5910.862572066403,2,RAIN,SECONDARY_13_24
2018,HGB,5539.474560153462,2,RAIN,SECONDARY_13_24
2019,GlobalClim,51405.90014291004,2,RAIN,SECONDARY_13_24
2019,DeptClim,50090.79670360285,2,RAIN,SECONDARY_13_24
2019,Persist,4771.479598791245,2,RAIN,SECONDARY_13_24
2019,Ridge,42400.11194012099,2,RAIN,SECONDARY_13_24
2019,RF,45495.481189537706,2,RAIN,SECONDARY_13_24
2019,HGB,48462.14779813377,2,RAIN,SECONDARY_13_24
2020,GlobalClim,10655.08347343513,2,RAIN,SECONDARY_13_24
2020,DeptClim,7639.245741665123,2,RAIN,SECONDARY_13_24
2020,Persist,24073.596391672203,2,RAIN,SECONDARY_13_24
2020,Ridge,53818.13742087664,2,RAIN,SECONDARY_13_24
2020,RF,15214.183290959123,2,RAIN,SECONDARY_13_24
2020,HGB,3122.369106501485,2,RAIN,SECONDARY_13_24
2021,GlobalClim,6407.208647220505,2,RAIN,SECONDARY_13_24
2021,DeptClim,9263.988694026657,2,RAIN,SECONDARY_13_24
2021,Persist,5834.424890563164,2,RAIN,SECONDARY_13_24
2021,Ridge,3344.3555906153683,2,RAIN,SECONDARY_13_24
2021,RF,5314.762187131764,2,RAIN,SECONDARY_13_24
2021,HGB,5826.209149902058,2,RAIN,SECONDARY_13_24
2022,GlobalClim,6545.224735580397,2,RAIN,SECONDARY_13_24
2022,DeptClim,9896.291029787224,2,RAIN,SECONDARY_13_24
2022,Persist,6870.269461972199,2,RAIN,SECONDARY_13_24
2022,Ridge,3520.123028010954,2,RAIN,SECONDARY_13_24
2022,RF,1805.9171785538022,2,RAIN,SECONDARY_13_24
2022,HGB,3986.657913158378,2,RAIN,SECONDARY_13_24
2023,GlobalClim,7380.120480673085,2,RAIN,SECONDARY_13_24
2023,DeptClim,10582.40763522133,2,RAIN,SECONDARY_13_24
2023,Persist,7568.803183830183,2,RAIN,SECONDARY_13_24
2023,Ridge,4271.879171711212,2,RAIN,SECONDARY_13_24
2023,RF,3624.064507456909,2,RAIN,SECONDARY_13_24
2023,HGB,4578.232674351003,2,RAIN,SECONDARY_13_24
2024,GlobalClim,8267.851291100405,2,RAIN,SECONDARY_13_24
2024,DeptClim,11792.095062275648,2,RAIN,SECONDARY_13_24
2024,Persist,8686.806312609056,2,RAIN,SECONDARY_13_24
2024,Ridge,4889.831877095688,2,RAIN,SECONDARY_13_24
2024,RF,3967.4034909285874,2,RAIN,SECONDARY_13_24
2024,HGB,5927.159279519044,2,RAIN,SECONDARY_13_24
2025,GlobalClim,9572.249292210137,2,RAIN,SECONDARY_13_24
2025,DeptClim,12969.547161072996,2,RAIN,SECONDARY_13_24
2025,Persist,11785.648296569876,2,RAIN,SECONDARY_13_24
2025,Ridge,7484.970354514618,2,RAIN,SECONDARY_13_24
2025,RF,10498.4915216842,2,RAIN,SECONDARY_13_24
2025,HGB,8313.342541058724,2,RAIN,SECONDARY_13_24
2001,GlobalClim,2578.9886625543263,3,RAIN,SECONDARY_13_24
2001,DeptClim,1909.8294079326342,3,RAIN,SECONDARY_13_24
2001,Persist,533.9200740500673,3,RAIN,SECONDARY_13_24
2001,Ridge,2112.620832271514,3,RAIN,SECONDARY_13_24
2001,RF,443.84308623008485,3,RAIN,SECONDARY_13_24
2001,HGB,773.8253273603582,3,RAIN,SECONDARY_13_24
2002,GlobalClim,1892.1644681584544,3,RAIN,SECONDARY_13_24
2002,DeptClim,1397.9818744567854,3,RAIN,SECONDARY_13_24
2002,Persist,1595.8340758848208,3,RAIN,SECONDARY_13_24
2002,Ridge,1694.5469935833457,3,RAIN,SECONDARY_13_24
2002,RF,1849.6091286265503,3,RAIN,SECONDARY_13_24
2002,HGB,1541.0143810193497,3,RAIN,SECONDARY_13_24
2003,GlobalClim,10678.065030432404,3,RAIN,SECONDARY_13_24
2003,DeptClim,18296.185621453355,3,RAIN,SECONDARY_13_24
2003,Persist,27540.530477899523,3,RAIN,SECONDARY_13_24
2003,Ridge,6660.712563206947,3,RAIN,SECONDARY_13_24
2003,RF,3330.589804763545,3,RAIN,SECONDARY_13_24
2003,HGB,6355.970570280012,3,RAIN,SECONDARY_13_24
2004,GlobalClim,6016.666714802389,3,RAIN,SECONDARY_13_24
2004,DeptClim,2398.192159995905,3,RAIN,SECONDARY_13_24
2004,Persist,6306.742301196466,3,RAIN,SECONDARY_13_24
2004,Ridge,7695.389308505891,3,RAIN,SECONDARY_13_24
2004,RF,4538.354352611171,3,RAIN,SECONDARY_13_24
2004,HGB,7608.9053749263885,3,RAIN,SECONDARY_13_24
2005,GlobalClim,4760.4082195616775,3,RAIN,SECONDARY_13_24
2005,DeptClim,4396.762404614607,3,RAIN,SECONDARY_13_24
2005,Persist,4567.466929411144,3,RAIN,SECONDARY_13_24
2005,Ridge,4875.199099781191,3,RAIN,SECONDARY_13_24
2005,RF,4979.921070712497,3,RAIN,SECONDARY_13_24
2005,HGB,4846.087699332578,3,RAIN,SECONDARY_13_24
2006,GlobalClim,3497.403111292608,3,RAIN,SECONDARY_13_24
2006,DeptClim,5173.0576007537975,3,RAIN,SECONDARY_13_24
2006,Persist,3295.00156471238,3,RAIN,SECONDARY_13_24
2006,Ridge,2779.651800503801,3,RAIN,SECONDARY_13_24
2006,RF,2615.6377617210774,3,RAIN,SECONDARY_13_24
2006,HGB,2707.6320195712838,3,RAIN,SECONDARY_13_24
2007,GlobalClim,3861.7594778640673,3,RAIN,SECONDARY_13_24
2007,DeptClim,5763.541685045174,3,RAIN,SECONDARY_13_24
2007,Persist,3059.8041881044696,3,RAIN,SECONDARY_13_24
2007,Ridge,2651.2411788775416,3,RAIN,SECONDARY_13_24
2007,RF,2399.191412150782,3,RAIN,SECONDARY_13_24
2007,HGB,4104.057171113277,3,RAIN,SECONDARY_13_24
2008,GlobalClim,3764.781260422914,3,RAIN,SECONDARY_13_24
2008,DeptClim,5777.8199495813005,3,RAIN,SECONDARY_13_24
2008,Persist,3686.703159890542,3,RAIN,SECONDARY_13_24
2008,Ridge,2178.5804177703667,3,RAIN,SECONDARY_13_24
2008,RF,1377.0954558142341,3,RAIN,SECONDARY_13_24
2008,HGB,3042.928413030405,3,RAIN,SECONDARY_13_24
2009,GlobalClim,4343.870507027622,3,RAIN,SECONDARY_13_24
2009,DeptClim,6306.811909087137,3,RAIN,SECONDARY_13_24
2009,Persist,3090.144228311137,3,RAIN,SECONDARY_13_24
2009,Ridge,2690.5809234265253,3,RAIN,SECONDARY_13_24
2009,RF,2374.7332728920214,3,RAIN,SECONDARY_13_24
2009,HGB,2858.566477725909,3,RAIN,SECONDARY_13_24
2010,GlobalClim,3806.296065034468,3,RAIN,SECONDARY_13_24
2010,DeptClim,5656.748224616174,3,RAIN,SECONDARY_13_24
2010,Persist,2406.4663244819744,3,RAIN,SECONDARY_13_24
2010,Ridge,2226.7010470510118,3,RAIN,SECONDARY_13_24
2010,RF,2362.4566450858733,3,RAIN,SECONDARY_13_24
2010,HGB,2247.9572464676767,3,RAIN,SECONDARY_13_24
2011,GlobalClim,3980.995034899672,3,RAIN,SECONDARY_13_24
2011,DeptClim,3513.5180126974756,3,RAIN,SECONDARY_13_24
2011,Persist,2759.377490698992,3,RAIN,SECONDARY_13_24
2011,Ridge,4128.984911746193,3,RAIN,SECONDARY_13_24
2011,RF,1724.9026049266204,3,RAIN,SECONDARY_13_24
2011,HGB,3016.826681808494,3,RAIN,SECONDARY_13_24
2012,GlobalClim,14900.996319632106,3,RAIN,SECONDARY_13_24
2012,DeptClim,15645.928541480553,3,RAIN,SECONDARY_13_24
2012,Persist,3839.126816553628,3,RAIN,SECONDARY_13_24
2012,Ridge,15002.921740945909,3,RAIN,SECONDARY_13_24
2012,RF,15571.794143883257,3,RAIN,SECONDARY_13_24
2012,HGB,14882.527486245337,3,RAIN,SECONDARY_13_24
2013,GlobalClim,4401.482001642315,3,RAIN,SECONDARY_13_24
2013,DeptClim,3754.0535094089887,3,RAIN,SECONDARY_13_24
2013,Persist,3349.985938642969,3,RAIN,SECONDARY_13_24
2013,Ridge,4507.929577908936,3,RAIN,SECONDARY_13_24
2013,RF,1952.2261534711988,3,RAIN,SECONDARY_13_24
2013,HGB,4498.609808770874,3,RAIN,SECONDARY_13_24
2014,GlobalClim,4622.649049376407,3,RAIN,SECONDARY_13_24
2014,DeptClim,4263.862181637056,3,RAIN,SECONDARY_13_24
2014,Persist,3317.2827687293943,3,RAIN,SECONDARY_13_24
2014,Ridge,4710.955204583665,3,RAIN,SECONDARY_13_24
2014,RF,3438.0199650249806,3,RAIN,SECONDARY_13_24
2014,HGB,3264.0794773486814,3,RAIN,SECONDARY_13_24
2015,GlobalClim,3704.7860798711076,3,RAIN,SECONDARY_13_24
2015,DeptClim,3998.8873489327725,3,RAIN,SECONDARY_13_24
2015,Persist,2870.4450658801998,3,RAIN,SECONDARY_13_24
2015,Ridge,3289.8720912574927,3,RAIN,SECONDARY_13_24
2015,RF,1390.9659343702824,3,RAIN,SECONDARY_13_24
2015,HGB,2659.6749723247335,3,RAIN,SECONDARY_13_24
2016,GlobalClim,4377.910557009982,3,RAIN,SECONDARY_13_24
2016,DeptClim,6307.218328508562,3,RAIN,SECONDARY_13_24
2016,Persist,3278.8341581605937,3,RAIN,SECONDARY_13_24
2016,Ridge,2336.3959872765727,3,RAIN,SECONDARY_13_24
2016,RF,1574.720710816269,3,RAIN,SECONDARY_13_24
2016,HGB,2674.8559344678765,3,RAIN,SECONDARY_13_24
2017,GlobalClim,3279.6668007059975,3,RAIN,SECONDARY_13_24
2017,DeptClim,5162.905318127233,3,RAIN,SECONDARY_13_24
2017,Persist,2440.650872522563,3,RAIN,SECONDARY_13_24
2017,Ridge,1873.9265916943634,3,RAIN,SECONDARY_13_24
2017,RF,1209.5765753255544,3,RAIN,SECONDARY_13_24
2017,HGB,2527.478363636858,3,RAIN,SECONDARY_13_24
2018,GlobalClim,5394.057689547199,3,RAIN,SECONDARY_13_24
2018,DeptClim,7088.277451521614,3,RAIN,SECONDARY_13_24
2018,Persist,4100.273453735913,3,RAIN,SECONDARY_13_24
2018,Ridge,4589.732506890641,3,RAIN,SECONDARY_13_24
2018,RF,4241.933595401276,3,RAIN,SECONDARY_13_24
2018,HGB,4561.139384595801,3,RAIN,SECONDARY_13_24
2019,GlobalClim,10766.602718238006,3,RAIN,SECONDARY_13_24
2019,DeptClim,9223.654623467071,3,RAIN,SECONDARY_13_24
2019,Persist,42831.09658817381,3,RAIN,SECONDARY_13_24
2019,Ridge,7713.944509193336,3,RAIN,SECONDARY_13_24
2019,RF,8506.048332048642,3,RAIN,SECONDARY_13_24
2019,HGB,9874.199767294389,3,RAIN,SECONDARY_13_24
2020,GlobalClim,4352.169798687107,3,RAIN,SECONDARY_13_24
2020,DeptClim,3298.2905731413175,3,RAIN,SECONDARY_13_24
2020,Persist,12893.032465411436,3,RAIN,SECONDARY_13_24
2020,Ridge,9309.311479539305,3,RAIN,SECONDARY_13_24
2020,RF,4274.8719195820595,3,RAIN,SECONDARY_13_24
2020,HGB,5206.371759348796,3,RAIN,SECONDARY_13_24
2021,GlobalClim,6804.451538120981,3,RAIN,SECONDARY_13_24
2021,DeptClim,7077.673792776793,3,RAIN,SECONDARY_13_24
2021,Persist,4749.883114955358,3,RAIN,SECONDARY_13_24
2021,Ridge,6777.779005108975,3,RAIN,SECONDARY_13_24
2021,RF,6211.364695801923,3,RAIN,SECONDARY_13_24
2021,HGB,6500.607031014733,3,RAIN,SECONDARY_13_24
2022,GlobalClim,5836.311546252374,3,RAIN,SECONDARY_13_24
2022,DeptClim,7721.225995658907,3,RAIN,SECONDARY_13_24
2022,Persist,7235.992154711442,3,RAIN,SECONDARY_13_24
2022,Ridge,4374.283721049904,3,RAIN,SECONDARY_13_24
2022,RF,3933.278095040963,3,RAIN,SECONDARY_13_24
2022,HGB,4858.537926263008,3,RAIN,SECONDARY_13_24
2023,GlobalClim,3761.625809186564,3,RAIN,SECONDARY_13_24
2023,DeptClim,4984.195319875196,3,RAIN,SECONDARY_13_24
2023,Persist,3719.3424358699544,3,RAIN,SECONDARY_13_24
2023,Ridge,2157.239692148979,3,RAIN,SECONDARY_13_24
2023,RF,1206.1167220317952,3,RAIN,SECONDARY_13_24
2023,HGB,2282.353027391945,3,RAIN,SECONDARY_13_24
2024,GlobalClim,5122.913316827449,3,RAIN,SECONDARY_13_24
2024,DeptClim,6440.471105598962,3,RAIN,SECONDARY_13_24
2024,Persist,4255.859056413081,3,RAIN,SECONDARY_13_24
2024,Ridge,3018.034533524068,3,RAIN,SECONDARY_13_24
2024,RF,2623.025221439855,3,RAIN,SECONDARY_13_24
2024,HGB,3256.563231841366,3,RAIN,SECONDARY_13_24
2025,GlobalClim,5995.1169527590955,3,RAIN,SECONDARY_13_24
2025,DeptClim,7742.863722793064,3,RAIN,SECONDARY_13_24
2025,Persist,5061.369616339869,3,RAIN,SECONDARY_13_24
2025,Ridge,4394.36393335493,3,RAIN,SECONDARY_13_24
2025,RF,4377.763990909861,3,RAIN,SECONDARY_13_24
2025,HGB,5956.135267746215,3,RAIN,SECONDARY_13_24
2001,GlobalClim,2460.7654720909413,4,RAIN,SECONDARY_13_24
2001,DeptClim,1802.1088929873063,4,RAIN,SECONDARY_13_24
2001,Persist,477.46879963579346,4,RAIN,SECONDARY_13_24
2001,Ridge,2362.4506381646524,4,RAIN,SECONDARY_13_24
2001,RF,633.2178017785761,4,RAIN,SECONDARY_13_24
2001,HGB,1812.3881440459736,4,RAIN,SECONDARY_13_24
2002,GlobalClim,1838.961584013074,4,RAIN,SECONDARY_13_24
2002,DeptClim,1486.9768865442868,4,RAIN,SECONDARY_13_24
2002,Persist,477.2872378089464,4,RAIN,SECONDARY_13_24
2002,Ridge,2412.10059942356,4,RAIN,SECONDARY_13_24
2002,RF,941.2943585400945,4,RAIN,SECONDARY_13_24
2002,HGB,1853.3353167396194,4,RAIN,SECONDARY_13_24
2003,GlobalClim,8151.800862744395,4,RAIN,SECONDARY_13_24
2003,DeptClim,14788.36016467279,4,RAIN,SECONDARY_13_24
2003,Persist,9357.954716069133,4,RAIN,SECONDARY_13_24
2003,Ridge,3503.4957649636144,4,RAIN,SECONDARY_13_24
2003,RF,595.0560270519463,4,RAIN,SECONDARY_13_24
2003,HGB,6558.489653671542,4,RAIN,SECONDARY_13_24
2004,GlobalClim,10171.346357918586,4,RAIN,SECONDARY_13_24
2004,DeptClim,6266.256279299262,4,RAIN,SECONDARY_13_24
2004,Persist,2335.2595017980207,4,RAIN,SECONDARY_13_24
2004,Ridge,12302.254094735727,4,RAIN,SECONDARY_13_24
2004,RF,6691.897005859831,4,RAIN,SECONDARY_13_24
2004,HGB,8995.565656660014,4,RAIN,SECONDARY_13_24
2005,GlobalClim,5426.794112797348,4,RAIN,SECONDARY_13_24
2005,DeptClim,3336.4066331991453,4,RAIN,SECONDARY_13_24
2005,Persist,1574.1654909479105,4,RAIN,SECONDARY_13_24
2005,Ridge,6361.120370417903,4,RAIN,SECONDARY_13_24
2005,RF,3476.655982874398,4,RAIN,SECONDARY_13_24
2005,HGB,4658.517343961468,4,RAIN,SECONDARY_13_24
2006,GlobalClim,2522.5786663704594,4,RAIN,SECONDARY_13_24
2006,DeptClim,2949.502998932636,4,RAIN,SECONDARY_13_24
2006,Persist,2995.9268324726886,4,RAIN,SECONDARY_13_24
2006,Ridge,2663.882208792766,4,RAIN,SECONDARY_13_24
2006,RF,3307.5817955321204,4,RAIN,SECONDARY_13_24
2006,HGB,2617.080729967692,4,RAIN,SECONDARY_13_24
2007,GlobalClim,3543.74452526704,4,RAIN,SECONDARY_13_24
2007,DeptClim,4874.9956662802415,4,RAIN,SECONDARY_13_24
2007,Persist,3403.8667008545526,4,RAIN,SECONDARY_13_24
2007,Ridge,2475.5322994184876,4,RAIN,SECONDARY_13_24
2007,RF,2034.2748122237822,4,RAIN,SECONDARY_13_24
2007,HGB,2677.15478910301,4,RAIN,SECONDARY_13_24
2008,GlobalClim,2997.200780568631,4,RAIN,SECONDARY_13_24
2008,DeptClim,4442.737886030403,4,RAIN,SECONDARY_13_24
2008,Persist,2892.5584688868826,4,RAIN,SECONDARY_13_24
2008,Ridge,1805.0886471708072,4,RAIN,SECONDARY_13_24
2008,RF,1211.5536602429631,4,RAIN,SECONDARY_13_24
2008,HGB,2104.687731192156,4,RAIN,SECONDARY_13_24
2009,GlobalClim,3660.15000228317,4,RAIN,SECONDARY_13_24
2009,DeptClim,5227.479574913527,4,RAIN,SECONDARY_13_24
2009,Persist,2652.129195322719,4,RAIN,SECONDARY_13_24
2009,Ridge,1814.902050048026,4,RAIN,SECONDARY_13_24
2009,RF,1928.2998028268532,4,RAIN,SECONDARY_13_24
2009,HGB,2745.908162766809,4,RAIN,SECONDARY_13_24
2010,GlobalClim,2888.917154339181,4,RAIN,SECONDARY_13_24
2010,DeptClim,4445.723499367212,4,RAIN,SECONDARY_13_24
2010,Persist,2449.241681336496,4,RAIN,SECONDARY_13_24
2010,Ridge,1136.9122326191045,4,RAIN,SECONDARY_13_24
2010,RF,942.1852153584433,4,RAIN,SECONDARY_13_24
2010,HGB,1612.9069488450075,4,RAIN,SECONDARY_13_24
2011,GlobalClim,2527.988484607882,4,RAIN,SECONDARY_13_24
2011,DeptClim,4168.594479100926,4,RAIN,SECONDARY_13_24
2011,Persist,6668.1785040790855,4,RAIN,SECONDARY_13_24
2011,Ridge,891.924329646875,4,RAIN,SECONDARY_13_24
2011,RF,873.0208754863239,4,RAIN,SECONDARY_13_24
2011,HGB,1304.4604130749901,4,RAIN,SECONDARY_13_24
2012,GlobalClim,2654.6947692119347,4,RAIN,SECONDARY_13_24
2012,DeptClim,4384.3332417043475,4,RAIN,SECONDARY_13_24
2012,Persist,15210.61999575879,4,RAIN,SECONDARY_13_24
2012,Ridge,1254.239167259168,4,RAIN,SECONDARY_13_24
2012,RF,799.3659101156978,4,RAIN,SECONDARY_13_24
2012,HGB,1698.8141690525263,4,RAIN,SECONDARY_13_24
2013,GlobalClim,4511.36943076027,4,RAIN,SECONDARY_13_24
2013,DeptClim,3974.9908968107898,4,RAIN,SECONDARY_13_24
2013,Persist,2641.8627406503197,4,RAIN,SECONDARY_13_24
2013,Ridge,4965.078793359069,4,RAIN,SECONDARY_13_24
2013,RF,4311.808847795874,4,RAIN,SECONDARY_13_24
2013,HGB,4442.336575760574,4,RAIN,SECONDARY_13_24
2014,GlobalClim,3328.2361283445,4,RAIN,SECONDARY_13_24
2014,DeptClim,4967.406565346921,4,RAIN,SECONDARY_13_24
2014,Persist,7135.037158027875,4,RAIN,SECONDARY_13_24
2014,Ridge,1595.1643332672631,4,RAIN,SECONDARY_13_24
2014,RF,1778.5013269989524,4,RAIN,SECONDARY_13_24
2014,HGB,1850.7204401131764,4,RAIN,SECONDARY_13_24
2015,GlobalClim,3573.3282731257073,4,RAIN,SECONDARY_13_24
2015,DeptClim,5170.360911020598,4,RAIN,SECONDARY_13_24
2015,Persist,5869.946267881969,4,RAIN,SECONDARY_13_24
2015,Ridge,1817.4799217038785,4,RAIN,SECONDARY_13_24
2015,RF,1399.837985699538,4,RAIN,SECONDARY_13_24
2015,HGB,2878.7060795897273,4,RAIN,SECONDARY_13_24
2016,GlobalClim,4098.5266087505215,4,RAIN,SECONDARY_13_24
2016,DeptClim,5984.292717764656,4,RAIN,SECONDARY_13_24
2016,Persist,3205.4569168649964,4,RAIN,SECONDARY_13_24
2016,Ridge,2254.538205531914,4,RAIN,SECONDARY_13_24
2016,RF,2209.311535536104,4,RAIN,SECONDARY_13_24
2016,HGB,2886.9974258270977,4,RAIN,SECONDARY_13_24
2017,GlobalClim,4171.443335142799,4,RAIN,SECONDARY_13_24
2017,DeptClim,6100.663896304839,4,RAIN,SECONDARY_13_24
2017,Persist,4473.767669512302,4,RAIN,SECONDARY_13_24
2017,Ridge,2476.4438389992793,4,RAIN,SECONDARY_13_24
2017,RF,2395.4560156841253,4,RAIN,SECONDARY_13_24
2017,HGB,3254.962238099363,4,RAIN,SECONDARY_13_24
2018,GlobalClim,5866.817829921402,4,RAIN,SECONDARY_13_24
2018,DeptClim,7519.8233375116715,4,RAIN,SECONDARY_13_24
2018,Persist,4255.096628892226,4,RAIN,SECONDARY_13_24
2018,Ridge,5336.489482147598,4,RAIN,SECONDARY_13_24
2018,RF,4711.278942675322,4,RAIN,SECONDARY_13_24
2018,HGB,5200.8598035657305,4,RAIN,SECONDARY_13_24
2019,GlobalClim,3910.939478766276,4,RAIN,SECONDARY_13_24
2019,DeptClim,4543.901118155428,4,RAIN,SECONDARY_13_24
2019,Persist,14056.551796798265,4,RAIN,SECONDARY_13_24
2019,Ridge,20195.608852590238,4,RAIN,SECONDARY_13_24
2019,RF,8298.629971817723,4,RAIN,SECONDARY_13_24
2019,HGB,7052.079257735748,4,RAIN,SECONDARY_13_24
2020,GlobalClim,19854.70209904499,4,RAIN,SECONDARY_13_24
2020,DeptClim,18942.947120618366,4,RAIN,SECONDARY_13_24
2020,Persist,16393.917529359565,4,RAIN,SECONDARY_13_24
2020,Ridge,19527.144182884585,4,RAIN,SECONDARY_13_24
2020,RF,19275.590122097597,4,RAIN,SECONDARY_13_24
2020,HGB,19379.216588948664,4,RAIN,SECONDARY_13_24
2021,GlobalClim,3512.1310827414527,4,RAIN,SECONDARY_13_24
2021,DeptClim,4934.148700265908,4,RAIN,SECONDARY_13_24
2021,Persist,9799.360475599982,4,RAIN,SECONDARY_13_24
2021,Ridge,1871.9019902509665,4,RAIN,SECONDARY_13_24
2021,RF,2331.0101980691115,4,RAIN,SECONDARY_13_24
2021,HGB,3436.9694114232857,4,RAIN,SECONDARY_13_24
2022,GlobalClim,3328.7076331974336,4,RAIN,SECONDARY_13_24
2022,DeptClim,4599.150183613887,4,RAIN,SECONDARY_13_24
2022,Persist,3177.7720266312367,4,RAIN,SECONDARY_13_24
2022,Ridge,2369.7840991680255,4,RAIN,SECONDARY_13_24
2022,RF,2318.2869294601373,4,RAIN,SECONDARY_13_24
2022,HGB,2930.644646946968,4,RAIN,SECONDARY_13_24
2023,GlobalClim,4493.654595015877,4,RAIN,SECONDARY_13_24
2023,DeptClim,5606.209656099696,4,RAIN,SECONDARY_13_24
2023,Persist,5544.004199146215,4,RAIN,SECONDARY_13_24
2023,Ridge,2536.329454746594,4,RAIN,SECONDARY_13_24
2023,RF,2177.914075310224,4,RAIN,SECONDARY_13_24
2023,HGB,4066.434080068634,4,RAIN,SECONDARY_13_24
2024,GlobalClim,5028.612524469636,4,RAIN,SECONDARY_13_24
2024,DeptClim,6503.308477944062,4,RAIN,SECONDARY_13_24
2024,Persist,6796.236628214511,4,RAIN,SECONDARY_13_24
2024,Ridge,2913.058183881539,4,RAIN,SECONDARY_13_24
2024,RF,3305.4306867931864,4,RAIN,SECONDARY_13_24
2024,HGB,4140.855003481025,4,RAIN,SECONDARY_13_24
2001,GlobalClim,2858.4285699750726,5,RAIN,SECONDARY_13_24
2001,DeptClim,1829.7934841725078,5,RAIN,SECONDARY_13_24
2001,Persist,909.8602322801889,5,RAIN,SECONDARY_13_24
2001,Ridge,3573.676407260156,5,RAIN,SECONDARY_13_24
2001,RF,653.4021196339036,5,RAIN,SECONDARY_13_24
2001,HGB,1805.9297441982362,5,RAIN,SECONDARY_13_24
2002,GlobalClim,2201.7544650841455,5,RAIN,SECONDARY_13_24
2002,DeptClim,1542.50529441074,5,RAIN,SECONDARY_13_24
2002,Persist,867.4276745495991,5,RAIN,SECONDARY_13_24
2002,Ridge,3110.1597256266136,5,RAIN,SECONDARY_13_24
2002,RF,1071.120218044778,5,RAIN,SECONDARY_13_24
2002,HGB,1681.6258887991926,5,RAIN,SECONDARY_13_24
2003,GlobalClim,14659.44045805116,5,RAIN,SECONDARY_13_24
2003,DeptClim,4247.186142598417,5,RAIN,SECONDARY_13_24
2003,Persist,16558.559664339253,5,RAIN,SECONDARY_13_24
2003,Ridge,20782.877493016782,5,RAIN,SECONDARY_13_24
2003,RF,7608.728636010939,5,RAIN,SECONDARY_13_24
2003,HGB,11951.68546144719,5,RAIN,SECONDARY_13_24
2004,GlobalClim,9689.792022118245,5,RAIN,SECONDARY_13_24
2004,DeptClim,3268.7253539240146,5,RAIN,SECONDARY_13_24
2004,Persist,2649.116526455397,5,RAIN,SECONDARY_13_24
2004,Ridge,13844.582434591219,5,RAIN,SECONDARY_13_24
2004,RF,5037.761973695662,5,RAIN,SECONDARY_13_24
2004,HGB,7873.442211273844,5,RAIN,SECONDARY_13_24
2005,GlobalClim,4894.22450150277,5,RAIN,SECONDARY_13_24
2005,DeptClim,2353.93138729162,5,RAIN,SECONDARY_13_24
2005,Persist,2416.50045071968,5,RAIN,SECONDARY_13_24
2005,Ridge,6387.51066008474,5,RAIN,SECONDARY_13_24
2005,RF,1714.046512883627,5,RAIN,SECONDARY_13_24
2005,HGB,3759.61978533154,5,RAIN,SECONDARY_13_24
2006,GlobalClim,3205.57883859948,5,RAIN,SECONDARY_13_24
2006,DeptClim,4813.026099258409,5,RAIN,SECONDARY_13_24
2006,Persist,3272.7051219345867,5,RAIN,SECONDARY_13_24
2006,Ridge,3054.008932394643,5,RAIN,SECONDARY_13_24
2006,RF,3296.15906261124,5,RAIN,SECONDARY_13_24
2006,HGB,2809.7408293007734,5,RAIN,SECONDARY_13_24
2007,GlobalClim,4238.5192548568475,5,RAIN,SECONDARY_13_24
2007,DeptClim,6640.329876599457,5,RAIN,SECONDARY_13_24
2007,Persist,3623.91283622775,5,RAIN,SECONDARY_13_24
2007,Ridge,2456.579488300219,5,RAIN,SECONDARY_13_24
2007,RF,2566.5378086121423,5,RAIN,SECONDARY_13_24
2007,HGB,3412.9052235180916,5,RAIN,SECONDARY_13_24
2008,GlobalClim,4940.501668897485,5,RAIN,SECONDARY_13_24
2008,DeptClim,7428.840744308354,5,RAIN,SECONDARY_13_24
2008,Persist,4671.165996158498,5,RAIN,SECONDARY_13_24
2008,Ridge,3889.1654207994125,5,RAIN,SECONDARY_13_24
2008,RF,3442.8663513451397,5,RAIN,SECONDARY_13_24
2008,HGB,3804.7969905366526,5,RAIN,SECONDARY_13_24
2009,GlobalClim,4613.635360205764,5,RAIN,SECONDARY_13_24
2009,DeptClim,7145.159256175651,5,RAIN,SECONDARY_13_24
2009,Persist,3068.9219993497522,5,RAIN,SECONDARY_13_24
2009,Ridge,2089.019398290355,5,RAIN,SECONDARY_13_24
2009,RF,1542.4167765405393,5,RAIN,SECONDARY_13_24
2009,HGB,2395.7370139043023,5,RAIN,SECONDARY_13_24
2010,GlobalClim,4195.5752700473495,5,RAIN,SECONDARY_13_24
2010,DeptClim,6868.090741502316,5,RAIN,SECONDARY_13_24
2010,Persist,3455.273008281527,5,RAIN,SECONDARY_13_24
2010,Ridge,1269.614913829276,5,RAIN,SECONDARY_13_24
2010,RF,807.8118029935683,5,RAIN,SECONDARY_13_24
2010,HGB,2753.232551412995,5,RAIN,SECONDARY_13_24
2011,GlobalClim,3610.572574086584,5,RAIN,SECONDARY_13_24
2011,DeptClim,6214.989690604104,5,RAIN,SECONDARY_13_24
2011,Persist,3390.8259481879795,5,RAIN,SECONDARY_13_24
2011,Ridge,923.15001152704,5,RAIN,SECONDARY_13_24
2011,RF,595.4966424494488,5,RAIN,SECONDARY_13_24
2011,HGB,1757.1771941802783,5,RAIN,SECONDARY_13_24
2012,GlobalClim,3855.4499613458383,5,RAIN,SECONDARY_13_24
2012,DeptClim,6590.017052900826,5,RAIN,SECONDARY_13_24
2012,Persist,3702.3194853033147,5,RAIN,SECONDARY_13_24
2012,Ridge,1587.0159247070967,5,RAIN,SECONDARY_13_24
2012,RF,1010.3595555794524,5,RAIN,SECONDARY_13_24
2012,HGB,1827.0224370654062,5,RAIN,SECONDARY_13_24
2013,GlobalClim,3845.4044737097147,5,RAIN,SECONDARY_13_24
2013,DeptClim,3586.335783010208,5,RAIN,SECONDARY_13_24
2013,Persist,3530.8545383095525,5,RAIN,SECONDARY_13_24
2013,Ridge,4709.898231951461,5,RAIN,SECONDARY_13_24
2013,RF,4233.3752063640695,5,RAIN,SECONDARY_13_24
2013,HGB,3729.144208445525,5,RAIN,SECONDARY_13_24
2014,GlobalClim,4492.178503521119,5,RAIN,SECONDARY_13_24
2014,DeptClim,7143.89840122903,5,RAIN,SECONDARY_13_24
2014,Persist,4136.168675361055,5,RAIN,SECONDARY_13_24
2014,Ridge,1796.5621958920824,5,RAIN,SECONDARY_13_24
2014,RF,3297.6356228494983,5,RAIN,SECONDARY_13_24
2014,HGB,2814.393061254394,5,RAIN,SECONDARY_13_24
2015,GlobalClim,5388.20866506317,5,RAIN,SECONDARY_13_24
2015,DeptClim,8097.640971416716,5,RAIN,SECONDARY_13_24
2015,Persist,5120.664291723478,5,RAIN,SECONDARY_13_24
2015,Ridge,2287.4532105084004,5,RAIN,SECONDARY_13_24
2015,RF,1642.5905492237255,5,RAIN,SECONDARY_13_24
2015,HGB,3817.3475958358754,5,RAIN,SECONDARY_13_24
2016,GlobalClim,5782.633121757165,5,RAIN,SECONDARY_13_24
2016,DeptClim,8704.638576866177,5,RAIN,SECONDARY_13_24
2016,Persist,5117.6123183470045,5,RAIN,SECONDARY_13_24
2016,Ridge,3046.897401312089,5,RAIN,SECONDARY_13_24
2016,RF,2659.3606324826837,5,RAIN,SECONDARY_13_24
2016,HGB,4656.9422837742,5,RAIN,SECONDARY_13_24
2017,GlobalClim,5461.703629319201,5,RAIN,SECONDARY_13_24
2017,DeptClim,8470.902054927637,5,RAIN,SECONDARY_13_24
2017,Persist,5089.291824929134,5,RAIN,SECONDARY_13_24
2017,Ridge,2922.477725207811,5,RAIN,SECONDARY_13_24
2017,RF,2963.0635034162715,5,RAIN,SECONDARY_13_24
2017,HGB,4630.9507752116615,5,RAIN,SECONDARY_13_24
2018,GlobalClim,5331.6646858960885,5,RAIN,SECONDARY_13_24
2018,DeptClim,7904.894938202275,5,RAIN,SECONDARY_13_24
2018,Persist,5456.244648851534,5,RAIN,SECONDARY_13_24
2018,Ridge,4394.828486905679,5,RAIN,SECONDARY_13_24
2018,RF,3859.847246593024,5,RAIN,SECONDARY_13_24
2018,HGB,5246.808164389984,5,RAIN,SECONDARY_13_24
2019,GlobalClim,4864.784104494749,5,RAIN,SECONDARY_13_24
2019,DeptClim,7623.525888693069,5,RAIN,SECONDARY_13_24
2019,Persist,7472.363412265596,5,RAIN,SECONDARY_13_24
2019,Ridge,45855.320537179934,5,RAIN,SECONDARY_13_24
2019,RF,17624.87971497147,5,RAIN,SECONDARY_13_24
2019,HGB,13644.420563718151,5,RAIN,SECONDARY_13_24
2020,GlobalClim,43044.46002240834,5,RAIN,SECONDARY_13_24
2020,DeptClim,42075.73301735916,5,RAIN,SECONDARY_13_24
2020,Persist,23044.901751738624,5,RAIN,SECONDARY_13_24
2020,Ridge,42816.01538862056,5,RAIN,SECONDARY_13_24
2020,RF,42805.971299789366,5,RAIN,SECONDARY_13_24
2020,HGB,42948.04775487188,5,RAIN,SECONDARY_13_24
2021,GlobalClim,5849.701066331531,5,RAIN,SECONDARY_13_24
2021,DeptClim,8062.891901691181,5,RAIN,SECONDARY_13_24
2021,Persist,5749.470522699459,5,RAIN,SECONDARY_13_24
2021,Ridge,2867.1180412593308,5,RAIN,SECONDARY_13_24
2021,RF,2278.4366544765785,5,RAIN,SECONDARY_13_24
2021,HGB,7507.106673289115,5,RAIN,SECONDARY_13_24
2022,GlobalClim,6141.251374705055,5,RAIN,SECONDARY_13_24
2022,DeptClim,8656.819319540522,5,RAIN,SECONDARY_13_24
2022,Persist,7743.931297879008,5,RAIN,SECONDARY_13_24
2022,Ridge,3372.6247089694434,5,RAIN,SECONDARY_13_24
2022,RF,1255.8431232825847,5,RAIN,SECONDARY_13_24
2022,HGB,5234.928730623426,5,RAIN,SECONDARY_13_24
2023,GlobalClim,7088.587796588185,5,RAIN,SECONDARY_13_24
2023,DeptClim,9498.69832264573,5,RAIN,SECONDARY_13_24
2023,Persist,7953.209137133123,5,RAIN,SECONDARY_13_24
2023,Ridge,4366.652533347065,5,RAIN,SECONDARY_13_24
2023,RF,3931.2483659080713,5,RAIN,SECONDARY_13_24
2023,HGB,6034.121835449099,5,RAIN,SECONDARY_13_24
2024,GlobalClim,7759.180258343421,5,RAIN,SECONDARY_13_24
2024,DeptClim,10525.171669062893,5,RAIN,SECONDARY_13_24
2024,Persist,8090.678734283491,5,RAIN,SECONDARY_13_24
2024,Ridge,4475.324574865952,5,RAIN,SECONDARY_13_24
2024,RF,2877.2253455590408,5,RAIN,SECONDARY_13_24
2024,HGB,6382.06088498839,5,RAIN,SECONDARY_13_24
2001,GlobalClim,2808.698347551019,6,RAIN,SECONDARY_13_24
2001,DeptClim,1734.1044957692382,6,RAIN,SECONDARY_13_24
2001,Persist,909.6582986224239,6,RAIN,SECONDARY_13_24
2001,Ridge,2304.5095372236515,6,RAIN,SECONDARY_13_24
2001,RF,732.5681556586042,6,RAIN,SECONDARY_13_24
2001,HGB,1903.506056255152,6,RAIN,SECONDARY_13_24
2002,GlobalClim,2072.079382793149,6,RAIN,SECONDARY_13_24
2002,DeptClim,1340.4547425415494,6,RAIN,SECONDARY_13_24
2002,Persist,1248.0035429328334,6,RAIN,SECONDARY_13_24
2002,Ridge,1677.1898947491086,6,RAIN,SECONDARY_13_24
2002,RF,1246.0983155901197,6,RAIN,SECONDARY_13_24
2002,HGB,1430.840932438121,6,RAIN,SECONDARY_13_24
2003,GlobalClim,16257.118972162756,6,RAIN,SECONDARY_13_24
2003,DeptClim,3424.592833786634,6,RAIN,SECONDARY_13_24
2003,Persist,977.6744427763722,6,RAIN,SECONDARY_13_24
2003,Ridge,19966.47816861659,6,RAIN,SECONDARY_13_24
2003,RF,14522.270197102853,6,RAIN,SECONDARY_13_24
2003,HGB,11170.74006387119,6,RAIN,SECONDARY_13_24
2004,GlobalClim,10422.943096849547,6,RAIN,SECONDARY_13_24
2004,DeptClim,2091.5067914483316,6,RAIN,SECONDARY_13_24
2004,Persist,1980.9204463813292,6,RAIN,SECONDARY_13_24
2004,Ridge,12879.158854250885,6,RAIN,SECONDARY_13_24
2004,RF,7582.311883859534,6,RAIN,SECONDARY_13_24
2004,HGB,6052.615883957651,6,RAIN,SECONDARY_13_24
2005,GlobalClim,5078.526880020394,6,RAIN,SECONDARY_13_24
2005,DeptClim,1771.8759085770382,6,RAIN,SECONDARY_13_24
2005,Persist,1742.1395920027626,6,RAIN,SECONDARY_13_24
2005,Ridge,5784.856107047352,6,RAIN,SECONDARY_13_24
2005,RF,2190.4535035108033,6,RAIN,SECONDARY_13_24
2005,HGB,6033.6419319384095,6,RAIN,SECONDARY_13_24
2006,GlobalClim,2962.7759361863787,6,RAIN,SECONDARY_13_24
2006,DeptClim,5205.070387335513,6,RAIN,SECONDARY_13_24
2006,Persist,2735.27219957925,6,RAIN,SECONDARY_13_24
2006,Ridge,2520.43889525926,6,RAIN,SECONDARY_13_24
2006,RF,3007.170917656728,6,RAIN,SECONDARY_13_24
2006,HGB,2680.3527957342017,6,RAIN,SECONDARY_13_24
2007,GlobalClim,4178.18386530759,6,RAIN,SECONDARY_13_24
2007,DeptClim,7111.326060976929,6,RAIN,SECONDARY_13_24
2007,Persist,3002.9502231952706,6,RAIN,SECONDARY_13_24
2007,Ridge,2750.5142461805913,6,RAIN,SECONDARY_13_24
2007,RF,2066.2236773525906,6,RAIN,SECONDARY_13_24
2007,HGB,4032.0150105580883,6,RAIN,SECONDARY_13_24
2008,GlobalClim,3719.9057598249124,6,RAIN,SECONDARY_13_24
2008,DeptClim,6791.739609212595,6,RAIN,SECONDARY_13_24
2008,Persist,4264.438096453167,6,RAIN,SECONDARY_13_24
2008,Ridge,2157.757733974497,6,RAIN,SECONDARY_13_24
2008,RF,6360.53270417506,6,RAIN,SECONDARY_13_24
2008,HGB,6248.54725702139,6,RAIN,SECONDARY_13_24
2009,GlobalClim,4593.317281246624,6,RAIN,SECONDARY_13_24
2009,DeptClim,7932.583886480747,6,RAIN,SECONDARY_13_24
2009,Persist,3220.639660466637,6,RAIN,SECONDARY_13_24
2009,Ridge,2855.3829177537737,6,RAIN,SECONDARY_13_24
2009,RF,1102.004180848184,6,RAIN,SECONDARY_13_24
2009,HGB,2642.9047961346228,6,RAIN,SECONDARY_13_24
2010,GlobalClim,4041.8942626409294,6,RAIN,SECONDARY_13_24
2010,DeptClim,7315.760932548097,6,RAIN,SECONDARY_13_24
2010,Persist,3115.5547262735063,6,RAIN,SECONDARY_13_24
2010,Ridge,1974.5627354305702,6,RAIN,SECONDARY_13_24
2010,RF,917.7676702974248,6,RAIN,SECONDARY_13_24
2010,HGB,2212.0779742623185,6,RAIN,SECONDARY_13_24
2011,GlobalClim,3851.6546392346518,6,RAIN,SECONDARY_13_24
2011,DeptClim,6955.64379627399,6,RAIN,SECONDARY_13_24
2011,Persist,3714.7128729845285,6,RAIN,SECONDARY_13_24
2011,Ridge,1619.441200126471,6,RAIN,SECONDARY_13_24
2011,RF,761.6149325111659,6,RAIN,SECONDARY_13_24
2011,HGB,1519.79289643884,6,RAIN,SECONDARY_13_24
2012,GlobalClim,4086.2244898583317,6,RAIN,SECONDARY_13_24
2012,DeptClim,7339.389479257888,6,RAIN,SECONDARY_13_24
2012,Persist,4086.4100776853898,6,RAIN,SECONDARY_13_24
2012,Ridge,2256.3532889882194,6,RAIN,SECONDARY_13_24
2012,RF,3608.5490711884577,6,RAIN,SECONDARY_13_24
2012,HGB,3220.900466029685,6,RAIN,SECONDARY_13_24
2013,GlobalClim,4269.962909652844,6,RAIN,SECONDARY_13_24
2013,DeptClim,7452.632229202839,6,RAIN,SECONDARY_13_24
2013,Persist,8897.020852888314,6,RAIN,SECONDARY_13_24
2013,Ridge,2141.477469704231,6,RAIN,SECONDARY_13_24
2013,RF,1103.5262817135845,6,RAIN,SECONDARY_13_24
2013,HGB,2038.8967095513883,6,RAIN,SECONDARY_13_24
2014,GlobalClim,4730.071579089154,6,RAIN,SECONDARY_13_24
2014,DeptClim,7907.609423607126,6,RAIN,SECONDARY_13_24
2014,Persist,4627.240633618387,6,RAIN,SECONDARY_13_24
2014,Ridge,2522.0872291227724,6,RAIN,SECONDARY_13_24
2014,RF,1821.3434423558258,6,RAIN,SECONDARY_13_24
2014,HGB,2438.6176327513494,6,RAIN,SECONDARY_13_24
2015,GlobalClim,5157.172277829852,6,RAIN,SECONDARY_13_24
2015,DeptClim,8331.597857110875,6,RAIN,SECONDARY_13_24
2015,Persist,4431.903936273423,6,RAIN,SECONDARY_13_24
2015,Ridge,2978.5571610874395,6,RAIN,SECONDARY_13_24
2015,RF,3289.936701499415,6,RAIN,SECONDARY_13_24
2015,HGB,4367.304273174312,6,RAIN,SECONDARY_13_24
2016,GlobalClim,5881.423087535901,6,RAIN,SECONDARY_13_24
2016,DeptClim,9155.024116564682,6,RAIN,SECONDARY_13_24
2016,Persist,4871.807098427971,6,RAIN,SECONDARY_13_24
2016,Ridge,4041.5062999629445,6,RAIN,SECONDARY_13_24
2016,RF,3377.2230673483964,6,RAIN,SECONDARY_13_24
2016,HGB,4375.557241566826,6,RAIN,SECONDARY_13_24
2017,GlobalClim,6344.327186284809,6,RAIN,SECONDARY_13_24
2017,DeptClim,9794.519141833,6,RAIN,SECONDARY_13_24
2017,Persist,6049.914017586926,6,RAIN,SECONDARY_13_24
2017,Ridge,4790.725322591686,6,RAIN,SECONDARY_13_24
2017,RF,4204.32098311036,6,RAIN,SECONDARY_13_24
2017,HGB,5166.488104701003,6,RAIN,SECONDARY_13_24
2018,GlobalClim,6724.926981377211,6,RAIN,SECONDARY_13_24
2018,DeptClim,9838.610991487672,6,RAIN,SECONDARY_13_24
2018,Persist,6956.347682448892,6,RAIN,SECONDARY_13_24
2018,Ridge,5764.495589466771,6,RAIN,SECONDARY_13_24
2018,RF,4675.581556250889,6,RAIN,SECONDARY_13_24
2018,HGB,6708.106363283541,6,RAIN,SECONDARY_13_24
2019,GlobalClim,18180.284343544103,6,RAIN,SECONDARY_13_24
2019,DeptClim,15770.045596915905,6,RAIN,SECONDARY_13_24
2019,Persist,18329.79661274265,6,RAIN,SECONDARY_13_24
2019,Ridge,3501.6131910131453,6,RAIN,SECONDARY_13_24
2019,RF,17114.631541734798,6,RAIN,SECONDARY_13_24
2019,HGB,12332.323064100658,6,RAIN,SECONDARY_13_24
2020,GlobalClim,35123.81959685841,6,RAIN,SECONDARY_13_24
2020,DeptClim,33261.432485721096,6,RAIN,SECONDARY_13_24
2020,Persist,9383.932475781472,6,RAIN,SECONDARY_13_24
2020,Ridge,36410.07496078524,6,RAIN,SECONDARY_13_24
2020,RF,37487.427953559134,6,RAIN,SECONDARY_13_24
2020,HGB,36046.970144367275,6,RAIN,SECONDARY_13_24
2021,GlobalClim,7166.272998937904,6,RAIN,SECONDARY_13_24
2021,DeptClim,10555.998622918887,6,RAIN,SECONDARY_13_24
2021,Persist,9609.333953528007,6,RAIN,SECONDARY_13_24
2021,Ridge,5871.890063098727,6,RAIN,SECONDARY_13_24
2021,RF,7855.602079821739,6,RAIN,SECONDARY_13_24
2021,HGB,7390.970187254666,6,RAIN,SECONDARY_13_24
2022,GlobalClim,7092.991363373616,6,RAIN,SECONDARY_13_24
2022,DeptClim,10376.00253187424,6,RAIN,SECONDARY_13_24
2022,Persist,7748.943746023152,6,RAIN,SECONDARY_13_24
2022,Ridge,5635.262748931314,6,RAIN,SECONDARY_13_24
2022,RF,2327.10776081148,6,RAIN,SECONDARY_13_24
2022,HGB,6225.2209046899725,6,RAIN,SECONDARY_13_24
2023,GlobalClim,8768.4806132029,6,RAIN,SECONDARY_13_24
2023,DeptClim,11858.17661849464,6,RAIN,SECONDARY_13_24
2023,Persist,9275.605817200896,6,RAIN,SECONDARY_13_24
2023,Ridge,7030.111988924258,6,RAIN,SECONDARY_13_24
2023,RF,6124.336821861019,6,RAIN,SECONDARY_13_24
2023,HGB,8102.826329800414,6,RAIN,SECONDARY_13_24
2024,GlobalClim,9416.245012860589,6,RAIN,SECONDARY_13_24
2024,DeptClim,12555.938012061504,6,RAIN,SECONDARY_13_24
2024,Persist,9136.767274517271,6,RAIN,SECONDARY_13_24
2024,Ridge,7313.563517246093,6,RAIN,SECONDARY_13_24
2024,RF,6386.74925325256,6,RAIN,SECONDARY_13_24
2024,HGB,8004.977879975627,6,RAIN,SECONDARY_13_24
2001,GlobalClim,3011.9494014826514,7,RAIN,SECONDARY_13_24
2001,DeptClim,1661.0631696960875,7,RAIN,SECONDARY_13_24
2001,Persist,960.4206105372541,7,RAIN,SECONDARY_13_24
2001,Ridge,2207.746289970208,7,RAIN,SECONDARY_13_24
2001,RF,646.3357788653045,7,RAIN,SECONDARY_13_24
2001,HGB,717.3140628911553,7,RAIN,SECONDARY_13_24
2002,GlobalClim,2147.9611188442714,7,RAIN,SECONDARY_13_24
2002,DeptClim,1255.929620672832,7,RAIN,SECONDARY_13_24
2002,Persist,1999.7906633484754,7,RAIN,SECONDARY_13_24
2002,Ridge,1881.3971792092489,7,RAIN,SECONDARY_13_24
2002,RF,2013.2914652988727,7,RAIN,SECONDARY_13_24
2002,HGB,1929.091942505346,7,RAIN,SECONDARY_13_24
2003,GlobalClim,22189.36672081084,7,RAIN,SECONDARY_13_24
2003,DeptClim,4385.832738136301,7,RAIN,SECONDARY_13_24
2003,Persist,5402.4515964348675,7,RAIN,SECONDARY_13_24
2003,Ridge,30948.506282823277,7,RAIN,SECONDARY_13_24
2003,RF,30309.337097937703,7,RAIN,SECONDARY_13_24
2003,HGB,28664.782656393585,7,RAIN,SECONDARY_13_24
2004,GlobalClim,15818.185799375586,7,RAIN,SECONDARY_13_24
2004,DeptClim,2105.0596250824988,7,RAIN,SECONDARY_13_24
2004,Persist,2087.885519127213,7,RAIN,SECONDARY_13_24
2004,Ridge,22831.284576956652,7,RAIN,SECONDARY_13_24
2004,RF,21053.304078727328,7,RAIN,SECONDARY_13_24
2004,HGB,21072.436615587296,7,RAIN,SECONDARY_13_24
2005,GlobalClim,3425.989050249387,7,RAIN,SECONDARY_13_24
2005,DeptClim,8005.78811513099,7,RAIN,SECONDARY_13_24
2005,Persist,7913.189887714143,7,RAIN,SECONDARY_13_24
2005,Ridge,3160.289885649897,7,RAIN,SECONDARY_13_24
2005,RF,3290.3860099687463,7,RAIN,SECONDARY_13_24
2005,HGB,2029.1499647319317,7,RAIN,SECONDARY_13_24
2006,GlobalClim,2660.313292481141,7,RAIN,SECONDARY_13_24
2006,DeptClim,6074.229901241671,7,RAIN,SECONDARY_13_24
2006,Persist,2095.1588401499334,7,RAIN,SECONDARY_13_24
2006,Ridge,3279.0405365262154,7,RAIN,SECONDARY_13_24
2006,RF,4559.258894550121,7,RAIN,SECONDARY_13_24
2006,HGB,2083.5643178673786,7,RAIN,SECONDARY_13_24
2007,GlobalClim,3314.7823506529617,7,RAIN,SECONDARY_13_24
2007,DeptClim,7188.880914747685,7,RAIN,SECONDARY_13_24
2007,Persist,1752.1508955398663,7,RAIN,SECONDARY_13_24
2007,Ridge,2238.893583997576,7,RAIN,SECONDARY_13_24
2007,RF,2067.418670040276,7,RAIN,SECONDARY_13_24
2007,HGB,2014.9705603242999,7,RAIN,SECONDARY_13_24
2008,GlobalClim,3633.5503098918985,7,RAIN,SECONDARY_13_24
2008,DeptClim,7878.150541785349,7,RAIN,SECONDARY_13_24
2008,Persist,2797.8949829480507,7,RAIN,SECONDARY_13_24
2008,Ridge,2023.8822436124801,7,RAIN,SECONDARY_13_24
2008,RF,1174.4029286962013,7,RAIN,SECONDARY_13_24
2008,HGB,1722.084632682247,7,RAIN,SECONDARY_13_24
2009,GlobalClim,4809.608184169041,7,RAIN,SECONDARY_13_24
2009,DeptClim,8967.664080791836,7,RAIN,SECONDARY_13_24
2009,Persist,3391.635867667076,7,RAIN,SECONDARY_13_24
2009,Ridge,2188.5594999467526,7,RAIN,SECONDARY_13_24
2009,RF,1017.8013178618341,7,RAIN,SECONDARY_13_24
2009,HGB,2472.4797555388045,7,RAIN,SECONDARY_13_24
2010,GlobalClim,4085.4137541285754,7,RAIN,SECONDARY_13_24
2010,DeptClim,8486.901628567413,7,RAIN,SECONDARY_13_24
2010,Persist,3229.1346210393854,7,RAIN,SECONDARY_13_24
2010,Ridge,1397.7569402991876,7,RAIN,SECONDARY_13_24
2010,RF,1862.5309331764254,7,RAIN,SECONDARY_13_24
2010,HGB,1724.8601717867045,7,RAIN,SECONDARY_13_24
2011,GlobalClim,4460.466446670122,7,RAIN,SECONDARY_13_24
2011,DeptClim,8796.392971214504,7,RAIN,SECONDARY_13_24
2011,Persist,4274.393981222341,7,RAIN,SECONDARY_13_24
2011,Ridge,1276.157769043823,7,RAIN,SECONDARY_13_24
2011,RF,1274.7344101721096,7,RAIN,SECONDARY_13_24
2011,HGB,1813.7680405984268,7,RAIN,SECONDARY_13_24
2012,GlobalClim,4887.019496723474,7,RAIN,SECONDARY_13_24
2012,DeptClim,9340.413966899714,7,RAIN,SECONDARY_13_24
2012,Persist,4931.408897689137,7,RAIN,SECONDARY_13_24
2012,Ridge,1966.3116529495053,7,RAIN,SECONDARY_13_24
2012,RF,1440.1104858204992,7,RAIN,SECONDARY_13_24
2012,HGB,3120.997241933681,7,RAIN,SECONDARY_13_24
2013,GlobalClim,5286.210903614228,7,RAIN,SECONDARY_13_24
2013,DeptClim,9599.086669378572,7,RAIN,SECONDARY_13_24
2013,Persist,5308.477237048202,7,RAIN,SECONDARY_13_24
2013,Ridge,2141.3796591607793,7,RAIN,SECONDARY_13_24
2013,RF,1722.319681486615,7,RAIN,SECONDARY_13_24
2013,HGB,2854.411949739121,7,RAIN,SECONDARY_13_24
2014,GlobalClim,5964.653963462731,7,RAIN,SECONDARY_13_24
2014,DeptClim,10261.825059727576,7,RAIN,SECONDARY_13_24
2014,Persist,5905.42153063382,7,RAIN,SECONDARY_13_24
2014,Ridge,2633.400341921703,7,RAIN,SECONDARY_13_24
2014,RF,1453.5980240621445,7,RAIN,SECONDARY_13_24
2014,HGB,3786.3958701323795,7,RAIN,SECONDARY_13_24
2015,GlobalClim,6396.61420098237,7,RAIN,SECONDARY_13_24
2015,DeptClim,10682.08964254532,7,RAIN,SECONDARY_13_24
2015,Persist,6461.958239934947,7,RAIN,SECONDARY_13_24
2015,Ridge,3286.3589787751625,7,RAIN,SECONDARY_13_24
2015,RF,2001.2568520821285,7,RAIN,SECONDARY_13_24
2015,HGB,4254.972777609699,7,RAIN,SECONDARY_13_24
2016,GlobalClim,7427.385740378966,7,RAIN,SECONDARY_13_24
2016,DeptClim,11926.27827414509,7,RAIN,SECONDARY_13_24
2016,Persist,7099.331959573051,7,RAIN,SECONDARY_13_24
2016,Ridge,4745.513385914461,7,RAIN,SECONDARY_13_24
2016,RF,4251.742958892794,7,RAIN,SECONDARY_13_24
2016,HGB,6028.017227954201,7,RAIN,SECONDARY_13_24
2017,GlobalClim,8344.121602020998,7,RAIN,SECONDARY_13_24
2017,DeptClim,12816.680998877357,7,RAIN,SECONDARY_13_24
2017,Persist,8398.781968561556,7,RAIN,SECONDARY_13_24
2017,Ridge,5864.37913418704,7,RAIN,SECONDARY_13_24
2017,RF,3989.225429148934,7,RAIN,SECONDARY_13_24
2017,HGB,16422.2781063998,7,RAIN,SECONDARY_13_24
2018,GlobalClim,9289.317608477804,7,RAIN,SECONDARY_13_24
2018,DeptClim,13614.408361258076,7,RAIN,SECONDARY_13_24
2018,Persist,8566.34831470337,7,RAIN,SECONDARY_13_24
2018,Ridge,7463.073065246281,7,RAIN,SECONDARY_13_24
2018,RF,5687.087614475344,7,RAIN,SECONDARY_13_24
2018,HGB,8081.440928621199,7,RAIN,SECONDARY_13_24
2019,GlobalClim,43537.87091156078,7,RAIN,SECONDARY_13_24
2019,DeptClim,41006.11557681739,7,RAIN,SECONDARY_13_24
2019,Persist,21943.995688943432,7,RAIN,SECONDARY_13_24
2019,Ridge,23573.554514631353,7,RAIN,SECONDARY_13_24
2019,RF,46088.706305415544,7,RAIN,SECONDARY_13_24
2019,HGB,44403.691782628215,7,RAIN,SECONDARY_13_24
2020,GlobalClim,38120.24340953368,7,RAIN,SECONDARY_13_24
2020,DeptClim,35264.659126437575,7,RAIN,SECONDARY_13_24
2020,Persist,3442.1584361046457,7,RAIN,SECONDARY_13_24
2020,Ridge,40778.66574976962,7,RAIN,SECONDARY_13_24
2020,RF,43740.18035986429,7,RAIN,SECONDARY_13_24
2020,HGB,39652.74932932202,7,RAIN,SECONDARY_13_24
2021,GlobalClim,10238.437280949276,7,RAIN,SECONDARY_13_24
2021,DeptClim,14800.052794908483,7,RAIN,SECONDARY_13_24
2021,Persist,10246.586671428315,7,RAIN,SECONDARY_13_24
2021,Ridge,8131.395767179057,7,RAIN,SECONDARY_13_24
2021,RF,9300.479631686494,7,RAIN,SECONDARY_13_24
2021,HGB,8682.31684601637,7,RAIN,SECONDARY_13_24
2022,GlobalClim,12749.31529250939,7,RAIN,SECONDARY_13_24
2022,DeptClim,17631.943041903614,7,RAIN,SECONDARY_13_24
2022,Persist,15118.04544136281,7,RAIN,SECONDARY_13_24
2022,Ridge,9515.515576251793,7,RAIN,SECONDARY_13_24
2022,RF,13059.919870933136,7,RAIN,SECONDARY_13_24
2022,HGB,11010.627567127513,7,RAIN,SECONDARY_13_24
2023,GlobalClim,12687.75578443308,7,RAIN,SECONDARY_13_24
2023,DeptClim,17122.08911756643,7,RAIN,SECONDARY_13_24
2023,Persist,12261.317748466468,7,RAIN,SECONDARY_13_24
2023,Ridge,9761.853696652195,7,RAIN,SECONDARY_13_24
2023,RF,10254.346853023259,7,RAIN,SECONDARY_13_24
2023,HGB,11303.7067611081,7,RAIN,SECONDARY_13_24
2024,GlobalClim,14193.730672962613,7,RAIN,SECONDARY_13_24
2024,DeptClim,18601.768400858808,7,RAIN,SECONDARY_13_24
2024,Persist,13537.432551413516,7,RAIN,SECONDARY_13_24
2024,Ridge,10776.560950058947,7,RAIN,SECONDARY_13_24
2024,RF,15871.352006108,7,RAIN,SECONDARY_13_24
2024,HGB,12531.09972163605,7,RAIN,SECONDARY_13_24
2001,GlobalClim,3150.4022158874423,8,RAIN,SECONDARY_13_24
2001,DeptClim,1629.6255573295507,8,RAIN,SECONDARY_13_24
2001,Persist,999.0681101799414,8,RAIN,SECONDARY_13_24
2001,Ridge,2577.329582386923,8,RAIN,SECONDARY_13_24
2001,RF,876.4280698722889,8,RAIN,SECONDARY_13_24
2001,HGB,589.8936402172345,8,RAIN,SECONDARY_13_24
2002,GlobalClim,3146.2899451695093,8,RAIN,SECONDARY_13_24
2002,DeptClim,1850.9755954670848,8,RAIN,SECONDARY_13_24
2002,Persist,995.5789102754561,8,RAIN,SECONDARY_13_24
2002,Ridge,1855.628277402669,8,RAIN,SECONDARY_13_24
2002,RF,873.2240273895039,8,RAIN,SECONDARY_13_24
2002,HGB,569.7993419796758,8,RAIN,SECONDARY_13_24
2003,GlobalClim,4866.931827258815,8,RAIN,SECONDARY_13_24
2003,DeptClim,14561.92223299862,8,RAIN,SECONDARY_13_24
2003,Persist,12322.930694513041,8,RAIN,SECONDARY_13_24
2003,Ridge,16046.173210032248,8,RAIN,SECONDARY_13_24
2003,RF,4070.4034190850857,8,RAIN,SECONDARY_13_24
2003,HGB,12431.049647640122,8,RAIN,SECONDARY_13_24
2004,GlobalClim,16625.123700916356,8,RAIN,SECONDARY_13_24
2004,DeptClim,2412.408002721674,8,RAIN,SECONDARY_13_24
2004,Persist,2921.233038108997,8,RAIN,SECONDARY_13_24
2004,Ridge,25057.141592040218,8,RAIN,SECONDARY_13_24
2004,RF,12310.301021661699,8,RAIN,SECONDARY_13_24
2004,HGB,23003.638115587473,8,RAIN,SECONDARY_13_24
2005,GlobalClim,5791.471683145148,8,RAIN,SECONDARY_13_24
2005,DeptClim,2123.5207376990948,8,RAIN,SECONDARY_13_24
2005,Persist,6389.841522619038,8,RAIN,SECONDARY_13_24
2005,Ridge,8637.969174644617,8,RAIN,SECONDARY_13_24
2005,RF,4595.151495975883,8,RAIN,SECONDARY_13_24
2005,HGB,7775.112018247617,8,RAIN,SECONDARY_13_24
2006,GlobalClim,3745.488967662504,8,RAIN,SECONDARY_13_24
2006,DeptClim,7932.1872770898035,8,RAIN,SECONDARY_13_24
2006,Persist,3346.7499916480033,8,RAIN,SECONDARY_13_24
2006,Ridge,3730.910697329164,8,RAIN,SECONDARY_13_24
2006,RF,2702.780157684106,8,RAIN,SECONDARY_13_24
2006,HGB,2486.684673985396,8,RAIN,SECONDARY_13_24
2007,GlobalClim,3481.0978095032665,8,RAIN,SECONDARY_13_24
2007,DeptClim,7260.557783958629,8,RAIN,SECONDARY_13_24
2007,Persist,2450.088307191734,8,RAIN,SECONDARY_13_24
2007,Ridge,3101.4428636275757,8,RAIN,SECONDARY_13_24
2007,RF,3160.330090152995,8,RAIN,SECONDARY_13_24
2007,HGB,2548.645149537888,8,RAIN,SECONDARY_13_24
2008,GlobalClim,3932.673674501538,8,RAIN,SECONDARY_13_24
2008,DeptClim,8246.693463539557,8,RAIN,SECONDARY_13_24
2008,Persist,3193.133139484915,8,RAIN,SECONDARY_13_24
2008,Ridge,2233.6248248554216,8,RAIN,SECONDARY_13_24
2008,RF,1946.5496541134519,8,RAIN,SECONDARY_13_24
2008,HGB,1481.2180489356024,8,RAIN,SECONDARY_13_24
2009,GlobalClim,4733.326007085591,8,RAIN,SECONDARY_13_24
2009,DeptClim,8966.389791588494,8,RAIN,SECONDARY_13_24
2009,Persist,3112.099643637862,8,RAIN,SECONDARY_13_24
2009,Ridge,2295.5371302036287,8,RAIN,SECONDARY_13_24
2009,RF,1777.9051958647065,8,RAIN,SECONDARY_13_24
2009,HGB,1915.5185801422488,8,RAIN,SECONDARY_13_24
2010,GlobalClim,4537.439897048391,8,RAIN,SECONDARY_13_24
2010,DeptClim,8942.909403344156,8,RAIN,SECONDARY_13_24
2010,Persist,4106.034488092767,8,RAIN,SECONDARY_13_24
2010,Ridge,1622.9015616218392,8,RAIN,SECONDARY_13_24
2010,RF,5392.002623466528,8,RAIN,SECONDARY_13_24
2010,HGB,1515.4122942398822,8,RAIN,SECONDARY_13_24
2011,GlobalClim,4675.710824105528,8,RAIN,SECONDARY_13_24
2011,DeptClim,9037.922479958108,8,RAIN,SECONDARY_13_24
2011,Persist,4363.758028158403,8,RAIN,SECONDARY_13_24
2011,Ridge,1086.4789425886104,8,RAIN,SECONDARY_13_24
2011,RF,1696.2572664079232,8,RAIN,SECONDARY_13_24
2011,HGB,1556.1697300917053,8,RAIN,SECONDARY_13_24
2012,GlobalClim,5126.929008420753,8,RAIN,SECONDARY_13_24
2012,DeptClim,9809.164710708297,8,RAIN,SECONDARY_13_24
2012,Persist,5236.727015056413,8,RAIN,SECONDARY_13_24
2012,Ridge,2280.422377403388,8,RAIN,SECONDARY_13_24
2012,RF,2039.6267141355333,8,RAIN,SECONDARY_13_24
2012,HGB,2773.232038728992,8,RAIN,SECONDARY_13_24
2013,GlobalClim,5395.101951686529,8,RAIN,SECONDARY_13_24
2013,DeptClim,9828.242259515242,8,RAIN,SECONDARY_13_24
2013,Persist,5344.554675633662,8,RAIN,SECONDARY_13_24
2013,Ridge,1793.2498321861553,8,RAIN,SECONDARY_13_24
2013,RF,1898.3260579201435,8,RAIN,SECONDARY_13_24
2013,HGB,2651.3661584539545,8,RAIN,SECONDARY_13_24
2014,GlobalClim,6208.5058037269155,8,RAIN,SECONDARY_13_24
2014,DeptClim,10599.00424395683,8,RAIN,SECONDARY_13_24
2014,Persist,6041.564070657564,8,RAIN,SECONDARY_13_24
2014,Ridge,2578.9221685613493,8,RAIN,SECONDARY_13_24
2014,RF,2039.4100512838056,8,RAIN,SECONDARY_13_24
2014,HGB,4215.3685496411745,8,RAIN,SECONDARY_13_24
2015,GlobalClim,6705.596355755782,8,RAIN,SECONDARY_13_24
2015,DeptClim,11055.553386724208,8,RAIN,SECONDARY_13_24
2015,Persist,6597.721824495995,8,RAIN,SECONDARY_13_24
2015,Ridge,3129.736575092616,8,RAIN,SECONDARY_13_24
2015,RF,3125.5353747285076,8,RAIN,SECONDARY_13_24
2015,HGB,4262.685619726516,8,RAIN,SECONDARY_13_24
2016,GlobalClim,8644.509602169834,8,RAIN,SECONDARY_13_24
2016,DeptClim,13388.390481133201,8,RAIN,SECONDARY_13_24
2016,Persist,8392.546805737678,8,RAIN,SECONDARY_13_24
2016,Ridge,5185.192254261748,8,RAIN,SECONDARY_13_24
2016,RF,10576.400650257927,8,RAIN,SECONDARY_13_24
2016,HGB,6287.140841447365,8,RAIN,SECONDARY_13_24
2017,GlobalClim,8400.587767222707,8,RAIN,SECONDARY_13_24
2017,DeptClim,13164.904186060548,8,RAIN,SECONDARY_13_24
2017,Persist,7816.904456807523,8,RAIN,SECONDARY_13_24
2017,Ridge,4823.6126781919,8,RAIN,SECONDARY_13_24
2017,RF,9546.336517865786,8,RAIN,SECONDARY_13_24
2017,HGB,6288.227546795301,8,RAIN,SECONDARY_13_24
2018,GlobalClim,9410.097843657442,8,RAIN,SECONDARY_13_24
2018,DeptClim,13940.512800308543,8,RAIN,SECONDARY_13_24
2018,Persist,9144.812560689757,8,RAIN,SECONDARY_13_24
2018,Ridge,7073.730464394173,8,RAIN,SECONDARY_13_24
2018,RF,13289.546051409856,8,RAIN,SECONDARY_13_24
2018,HGB,14514.060223513165,8,RAIN,SECONDARY_13_24
2019,GlobalClim,54468.84599517915,8,RAIN,SECONDARY_13_24
2019,DeptClim,52355.3348420901,8,RAIN,SECONDARY_13_24
2019,Persist,7513.344196650276,8,RAIN,SECONDARY_13_24
2019,Ridge,36435.31649005887,8,RAIN,SECONDARY_13_24
2019,RF,52981.02509949304,8,RAIN,SECONDARY_13_24
2019,HGB,54872.83278884518,8,RAIN,SECONDARY_13_24
2020,GlobalClim,30315.157774360443,8,RAIN,SECONDARY_13_24
2020,DeptClim,27076.122943445655,8,RAIN,SECONDARY_13_24
2020,Persist,13065.717617749027,8,RAIN,SECONDARY_13_24
2020,Ridge,33461.771433060014,8,RAIN,SECONDARY_13_24
2020,RF,39082.76938238784,8,RAIN,SECONDARY_13_24
2020,HGB,32326.765064000876,8,RAIN,SECONDARY_13_24
2021,GlobalClim,10385.016922022534,8,RAIN,SECONDARY_13_24
2021,DeptClim,15084.21109232335,8,RAIN,SECONDARY_13_24
2021,Persist,10533.184754310014,8,RAIN,SECONDARY_13_24
2021,Ridge,7646.031536290974,8,RAIN,SECONDARY_13_24
2021,RF,10332.004793969396,8,RAIN,SECONDARY_13_24
2021,HGB,8465.477628285778,8,RAIN,SECONDARY_13_24
2022,GlobalClim,12042.454282601646,8,RAIN,SECONDARY_13_24
2022,DeptClim,16731.274064010107,8,RAIN,SECONDARY_13_24
2022,Persist,11426.976163629348,8,RAIN,SECONDARY_13_24
2022,Ridge,9232.981153518731,8,RAIN,SECONDARY_13_24
2022,RF,7020.438955511686,8,RAIN,SECONDARY_13_24
2022,HGB,10156.597944910696,8,RAIN,SECONDARY_13_24
2023,GlobalClim,12865.96221894129,8,RAIN,SECONDARY_13_24
2023,DeptClim,17330.97820522468,8,RAIN,SECONDARY_13_24
2023,Persist,12825.839798814994,8,RAIN,SECONDARY_13_24
2023,Ridge,9628.550934281311,8,RAIN,SECONDARY_13_24
2023,RF,6916.830601996258,8,RAIN,SECONDARY_13_24
2023,HGB,10374.217559309065,8,RAIN,SECONDARY_13_24
2024,GlobalClim,14819.941123411012,8,RAIN,SECONDARY_13_24
2024,DeptClim,19227.31837492933,8,RAIN,SECONDARY_13_24
2024,Persist,13884.859427844614,8,RAIN,SECONDARY_13_24
2024,Ridge,10812.952600844523,8,RAIN,SECONDARY_13_24
2024,RF,10084.290146632693,8,RAIN,SECONDARY_13_24
2024,HGB,12238.2187769063,8,RAIN,SECONDARY_13_24
2001,GlobalClim,3642.175690545364,9,RAIN,SECONDARY_13_24
2001,DeptClim,2059.2959223572843,9,RAIN,SECONDARY_13_24
2001,Persist,1025.14067183779,9,RAIN,SECONDARY_13_24
2001,Ridge,5273.019948913985,9,RAIN,SECONDARY_13_24
2001,RF,911.8449993237779,9,RAIN,SECONDARY_13_24
2001,HGB,1069.760658287854,9,RAIN,SECONDARY_13_24
2002,GlobalClim,6602.014095095286,9,RAIN,SECONDARY_13_24
2002,DeptClim,30543.42561237382,9,RAIN,SECONDARY_13_24
2002,Persist,1028.6964576800408,9,RAIN,SECONDARY_13_24
2002,Ridge,16385.105153205503,9,RAIN,SECONDARY_13_24
2002,RF,16737.041108657304,9,RAIN,SECONDARY_13_24
2002,HGB,8534.26510818939,9,RAIN,SECONDARY_13_24
2003,GlobalClim,19612.15322655556,9,RAIN,SECONDARY_13_24
2003,DeptClim,1179.007631359437,9,RAIN,SECONDARY_13_24
2003,Persist,23205.512910804926,9,RAIN,SECONDARY_13_24
2003,Ridge,32791.61795100016,9,RAIN,SECONDARY_13_24
2003,RF,11089.92761746116,9,RAIN,SECONDARY_13_24
2003,HGB,31559.78009774782,9,RAIN,SECONDARY_13_24
2004,GlobalClim,15144.044791300395,9,RAIN,SECONDARY_13_24
2004,DeptClim,2444.1097688188806,9,RAIN,SECONDARY_13_24
2004,Persist,3850.4891741478336,9,RAIN,SECONDARY_13_24
2004,Ridge,26442.857491402945,9,RAIN,SECONDARY_13_24
2004,RF,8901.442967050798,9,RAIN,SECONDARY_13_24
2004,HGB,25315.99322015653,9,RAIN,SECONDARY_13_24
2005,GlobalClim,5949.558242093166,9,RAIN,SECONDARY_13_24
2005,DeptClim,2998.9244932473903,9,RAIN,SECONDARY_13_24
2005,Persist,2088.6688066849783,9,RAIN,SECONDARY_13_24
2005,Ridge,10318.043947756349,9,RAIN,SECONDARY_13_24
2005,RF,4927.852732679581,9,RAIN,SECONDARY_13_24
2005,HGB,9498.035718671152,9,RAIN,SECONDARY_13_24
2006,GlobalClim,5748.759098907906,9,RAIN,SECONDARY_13_24
2006,DeptClim,11694.83803234322,9,RAIN,SECONDARY_13_24
2006,Persist,3695.260590634004,9,RAIN,SECONDARY_13_24
2006,Ridge,4793.619914459901,9,RAIN,SECONDARY_13_24
2006,RF,3483.999871250759,9,RAIN,SECONDARY_13_24
2006,HGB,3085.6507381697384,9,RAIN,SECONDARY_13_24
2007,GlobalClim,5363.657643012807,9,RAIN,SECONDARY_13_24
2007,DeptClim,11079.373108342696,9,RAIN,SECONDARY_13_24
2007,Persist,4239.494543699233,9,RAIN,SECONDARY_13_24
2007,Ridge,4124.728502523761,9,RAIN,SECONDARY_13_24
2007,RF,2058.897149054968,9,RAIN,SECONDARY_13_24
2007,HGB,3361.0915862088773,9,RAIN,SECONDARY_13_24
2008,GlobalClim,6037.702910384173,9,RAIN,SECONDARY_13_24
2008,DeptClim,11758.859554105898,9,RAIN,SECONDARY_13_24
2008,Persist,4908.7519869748585,9,RAIN,SECONDARY_13_24
2008,Ridge,2897.5619794547515,9,RAIN,SECONDARY_13_24
2008,RF,1357.458529132531,9,RAIN,SECONDARY_13_24
2008,HGB,1649.0433044892532,9,RAIN,SECONDARY_13_24
2009,GlobalClim,6871.59580608992,9,RAIN,SECONDARY_13_24
2009,DeptClim,12780.75107513821,9,RAIN,SECONDARY_13_24
2009,Persist,5170.320477527013,9,RAIN,SECONDARY_13_24
2009,Ridge,2827.1967744773056,9,RAIN,SECONDARY_13_24
2009,RF,2278.171186367286,9,RAIN,SECONDARY_13_24
2009,HGB,2382.7582340203626,9,RAIN,SECONDARY_13_24
2010,GlobalClim,6864.175078014349,9,RAIN,SECONDARY_13_24
2010,DeptClim,12902.461630225005,9,RAIN,SECONDARY_13_24
2010,Persist,6034.295423246073,9,RAIN,SECONDARY_13_24
2010,Ridge,2417.666281933595,9,RAIN,SECONDARY_13_24
2010,RF,3587.2406167732124,9,RAIN,SECONDARY_13_24
2010,HGB,2333.3449001708027,9,RAIN,SECONDARY_13_24
2011,GlobalClim,4610.087718069442,9,RAIN,SECONDARY_13_24
2011,DeptClim,9678.350187435217,9,RAIN,SECONDARY_13_24
2011,Persist,3713.990538857027,9,RAIN,SECONDARY_13_24
2011,Ridge,4108.85629953932,9,RAIN,SECONDARY_13_24
2011,RF,2290.403292309088,9,RAIN,SECONDARY_13_24
2011,HGB,1419.0704121373813,9,RAIN,SECONDARY_13_24
2012,GlobalClim,6882.202126750898,9,RAIN,SECONDARY_13_24
2012,DeptClim,12608.108406454436,9,RAIN,SECONDARY_13_24
2012,Persist,6933.895000820072,9,RAIN,SECONDARY_13_24
2012,Ridge,2872.7784288757884,9,RAIN,SECONDARY_13_24
2012,RF,1674.811089178994,9,RAIN,SECONDARY_13_24
2012,HGB,2332.83462848173,9,RAIN,SECONDARY_13_24
2013,GlobalClim,3892.8385829456333,9,RAIN,SECONDARY_13_24
2013,DeptClim,5999.145648202622,9,RAIN,SECONDARY_13_24
2013,Persist,2242.2718410077696,9,RAIN,SECONDARY_13_24
2013,Ridge,6390.679096505059,9,RAIN,SECONDARY_13_24
2013,RF,5210.5904543399865,9,RAIN,SECONDARY_13_24
2013,HGB,5154.5014935985155,9,RAIN,SECONDARY_13_24
2014,GlobalClim,6045.818817486722,9,RAIN,SECONDARY_13_24
2014,DeptClim,11296.78551080246,9,RAIN,SECONDARY_13_24
2014,Persist,5408.149911763699,9,RAIN,SECONDARY_13_24
2014,Ridge,2972.5825580424125,9,RAIN,SECONDARY_13_24
2014,RF,3273.1644134416374,9,RAIN,SECONDARY_13_24
2014,HGB,2101.7215150877696,9,RAIN,SECONDARY_13_24
2015,GlobalClim,9751.366045517065,9,RAIN,SECONDARY_13_24
2015,DeptClim,15492.286712182937,9,RAIN,SECONDARY_13_24
2015,Persist,9554.218952307789,9,RAIN,SECONDARY_13_24
2015,Ridge,4153.468175173498,9,RAIN,SECONDARY_13_24
2015,RF,1697.7287564518322,9,RAIN,SECONDARY_13_24
2015,HGB,5884.221021997564,9,RAIN,SECONDARY_13_24
2016,GlobalClim,10020.947647117238,9,RAIN,SECONDARY_13_24
2016,DeptClim,16145.998425022502,9,RAIN,SECONDARY_13_24
2016,Persist,9148.454851989743,9,RAIN,SECONDARY_13_24
2016,Ridge,3557.352360404468,9,RAIN,SECONDARY_13_24
2016,RF,2106.719108825557,9,RAIN,SECONDARY_13_24
2016,HGB,5681.2495782529695,9,RAIN,SECONDARY_13_24
2017,GlobalClim,9890.101373733947,9,RAIN,SECONDARY_13_24
2017,DeptClim,15836.301008143271,9,RAIN,SECONDARY_13_24
2017,Persist,9410.381096876925,9,RAIN,SECONDARY_13_24
2017,Ridge,3907.9233760591674,9,RAIN,SECONDARY_13_24
2017,RF,7790.327637954314,9,RAIN,SECONDARY_13_24
2017,HGB,6620.614383398382,9,RAIN,SECONDARY_13_24
2018,GlobalClim,10662.102149981569,9,RAIN,SECONDARY_13_24
2018,DeptClim,16531.634448173056,9,RAIN,SECONDARY_13_24
2018,Persist,9952.237065694473,9,RAIN,SECONDARY_13_24
2018,Ridge,5942.581296415261,9,RAIN,SECONDARY_13_24
2018,RF,7525.861242228472,9,RAIN,SECONDARY_13_24
2018,HGB,7952.624282894897,9,RAIN,SECONDARY_13_24
2019,GlobalClim,78909.58888121662,9,RAIN,SECONDARY_13_24
2019,DeptClim,76287.68468950907,9,RAIN,SECONDARY_13_24
2019,Persist,20982.743979098075,9,RAIN,SECONDARY_13_24
2019,Ridge,32082.52124535211,9,RAIN,SECONDARY_13_24
2019,RF,70932.7772057828,9,RAIN,SECONDARY_13_24
2019,HGB,74066.48287833533,9,RAIN,SECONDARY_13_24
2020,GlobalClim,20114.574720763307,9,RAIN,SECONDARY_13_24
2020,DeptClim,15053.771726268234,9,RAIN,SECONDARY_13_24
2020,Persist,16429.891534767645,9,RAIN,SECONDARY_13_24
2020,Ridge,14346.224741671958,9,RAIN,SECONDARY_13_24
2020,RF,22228.10117788121,9,RAIN,SECONDARY_13_24
2020,HGB,4777.385827330591,9,RAIN,SECONDARY_13_24
2021,GlobalClim,12174.09370522755,9,RAIN,SECONDARY_13_24
2021,DeptClim,17881.21144333251,9,RAIN,SECONDARY_13_24
2021,Persist,11804.282820089395,9,RAIN,SECONDARY_13_24
2021,Ridge,8229.511515122304,9,RAIN,SECONDARY_13_24
2021,RF,6933.335851955645,9,RAIN,SECONDARY_13_24
2021,HGB,9413.858424431002,9,RAIN,SECONDARY_13_24
2022,GlobalClim,13635.61474079708,9,RAIN,SECONDARY_13_24
2022,DeptClim,19525.547874328557,9,RAIN,SECONDARY_13_24
2022,Persist,12909.626112414287,9,RAIN,SECONDARY_13_24
2022,Ridge,8296.734044857398,9,RAIN,SECONDARY_13_24
2022,RF,3386.675884302868,9,RAIN,SECONDARY_13_24
2022,HGB,9637.53505537012,9,RAIN,SECONDARY_13_24
2023,GlobalClim,14893.115254504743,9,RAIN,SECONDARY_13_24
2023,DeptClim,20664.977190094058,9,RAIN,SECONDARY_13_24
2023,Persist,14881.284128422485,9,RAIN,SECONDARY_13_24
2023,Ridge,9758.280640049927,9,RAIN,SECONDARY_13_24
2023,RF,5522.988852133427,9,RAIN,SECONDARY_13_24
2023,HGB,10985.346475357444,9,RAIN,SECONDARY_13_24
2024,GlobalClim,16112.18652750233,9,RAIN,SECONDARY_13_24
2024,DeptClim,21962.433552623224,9,RAIN,SECONDARY_13_24
2024,Persist,18516.19600494218,9,RAIN,SECONDARY_13_24
2024,Ridge,10859.657505392439,9,RAIN,SECONDARY_13_24
2024,RF,8491.813418020382,9,RAIN,SECONDARY_13_24
2024,HGB,12765.08199810943,9,RAIN,SECONDARY_13_24
2001,GlobalClim,3954.103615003358,10,RAIN,SECONDARY_13_24
2001,DeptClim,1945.5972361277898,10,RAIN,SECONDARY_13_24
2001,Persist,1002.7135796809773,10,RAIN,SECONDARY_13_24
2001,Ridge,7068.0914585256805,10,RAIN,SECONDARY_13_24
2001,RF,917.64512502501,10,RAIN,SECONDARY_13_24
2001,HGB,5817.709767231374,10,RAIN,SECONDARY_13_24
2002,GlobalClim,45468.8423135416,10,RAIN,SECONDARY_13_24
2002,DeptClim,74134.17300917309,10,RAIN,SECONDARY_13_24
2002,Persist,42823.422766314376,10,RAIN,SECONDARY_13_24
2002,Ridge,37356.45068165767,10,RAIN,SECONDARY_13_24
2002,RF,17674.546232309098,10,RAIN,SECONDARY_13_24
2002,HGB,43037.77787101014,10,RAIN,SECONDARY_13_24
2003,GlobalClim,29797.82643190113,10,RAIN,SECONDARY_13_24
2003,DeptClim,8770.647549021869,10,RAIN,SECONDARY_13_24
2003,Persist,9234.432009515656,10,RAIN,SECONDARY_13_24
2003,Ridge,31540.0352359401,10,RAIN,SECONDARY_13_24
2003,RF,4137.274651223727,10,RAIN,SECONDARY_13_24
2003,HGB,26949.75645974745,10,RAIN,SECONDARY_13_24
2004,GlobalClim,25951.204516490947,10,RAIN,SECONDARY_13_24
2004,DeptClim,8020.552932956104,10,RAIN,SECONDARY_13_24
2004,Persist,9213.456433320216,10,RAIN,SECONDARY_13_24
2004,Ridge,27095.35232180895,10,RAIN,SECONDARY_13_24
2004,RF,2323.8794964685494,10,RAIN,SECONDARY_13_24
2004,HGB,25195.257894188097,10,RAIN,SECONDARY_13_24
2005,GlobalClim,11007.900678339209,10,RAIN,SECONDARY_13_24
2005,DeptClim,3930.5181030842377,10,RAIN,SECONDARY_13_24
2005,Persist,4513.759672093119,10,RAIN,SECONDARY_13_24
2005,Ridge,11568.814299937712,10,RAIN,SECONDARY_13_24
2005,RF,2832.802839671734,10,RAIN,SECONDARY_13_24
2005,HGB,10133.182412097707,10,RAIN,SECONDARY_13_24
2006,GlobalClim,10699.718078402251,10,RAIN,SECONDARY_13_24
2006,DeptClim,18107.159490962204,10,RAIN,SECONDARY_13_24
2006,Persist,9719.439822798666,10,RAIN,SECONDARY_13_24
2006,Ridge,8540.369187487786,10,RAIN,SECONDARY_13_24
2006,RF,3512.4634223699804,10,RAIN,SECONDARY_13_24
2006,HGB,8957.66066002778,10,RAIN,SECONDARY_13_24
2007,GlobalClim,10658.008478574442,10,RAIN,SECONDARY_13_24
2007,DeptClim,18020.672967623956,10,RAIN,SECONDARY_13_24
2007,Persist,9808.675412272918,10,RAIN,SECONDARY_13_24
2007,Ridge,7927.129304236302,10,RAIN,SECONDARY_13_24
2007,RF,2689.0058826042728,10,RAIN,SECONDARY_13_24
2007,HGB,8837.06383348444,10,RAIN,SECONDARY_13_24
2008,GlobalClim,9971.424798971962,10,RAIN,SECONDARY_13_24
2008,DeptClim,16961.805502554926,10,RAIN,SECONDARY_13_24
2008,Persist,8758.876596544002,10,RAIN,SECONDARY_13_24
2008,Ridge,7840.399947579459,10,RAIN,SECONDARY_13_24
2008,RF,2981.2848883947427,10,RAIN,SECONDARY_13_24
2008,HGB,7252.567887979254,10,RAIN,SECONDARY_13_24
2009,GlobalClim,9863.381255824537,10,RAIN,SECONDARY_13_24
2009,DeptClim,16803.311369356546,10,RAIN,SECONDARY_13_24
2009,Persist,8403.358628423299,10,RAIN,SECONDARY_13_24
2009,Ridge,7018.8524619524,10,RAIN,SECONDARY_13_24
2009,RF,1249.522679492024,10,RAIN,SECONDARY_13_24
2009,HGB,8207.970023822596,10,RAIN,SECONDARY_13_24
2010,GlobalClim,10074.954062677953,10,RAIN,SECONDARY_13_24
2010,DeptClim,17356.404680960717,10,RAIN,SECONDARY_13_24
2010,Persist,8969.1993424201,10,RAIN,SECONDARY_13_24
2010,Ridge,6947.565290262509,10,RAIN,SECONDARY_13_24
2010,RF,2428.7901355505132,10,RAIN,SECONDARY_13_24
2010,HGB,8172.0816508783355,10,RAIN,SECONDARY_13_24
2011,GlobalClim,7303.415540508607,10,RAIN,SECONDARY_13_24
2011,DeptClim,3433.0819180094177,10,RAIN,SECONDARY_13_24
2011,Persist,3734.0408634554155,10,RAIN,SECONDARY_13_24
2011,Ridge,8520.213296247424,10,RAIN,SECONDARY_13_24
2011,RF,2940.4805467351334,10,RAIN,SECONDARY_13_24
2011,HGB,8353.425806359004,10,RAIN,SECONDARY_13_24
2012,GlobalClim,8493.18213476878,10,RAIN,SECONDARY_13_24
2012,DeptClim,15309.82259354442,10,RAIN,SECONDARY_13_24
2012,Persist,8279.927899718256,10,RAIN,SECONDARY_13_24
2012,Ridge,6211.259346818238,10,RAIN,SECONDARY_13_24
2012,RF,4717.344012671031,10,RAIN,SECONDARY_13_24
2012,HGB,10129.935053621874,10,RAIN,SECONDARY_13_24
2013,GlobalClim,12119.487900437955,10,RAIN,SECONDARY_13_24
2013,DeptClim,6080.946158011336,10,RAIN,SECONDARY_13_24
2013,Persist,4383.553419712221,10,RAIN,SECONDARY_13_24
2013,Ridge,13065.521587575753,10,RAIN,SECONDARY_13_24
2013,RF,5879.690327482318,10,RAIN,SECONDARY_13_24
2013,HGB,11530.90754446395,10,RAIN,SECONDARY_13_24
2014,GlobalClim,7843.498425936912,10,RAIN,SECONDARY_13_24
2014,DeptClim,3968.063030362366,10,RAIN,SECONDARY_13_24
2014,Persist,4327.339595263284,10,RAIN,SECONDARY_13_24
2014,Ridge,8791.918489357424,10,RAIN,SECONDARY_13_24
2014,RF,2133.391057103769,10,RAIN,SECONDARY_13_24
2014,HGB,8193.813971695829,10,RAIN,SECONDARY_13_24
2015,GlobalClim,12168.103600164904,10,RAIN,SECONDARY_13_24
2015,DeptClim,6450.587833323355,10,RAIN,SECONDARY_13_24
2015,Persist,12491.01967339847,10,RAIN,SECONDARY_13_24
2015,Ridge,13577.884831202504,10,RAIN,SECONDARY_13_24
2015,RF,9816.205962811497,10,RAIN,SECONDARY_13_24
2015,HGB,12984.331172974866,10,RAIN,SECONDARY_13_24
2016,GlobalClim,8959.965645334714,10,RAIN,SECONDARY_13_24
2016,DeptClim,15767.688829352483,10,RAIN,SECONDARY_13_24
2016,Persist,7981.160383297042,10,RAIN,SECONDARY_13_24
2016,Ridge,5568.4588792143195,10,RAIN,SECONDARY_13_24
2016,RF,2005.8551199327073,10,RAIN,SECONDARY_13_24
2016,HGB,6492.979901675498,10,RAIN,SECONDARY_13_24
2017,GlobalClim,8700.287050787712,10,RAIN,SECONDARY_13_24
2017,DeptClim,15482.834524132928,10,RAIN,SECONDARY_13_24
2017,Persist,8221.692800182567,10,RAIN,SECONDARY_13_24
2017,Ridge,5741.479536418768,10,RAIN,SECONDARY_13_24
2017,RF,2868.8882996542325,10,RAIN,SECONDARY_13_24
2017,HGB,6394.909819584467,10,RAIN,SECONDARY_13_24
2018,GlobalClim,8366.827304181203,10,RAIN,SECONDARY_13_24
2018,DeptClim,15129.539850662435,10,RAIN,SECONDARY_13_24
2018,Persist,7703.8462143399265,10,RAIN,SECONDARY_13_24
2018,Ridge,6987.467197930854,10,RAIN,SECONDARY_13_24
2018,RF,6189.811456016625,10,RAIN,SECONDARY_13_24
2018,HGB,9434.725780067636,10,RAIN,SECONDARY_13_24
2019,GlobalClim,43660.06746070816,10,RAIN,SECONDARY_13_24
2019,DeptClim,38453.76351645455,10,RAIN,SECONDARY_13_24
2019,Persist,39018.86573340204,10,RAIN,SECONDARY_13_24
2019,Ridge,45082.57058926411,10,RAIN,SECONDARY_13_24
2019,RF,49633.02043709706,10,RAIN,SECONDARY_13_24
2019,HGB,44694.90769905867,10,RAIN,SECONDARY_13_24
2020,GlobalClim,8385.346640248295,10,RAIN,SECONDARY_13_24
2020,DeptClim,14730.67925542723,10,RAIN,SECONDARY_13_24
2020,Persist,35194.88223230924,10,RAIN,SECONDARY_13_24
2020,Ridge,55523.40100574717,10,RAIN,SECONDARY_13_24
2020,RF,21604.277343225967,10,RAIN,SECONDARY_13_24
2020,HGB,11032.525001481317,10,RAIN,SECONDARY_13_24
2021,GlobalClim,7750.554798883669,10,RAIN,SECONDARY_13_24
2021,DeptClim,13990.313186524952,10,RAIN,SECONDARY_13_24
2021,Persist,7886.742698778028,10,RAIN,SECONDARY_13_24
2021,Ridge,5166.958407589579,10,RAIN,SECONDARY_13_24
2021,RF,2203.0046318447608,10,RAIN,SECONDARY_13_24
2021,HGB,5633.68190527627,10,RAIN,SECONDARY_13_24
2022,GlobalClim,8068.150345244959,10,RAIN,SECONDARY_13_24
2022,DeptClim,14704.716333171811,10,RAIN,SECONDARY_13_24
2022,Persist,7562.4596183934145,10,RAIN,SECONDARY_13_24
2022,Ridge,5549.788668109134,10,RAIN,SECONDARY_13_24
2022,RF,1517.329500100747,10,RAIN,SECONDARY_13_24
2022,HGB,5985.326245688511,10,RAIN,SECONDARY_13_24
2023,GlobalClim,9071.18446705066,10,RAIN,SECONDARY_13_24
2023,DeptClim,15420.198089906025,10,RAIN,SECONDARY_13_24
2023,Persist,7931.178067114558,10,RAIN,SECONDARY_13_24
2023,Ridge,6045.625038788328,10,RAIN,SECONDARY_13_24
2023,RF,4168.143954183763,10,RAIN,SECONDARY_13_24
2023,HGB,8141.269119982857,10,RAIN,SECONDARY_13_24
2024,GlobalClim,8831.659434928233,10,RAIN,SECONDARY_13_24
2024,DeptClim,15122.72168186581,10,RAIN,SECONDARY_13_24
2024,Persist,7975.518232495268,10,RAIN,SECONDARY_13_24
2024,Ridge,6092.28916730329,10,RAIN,SECONDARY_13_24
2024,RF,4128.885953307698,10,RAIN,SECONDARY_13_24
2024,HGB,8387.423370059541,10,RAIN,SECONDARY_13_24
2001,GlobalClim,4473.4293350934095,11,RAIN,SECONDARY_13_24
2001,DeptClim,2134.4465272384664,11,RAIN,SECONDARY_13_24
2001,Persist,921.7988826825167,11,RAIN,SECONDARY_13_24
2001,Ridge,9052.751284064603,11,RAIN,SECONDARY_13_24
2001,RF,2090.421045853048,11,RAIN,SECONDARY_13_24
2001,HGB,2360.371426203064,11,RAIN,SECONDARY_13_24
2002,GlobalClim,41547.025056003185,11,RAIN,SECONDARY_13_24
2002,DeptClim,74305.38380655753,11,RAIN,SECONDARY_13_24
2002,Persist,40147.43625746927,11,RAIN,SECONDARY_13_24
2002,Ridge,31327.598800079897,11,RAIN,SECONDARY_13_24
2002,RF,7581.304026972858,11,RAIN,SECONDARY_13_24
2002,HGB,33109.23171104135,11,RAIN,SECONDARY_13_24
2003,GlobalClim,32299.814391935008,11,RAIN,SECONDARY_13_24
2003,DeptClim,7945.904137710003,11,RAIN,SECONDARY_13_24
2003,Persist,22977.513886377354,11,RAIN,SECONDARY_13_24
2003,Ridge,34700.055022322165,11,RAIN,SECONDARY_13_24
2003,RF,4650.28384825691,11,RAIN,SECONDARY_13_24
2003,HGB,21598.462395409282,11,RAIN,SECONDARY_13_24
2004,GlobalClim,24543.629329298717,11,RAIN,SECONDARY_13_24
2004,DeptClim,6071.239414330858,11,RAIN,SECONDARY_13_24
2004,Persist,20371.222633038993,11,RAIN,SECONDARY_13_24
2004,Ridge,26143.97357276607,11,RAIN,SECONDARY_13_24
2004,RF,1852.523016289061,11,RAIN,SECONDARY_13_24
2004,HGB,16554.07457065544,11,RAIN,SECONDARY_13_24
2005,GlobalClim,11364.253944983588,11,RAIN,SECONDARY_13_24
2005,DeptClim,3386.304336501283,11,RAIN,SECONDARY_13_24
2005,Persist,8593.75131908212,11,RAIN,SECONDARY_13_24
2005,Ridge,12268.089251556654,11,RAIN,SECONDARY_13_24
2005,RF,3363.2444510001155,11,RAIN,SECONDARY_13_24
2005,HGB,13459.92681772616,11,RAIN,SECONDARY_13_24
2006,GlobalClim,10691.085523981137,11,RAIN,SECONDARY_13_24
2006,DeptClim,19115.069880861953,11,RAIN,SECONDARY_13_24
2006,Persist,10432.63877805603,11,RAIN,SECONDARY_13_24
2006,Ridge,7646.657058498847,11,RAIN,SECONDARY_13_24
2006,RF,1437.496967825403,11,RAIN,SECONDARY_13_24
2006,HGB,8275.22632411632,11,RAIN,SECONDARY_13_24
2007,GlobalClim,11961.877776278317,11,RAIN,SECONDARY_13_24
2007,DeptClim,20795.793294098374,11,RAIN,SECONDARY_13_24
2007,Persist,11286.863788097506,11,RAIN,SECONDARY_13_24
2007,Ridge,8419.7030709699,11,RAIN,SECONDARY_13_24
2007,RF,2111.004850178644,11,RAIN,SECONDARY_13_24
2007,HGB,9416.922048954808,11,RAIN,SECONDARY_13_24
2008,GlobalClim,10731.64423502935,11,RAIN,SECONDARY_13_24
2008,DeptClim,18639.364859371042,11,RAIN,SECONDARY_13_24
2008,Persist,9718.176902569063,11,RAIN,SECONDARY_13_24
2008,Ridge,8305.552126655266,11,RAIN,SECONDARY_13_24
2008,RF,4317.307143266577,11,RAIN,SECONDARY_13_24
2008,HGB,9018.982075030666,11,RAIN,SECONDARY_13_24
2009,GlobalClim,10406.627755449397,11,RAIN,SECONDARY_13_24
2009,DeptClim,18369.5001613042,11,RAIN,SECONDARY_13_24
2009,Persist,9544.926436980424,11,RAIN,SECONDARY_13_24
2009,Ridge,6757.3635738227495,11,RAIN,SECONDARY_13_24
2009,RF,800.7871756993228,11,RAIN,SECONDARY_13_24
2009,HGB,7654.40069272394,11,RAIN,SECONDARY_13_24
2010,GlobalClim,10794.40228303432,11,RAIN,SECONDARY_13_24
2010,DeptClim,19164.294036701773,11,RAIN,SECONDARY_13_24
2010,Persist,9850.097685282977,11,RAIN,SECONDARY_13_24
2010,Ridge,7017.440125627627,11,RAIN,SECONDARY_13_24
2010,RF,1380.9539629667997,11,RAIN,SECONDARY_13_24
2010,HGB,8481.662555820549,11,RAIN,SECONDARY_13_24
2011,GlobalClim,6739.80665342005,11,RAIN,SECONDARY_13_24
2011,DeptClim,4562.503923439477,11,RAIN,SECONDARY_13_24
2011,Persist,8844.005163480828,11,RAIN,SECONDARY_13_24
2011,Ridge,8086.42807445161,11,RAIN,SECONDARY_13_24
2011,RF,7195.800626990719,11,RAIN,SECONDARY_13_24
2011,HGB,7390.96977133428,11,RAIN,SECONDARY_13_24
2012,GlobalClim,9779.216529536301,11,RAIN,SECONDARY_13_24
2012,DeptClim,17397.483173589113,11,RAIN,SECONDARY_13_24
2012,Persist,9566.608511924824,11,RAIN,SECONDARY_13_24
2012,Ridge,7059.103150365398,11,RAIN,SECONDARY_13_24
2012,RF,1017.9396658106081,11,RAIN,SECONDARY_13_24
2012,HGB,6371.09543313772,11,RAIN,SECONDARY_13_24
2013,GlobalClim,11098.321278840409,11,RAIN,SECONDARY_13_24
2013,DeptClim,4628.293233220414,11,RAIN,SECONDARY_13_24
2013,Persist,8631.156236974342,11,RAIN,SECONDARY_13_24
2013,Ridge,12391.673386261375,11,RAIN,SECONDARY_13_24
2013,RF,9256.980506422038,11,RAIN,SECONDARY_13_24
2013,HGB,13379.417827631069,11,RAIN,SECONDARY_13_24
2014,GlobalClim,7154.740213972069,11,RAIN,SECONDARY_13_24
2014,DeptClim,5184.202646701072,11,RAIN,SECONDARY_13_24
2014,Persist,8926.901084607442,11,RAIN,SECONDARY_13_24
2014,Ridge,8241.875799996926,11,RAIN,SECONDARY_13_24
2014,RF,2155.6240919581214,11,RAIN,SECONDARY_13_24
2014,HGB,7548.946534416881,11,RAIN,SECONDARY_13_24
2015,GlobalClim,10799.257325360246,11,RAIN,SECONDARY_13_24
2015,DeptClim,18416.97573657582,11,RAIN,SECONDARY_13_24
2015,Persist,27502.615361459557,11,RAIN,SECONDARY_13_24
2015,Ridge,7579.133807574376,11,RAIN,SECONDARY_13_24
2015,RF,3206.909724341369,11,RAIN,SECONDARY_13_24
2015,HGB,8098.850563297588,11,RAIN,SECONDARY_13_24
2016,GlobalClim,10614.353546994425,11,RAIN,SECONDARY_13_24
2016,DeptClim,18296.44656488185,11,RAIN,SECONDARY_13_24
2016,Persist,9741.87446284109,11,RAIN,SECONDARY_13_24
2016,Ridge,6767.177812410187,11,RAIN,SECONDARY_13_24
2016,RF,2527.6034113197697,11,RAIN,SECONDARY_13_24
2016,HGB,7984.118112143897,11,RAIN,SECONDARY_13_24
2017,GlobalClim,10578.217667283105,11,RAIN,SECONDARY_13_24
2017,DeptClim,18499.381948369013,11,RAIN,SECONDARY_13_24
2017,Persist,9938.747167772013,11,RAIN,SECONDARY_13_24
2017,Ridge,7306.570096551807,11,RAIN,SECONDARY_13_24
2017,RF,3039.0134645038947,11,RAIN,SECONDARY_13_24
2017,HGB,9015.674787939764,11,RAIN,SECONDARY_13_24
2018,GlobalClim,43807.81157098621,11,RAIN,SECONDARY_13_24
2018,DeptClim,37577.284995939226,11,RAIN,SECONDARY_13_24
2018,Persist,43746.66595805714,11,RAIN,SECONDARY_13_24
2018,Ridge,46320.46635752473,11,RAIN,SECONDARY_13_24
2018,RF,40997.31961226062,11,RAIN,SECONDARY_13_24
2018,HGB,45167.39651936587,11,RAIN,SECONDARY_13_24
2019,GlobalClim,35230.167640633306,11,RAIN,SECONDARY_13_24
2019,DeptClim,28605.526367354156,11,RAIN,SECONDARY_13_24
2019,Persist,12602.195103667998,11,RAIN,SECONDARY_13_24
2019,Ridge,42541.972217106886,11,RAIN,SECONDARY_13_24
2019,RF,35381.21988535639,11,RAIN,SECONDARY_13_24
2019,HGB,35083.42538339319,11,RAIN,SECONDARY_13_24
2020,GlobalClim,10535.69610434412,11,RAIN,SECONDARY_13_24
2020,DeptClim,18103.93054739763,11,RAIN,SECONDARY_13_24
2020,Persist,10027.774597961981,11,RAIN,SECONDARY_13_24
2020,Ridge,24490.077034201437,11,RAIN,SECONDARY_13_24
2020,RF,22804.418729630226,11,RAIN,SECONDARY_13_24
2020,HGB,17620.710566012593,11,RAIN,SECONDARY_13_24
2021,GlobalClim,11083.487601395815,11,RAIN,SECONDARY_13_24
2021,DeptClim,18422.20683996638,11,RAIN,SECONDARY_13_24
2021,Persist,10965.514770682476,11,RAIN,SECONDARY_13_24
2021,Ridge,7699.764754118788,11,RAIN,SECONDARY_13_24
2021,RF,2492.41632312187,11,RAIN,SECONDARY_13_24
2021,HGB,9430.640998409523,11,RAIN,SECONDARY_13_24
2022,GlobalClim,13507.09806392369,11,RAIN,SECONDARY_13_24
2022,DeptClim,20515.257680934577,11,RAIN,SECONDARY_13_24
2022,Persist,14862.580640723549,11,RAIN,SECONDARY_13_24
2022,Ridge,10457.189530451044,11,RAIN,SECONDARY_13_24
2022,RF,7186.254713080333,11,RAIN,SECONDARY_13_24
2022,HGB,11024.53675567231,11,RAIN,SECONDARY_13_24
2023,GlobalClim,12950.659210160766,11,RAIN,SECONDARY_13_24
2023,DeptClim,20334.239020616707,11,RAIN,SECONDARY_13_24
2023,Persist,12107.917744825943,11,RAIN,SECONDARY_13_24
2023,Ridge,9489.482282152267,11,RAIN,SECONDARY_13_24
2023,RF,7730.081484236027,11,RAIN,SECONDARY_13_24
2023,HGB,13405.60180920074,11,RAIN,SECONDARY_13_24
2024,GlobalClim,14105.360582192208,11,RAIN,SECONDARY_13_24
2024,DeptClim,21292.56177182301,11,RAIN,SECONDARY_13_24
2024,Persist,14346.506449946295,11,RAIN,SECONDARY_13_24
2024,Ridge,13328.014486920345,11,RAIN,SECONDARY_13_24
2024,RF,10868.474999735385,11,RAIN,SECONDARY_13_24
2024,HGB,14407.169573696037,11,RAIN,SECONDARY_13_24
2001,GlobalClim,4181.530336101577,12,RAIN,SECONDARY_13_24
2001,DeptClim,2245.1623961536743,12,RAIN,SECONDARY_13_24
2001,Persist,992.7505221647134,12,RAIN,SECONDARY_13_24
2001,Ridge,7105.426365989306,12,RAIN,SECONDARY_13_24
2001,RF,1201.8438458417284,12,RAIN,SECONDARY_13_24
2001,HGB,3662.642223717094,12,RAIN,SECONDARY_13_24
2002,GlobalClim,42149.252538445246,12,RAIN,SECONDARY_13_24
2002,DeptClim,74734.38256335795,12,RAIN,SECONDARY_13_24
2002,Persist,41080.05597446741,12,RAIN,SECONDARY_13_24
2002,Ridge,32934.92052806269,12,RAIN,SECONDARY_13_24
2002,RF,10921.677829727925,12,RAIN,SECONDARY_13_24
2002,HGB,31973.979124255,12,RAIN,SECONDARY_13_24
2003,GlobalClim,31885.893540443783,12,RAIN,SECONDARY_13_24
2003,DeptClim,7699.771543086891,12,RAIN,SECONDARY_13_24
2003,Persist,23505.577081245498,12,RAIN,SECONDARY_13_24
2003,Ridge,33150.762046698226,12,RAIN,SECONDARY_13_24
2003,RF,5332.591349172985,12,RAIN,SECONDARY_13_24
2003,HGB,29278.41055312495,12,RAIN,SECONDARY_13_24
2004,GlobalClim,24305.36417708577,12,RAIN,SECONDARY_13_24
2004,DeptClim,5627.136325753957,12,RAIN,SECONDARY_13_24
2004,Persist,18621.309056572365,12,RAIN,SECONDARY_13_24
2004,Ridge,25157.843147282874,12,RAIN,SECONDARY_13_24
2004,RF,5323.78826726337,12,RAIN,SECONDARY_13_24
2004,HGB,14255.033024089102,12,RAIN,SECONDARY_13_24
2005,GlobalClim,11194.258124033793,12,RAIN,SECONDARY_13_24
2005,DeptClim,2952.405486749591,12,RAIN,SECONDARY_13_24
2005,Persist,8760.964868760297,12,RAIN,SECONDARY_13_24
2005,Ridge,11827.597887305112,12,RAIN,SECONDARY_13_24
2005,RF,3340.1261964125765,12,RAIN,SECONDARY_13_24
2005,HGB,13092.805551736492,12,RAIN,SECONDARY_13_24
2006,GlobalClim,10488.182530368964,12,RAIN,SECONDARY_13_24
2006,DeptClim,18947.43083391799,12,RAIN,SECONDARY_13_24
2006,Persist,10238.764397194498,12,RAIN,SECONDARY_13_24
2006,Ridge,7947.30786703667,12,RAIN,SECONDARY_13_24
2006,RF,1973.0007040854798,12,RAIN,SECONDARY_13_24
2006,HGB,7696.6117238313145,12,RAIN,SECONDARY_13_24
2007,GlobalClim,10252.690471829445,12,RAIN,SECONDARY_13_24
2007,DeptClim,18883.84585106074,12,RAIN,SECONDARY_13_24
2007,Persist,9041.78603420201,12,RAIN,SECONDARY_13_24
2007,Ridge,7095.903949425272,12,RAIN,SECONDARY_13_24
2007,RF,1361.664060344211,12,RAIN,SECONDARY_13_24
2007,HGB,7276.398901522899,12,RAIN,SECONDARY_13_24
2008,GlobalClim,10971.409663422432,12,RAIN,SECONDARY_13_24
2008,DeptClim,19171.714732347795,12,RAIN,SECONDARY_13_24
2008,Persist,10915.087790045685,12,RAIN,SECONDARY_13_24
2008,Ridge,8259.113108856478,12,RAIN,SECONDARY_13_24
2008,RF,2352.404038477953,12,RAIN,SECONDARY_13_24
2008,HGB,8098.2796765176045,12,RAIN,SECONDARY_13_24
2009,GlobalClim,9392.803118587419,12,RAIN,SECONDARY_13_24
2009,DeptClim,17340.351846891263,12,RAIN,SECONDARY_13_24
2009,Persist,8741.480294202618,12,RAIN,SECONDARY_13_24
2009,Ridge,6205.550931949731,12,RAIN,SECONDARY_13_24
2009,RF,857.5261538916437,12,RAIN,SECONDARY_13_24
2009,HGB,6097.520322634574,12,RAIN,SECONDARY_13_24
2010,GlobalClim,9717.926959003229,12,RAIN,SECONDARY_13_24
2010,DeptClim,17973.844274292926,12,RAIN,SECONDARY_13_24
2010,Persist,9042.41145924706,12,RAIN,SECONDARY_13_24
2010,Ridge,6274.49757010161,12,RAIN,SECONDARY_13_24
2010,RF,1514.204138669396,12,RAIN,SECONDARY_13_24
2010,HGB,6748.460745099154,12,RAIN,SECONDARY_13_24
2011,GlobalClim,6489.998218986487,12,RAIN,SECONDARY_13_24
2011,DeptClim,4127.116981446948,12,RAIN,SECONDARY_13_24
2011,Persist,8888.51320797188,12,RAIN,SECONDARY_13_24
2011,Ridge,8046.5818167541465,12,RAIN,SECONDARY_13_24
2011,RF,6640.618079140556,12,RAIN,SECONDARY_13_24
2011,HGB,8210.127658067478,12,RAIN,SECONDARY_13_24
2012,GlobalClim,9434.73324556041,12,RAIN,SECONDARY_13_24
2012,DeptClim,17615.35844966071,12,RAIN,SECONDARY_13_24
2012,Persist,9518.364724401277,12,RAIN,SECONDARY_13_24
2012,Ridge,7497.286428759042,12,RAIN,SECONDARY_13_24
2012,RF,2405.395318438854,12,RAIN,SECONDARY_13_24
2012,HGB,6210.533575078745,12,RAIN,SECONDARY_13_24
2013,GlobalClim,11014.163006337918,12,RAIN,SECONDARY_13_24
2013,DeptClim,4565.389254155601,12,RAIN,SECONDARY_13_24
2013,Persist,8585.766896031464,12,RAIN,SECONDARY_13_24
2013,Ridge,12185.330757911943,12,RAIN,SECONDARY_13_24
2013,RF,5290.382896406623,12,RAIN,SECONDARY_13_24
2013,HGB,13211.529898134339,12,RAIN,SECONDARY_13_24
2014,GlobalClim,6908.088076091125,12,RAIN,SECONDARY_13_24
2014,DeptClim,4771.5923010727065,12,RAIN,SECONDARY_13_24
2014,Persist,8708.917500119027,12,RAIN,SECONDARY_13_24
2014,Ridge,8225.550799123323,12,RAIN,SECONDARY_13_24
2014,RF,1785.0491393909597,12,RAIN,SECONDARY_13_24
2014,HGB,7817.157116577121,12,RAIN,SECONDARY_13_24
2015,GlobalClim,10833.79204784044,12,RAIN,SECONDARY_13_24
2015,DeptClim,18717.054616273916,12,RAIN,SECONDARY_13_24
2015,Persist,9994.383225079284,12,RAIN,SECONDARY_13_24
2015,Ridge,7778.390868882441,12,RAIN,SECONDARY_13_24
2015,RF,2717.077246929697,12,RAIN,SECONDARY_13_24
2015,HGB,9271.70261838216,12,RAIN,SECONDARY_13_24
2016,GlobalClim,11149.608316340878,12,RAIN,SECONDARY_13_24
2016,DeptClim,19086.713101596695,12,RAIN,SECONDARY_13_24
2016,Persist,10610.764383783266,12,RAIN,SECONDARY_13_24
2016,Ridge,7493.217652960737,12,RAIN,SECONDARY_13_24
2016,RF,2338.582690343733,12,RAIN,SECONDARY_13_24
2016,HGB,7653.509160853126,12,RAIN,SECONDARY_13_24
2017,GlobalClim,10329.485795766774,12,RAIN,SECONDARY_13_24
2017,DeptClim,18100.28198190627,12,RAIN,SECONDARY_13_24
2017,Persist,10063.632119244929,12,RAIN,SECONDARY_13_24
2017,Ridge,7118.605628626179,12,RAIN,SECONDARY_13_24
2017,RF,2460.3106525302996,12,RAIN,SECONDARY_13_24
2017,HGB,7113.298636719057,12,RAIN,SECONDARY_13_24
2018,GlobalClim,43974.14721896021,12,RAIN,SECONDARY_13_24
2018,DeptClim,37746.64043573033,12,RAIN,SECONDARY_13_24
2018,Persist,7431.576776391233,12,RAIN,SECONDARY_13_24
2018,Ridge,46318.785857995994,12,RAIN,SECONDARY_13_24
2018,RF,47386.91749422953,12,RAIN,SECONDARY_13_24
2018,HGB,45394.48512260328,12,RAIN,SECONDARY_13_24
2019,GlobalClim,32667.30833525655,12,RAIN,SECONDARY_13_24
2019,DeptClim,25939.556533083614,12,RAIN,SECONDARY_13_24
2019,Persist,9124.478618665944,12,RAIN,SECONDARY_13_24
2019,Ridge,39907.58296395903,12,RAIN,SECONDARY_13_24
2019,RF,34934.887888596284,12,RAIN,SECONDARY_13_24
2019,HGB,32575.084824690897,12,RAIN,SECONDARY_13_24
2020,GlobalClim,10427.272013045067,12,RAIN,SECONDARY_13_24
2020,DeptClim,17832.591188213744,12,RAIN,SECONDARY_13_24
2020,Persist,11017.6593665841,12,RAIN,SECONDARY_13_24
2020,Ridge,24047.938260895768,12,RAIN,SECONDARY_13_24
2020,RF,21283.159688704414,12,RAIN,SECONDARY_13_24
2020,HGB,15207.410591314188,12,RAIN,SECONDARY_13_24
2021,GlobalClim,10489.125561313678,12,RAIN,SECONDARY_13_24
2021,DeptClim,18036.182020425367,12,RAIN,SECONDARY_13_24
2021,Persist,10814.461405068425,12,RAIN,SECONDARY_13_24
2021,Ridge,7557.944685413355,12,RAIN,SECONDARY_13_24
2021,RF,3313.004249221166,12,RAIN,SECONDARY_13_24
2021,HGB,8940.984979785324,12,RAIN,SECONDARY_13_24
2022,GlobalClim,11441.320745228566,12,RAIN,SECONDARY_13_24
2022,DeptClim,19095.96752360355,12,RAIN,SECONDARY_13_24
2022,Persist,9857.77734953805,12,RAIN,SECONDARY_13_24
2022,Ridge,8646.898952547994,12,RAIN,SECONDARY_13_24
2022,RF,5872.802367456777,12,RAIN,SECONDARY_13_24
2022,HGB,11099.313476019943,12,RAIN,SECONDARY_13_24
2023,GlobalClim,11728.791518386679,12,RAIN,SECONDARY_13_24
2023,DeptClim,19384.2659993063,12,RAIN,SECONDARY_13_24
2023,Persist,11251.887081096322,12,RAIN,SECONDARY_13_24
2023,Ridge,8788.215328771694,12,RAIN,SECONDARY_13_24
2023,RF,5502.827319054945,12,RAIN,SECONDARY_13_24
2023,HGB,9977.721982798845,12,RAIN,SECONDARY_13_24
2024,GlobalClim,12059.120459630087,12,RAIN,SECONDARY_13_24
2024,DeptClim,19849.401349309755,12,RAIN,SECONDARY_13_24
2024,Persist,12403.509949840292,12,RAIN,SECONDARY_13_24
2024,Ridge,11102.184335231042,12,RAIN,SECONDARY_13_24
2024,RF,7990.253074992299,12,RAIN,SECONDARY_13_24
2024,HGB,11066.653172721073,12,RAIN,SECONDARY_13_24
2001,GlobalClim,2968.4726284711637,2,RAIN,AVG
2001,DeptClim,1942.5148775561074,2,RAIN,AVG
2001,Persist,865.2180855834304,2,RAIN,AVG
2001,Ridge,4227.548020120885,2,RAIN,AVG
2001,RF,798.4977957004163,2,RAIN,AVG
2001,HGB,667.3586624532204,2,RAIN,AVG
2002,GlobalClim,2220.547958033425,2,RAIN,AVG
2002,DeptClim,1380.9800008491402,2,RAIN,AVG
2002,Persist,639.374689263852,2,RAIN,AVG
2002,Ridge,3756.939829675175,2,RAIN,AVG
2002,RF,1011.1993500012451,2,RAIN,AVG
2002,HGB,1005.8492377538892,2,RAIN,AVG
2003,GlobalClim,14076.559898244881,2,RAIN,AVG
2003,DeptClim,1508.139583401142,2,RAIN,AVG
2003,Persist,3155.6307094532667,2,RAIN,AVG
2003,Ridge,24095.811788195853,2,RAIN,AVG
2003,RF,9423.015383936168,2,RAIN,AVG
2003,HGB,23454.88345848926,2,RAIN,AVG
2004,GlobalClim,9103.889107314459,2,RAIN,AVG
2004,DeptClim,1600.9586771346,2,RAIN,AVG
2004,Persist,3183.520898426753,2,RAIN,AVG
2004,Ridge,16204.787194556977,2,RAIN,AVG
2004,RF,5883.468703269021,2,RAIN,AVG
2004,HGB,15632.527714628855,2,RAIN,AVG
2005,GlobalClim,6030.18556042434,2,RAIN,AVG
2005,DeptClim,4124.78911874515,2,RAIN,AVG
2005,Persist,3039.2836586539925,2,RAIN,AVG
2005,Ridge,9497.458665602571,2,RAIN,AVG
2005,RF,4278.71369499971,2,RAIN,AVG
2005,HGB,9212.898188812733,2,RAIN,AVG
2006,GlobalClim,3408.8409773461462,2,RAIN,AVG
2006,DeptClim,6236.414654674369,2,RAIN,AVG
2006,Persist,3187.8557649718036,2,RAIN,AVG
2006,Ridge,3433.9877685250426,2,RAIN,AVG
2006,RF,4528.559736012607,2,RAIN,AVG
2006,HGB,2052.5011145460335,2,RAIN,AVG
2007,GlobalClim,4463.522252385507,2,RAIN,AVG
2007,DeptClim,7866.714337613177,2,RAIN,AVG
2007,Persist,3604.2694344788165,2,RAIN,AVG
2007,Ridge,2321.592166397293,2,RAIN,AVG
2007,RF,2485.3669910671665,2,RAIN,AVG
2007,HGB,2174.356490875269,2,RAIN,AVG
2008,GlobalClim,4899.129204838234,2,RAIN,AVG
2008,DeptClim,8613.679593052728,2,RAIN,AVG
2008,Persist,3905.7179802214782,2,RAIN,AVG
2008,Ridge,3196.252994944333,2,RAIN,AVG
2008,RF,3134.7440380045555,2,RAIN,AVG
2008,HGB,2673.4626830003913,2,RAIN,AVG
2009,GlobalClim,4786.219834266472,2,RAIN,AVG
2009,DeptClim,8193.793079990965,2,RAIN,AVG
2009,Persist,3574.1659702077495,2,RAIN,AVG
2009,Ridge,1737.0344980504376,2,RAIN,AVG
2009,RF,1749.0632859609216,2,RAIN,AVG
2009,HGB,1829.9034987513244,2,RAIN,AVG
2010,GlobalClim,5037.323036857588,2,RAIN,AVG
2010,DeptClim,8471.508643381214,2,RAIN,AVG
2010,Persist,3682.6659964839087,2,RAIN,AVG
2010,Ridge,1987.544120299095,2,RAIN,AVG
2010,RF,1220.730214969605,2,RAIN,AVG
2010,HGB,1962.6741102825965,2,RAIN,AVG
2011,GlobalClim,3972.997570194123,2,RAIN,AVG
2011,DeptClim,7241.97174971312,2,RAIN,AVG
2011,Persist,3802.1873339283115,2,RAIN,AVG
2011,Ridge,1620.7713910432226,2,RAIN,AVG
2011,RF,3128.920227994828,2,RAIN,AVG
2011,HGB,1418.7901635503852,2,RAIN,AVG
2012,GlobalClim,15049.540270767975,2,RAIN,AVG
2012,DeptClim,16533.567744920183,2,RAIN,AVG
2012,Persist,17214.616258144437,2,RAIN,AVG
2012,Ridge,15247.426258160795,2,RAIN,AVG
2012,RF,15032.044075706997,2,RAIN,AVG
2012,HGB,15105.106286885195,2,RAIN,AVG
2013,GlobalClim,4008.8451377900137,2,RAIN,AVG
2013,DeptClim,7316.730568615351,2,RAIN,AVG
2013,Persist,3980.908267985886,2,RAIN,AVG
2013,Ridge,1533.5342106716562,2,RAIN,AVG
2013,RF,2618.1341550553575,2,RAIN,AVG
2013,HGB,1267.7772284335965,2,RAIN,AVG
2014,GlobalClim,4524.077943977077,2,RAIN,AVG
2014,DeptClim,7839.241857484052,2,RAIN,AVG
2014,Persist,4582.200531071165,2,RAIN,AVG
2014,Ridge,1806.5156835981418,2,RAIN,AVG
2014,RF,1272.9156881894137,2,RAIN,AVG
2014,HGB,1765.3041002713185,2,RAIN,AVG
2015,GlobalClim,5393.280042533795,2,RAIN,AVG
2015,DeptClim,8807.185768407191,2,RAIN,AVG
2015,Persist,5642.468339360456,2,RAIN,AVG
2015,Ridge,1465.2420509658627,2,RAIN,AVG
2015,RF,3159.708579993482,2,RAIN,AVG
2015,HGB,2517.646401476396,2,RAIN,AVG
2016,GlobalClim,5956.654798921213,2,RAIN,AVG
2016,DeptClim,9371.219465590797,2,RAIN,AVG
2016,Persist,5221.343344878741,2,RAIN,AVG
2016,Ridge,1783.3829056423492,2,RAIN,AVG
2016,RF,1314.262183646764,2,RAIN,AVG
2016,HGB,3083.3894001433105,2,RAIN,AVG
2017,GlobalClim,6039.924716164544,2,RAIN,AVG
2017,DeptClim,9396.517747498134,2,RAIN,AVG
2017,Persist,5392.351217088913,2,RAIN,AVG
2017,Ridge,1879.4054926262343,2,RAIN,AVG
2017,RF,1575.989669479727,2,RAIN,AVG
2017,HGB,3159.1197788343056,2,RAIN,AVG
2018,GlobalClim,8172.952995123638,2,RAIN,AVG
2018,DeptClim,11200.88153929875,2,RAIN,AVG
2018,Persist,7031.383986708524,2,RAIN,AVG
2018,Ridge,5135.122029843852,2,RAIN,AVG
2018,RF,6071.150097740666,2,RAIN,AVG
2018,HGB,5601.777503246451,2,RAIN,AVG
2019,GlobalClim,51405.90014291004,2,RAIN,AVG
2019,DeptClim,50090.79670360285,2,RAIN,AVG
2019,Persist,4771.479598791245,2,RAIN,AVG
2019,Ridge,37543.081132867635,2,RAIN,AVG
2019,RF,45727.04287015242,2,RAIN,AVG
2019,HGB,48601.88592194312,2,RAIN,AVG
2020,GlobalClim,10655.08347343513,2,RAIN,AVG
2020,DeptClim,7639.245741665123,2,RAIN,AVG
2020,Persist,24073.596391672203,2,RAIN,AVG
2020,Ridge,34187.2990336858,2,RAIN,AVG
2020,RF,15006.50772677627,2,RAIN,AVG
2020,HGB,3192.412673555641,2,RAIN,AVG
2021,GlobalClim,6407.208647220505,2,RAIN,AVG
2021,DeptClim,9263.988694026657,2,RAIN,AVG
2021,Persist,5834.424890563164,2,RAIN,AVG
2021,Ridge,2819.676091238403,2,RAIN,AVG
2021,RF,3340.2263951632976,2,RAIN,AVG
2021,HGB,4235.172662979708,2,RAIN,AVG
2022,GlobalClim,6545.224735580397,2,RAIN,AVG
2022,DeptClim,9896.291029787224,2,RAIN,AVG
2022,Persist,6870.269461972199,2,RAIN,AVG
2022,Ridge,3259.3088605735543,2,RAIN,AVG
2022,RF,2935.676803023083,2,RAIN,AVG
2022,HGB,4503.196202318416,2,RAIN,AVG
2023,GlobalClim,7380.120480673085,2,RAIN,AVG
2023,DeptClim,10582.40763522133,2,RAIN,AVG
2023,Persist,7568.803183830183,2,RAIN,AVG
2023,Ridge,3664.5692260270794,2,RAIN,AVG
2023,RF,1840.4264776337732,2,RAIN,AVG
2023,HGB,4545.44150966728,2,RAIN,AVG
2024,GlobalClim,8267.851291100405,2,RAIN,AVG
2024,DeptClim,11792.095062275648,2,RAIN,AVG
2024,Persist,8686.806312609056,2,RAIN,AVG
2024,Ridge,4372.90628689195,2,RAIN,AVG
2024,RF,4964.293487734139,2,RAIN,AVG
2024,HGB,5783.832819921556,2,RAIN,AVG
2025,GlobalClim,9572.249292210137,2,RAIN,AVG
2025,DeptClim,12969.547161072996,2,RAIN,AVG
2025,Persist,11785.648296569876,2,RAIN,AVG
2025,Ridge,7710.372568761697,2,RAIN,AVG
2025,RF,8757.705647773057,2,RAIN,AVG
2025,HGB,10093.789237832976,2,RAIN,AVG
2001,GlobalClim,2578.9886625543263,3,RAIN,AVG
2001,DeptClim,1909.8294079326342,3,RAIN,AVG
2001,Persist,533.9200740500673,3,RAIN,AVG
2001,Ridge,2438.817780541057,3,RAIN,AVG
2001,RF,526.943928854449,3,RAIN,AVG
2001,HGB,730.268794294739,3,RAIN,AVG
2002,GlobalClim,1892.1644681584544,3,RAIN,AVG
2002,DeptClim,1397.9818744567854,3,RAIN,AVG
2002,Persist,1595.8340758848208,3,RAIN,AVG
2002,Ridge,1852.889509054957,3,RAIN,AVG
2002,RF,1813.635251451377,3,RAIN,AVG
2002,HGB,1531.8218441111248,3,RAIN,AVG
2003,GlobalClim,10678.065030432404,3,RAIN,AVG
2003,DeptClim,18296.185621453355,3,RAIN,AVG
2003,Persist,27540.530477899523,3,RAIN,AVG
2003,Ridge,6605.877239647901,3,RAIN,AVG
2003,RF,2352.1657731690525,3,RAIN,AVG
2003,HGB,6452.795450117883,3,RAIN,AVG
2004,GlobalClim,6016.666714802389,3,RAIN,AVG
2004,DeptClim,2398.192159995905,3,RAIN,AVG
2004,Persist,6306.742301196466,3,RAIN,AVG
2004,Ridge,7577.334421006253,3,RAIN,AVG
2004,RF,2026.5778245537645,3,RAIN,AVG
2004,HGB,5999.9420611774785,3,RAIN,AVG
2005,GlobalClim,4760.4082195616775,3,RAIN,AVG
2005,DeptClim,4396.762404614607,3,RAIN,AVG
2005,Persist,4567.466929411144,3,RAIN,AVG
2005,Ridge,4809.448811045451,3,RAIN,AVG
2005,RF,2965.4848514509276,3,RAIN,AVG
2005,HGB,4329.868989452444,3,RAIN,AVG
2006,GlobalClim,3497.403111292608,3,RAIN,AVG
2006,DeptClim,5173.0576007537975,3,RAIN,AVG
2006,Persist,3295.00156471238,3,RAIN,AVG
2006,Ridge,2800.397193575816,3,RAIN,AVG
2006,RF,2350.336778425222,3,RAIN,AVG
2006,HGB,2948.300979382826,3,RAIN,AVG
2007,GlobalClim,3861.7594778640673,3,RAIN,AVG
2007,DeptClim,5763.541685045174,3,RAIN,AVG
2007,Persist,3059.8041881044696,3,RAIN,AVG
2007,Ridge,2624.339757540533,3,RAIN,AVG
2007,RF,2131.1618018104687,3,RAIN,AVG
2007,HGB,3218.9504432367853,3,RAIN,AVG
2008,GlobalClim,3764.781260422914,3,RAIN,AVG
2008,DeptClim,5777.8199495813005,3,RAIN,AVG
2008,Persist,3686.703159890542,3,RAIN,AVG
2008,Ridge,2179.56742794094,3,RAIN,AVG
2008,RF,1440.6386154697257,3,RAIN,AVG
2008,HGB,2504.253632041281,3,RAIN,AVG
2009,GlobalClim,4343.870507027622,3,RAIN,AVG
2009,DeptClim,6306.811909087137,3,RAIN,AVG
2009,Persist,3090.144228311137,3,RAIN,AVG
2009,Ridge,2645.9261828055874,3,RAIN,AVG
2009,RF,1668.1174855587458,3,RAIN,AVG
2009,HGB,2909.3456572365044,3,RAIN,AVG
2010,GlobalClim,3806.296065034468,3,RAIN,AVG
2010,DeptClim,5656.748224616174,3,RAIN,AVG
2010,Persist,2406.4663244819744,3,RAIN,AVG
2010,Ridge,2235.0021699719864,3,RAIN,AVG
2010,RF,2825.995400726867,3,RAIN,AVG
2010,HGB,2358.21652722579,3,RAIN,AVG
2011,GlobalClim,3980.995034899672,3,RAIN,AVG
2011,DeptClim,3513.5180126974756,3,RAIN,AVG
2011,Persist,2759.377490698992,3,RAIN,AVG
2011,Ridge,4129.03056842076,3,RAIN,AVG
2011,RF,1724.3216326067063,3,RAIN,AVG
2011,HGB,3182.7960643912998,3,RAIN,AVG
2012,GlobalClim,14900.996319632106,3,RAIN,AVG
2012,DeptClim,15645.928541480553,3,RAIN,AVG
2012,Persist,3839.126816553628,3,RAIN,AVG
2012,Ridge,15016.828082263019,3,RAIN,AVG
2012,RF,15113.044055832308,3,RAIN,AVG
2012,HGB,14989.745631717778,3,RAIN,AVG
2013,GlobalClim,4401.482001642315,3,RAIN,AVG
2013,DeptClim,3754.0535094089887,3,RAIN,AVG
2013,Persist,3349.985938642969,3,RAIN,AVG
2013,Ridge,4493.354040091865,3,RAIN,AVG
2013,RF,4135.742377376252,3,RAIN,AVG
2013,HGB,4695.774604175746,3,RAIN,AVG
2014,GlobalClim,4622.649049376407,3,RAIN,AVG
2014,DeptClim,4263.862181637056,3,RAIN,AVG
2014,Persist,3317.2827687293943,3,RAIN,AVG
2014,Ridge,4693.763223341605,3,RAIN,AVG
2014,RF,2605.6692727362206,3,RAIN,AVG
2014,HGB,3920.353252087093,3,RAIN,AVG
2015,GlobalClim,3704.7860798711076,3,RAIN,AVG
2015,DeptClim,3998.8873489327725,3,RAIN,AVG
2015,Persist,2870.4450658801998,3,RAIN,AVG
2015,Ridge,3237.128446814072,3,RAIN,AVG
2015,RF,3309.759838260509,3,RAIN,AVG
2015,HGB,4228.7103347677075,3,RAIN,AVG
2016,GlobalClim,4377.910557009982,3,RAIN,AVG
2016,DeptClim,6307.218328508562,3,RAIN,AVG
2016,Persist,3278.8341581605937,3,RAIN,AVG
2016,Ridge,2305.372074675328,3,RAIN,AVG
2016,RF,1682.3450775835379,3,RAIN,AVG
2016,HGB,2975.726147858644,3,RAIN,AVG
2017,GlobalClim,3279.6668007059975,3,RAIN,AVG
2017,DeptClim,5162.905318127233,3,RAIN,AVG
2017,Persist,2440.650872522563,3,RAIN,AVG
2017,Ridge,1832.6304456482155,3,RAIN,AVG
2017,RF,1249.3176308441284,3,RAIN,AVG
2017,HGB,2940.4090884740526,3,RAIN,AVG
2018,GlobalClim,5394.057689547199,3,RAIN,AVG
2018,DeptClim,7088.277451521614,3,RAIN,AVG
2018,Persist,4100.273453735913,3,RAIN,AVG
2018,Ridge,4505.950246845178,3,RAIN,AVG
2018,RF,4411.360995977187,3,RAIN,AVG
2018,HGB,4262.009221566046,3,RAIN,AVG
2019,GlobalClim,10766.602718238006,3,RAIN,AVG
2019,DeptClim,9223.654623467071,3,RAIN,AVG
2019,Persist,42831.09658817381,3,RAIN,AVG
2019,Ridge,7304.891819221248,3,RAIN,AVG
2019,RF,9129.455782374187,3,RAIN,AVG
2019,HGB,10532.587147757182,3,RAIN,AVG
2020,GlobalClim,4352.169798687107,3,RAIN,AVG
2020,DeptClim,3298.2905731413175,3,RAIN,AVG
2020,Persist,12893.032465411436,3,RAIN,AVG
2020,Ridge,7125.487230856532,3,RAIN,AVG
2020,RF,2865.7722578879825,3,RAIN,AVG
2020,HGB,3507.481973418656,3,RAIN,AVG
2021,GlobalClim,6804.451538120981,3,RAIN,AVG
2021,DeptClim,7077.673792776793,3,RAIN,AVG
2021,Persist,4749.883114955358,3,RAIN,AVG
2021,Ridge,6801.64247646012,3,RAIN,AVG
2021,RF,6282.028317887248,3,RAIN,AVG
2021,HGB,6772.383101120791,3,RAIN,AVG
2022,GlobalClim,5836.311546252374,3,RAIN,AVG
2022,DeptClim,7721.225995658907,3,RAIN,AVG
2022,Persist,7235.992154711442,3,RAIN,AVG
2022,Ridge,4645.508473191868,3,RAIN,AVG
2022,RF,3996.846858543416,3,RAIN,AVG
2022,HGB,5393.984951982802,3,RAIN,AVG
2023,GlobalClim,3761.625809186564,3,RAIN,AVG
2023,DeptClim,4984.195319875196,3,RAIN,AVG
2023,Persist,3719.3424358699544,3,RAIN,AVG
2023,Ridge,2319.0680559180046,3,RAIN,AVG
2023,RF,1567.4230184015628,3,RAIN,AVG
2023,HGB,2742.135248134277,3,RAIN,AVG
2024,GlobalClim,5122.913316827449,3,RAIN,AVG
2024,DeptClim,6440.471105598962,3,RAIN,AVG
2024,Persist,4255.859056413081,3,RAIN,AVG
2024,Ridge,2975.8439163037037,3,RAIN,AVG
2024,RF,2803.4910915727696,3,RAIN,AVG
2024,HGB,2896.54808290343,3,RAIN,AVG
2025,GlobalClim,5995.1169527590955,3,RAIN,AVG
2025,DeptClim,7742.863722793064,3,RAIN,AVG
2025,Persist,5061.369616339869,3,RAIN,AVG
2025,Ridge,4809.25956016572,3,RAIN,AVG
2025,RF,5075.418151503737,3,RAIN,AVG
2025,HGB,7883.761119276628,3,RAIN,AVG
2001,GlobalClim,2460.7654720909413,4,RAIN,AVG
2001,DeptClim,1802.1088929873063,4,RAIN,AVG
2001,Persist,477.46879963579346,4,RAIN,AVG
2001,Ridge,2632.919454452711,4,RAIN,AVG
2001,RF,1331.9860671589968,4,RAIN,AVG
2001,HGB,1723.234200435844,4,RAIN,AVG
2002,GlobalClim,1838.961584013074,4,RAIN,AVG
2002,DeptClim,1486.9768865442868,4,RAIN,AVG
2002,Persist,477.2872378089464,4,RAIN,AVG
2002,Ridge,2627.7846340368906,4,RAIN,AVG
2002,RF,1403.2892979423661,4,RAIN,AVG
2002,HGB,1681.560469666763,4,RAIN,AVG
2003,GlobalClim,8151.800862744395,4,RAIN,AVG
2003,DeptClim,14788.36016467279,4,RAIN,AVG
2003,Persist,9357.954716069133,4,RAIN,AVG
2003,Ridge,3666.931529275019,4,RAIN,AVG
2003,RF,1874.2564554810538,4,RAIN,AVG
2003,HGB,5474.812193226804,4,RAIN,AVG
2004,GlobalClim,10171.346357918586,4,RAIN,AVG
2004,DeptClim,6266.256279299262,4,RAIN,AVG
2004,Persist,2335.2595017980207,4,RAIN,AVG
2004,Ridge,12102.435216466729,4,RAIN,AVG
2004,RF,7752.495017366666,4,RAIN,AVG
2004,HGB,9810.384789157008,4,RAIN,AVG
2005,GlobalClim,5426.794112797348,4,RAIN,AVG
2005,DeptClim,3336.4066331991453,4,RAIN,AVG
2005,Persist,1574.1654909479105,4,RAIN,AVG
2005,Ridge,6251.621891956607,4,RAIN,AVG
2005,RF,4036.861859820141,4,RAIN,AVG
2005,HGB,5078.968896934398,4,RAIN,AVG
2006,GlobalClim,2522.5786663704594,4,RAIN,AVG
2006,DeptClim,2949.502998932636,4,RAIN,AVG
2006,Persist,2995.9268324726886,4,RAIN,AVG
2006,Ridge,2597.7371656630107,4,RAIN,AVG
2006,RF,2379.3839844550816,4,RAIN,AVG
2006,HGB,2418.88004499644,4,RAIN,AVG
2007,GlobalClim,3543.74452526704,4,RAIN,AVG
2007,DeptClim,4874.9956662802415,4,RAIN,AVG
2007,Persist,3403.8667008545526,4,RAIN,AVG
2007,Ridge,2474.8500728413405,4,RAIN,AVG
2007,RF,1620.5849162695074,4,RAIN,AVG
2007,HGB,2469.98858409187,4,RAIN,AVG
2008,GlobalClim,2997.200780568631,4,RAIN,AVG
2008,DeptClim,4442.737886030403,4,RAIN,AVG
2008,Persist,2892.5584688868826,4,RAIN,AVG
2008,Ridge,1687.2802903642234,4,RAIN,AVG
2008,RF,891.0217584649807,4,RAIN,AVG
2008,HGB,1942.6815817749173,4,RAIN,AVG
2009,GlobalClim,3660.15000228317,4,RAIN,AVG
2009,DeptClim,5227.479574913527,4,RAIN,AVG
2009,Persist,2652.129195322719,4,RAIN,AVG
2009,Ridge,1802.737484462992,4,RAIN,AVG
2009,RF,2186.523304886107,4,RAIN,AVG
2009,HGB,2424.2187013614284,4,RAIN,AVG
2010,GlobalClim,2888.917154339181,4,RAIN,AVG
2010,DeptClim,4445.723499367212,4,RAIN,AVG
2010,Persist,2449.241681336496,4,RAIN,AVG
2010,Ridge,1157.3879086075276,4,RAIN,AVG
2010,RF,1146.9076697213156,4,RAIN,AVG
2010,HGB,1488.4238686311844,4,RAIN,AVG
2011,GlobalClim,2527.988484607882,4,RAIN,AVG
2011,DeptClim,4168.594479100926,4,RAIN,AVG
2011,Persist,6668.1785040790855,4,RAIN,AVG
2011,Ridge,917.0085112527722,4,RAIN,AVG
2011,RF,876.8806617617939,4,RAIN,AVG
2011,HGB,1443.849070803403,4,RAIN,AVG
2012,GlobalClim,2654.6947692119347,4,RAIN,AVG
2012,DeptClim,4384.3332417043475,4,RAIN,AVG
2012,Persist,15210.61999575879,4,RAIN,AVG
2012,Ridge,1365.454560721583,4,RAIN,AVG
2012,RF,591.0578874832258,4,RAIN,AVG
2012,HGB,1210.5441501378878,4,RAIN,AVG
2013,GlobalClim,4511.36943076027,4,RAIN,AVG
2013,DeptClim,3974.9908968107898,4,RAIN,AVG
2013,Persist,2641.8627406503197,4,RAIN,AVG
2013,Ridge,4912.790464037873,4,RAIN,AVG
2013,RF,4305.5427122959645,4,RAIN,AVG
2013,HGB,4356.358811461227,4,RAIN,AVG
2014,GlobalClim,3328.2361283445,4,RAIN,AVG
2014,DeptClim,4967.406565346921,4,RAIN,AVG
2014,Persist,7135.037158027875,4,RAIN,AVG
2014,Ridge,1688.59472952405,4,RAIN,AVG
2014,RF,1198.7186008006972,4,RAIN,AVG
2014,HGB,2088.1021405095867,4,RAIN,AVG
2015,GlobalClim,3573.3282731257073,4,RAIN,AVG
2015,DeptClim,5170.360911020598,4,RAIN,AVG
2015,Persist,5869.946267881969,4,RAIN,AVG
2015,Ridge,1669.2110008400928,4,RAIN,AVG
2015,RF,1459.2233630037974,4,RAIN,AVG
2015,HGB,2263.2204019172827,4,RAIN,AVG
2016,GlobalClim,4098.5266087505215,4,RAIN,AVG
2016,DeptClim,5984.292717764656,4,RAIN,AVG
2016,Persist,3205.4569168649964,4,RAIN,AVG
2016,Ridge,2288.2821042693126,4,RAIN,AVG
2016,RF,1425.5627599068387,4,RAIN,AVG
2016,HGB,2972.6673684717357,4,RAIN,AVG
2017,GlobalClim,4171.443335142799,4,RAIN,AVG
2017,DeptClim,6100.663896304839,4,RAIN,AVG
2017,Persist,4473.767669512302,4,RAIN,AVG
2017,Ridge,2491.7994951314795,4,RAIN,AVG
2017,RF,1864.811422454494,4,RAIN,AVG
2017,HGB,3190.599508849772,4,RAIN,AVG
2018,GlobalClim,5866.817829921402,4,RAIN,AVG
2018,DeptClim,7519.8233375116715,4,RAIN,AVG
2018,Persist,4255.096628892226,4,RAIN,AVG
2018,Ridge,5334.211560169537,4,RAIN,AVG
2018,RF,4323.924928896531,4,RAIN,AVG
2018,HGB,4908.654310869906,4,RAIN,AVG
2019,GlobalClim,3910.939478766276,4,RAIN,AVG
2019,DeptClim,4543.901118155428,4,RAIN,AVG
2019,Persist,14056.551796798265,4,RAIN,AVG
2019,Ridge,22462.871334727646,4,RAIN,AVG
2019,RF,8612.20004701074,4,RAIN,AVG
2019,HGB,6943.425871069691,4,RAIN,AVG
2020,GlobalClim,19854.70209904499,4,RAIN,AVG
2020,DeptClim,18942.947120618366,4,RAIN,AVG
2020,Persist,16393.917529359565,4,RAIN,AVG
2020,Ridge,19587.2882265733,4,RAIN,AVG
2020,RF,19478.67648480491,4,RAIN,AVG
2020,HGB,19406.915627083643,4,RAIN,AVG
2021,GlobalClim,3512.1310827414527,4,RAIN,AVG
2021,DeptClim,4934.148700265908,4,RAIN,AVG
2021,Persist,9799.360475599982,4,RAIN,AVG
2021,Ridge,1713.0943655764681,4,RAIN,AVG
2021,RF,1498.2718910496772,4,RAIN,AVG
2021,HGB,3306.055200892433,4,RAIN,AVG
2022,GlobalClim,3328.7076331974336,4,RAIN,AVG
2022,DeptClim,4599.150183613887,4,RAIN,AVG
2022,Persist,3177.7720266312367,4,RAIN,AVG
2022,Ridge,2158.804974925653,4,RAIN,AVG
2022,RF,1647.649387631343,4,RAIN,AVG
2022,HGB,3462.1755448532963,4,RAIN,AVG
2023,GlobalClim,4493.654595015877,4,RAIN,AVG
2023,DeptClim,5606.209656099696,4,RAIN,AVG
2023,Persist,5544.004199146215,4,RAIN,AVG
2023,Ridge,2528.5981036793114,4,RAIN,AVG
2023,RF,1712.9149664019797,4,RAIN,AVG
2023,HGB,2802.0188432450445,4,RAIN,AVG
2024,GlobalClim,5028.612524469636,4,RAIN,AVG
2024,DeptClim,6503.308477944062,4,RAIN,AVG
2024,Persist,6796.236628214511,4,RAIN,AVG
2024,Ridge,2904.8655694027093,4,RAIN,AVG
2024,RF,3653.309851196479,4,RAIN,AVG
2024,HGB,4335.616704770787,4,RAIN,AVG
2001,GlobalClim,2858.4285699750726,5,RAIN,AVG
2001,DeptClim,1829.7934841725078,5,RAIN,AVG
2001,Persist,909.8602322801889,5,RAIN,AVG
2001,Ridge,3839.3554498021444,5,RAIN,AVG
2001,RF,651.6446050537992,5,RAIN,AVG
2001,HGB,742.0538180209247,5,RAIN,AVG
2002,GlobalClim,2201.7544650841455,5,RAIN,AVG
2002,DeptClim,1542.50529441074,5,RAIN,AVG
2002,Persist,867.4276745495991,5,RAIN,AVG
2002,Ridge,3316.167425467606,5,RAIN,AVG
2002,RF,1031.8729516661078,5,RAIN,AVG
2002,HGB,434.2688892809625,5,RAIN,AVG
2003,GlobalClim,14659.44045805116,5,RAIN,AVG
2003,DeptClim,4247.186142598417,5,RAIN,AVG
2003,Persist,16558.559664339253,5,RAIN,AVG
2003,Ridge,20404.7551859402,5,RAIN,AVG
2003,RF,7491.550404559103,5,RAIN,AVG
2003,HGB,10310.169515408197,5,RAIN,AVG
2004,GlobalClim,9689.792022118245,5,RAIN,AVG
2004,DeptClim,3268.7253539240146,5,RAIN,AVG
2004,Persist,2649.116526455397,5,RAIN,AVG
2004,Ridge,13576.050933472878,5,RAIN,AVG
2004,RF,3854.3554771673917,5,RAIN,AVG
2004,HGB,6785.013721722915,5,RAIN,AVG
2005,GlobalClim,4894.22450150277,5,RAIN,AVG
2005,DeptClim,2353.93138729162,5,RAIN,AVG
2005,Persist,2416.50045071968,5,RAIN,AVG
2005,Ridge,6268.649431940937,5,RAIN,AVG
2005,RF,1688.6609748052626,5,RAIN,AVG
2005,HGB,3059.302389900495,5,RAIN,AVG
2006,GlobalClim,3205.57883859948,5,RAIN,AVG
2006,DeptClim,4813.026099258409,5,RAIN,AVG
2006,Persist,3272.7051219345867,5,RAIN,AVG
2006,Ridge,3039.859788679555,5,RAIN,AVG
2006,RF,3588.4933577605325,5,RAIN,AVG
2006,HGB,2876.3028221514055,5,RAIN,AVG
2007,GlobalClim,4238.5192548568475,5,RAIN,AVG
2007,DeptClim,6640.329876599457,5,RAIN,AVG
2007,Persist,3623.91283622775,5,RAIN,AVG
2007,Ridge,2570.265495731974,5,RAIN,AVG
2007,RF,2644.471915793813,5,RAIN,AVG
2007,HGB,4121.08702356608,5,RAIN,AVG
2008,GlobalClim,4940.501668897485,5,RAIN,AVG
2008,DeptClim,7428.840744308354,5,RAIN,AVG
2008,Persist,4671.165996158498,5,RAIN,AVG
2008,Ridge,3975.729751996838,5,RAIN,AVG
2008,RF,3603.710121402788,5,RAIN,AVG
2008,HGB,4403.46921187483,5,RAIN,AVG
2009,GlobalClim,4613.635360205764,5,RAIN,AVG
2009,DeptClim,7145.159256175651,5,RAIN,AVG
2009,Persist,3068.9219993497522,5,RAIN,AVG
2009,Ridge,1937.062470713129,5,RAIN,AVG
2009,RF,1466.3567134969267,5,RAIN,AVG
2009,HGB,2838.0508315138977,5,RAIN,AVG
2010,GlobalClim,4195.5752700473495,5,RAIN,AVG
2010,DeptClim,6868.090741502316,5,RAIN,AVG
2010,Persist,3455.273008281527,5,RAIN,AVG
2010,Ridge,1360.6980262811637,5,RAIN,AVG
2010,RF,904.9623702022038,5,RAIN,AVG
2010,HGB,2510.6693757339085,5,RAIN,AVG
2011,GlobalClim,3610.572574086584,5,RAIN,AVG
2011,DeptClim,6214.989690604104,5,RAIN,AVG
2011,Persist,3390.8259481879795,5,RAIN,AVG
2011,Ridge,1076.4494257321044,5,RAIN,AVG
2011,RF,625.634019558954,5,RAIN,AVG
2011,HGB,2546.128232569612,5,RAIN,AVG
2012,GlobalClim,3855.4499613458383,5,RAIN,AVG
2012,DeptClim,6590.017052900826,5,RAIN,AVG
2012,Persist,3702.3194853033147,5,RAIN,AVG
2012,Ridge,1749.178381150725,5,RAIN,AVG
2012,RF,1132.3391796632714,5,RAIN,AVG
2012,HGB,2066.7796308094466,5,RAIN,AVG
2013,GlobalClim,3845.4044737097147,5,RAIN,AVG
2013,DeptClim,3586.335783010208,5,RAIN,AVG
2013,Persist,3530.8545383095525,5,RAIN,AVG
2013,Ridge,4603.807842214902,5,RAIN,AVG
2013,RF,4092.105458304277,5,RAIN,AVG
2013,HGB,3278.473468516133,5,RAIN,AVG
2014,GlobalClim,4492.178503521119,5,RAIN,AVG
2014,DeptClim,7143.89840122903,5,RAIN,AVG
2014,Persist,4136.168675361055,5,RAIN,AVG
2014,Ridge,1849.7898238504984,5,RAIN,AVG
2014,RF,2909.115200681775,5,RAIN,AVG
2014,HGB,2811.070762184693,5,RAIN,AVG
2015,GlobalClim,5388.20866506317,5,RAIN,AVG
2015,DeptClim,8097.640971416716,5,RAIN,AVG
2015,Persist,5120.664291723478,5,RAIN,AVG
2015,Ridge,2165.4458990696503,5,RAIN,AVG
2015,RF,2048.0692690479973,5,RAIN,AVG
2015,HGB,4097.285020539922,5,RAIN,AVG
2016,GlobalClim,5782.633121757165,5,RAIN,AVG
2016,DeptClim,8704.638576866177,5,RAIN,AVG
2016,Persist,5117.6123183470045,5,RAIN,AVG
2016,Ridge,3048.926990723141,5,RAIN,AVG
2016,RF,2770.8235477643143,5,RAIN,AVG
2016,HGB,4308.8674432011085,5,RAIN,AVG
2017,GlobalClim,5461.703629319201,5,RAIN,AVG
2017,DeptClim,8470.902054927637,5,RAIN,AVG
2017,Persist,5089.291824929134,5,RAIN,AVG
2017,Ridge,2894.580868502965,5,RAIN,AVG
2017,RF,3076.738170871317,5,RAIN,AVG
2017,HGB,7703.743357339296,5,RAIN,AVG
2018,GlobalClim,5331.6646858960885,5,RAIN,AVG
2018,DeptClim,7904.894938202275,5,RAIN,AVG
2018,Persist,5456.244648851534,5,RAIN,AVG
2018,Ridge,4378.155841314582,5,RAIN,AVG
2018,RF,3749.0173238581788,5,RAIN,AVG
2018,HGB,5482.012919278311,5,RAIN,AVG
2019,GlobalClim,4864.784104494749,5,RAIN,AVG
2019,DeptClim,7623.525888693069,5,RAIN,AVG
2019,Persist,7472.363412265596,5,RAIN,AVG
2019,Ridge,47725.38843507385,5,RAIN,AVG
2019,RF,17077.85146739026,5,RAIN,AVG
2019,HGB,13433.615016494641,5,RAIN,AVG
2020,GlobalClim,43044.46002240834,5,RAIN,AVG
2020,DeptClim,42075.73301735916,5,RAIN,AVG
2020,Persist,23044.901751738624,5,RAIN,AVG
2020,Ridge,42768.52297418532,5,RAIN,AVG
2020,RF,42525.68883500162,5,RAIN,AVG
2020,HGB,43032.92789326302,5,RAIN,AVG
2021,GlobalClim,5849.701066331531,5,RAIN,AVG
2021,DeptClim,8062.891901691181,5,RAIN,AVG
2021,Persist,5749.470522699459,5,RAIN,AVG
2021,Ridge,2863.82487594884,5,RAIN,AVG
2021,RF,2353.27872566974,5,RAIN,AVG
2021,HGB,6014.551160087487,5,RAIN,AVG
2022,GlobalClim,6141.251374705055,5,RAIN,AVG
2022,DeptClim,8656.819319540522,5,RAIN,AVG
2022,Persist,7743.931297879008,5,RAIN,AVG
2022,Ridge,3368.8391890162334,5,RAIN,AVG
2022,RF,1515.306269938194,5,RAIN,AVG
2022,HGB,5403.6261670381855,5,RAIN,AVG
2023,GlobalClim,7088.587796588185,5,RAIN,AVG
2023,DeptClim,9498.69832264573,5,RAIN,AVG
2023,Persist,7953.209137133123,5,RAIN,AVG
2023,Ridge,4301.789043561356,5,RAIN,AVG
2023,RF,3219.147234786556,5,RAIN,AVG
2023,HGB,6074.519472123185,5,RAIN,AVG
2024,GlobalClim,7759.180258343421,5,RAIN,AVG
2024,DeptClim,10525.171669062893,5,RAIN,AVG
2024,Persist,8090.678734283491,5,RAIN,AVG
2024,Ridge,4451.759486977319,5,RAIN,AVG
2024,RF,3591.8233825174634,5,RAIN,AVG
2024,HGB,6695.126645494704,5,RAIN,AVG
2001,GlobalClim,2808.698347551019,6,RAIN,AVG
2001,DeptClim,1734.1044957692382,6,RAIN,AVG
2001,Persist,909.6582986224239,6,RAIN,AVG
2001,Ridge,3486.1025964253963,6,RAIN,AVG
2001,RF,688.760839920087,6,RAIN,AVG
2001,HGB,909.8274983988928,6,RAIN,AVG
2002,GlobalClim,2072.079382793149,6,RAIN,AVG
2002,DeptClim,1340.4547425415494,6,RAIN,AVG
2002,Persist,1248.0035429328334,6,RAIN,AVG
2002,Ridge,2494.223510600164,6,RAIN,AVG
2002,RF,1139.389885563382,6,RAIN,AVG
2002,HGB,1063.05755100863,6,RAIN,AVG
2003,GlobalClim,16257.118972162756,6,RAIN,AVG
2003,DeptClim,3424.592833786634,6,RAIN,AVG
2003,Persist,977.6744427763722,6,RAIN,AVG
2003,Ridge,23223.090486251447,6,RAIN,AVG
2003,RF,12468.40131595538,6,RAIN,AVG
2003,HGB,15299.014863820885,6,RAIN,AVG
2004,GlobalClim,10422.943096849547,6,RAIN,AVG
2004,DeptClim,2091.5067914483316,6,RAIN,AVG
2004,Persist,1980.9204463813292,6,RAIN,AVG
2004,Ridge,15168.01692138468,6,RAIN,AVG
2004,RF,6793.040093216824,6,RAIN,AVG
2004,HGB,9703.668857928995,6,RAIN,AVG
2005,GlobalClim,5078.526880020394,6,RAIN,AVG
2005,DeptClim,1771.8759085770382,6,RAIN,AVG
2005,Persist,1742.1395920027626,6,RAIN,AVG
2005,Ridge,6872.255948270507,6,RAIN,AVG
2005,RF,4617.325408577693,6,RAIN,AVG
2005,HGB,5292.921284693064,6,RAIN,AVG
2006,GlobalClim,2962.7759361863787,6,RAIN,AVG
2006,DeptClim,5205.070387335513,6,RAIN,AVG
2006,Persist,2735.27219957925,6,RAIN,AVG
2006,Ridge,3279.7452897293783,6,RAIN,AVG
2006,RF,4280.926377752517,6,RAIN,AVG
2006,HGB,2546.8201046002932,6,RAIN,AVG
2007,GlobalClim,4178.18386530759,6,RAIN,AVG
2007,DeptClim,7111.326060976929,6,RAIN,AVG
2007,Persist,3002.9502231952706,6,RAIN,AVG
2007,Ridge,2613.9218881079437,6,RAIN,AVG
2007,RF,2064.351005834279,6,RAIN,AVG
2007,HGB,3438.9057459070027,6,RAIN,AVG
2008,GlobalClim,3719.9057598249124,6,RAIN,AVG
2008,DeptClim,6791.739609212595,6,RAIN,AVG
2008,Persist,4264.438096453167,6,RAIN,AVG
2008,Ridge,2298.5287676173702,6,RAIN,AVG
2008,RF,2207.3063704667175,6,RAIN,AVG
2008,HGB,2544.0417912286757,6,RAIN,AVG
2009,GlobalClim,4593.317281246624,6,RAIN,AVG
2009,DeptClim,7932.583886480747,6,RAIN,AVG
2009,Persist,3220.639660466637,6,RAIN,AVG
2009,Ridge,2155.8568088038237,6,RAIN,AVG
2009,RF,1711.3630733254033,6,RAIN,AVG
2009,HGB,3553.7854264117177,6,RAIN,AVG
2010,GlobalClim,4041.8942626409294,6,RAIN,AVG
2010,DeptClim,7315.760932548097,6,RAIN,AVG
2010,Persist,3115.5547262735063,6,RAIN,AVG
2010,Ridge,1449.57888469747,6,RAIN,AVG
2010,RF,1338.6744169439335,6,RAIN,AVG
2010,HGB,2948.8330220913695,6,RAIN,AVG
2011,GlobalClim,3851.6546392346518,6,RAIN,AVG
2011,DeptClim,6955.64379627399,6,RAIN,AVG
2011,Persist,3714.7128729845285,6,RAIN,AVG
2011,Ridge,1313.8592382756044,6,RAIN,AVG
2011,RF,818.6207721637297,6,RAIN,AVG
2011,HGB,2347.8379404300154,6,RAIN,AVG
2012,GlobalClim,4086.2244898583317,6,RAIN,AVG
2012,DeptClim,7339.389479257888,6,RAIN,AVG
2012,Persist,4086.4100776853898,6,RAIN,AVG
2012,Ridge,1834.5972426096794,6,RAIN,AVG
2012,RF,1344.1480682735337,6,RAIN,AVG
2012,HGB,3201.2062542478966,6,RAIN,AVG
2013,GlobalClim,4269.962909652844,6,RAIN,AVG
2013,DeptClim,7452.632229202839,6,RAIN,AVG
2013,Persist,8897.020852888314,6,RAIN,AVG
2013,Ridge,1476.996027990958,6,RAIN,AVG
2013,RF,1087.2460621848657,6,RAIN,AVG
2013,HGB,2498.8341947818426,6,RAIN,AVG
2014,GlobalClim,4730.071579089154,6,RAIN,AVG
2014,DeptClim,7907.609423607126,6,RAIN,AVG
2014,Persist,4627.240633618387,6,RAIN,AVG
2014,Ridge,1848.8664422532145,6,RAIN,AVG
2014,RF,1483.5132590932556,6,RAIN,AVG
2014,HGB,3704.6467889137875,6,RAIN,AVG
2015,GlobalClim,5157.172277829852,6,RAIN,AVG
2015,DeptClim,8331.597857110875,6,RAIN,AVG
2015,Persist,4431.903936273423,6,RAIN,AVG
2015,Ridge,1982.380410015742,6,RAIN,AVG
2015,RF,1748.851905072505,6,RAIN,AVG
2015,HGB,3288.574818949638,6,RAIN,AVG
2016,GlobalClim,5881.423087535901,6,RAIN,AVG
2016,DeptClim,9155.024116564682,6,RAIN,AVG
2016,Persist,4871.807098427971,6,RAIN,AVG
2016,Ridge,3289.0062606793326,6,RAIN,AVG
2016,RF,3127.0639016336413,6,RAIN,AVG
2016,HGB,4808.862472078432,6,RAIN,AVG
2017,GlobalClim,6344.327186284809,6,RAIN,AVG
2017,DeptClim,9794.519141833,6,RAIN,AVG
2017,Persist,6049.914017586926,6,RAIN,AVG
2017,Ridge,3779.04059047871,6,RAIN,AVG
2017,RF,3386.941465879283,6,RAIN,AVG
2017,HGB,5421.0010875216285,6,RAIN,AVG
2018,GlobalClim,6724.926981377211,6,RAIN,AVG
2018,DeptClim,9838.610991487672,6,RAIN,AVG
2018,Persist,6956.347682448892,6,RAIN,AVG
2018,Ridge,5143.553012291809,6,RAIN,AVG
2018,RF,4297.982631551826,6,RAIN,AVG
2018,HGB,10996.827788905559,6,RAIN,AVG
2019,GlobalClim,18180.284343544103,6,RAIN,AVG
2019,DeptClim,15770.045596915905,6,RAIN,AVG
2019,Persist,18329.79661274265,6,RAIN,AVG
2019,Ridge,47507.20112079466,6,RAIN,AVG
2019,RF,7942.885566374598,6,RAIN,AVG
2019,HGB,10865.657088709642,6,RAIN,AVG
2020,GlobalClim,35123.81959685841,6,RAIN,AVG
2020,DeptClim,33261.432485721096,6,RAIN,AVG
2020,Persist,9383.932475781472,6,RAIN,AVG
2020,Ridge,27488.730117789404,6,RAIN,AVG
2020,RF,28987.399723300114,6,RAIN,AVG
2020,HGB,30792.490455736337,6,RAIN,AVG
2021,GlobalClim,7166.272998937904,6,RAIN,AVG
2021,DeptClim,10555.998622918887,6,RAIN,AVG
2021,Persist,9609.333953528007,6,RAIN,AVG
2021,Ridge,5512.946117545026,6,RAIN,AVG
2021,RF,4669.987208757318,6,RAIN,AVG
2021,HGB,9338.810949186429,6,RAIN,AVG
2022,GlobalClim,7092.991363373616,6,RAIN,AVG
2022,DeptClim,10376.00253187424,6,RAIN,AVG
2022,Persist,7748.943746023152,6,RAIN,AVG
2022,Ridge,4602.165432147173,6,RAIN,AVG
2022,RF,2910.695974192202,6,RAIN,AVG
2022,HGB,6961.1490113599,6,RAIN,AVG
2023,GlobalClim,8768.4806132029,6,RAIN,AVG
2023,DeptClim,11858.17661849464,6,RAIN,AVG
2023,Persist,9275.605817200896,6,RAIN,AVG
2023,Ridge,6089.926342683959,6,RAIN,AVG
2023,RF,4778.416058058734,6,RAIN,AVG
2023,HGB,8214.51244382488,6,RAIN,AVG
2024,GlobalClim,9416.245012860589,6,RAIN,AVG
2024,DeptClim,12555.938012061504,6,RAIN,AVG
2024,Persist,9136.767274517271,6,RAIN,AVG
2024,Ridge,5951.199711890082,6,RAIN,AVG
2024,RF,6010.44368255631,6,RAIN,AVG
2024,HGB,8639.641542431234,6,RAIN,AVG
2001,GlobalClim,3011.9494014826514,7,RAIN,AVG
2001,DeptClim,1661.0631696960875,7,RAIN,AVG
2001,Persist,960.4206105372541,7,RAIN,AVG
2001,Ridge,3506.6925994708045,7,RAIN,AVG
2001,RF,859.1387746379139,7,RAIN,AVG
2001,HGB,526.3709006329167,7,RAIN,AVG
2002,GlobalClim,2147.9611188442714,7,RAIN,AVG
2002,DeptClim,1255.929620672832,7,RAIN,AVG
2002,Persist,1999.7906633484754,7,RAIN,AVG
2002,Ridge,2517.6188424784164,7,RAIN,AVG
2002,RF,1898.4484514747805,7,RAIN,AVG
2002,HGB,2021.224079476664,7,RAIN,AVG
2003,GlobalClim,22189.36672081084,7,RAIN,AVG
2003,DeptClim,4385.832738136301,7,RAIN,AVG
2003,Persist,5402.4515964348675,7,RAIN,AVG
2003,Ridge,35596.09630269339,7,RAIN,AVG
2003,RF,31990.86875399358,7,RAIN,AVG
2003,HGB,20690.877677636603,7,RAIN,AVG
2004,GlobalClim,15818.185799375586,7,RAIN,AVG
2004,DeptClim,2105.0596250824988,7,RAIN,AVG
2004,Persist,2087.885519127213,7,RAIN,AVG
2004,Ridge,26640.966438836163,7,RAIN,AVG
2004,RF,24267.68916961472,7,RAIN,AVG
2004,HGB,14613.969033138372,7,RAIN,AVG
2005,GlobalClim,3425.989050249387,7,RAIN,AVG
2005,DeptClim,8005.78811513099,7,RAIN,AVG
2005,Persist,7913.189887714143,7,RAIN,AVG
2005,Ridge,5021.7223474228185,7,RAIN,AVG
2005,RF,3212.143618583823,7,RAIN,AVG
2005,HGB,3707.10999296893,7,RAIN,AVG
2006,GlobalClim,2660.313292481141,7,RAIN,AVG
2006,DeptClim,6074.229901241671,7,RAIN,AVG
2006,Persist,2095.1588401499334,7,RAIN,AVG
2006,Ridge,4999.6155375186145,7,RAIN,AVG
2006,RF,4041.9361745813467,7,RAIN,AVG
2006,HGB,3110.430522653249,7,RAIN,AVG
2007,GlobalClim,3314.7823506529617,7,RAIN,AVG
2007,DeptClim,7188.880914747685,7,RAIN,AVG
2007,Persist,1752.1508955398663,7,RAIN,AVG
2007,Ridge,3909.5073301724087,7,RAIN,AVG
2007,RF,2271.850649368828,7,RAIN,AVG
2007,HGB,5810.812856778957,7,RAIN,AVG
2008,GlobalClim,3633.5503098918985,7,RAIN,AVG
2008,DeptClim,7878.150541785349,7,RAIN,AVG
2008,Persist,2797.8949829480507,7,RAIN,AVG
2008,Ridge,3253.6070029113484,7,RAIN,AVG
2008,RF,1756.3411321970814,7,RAIN,AVG
2008,HGB,4751.59490238492,7,RAIN,AVG
2009,GlobalClim,4809.608184169041,7,RAIN,AVG
2009,DeptClim,8967.664080791836,7,RAIN,AVG
2009,Persist,3391.635867667076,7,RAIN,AVG
2009,Ridge,1992.4397831649983,7,RAIN,AVG
2009,RF,1367.6142598889583,7,RAIN,AVG
2009,HGB,5152.588520479888,7,RAIN,AVG
2010,GlobalClim,4085.4137541285754,7,RAIN,AVG
2010,DeptClim,8486.901628567413,7,RAIN,AVG
2010,Persist,3229.1346210393854,7,RAIN,AVG
2010,Ridge,2572.983044197971,7,RAIN,AVG
2010,RF,1417.4415976287896,7,RAIN,AVG
2010,HGB,2876.2041762683234,7,RAIN,AVG
2011,GlobalClim,4460.466446670122,7,RAIN,AVG
2011,DeptClim,8796.392971214504,7,RAIN,AVG
2011,Persist,4274.393981222341,7,RAIN,AVG
2011,Ridge,1718.239819627161,7,RAIN,AVG
2011,RF,780.6663951324825,7,RAIN,AVG
2011,HGB,2789.918049107756,7,RAIN,AVG
2012,GlobalClim,4887.019496723474,7,RAIN,AVG
2012,DeptClim,9340.413966899714,7,RAIN,AVG
2012,Persist,4931.408897689137,7,RAIN,AVG
2012,Ridge,1854.360724490156,7,RAIN,AVG
2012,RF,1132.1356449427008,7,RAIN,AVG
2012,HGB,3173.1385994605885,7,RAIN,AVG
2013,GlobalClim,5286.210903614228,7,RAIN,AVG
2013,DeptClim,9599.086669378572,7,RAIN,AVG
2013,Persist,5308.477237048202,7,RAIN,AVG
2013,Ridge,1760.0159453165575,7,RAIN,AVG
2013,RF,2143.019683256623,7,RAIN,AVG
2013,HGB,5051.001966405445,7,RAIN,AVG
2014,GlobalClim,5964.653963462731,7,RAIN,AVG
2014,DeptClim,10261.825059727576,7,RAIN,AVG
2014,Persist,5905.42153063382,7,RAIN,AVG
2014,Ridge,2063.3711677281694,7,RAIN,AVG
2014,RF,2883.4032576970367,7,RAIN,AVG
2014,HGB,4176.21835632343,7,RAIN,AVG
2015,GlobalClim,6396.61420098237,7,RAIN,AVG
2015,DeptClim,10682.08964254532,7,RAIN,AVG
2015,Persist,6461.958239934947,7,RAIN,AVG
2015,Ridge,2373.0996113333417,7,RAIN,AVG
2015,RF,2422.116522306247,7,RAIN,AVG
2015,HGB,4574.444497960904,7,RAIN,AVG
2016,GlobalClim,7427.385740378966,7,RAIN,AVG
2016,DeptClim,11926.27827414509,7,RAIN,AVG
2016,Persist,7099.331959573051,7,RAIN,AVG
2016,Ridge,3776.1543349034355,7,RAIN,AVG
2016,RF,3645.3259458495145,7,RAIN,AVG
2016,HGB,7992.920460040131,7,RAIN,AVG
2017,GlobalClim,8344.121602020998,7,RAIN,AVG
2017,DeptClim,12816.680998877357,7,RAIN,AVG
2017,Persist,8398.781968561556,7,RAIN,AVG
2017,Ridge,4211.969169294786,7,RAIN,AVG
2017,RF,2391.5164148694053,7,RAIN,AVG
2017,HGB,15610.624524478942,7,RAIN,AVG
2018,GlobalClim,9289.317608477804,7,RAIN,AVG
2018,DeptClim,13614.408361258076,7,RAIN,AVG
2018,Persist,8566.34831470337,7,RAIN,AVG
2018,Ridge,6742.173988810511,7,RAIN,AVG
2018,RF,5091.736693431601,7,RAIN,AVG
2018,HGB,12666.761554378634,7,RAIN,AVG
2019,GlobalClim,43537.87091156078,7,RAIN,AVG
2019,DeptClim,41006.11557681739,7,RAIN,AVG
2019,Persist,21943.995688943432,7,RAIN,AVG
2019,Ridge,24466.561559947757,7,RAIN,AVG
2019,RF,33256.62147112985,7,RAIN,AVG
2019,HGB,35071.9788437066,7,RAIN,AVG
2020,GlobalClim,38120.24340953368,7,RAIN,AVG
2020,DeptClim,35264.659126437575,7,RAIN,AVG
2020,Persist,3442.1584361046457,7,RAIN,AVG
2020,Ridge,19802.406388819098,7,RAIN,AVG
2020,RF,28627.12118011656,7,RAIN,AVG
2020,HGB,28586.278956704005,7,RAIN,AVG
2021,GlobalClim,10238.437280949276,7,RAIN,AVG
2021,DeptClim,14800.052794908483,7,RAIN,AVG
2021,Persist,10246.586671428315,7,RAIN,AVG
2021,Ridge,7723.982774468893,7,RAIN,AVG
2021,RF,5441.2370030095435,7,RAIN,AVG
2021,HGB,10864.571781480445,7,RAIN,AVG
2022,GlobalClim,12749.31529250939,7,RAIN,AVG
2022,DeptClim,17631.943041903614,7,RAIN,AVG
2022,Persist,15118.04544136281,7,RAIN,AVG
2022,Ridge,9350.321711885423,7,RAIN,AVG
2022,RF,7052.119745325479,7,RAIN,AVG
2022,HGB,12828.751148028836,7,RAIN,AVG
2023,GlobalClim,12687.75578443308,7,RAIN,AVG
2023,DeptClim,17122.08911756643,7,RAIN,AVG
2023,Persist,12261.317748466468,7,RAIN,AVG
2023,Ridge,8938.233039052919,7,RAIN,AVG
2023,RF,6829.47909492971,7,RAIN,AVG
2023,HGB,12497.888410364476,7,RAIN,AVG
2024,GlobalClim,14193.730672962613,7,RAIN,AVG
2024,DeptClim,18601.768400858808,7,RAIN,AVG
2024,Persist,13537.432551413516,7,RAIN,AVG
2024,Ridge,9065.102716040055,7,RAIN,AVG
2024,RF,11680.58203851697,7,RAIN,AVG
2024,HGB,14354.956292596904,7,RAIN,AVG
2001,GlobalClim,3150.4022158874423,8,RAIN,AVG
2001,DeptClim,1629.6255573295507,8,RAIN,AVG
2001,Persist,999.0681101799414,8,RAIN,AVG
2001,Ridge,3542.309588193907,8,RAIN,AVG
2001,RF,636.5093088370361,8,RAIN,AVG
2001,HGB,465.19354989383555,8,RAIN,AVG
2002,GlobalClim,3146.2899451695093,8,RAIN,AVG
2002,DeptClim,1850.9755954670848,8,RAIN,AVG
2002,Persist,995.5789102754561,8,RAIN,AVG
2002,Ridge,2657.1212828904136,8,RAIN,AVG
2002,RF,657.3382718468362,8,RAIN,AVG
2002,HGB,577.2513845477703,8,RAIN,AVG
2003,GlobalClim,4866.931827258815,8,RAIN,AVG
2003,DeptClim,14561.92223299862,8,RAIN,AVG
2003,Persist,12322.930694513041,8,RAIN,AVG
2003,Ridge,20690.997892237676,8,RAIN,AVG
2003,RF,20888.751593687295,8,RAIN,AVG
2003,HGB,8638.036850055618,8,RAIN,AVG
2004,GlobalClim,16625.123700916356,8,RAIN,AVG
2004,DeptClim,2412.408002721674,8,RAIN,AVG
2004,Persist,2921.233038108997,8,RAIN,AVG
2004,Ridge,28096.258237496026,8,RAIN,AVG
2004,RF,19898.367497212228,8,RAIN,AVG
2004,HGB,17277.20713150143,8,RAIN,AVG
2005,GlobalClim,5791.471683145148,8,RAIN,AVG
2005,DeptClim,2123.5207376990948,8,RAIN,AVG
2005,Persist,6389.841522619038,8,RAIN,AVG
2005,Ridge,9864.46121125778,8,RAIN,AVG
2005,RF,10090.523289555213,8,RAIN,AVG
2005,HGB,7973.521641571586,8,RAIN,AVG
2006,GlobalClim,3745.488967662504,8,RAIN,AVG
2006,DeptClim,7932.1872770898035,8,RAIN,AVG
2006,Persist,3346.7499916480033,8,RAIN,AVG
2006,Ridge,4628.272468988697,8,RAIN,AVG
2006,RF,2942.230479597258,8,RAIN,AVG
2006,HGB,3556.138825179184,8,RAIN,AVG
2007,GlobalClim,3481.0978095032665,8,RAIN,AVG
2007,DeptClim,7260.557783958629,8,RAIN,AVG
2007,Persist,2450.088307191734,8,RAIN,AVG
2007,Ridge,4081.574835826049,8,RAIN,AVG
2007,RF,2319.1581311285504,8,RAIN,AVG
2007,HGB,6769.887176996415,8,RAIN,AVG
2008,GlobalClim,3932.673674501538,8,RAIN,AVG
2008,DeptClim,8246.693463539557,8,RAIN,AVG
2008,Persist,3193.133139484915,8,RAIN,AVG
2008,Ridge,3086.7077204407833,8,RAIN,AVG
2008,RF,1739.7092017327216,8,RAIN,AVG
2008,HGB,4575.817631668551,8,RAIN,AVG
2009,GlobalClim,4733.326007085591,8,RAIN,AVG
2009,DeptClim,8966.389791588494,8,RAIN,AVG
2009,Persist,3112.099643637862,8,RAIN,AVG
2009,Ridge,2453.624460752673,8,RAIN,AVG
2009,RF,1352.5078291569737,8,RAIN,AVG
2009,HGB,3406.506514449613,8,RAIN,AVG
2010,GlobalClim,4537.439897048391,8,RAIN,AVG
2010,DeptClim,8942.909403344156,8,RAIN,AVG
2010,Persist,4106.034488092767,8,RAIN,AVG
2010,Ridge,2384.043215710745,8,RAIN,AVG
2010,RF,4616.592949322375,8,RAIN,AVG
2010,HGB,3713.1365033309253,8,RAIN,AVG
2011,GlobalClim,4675.710824105528,8,RAIN,AVG
2011,DeptClim,9037.922479958108,8,RAIN,AVG
2011,Persist,4363.758028158403,8,RAIN,AVG
2011,Ridge,1355.2627793857798,8,RAIN,AVG
2011,RF,1580.7595697637005,8,RAIN,AVG
2011,HGB,2905.112906568318,8,RAIN,AVG
2012,GlobalClim,5126.929008420753,8,RAIN,AVG
2012,DeptClim,9809.164710708297,8,RAIN,AVG
2012,Persist,5236.727015056413,8,RAIN,AVG
2012,Ridge,2079.8274927964367,8,RAIN,AVG
2012,RF,2070.664638472167,8,RAIN,AVG
2012,HGB,5737.821319226882,8,RAIN,AVG
2013,GlobalClim,5395.101951686529,8,RAIN,AVG
2013,DeptClim,9828.242259515242,8,RAIN,AVG
2013,Persist,5344.554675633662,8,RAIN,AVG
2013,Ridge,1568.6438138325495,8,RAIN,AVG
2013,RF,1109.6869638206401,8,RAIN,AVG
2013,HGB,4954.508585522566,8,RAIN,AVG
2014,GlobalClim,6208.5058037269155,8,RAIN,AVG
2014,DeptClim,10599.00424395683,8,RAIN,AVG
2014,Persist,6041.564070657564,8,RAIN,AVG
2014,Ridge,2083.174616006695,8,RAIN,AVG
2014,RF,1844.6637578673115,8,RAIN,AVG
2014,HGB,4281.250912048585,8,RAIN,AVG
2015,GlobalClim,6705.596355755782,8,RAIN,AVG
2015,DeptClim,11055.553386724208,8,RAIN,AVG
2015,Persist,6597.721824495995,8,RAIN,AVG
2015,Ridge,2208.244797228557,8,RAIN,AVG
2015,RF,2253.3391641329526,8,RAIN,AVG
2015,HGB,5578.910332317598,8,RAIN,AVG
2016,GlobalClim,8644.509602169834,8,RAIN,AVG
2016,DeptClim,13388.390481133201,8,RAIN,AVG
2016,Persist,8392.546805737678,8,RAIN,AVG
2016,Ridge,4253.379434098636,8,RAIN,AVG
2016,RF,5552.15352912724,8,RAIN,AVG
2016,HGB,10127.939430103384,8,RAIN,AVG
2017,GlobalClim,8400.587767222707,8,RAIN,AVG
2017,DeptClim,13164.904186060548,8,RAIN,AVG
2017,Persist,7816.904456807523,8,RAIN,AVG
2017,Ridge,4170.674101689682,8,RAIN,AVG
2017,RF,3526.9226790775515,8,RAIN,AVG
2017,HGB,8279.92331964454,8,RAIN,AVG
2018,GlobalClim,9410.097843657442,8,RAIN,AVG
2018,DeptClim,13940.512800308543,8,RAIN,AVG
2018,Persist,9144.812560689757,8,RAIN,AVG
2018,Ridge,6088.279031718129,8,RAIN,AVG
2018,RF,9024.237262226266,8,RAIN,AVG
2018,HGB,13472.113841374892,8,RAIN,AVG
2019,GlobalClim,54468.84599517915,8,RAIN,AVG
2019,DeptClim,52355.3348420901,8,RAIN,AVG
2019,Persist,7513.344196650276,8,RAIN,AVG
2019,Ridge,25997.29041920422,8,RAIN,AVG
2019,RF,44421.51730667398,8,RAIN,AVG
2019,HGB,47292.395714687555,8,RAIN,AVG
2020,GlobalClim,30315.157774360443,8,RAIN,AVG
2020,DeptClim,27076.122943445655,8,RAIN,AVG
2020,Persist,13065.717617749027,8,RAIN,AVG
2020,Ridge,15580.981426731805,8,RAIN,AVG
2020,RF,21054.184617285777,8,RAIN,AVG
2020,HGB,18694.15129967387,8,RAIN,AVG
2021,GlobalClim,10385.016922022534,8,RAIN,AVG
2021,DeptClim,15084.21109232335,8,RAIN,AVG
2021,Persist,10533.184754310014,8,RAIN,AVG
2021,Ridge,6968.59654047417,8,RAIN,AVG
2021,RF,5050.557320447575,8,RAIN,AVG
2021,HGB,10561.808633023946,8,RAIN,AVG
2022,GlobalClim,12042.454282601646,8,RAIN,AVG
2022,DeptClim,16731.274064010107,8,RAIN,AVG
2022,Persist,11426.976163629348,8,RAIN,AVG
2022,Ridge,8717.75254341778,8,RAIN,AVG
2022,RF,3438.5427307113096,8,RAIN,AVG
2022,HGB,11942.143589948142,8,RAIN,AVG
2023,GlobalClim,12865.96221894129,8,RAIN,AVG
2023,DeptClim,17330.97820522468,8,RAIN,AVG
2023,Persist,12825.839798814994,8,RAIN,AVG
2023,Ridge,8906.603716703594,8,RAIN,AVG
2023,RF,10156.14018215786,8,RAIN,AVG
2023,HGB,11600.933829928541,8,RAIN,AVG
2024,GlobalClim,14819.941123411012,8,RAIN,AVG
2024,DeptClim,19227.31837492933,8,RAIN,AVG
2024,Persist,13884.859427844614,8,RAIN,AVG
2024,Ridge,9513.516732166565,8,RAIN,AVG
2024,RF,7978.400836324415,8,RAIN,AVG
2024,HGB,14716.665788806353,8,RAIN,AVG
2001,GlobalClim,3642.175690545364,9,RAIN,AVG
2001,DeptClim,2059.2959223572843,9,RAIN,AVG
2001,Persist,1025.14067183779,9,RAIN,AVG
2001,Ridge,5105.4632298195065,9,RAIN,AVG
2001,RF,688.3919426850985,9,RAIN,AVG
2001,HGB,619.3973546009568,9,RAIN,AVG
2002,GlobalClim,6602.014095095286,9,RAIN,AVG
2002,DeptClim,30543.42561237382,9,RAIN,AVG
2002,Persist,1028.6964576800408,9,RAIN,AVG
2002,Ridge,16702.683875410705,9,RAIN,AVG
2002,RF,17840.74540209947,9,RAIN,AVG
2002,HGB,8788.168009489325,9,RAIN,AVG
2003,GlobalClim,19612.15322655556,9,RAIN,AVG
2003,DeptClim,1179.007631359437,9,RAIN,AVG
2003,Persist,23205.512910804926,9,RAIN,AVG
2003,Ridge,32901.068995240166,9,RAIN,AVG
2003,RF,13714.754644340488,9,RAIN,AVG
2003,HGB,31563.809836196255,9,RAIN,AVG
2004,GlobalClim,15144.044791300395,9,RAIN,AVG
2004,DeptClim,2444.1097688188806,9,RAIN,AVG
2004,Persist,3850.4891741478336,9,RAIN,AVG
2004,Ridge,26601.612843023762,9,RAIN,AVG
2004,RF,10866.125685049135,9,RAIN,AVG
2004,HGB,25307.378967092696,9,RAIN,AVG
2005,GlobalClim,5949.558242093166,9,RAIN,AVG
2005,DeptClim,2998.9244932473903,9,RAIN,AVG
2005,Persist,2088.6688066849783,9,RAIN,AVG
2005,Ridge,10334.19966523477,9,RAIN,AVG
2005,RF,6927.103498646679,9,RAIN,AVG
2005,HGB,9503.069743579106,9,RAIN,AVG
2006,GlobalClim,5748.759098907906,9,RAIN,AVG
2006,DeptClim,11694.83803234322,9,RAIN,AVG
2006,Persist,3695.260590634004,9,RAIN,AVG
2006,Ridge,5263.983699373999,9,RAIN,AVG
2006,RF,5263.588744512591,9,RAIN,AVG
2006,HGB,3121.674111518309,9,RAIN,AVG
2007,GlobalClim,5363.657643012807,9,RAIN,AVG
2007,DeptClim,11079.373108342696,9,RAIN,AVG
2007,Persist,4239.494543699233,9,RAIN,AVG
2007,Ridge,4199.538280200316,9,RAIN,AVG
2007,RF,3266.541006511283,9,RAIN,AVG
2007,HGB,3338.169641283145,9,RAIN,AVG
2008,GlobalClim,6037.702910384173,9,RAIN,AVG
2008,DeptClim,11758.859554105898,9,RAIN,AVG
2008,Persist,4908.7519869748585,9,RAIN,AVG
2008,Ridge,3044.809093136582,9,RAIN,AVG
2008,RF,3502.3754657834434,9,RAIN,AVG
2008,HGB,1596.28512053879,9,RAIN,AVG
2009,GlobalClim,6871.59580608992,9,RAIN,AVG
2009,DeptClim,12780.75107513821,9,RAIN,AVG
2009,Persist,5170.320477527013,9,RAIN,AVG
2009,Ridge,2786.3421743668882,9,RAIN,AVG
2009,RF,1379.0230617908753,9,RAIN,AVG
2009,HGB,2445.6397401992485,9,RAIN,AVG
2010,GlobalClim,6864.175078014349,9,RAIN,AVG
2010,DeptClim,12902.461630225005,9,RAIN,AVG
2010,Persist,6034.295423246073,9,RAIN,AVG
2010,Ridge,3054.7715147677773,9,RAIN,AVG
2010,RF,5704.828831156775,9,RAIN,AVG
2010,HGB,2061.534301957693,9,RAIN,AVG
2011,GlobalClim,4610.087718069442,9,RAIN,AVG
2011,DeptClim,9678.350187435217,9,RAIN,AVG
2011,Persist,3713.990538857027,9,RAIN,AVG
2011,Ridge,4190.945977276893,9,RAIN,AVG
2011,RF,3243.943671435161,9,RAIN,AVG
2011,HGB,1340.7018466344987,9,RAIN,AVG
2012,GlobalClim,6882.202126750898,9,RAIN,AVG
2012,DeptClim,12608.108406454436,9,RAIN,AVG
2012,Persist,6933.895000820072,9,RAIN,AVG
2012,Ridge,2675.623342591127,9,RAIN,AVG
2012,RF,1216.9807760363763,9,RAIN,AVG
2012,HGB,2386.1742223084593,9,RAIN,AVG
2013,GlobalClim,3892.8385829456333,9,RAIN,AVG
2013,DeptClim,5999.145648202622,9,RAIN,AVG
2013,Persist,2242.2718410077696,9,RAIN,AVG
2013,Ridge,6535.317521571212,9,RAIN,AVG
2013,RF,6522.8007841423905,9,RAIN,AVG
2013,HGB,5016.0100642437355,9,RAIN,AVG
2014,GlobalClim,6045.818817486722,9,RAIN,AVG
2014,DeptClim,11296.78551080246,9,RAIN,AVG
2014,Persist,5408.149911763699,9,RAIN,AVG
2014,Ridge,2882.1767601294036,9,RAIN,AVG
2014,RF,2193.909958768257,9,RAIN,AVG
2014,HGB,1866.4649453316736,9,RAIN,AVG
2015,GlobalClim,9751.366045517065,9,RAIN,AVG
2015,DeptClim,15492.286712182937,9,RAIN,AVG
2015,Persist,9554.218952307789,9,RAIN,AVG
2015,Ridge,3749.2619392843585,9,RAIN,AVG
2015,RF,3230.3758601204795,9,RAIN,AVG
2015,HGB,5986.813507627867,9,RAIN,AVG
2016,GlobalClim,10020.947647117238,9,RAIN,AVG
2016,DeptClim,16145.998425022502,9,RAIN,AVG
2016,Persist,9148.454851989743,9,RAIN,AVG
2016,Ridge,3652.8610075945344,9,RAIN,AVG
2016,RF,3029.0751534358615,9,RAIN,AVG
2016,HGB,5677.971430001927,9,RAIN,AVG
2017,GlobalClim,9890.101373733947,9,RAIN,AVG
2017,DeptClim,15836.301008143271,9,RAIN,AVG
2017,Persist,9410.381096876925,9,RAIN,AVG
2017,Ridge,4069.8356879244166,9,RAIN,AVG
2017,RF,5025.443000775352,9,RAIN,AVG
2017,HGB,5637.9414132374,9,RAIN,AVG
2018,GlobalClim,10662.102149981569,9,RAIN,AVG
2018,DeptClim,16531.634448173056,9,RAIN,AVG
2018,Persist,9952.237065694473,9,RAIN,AVG
2018,Ridge,6518.443524440377,9,RAIN,AVG
2018,RF,6835.723545706423,9,RAIN,AVG
2018,HGB,8570.188774814682,9,RAIN,AVG
2019,GlobalClim,78909.58888121662,9,RAIN,AVG
2019,DeptClim,76287.68468950907,9,RAIN,AVG
2019,Persist,20982.743979098075,9,RAIN,AVG
2019,Ridge,40898.219436667416,9,RAIN,AVG
2019,RF,71655.35975557852,9,RAIN,AVG
2019,HGB,74050.50805405364,9,RAIN,AVG
2020,GlobalClim,20114.574720763307,9,RAIN,AVG
2020,DeptClim,15053.771726268234,9,RAIN,AVG
2020,Persist,16429.891534767645,9,RAIN,AVG
2020,Ridge,22132.002574247123,9,RAIN,AVG
2020,RF,12989.104868904067,9,RAIN,AVG
2020,HGB,4876.812916679018,9,RAIN,AVG
2021,GlobalClim,12174.09370522755,9,RAIN,AVG
2021,DeptClim,17881.21144333251,9,RAIN,AVG
2021,Persist,11804.282820089395,9,RAIN,AVG
2021,Ridge,9618.728213187605,9,RAIN,AVG
2021,RF,13828.800766917273,9,RAIN,AVG
2021,HGB,9509.150703055464,9,RAIN,AVG
2022,GlobalClim,13635.61474079708,9,RAIN,AVG
2022,DeptClim,19525.547874328557,9,RAIN,AVG
2022,Persist,12909.626112414287,9,RAIN,AVG
2022,Ridge,8209.768479842514,9,RAIN,AVG
2022,RF,6073.738430039181,9,RAIN,AVG
2022,HGB,9724.449363352272,9,RAIN,AVG
2023,GlobalClim,14893.115254504743,9,RAIN,AVG
2023,DeptClim,20664.977190094058,9,RAIN,AVG
2023,Persist,14881.284128422485,9,RAIN,AVG
2023,Ridge,10039.16428276253,9,RAIN,AVG
2023,RF,9520.38069760017,9,RAIN,AVG
2023,HGB,10943.471000573194,9,RAIN,AVG
2024,GlobalClim,16112.18652750233,9,RAIN,AVG
2024,DeptClim,21962.433552623224,9,RAIN,AVG
2024,Persist,18516.19600494218,9,RAIN,AVG
2024,Ridge,10943.479139308938,9,RAIN,AVG
2024,RF,8829.3172577285,9,RAIN,AVG
2024,HGB,12864.975168420782,9,RAIN,AVG
2001,GlobalClim,3954.103615003358,10,RAIN,AVG
2001,DeptClim,1945.5972361277898,10,RAIN,AVG
2001,Persist,1002.7135796809773,10,RAIN,AVG
2001,Ridge,7255.341499794004,10,RAIN,AVG
2001,RF,1421.6105833359732,10,RAIN,AVG
2001,HGB,3156.375795678282,10,RAIN,AVG
2002,GlobalClim,45468.8423135416,10,RAIN,AVG
2002,DeptClim,74134.17300917309,10,RAIN,AVG
2002,Persist,42823.422766314376,10,RAIN,AVG
2002,Ridge,35219.363589433124,10,RAIN,AVG
2002,RF,25499.881376368685,10,RAIN,AVG
2002,HGB,39132.82328388064,10,RAIN,AVG
2003,GlobalClim,29797.82643190113,10,RAIN,AVG
2003,DeptClim,8770.647549021869,10,RAIN,AVG
2003,Persist,9234.432009515656,10,RAIN,AVG
2003,Ridge,32909.57846473748,10,RAIN,AVG
2003,RF,7404.214688343976,10,RAIN,AVG
2003,HGB,25913.362917534912,10,RAIN,AVG
2004,GlobalClim,25951.204516490947,10,RAIN,AVG
2004,DeptClim,8020.552932956104,10,RAIN,AVG
2004,Persist,9213.456433320216,10,RAIN,AVG
2004,Ridge,28326.938782182056,10,RAIN,AVG
2004,RF,10359.45864172686,10,RAIN,AVG
2004,HGB,20321.842359172104,10,RAIN,AVG
2005,GlobalClim,11007.900678339209,10,RAIN,AVG
2005,DeptClim,3930.5181030842377,10,RAIN,AVG
2005,Persist,4513.759672093119,10,RAIN,AVG
2005,Ridge,12073.178737873945,10,RAIN,AVG
2005,RF,4964.6014801889005,10,RAIN,AVG
2005,HGB,9857.061871423715,10,RAIN,AVG
2006,GlobalClim,10699.718078402251,10,RAIN,AVG
2006,DeptClim,18107.159490962204,10,RAIN,AVG
2006,Persist,9719.439822798666,10,RAIN,AVG
2006,Ridge,8014.139399101535,10,RAIN,AVG
2006,RF,3647.724256000001,10,RAIN,AVG
2006,HGB,9411.9619996354,10,RAIN,AVG
2007,GlobalClim,10658.008478574442,10,RAIN,AVG
2007,DeptClim,18020.672967623956,10,RAIN,AVG
2007,Persist,9808.675412272918,10,RAIN,AVG
2007,Ridge,7383.171274628413,10,RAIN,AVG
2007,RF,2792.456721651976,10,RAIN,AVG
2007,HGB,9031.495989764697,10,RAIN,AVG
2008,GlobalClim,9971.424798971962,10,RAIN,AVG
2008,DeptClim,16961.805502554926,10,RAIN,AVG
2008,Persist,8758.876596544002,10,RAIN,AVG
2008,Ridge,7423.483139453842,10,RAIN,AVG
2008,RF,3382.412262499491,10,RAIN,AVG
2008,HGB,8276.45332099318,10,RAIN,AVG
2009,GlobalClim,9863.381255824537,10,RAIN,AVG
2009,DeptClim,16803.311369356546,10,RAIN,AVG
2009,Persist,8403.358628423299,10,RAIN,AVG
2009,Ridge,6369.451110299439,10,RAIN,AVG
2009,RF,1237.671839039178,10,RAIN,AVG
2009,HGB,7234.328635855902,10,RAIN,AVG
2010,GlobalClim,10074.954062677953,10,RAIN,AVG
2010,DeptClim,17356.404680960717,10,RAIN,AVG
2010,Persist,8969.1993424201,10,RAIN,AVG
2010,Ridge,7804.854147329191,10,RAIN,AVG
2010,RF,16333.190398986259,10,RAIN,AVG
2010,HGB,8471.463609916449,10,RAIN,AVG
2011,GlobalClim,7303.415540508607,10,RAIN,AVG
2011,DeptClim,3433.0819180094177,10,RAIN,AVG
2011,Persist,3734.0408634554155,10,RAIN,AVG
2011,Ridge,9037.161371502218,10,RAIN,AVG
2011,RF,9536.906467195322,10,RAIN,AVG
2011,HGB,8861.420723492722,10,RAIN,AVG
2012,GlobalClim,8493.18213476878,10,RAIN,AVG
2012,DeptClim,15309.82259354442,10,RAIN,AVG
2012,Persist,8279.927899718256,10,RAIN,AVG
2012,Ridge,5749.333051214069,10,RAIN,AVG
2012,RF,8149.510384804753,10,RAIN,AVG
2012,HGB,9023.184754394904,10,RAIN,AVG
2013,GlobalClim,12119.487900437955,10,RAIN,AVG
2013,DeptClim,6080.946158011336,10,RAIN,AVG
2013,Persist,4383.553419712221,10,RAIN,AVG
2013,Ridge,13555.33507686094,10,RAIN,AVG
2013,RF,10290.877255265696,10,RAIN,AVG
2013,HGB,13589.612068977824,10,RAIN,AVG
2014,GlobalClim,7843.498425936912,10,RAIN,AVG
2014,DeptClim,3968.063030362366,10,RAIN,AVG
2014,Persist,4327.339595263284,10,RAIN,AVG
2014,Ridge,9298.564878673033,10,RAIN,AVG
2014,RF,6646.862633493711,10,RAIN,AVG
2014,HGB,7932.209407200469,10,RAIN,AVG
2015,GlobalClim,12168.103600164904,10,RAIN,AVG
2015,DeptClim,6450.587833323355,10,RAIN,AVG
2015,Persist,12491.01967339847,10,RAIN,AVG
2015,Ridge,14159.551617029874,10,RAIN,AVG
2015,RF,18125.32019298073,10,RAIN,AVG
2015,HGB,13447.805651058772,10,RAIN,AVG
2016,GlobalClim,8959.965645334714,10,RAIN,AVG
2016,DeptClim,15767.688829352483,10,RAIN,AVG
2016,Persist,7981.160383297042,10,RAIN,AVG
2016,Ridge,5143.6808399356705,10,RAIN,AVG
2016,RF,1760.614848865841,10,RAIN,AVG
2016,HGB,6786.919981256651,10,RAIN,AVG
2017,GlobalClim,8700.287050787712,10,RAIN,AVG
2017,DeptClim,15482.834524132928,10,RAIN,AVG
2017,Persist,8221.692800182567,10,RAIN,AVG
2017,Ridge,5231.367509164641,10,RAIN,AVG
2017,RF,2352.65800527362,10,RAIN,AVG
2017,HGB,6599.055526529922,10,RAIN,AVG
2018,GlobalClim,8366.827304181203,10,RAIN,AVG
2018,DeptClim,15129.539850662435,10,RAIN,AVG
2018,Persist,7703.8462143399265,10,RAIN,AVG
2018,Ridge,6414.7865351244245,10,RAIN,AVG
2018,RF,6540.146163279429,10,RAIN,AVG
2018,HGB,7551.771314978974,10,RAIN,AVG
2019,GlobalClim,43660.06746070816,10,RAIN,AVG
2019,DeptClim,38453.76351645455,10,RAIN,AVG
2019,Persist,39018.86573340204,10,RAIN,AVG
2019,Ridge,45257.06360898294,10,RAIN,AVG
2019,RF,46562.89777212181,10,RAIN,AVG
2019,HGB,44433.09032989774,10,RAIN,AVG
2020,GlobalClim,8385.346640248295,10,RAIN,AVG
2020,DeptClim,14730.67925542723,10,RAIN,AVG
2020,Persist,35194.88223230924,10,RAIN,AVG
2020,Ridge,41760.67989988092,10,RAIN,AVG
2020,RF,22020.980029988168,10,RAIN,AVG
2020,HGB,10002.634618533604,10,RAIN,AVG
2021,GlobalClim,7750.554798883669,10,RAIN,AVG
2021,DeptClim,13990.313186524952,10,RAIN,AVG
2021,Persist,7886.742698778028,10,RAIN,AVG
2021,Ridge,4974.946082090195,10,RAIN,AVG
2021,RF,1713.7624627842179,10,RAIN,AVG
2021,HGB,8741.064088576797,10,RAIN,AVG
2022,GlobalClim,8068.150345244959,10,RAIN,AVG
2022,DeptClim,14704.716333171811,10,RAIN,AVG
2022,Persist,7562.4596183934145,10,RAIN,AVG
2022,Ridge,5192.130868321969,10,RAIN,AVG
2022,RF,4953.869689168482,10,RAIN,AVG
2022,HGB,5707.680308209755,10,RAIN,AVG
2023,GlobalClim,9071.18446705066,10,RAIN,AVG
2023,DeptClim,15420.198089906025,10,RAIN,AVG
2023,Persist,7931.178067114558,10,RAIN,AVG
2023,Ridge,5905.890753279597,10,RAIN,AVG
2023,RF,5174.425423107801,10,RAIN,AVG
2023,HGB,8402.339984427097,10,RAIN,AVG
2024,GlobalClim,8831.659434928233,10,RAIN,AVG
2024,DeptClim,15122.72168186581,10,RAIN,AVG
2024,Persist,7975.518232495268,10,RAIN,AVG
2024,Ridge,5932.070283129813,10,RAIN,AVG
2024,RF,4124.752580603612,10,RAIN,AVG
2024,HGB,7518.331252107517,10,RAIN,AVG
2001,GlobalClim,4473.4293350934095,11,RAIN,AVG
2001,DeptClim,2134.4465272384664,11,RAIN,AVG
2001,Persist,921.7988826825167,11,RAIN,AVG
2001,Ridge,7472.140577800979,11,RAIN,AVG
2001,RF,1331.4931881054213,11,RAIN,AVG
2001,HGB,5694.763124307695,11,RAIN,AVG
2002,GlobalClim,41547.025056003185,11,RAIN,AVG
2002,DeptClim,74305.38380655753,11,RAIN,AVG
2002,Persist,40147.43625746927,11,RAIN,AVG
2002,Ridge,31438.21627305535,11,RAIN,AVG
2002,RF,27345.932130997197,11,RAIN,AVG
2002,HGB,32402.687050283275,11,RAIN,AVG
2003,GlobalClim,32299.814391935008,11,RAIN,AVG
2003,DeptClim,7945.904137710003,11,RAIN,AVG
2003,Persist,22977.513886377354,11,RAIN,AVG
2003,Ridge,35542.720559008296,11,RAIN,AVG
2003,RF,5612.6205836334275,11,RAIN,AVG
2003,HGB,27705.460672211924,11,RAIN,AVG
2004,GlobalClim,24543.629329298717,11,RAIN,AVG
2004,DeptClim,6071.239414330858,11,RAIN,AVG
2004,Persist,20371.222633038993,11,RAIN,AVG
2004,Ridge,26751.633809021052,11,RAIN,AVG
2004,RF,3032.4578941969544,11,RAIN,AVG
2004,HGB,22975.266370245226,11,RAIN,AVG
2005,GlobalClim,11364.253944983588,11,RAIN,AVG
2005,DeptClim,3386.304336501283,11,RAIN,AVG
2005,Persist,8593.75131908212,11,RAIN,AVG
2005,Ridge,12371.646926714528,11,RAIN,AVG
2005,RF,3624.5343850933145,11,RAIN,AVG
2005,HGB,9924.985910362435,11,RAIN,AVG
2006,GlobalClim,10691.085523981137,11,RAIN,AVG
2006,DeptClim,19115.069880861953,11,RAIN,AVG
2006,Persist,10432.63877805603,11,RAIN,AVG
2006,Ridge,7597.840348835735,11,RAIN,AVG
2006,RF,1412.1136826084232,11,RAIN,AVG
2006,HGB,8362.30228297187,11,RAIN,AVG
2007,GlobalClim,11961.877776278317,11,RAIN,AVG
2007,DeptClim,20795.793294098374,11,RAIN,AVG
2007,Persist,11286.863788097506,11,RAIN,AVG
2007,Ridge,8434.407462212635,11,RAIN,AVG
2007,RF,1946.9648062584522,11,RAIN,AVG
2007,HGB,10948.069761481041,11,RAIN,AVG
2008,GlobalClim,10731.64423502935,11,RAIN,AVG
2008,DeptClim,18639.364859371042,11,RAIN,AVG
2008,Persist,9718.176902569063,11,RAIN,AVG
2008,Ridge,8312.771600616932,11,RAIN,AVG
2008,RF,4330.189424096189,11,RAIN,AVG
2008,HGB,9091.516714182271,11,RAIN,AVG
2009,GlobalClim,10406.627755449397,11,RAIN,AVG
2009,DeptClim,18369.5001613042,11,RAIN,AVG
2009,Persist,9544.926436980424,11,RAIN,AVG
2009,Ridge,6755.217171573764,11,RAIN,AVG
2009,RF,756.3698570836311,11,RAIN,AVG
2009,HGB,8230.626985202425,11,RAIN,AVG
2010,GlobalClim,10794.40228303432,11,RAIN,AVG
2010,DeptClim,19164.294036701773,11,RAIN,AVG
2010,Persist,9850.097685282977,11,RAIN,AVG
2010,Ridge,8609.792326503315,11,RAIN,AVG
2010,RF,19778.15221979585,11,RAIN,AVG
2010,HGB,9934.747077121598,11,RAIN,AVG
2011,GlobalClim,6739.80665342005,11,RAIN,AVG
2011,DeptClim,4562.503923439477,11,RAIN,AVG
2011,Persist,8844.005163480828,11,RAIN,AVG
2011,Ridge,7939.927580459797,11,RAIN,AVG
2011,RF,2067.5010418485585,11,RAIN,AVG
2011,HGB,5679.048198923458,11,RAIN,AVG
2012,GlobalClim,9779.216529536301,11,RAIN,AVG
2012,DeptClim,17397.483173589113,11,RAIN,AVG
2012,Persist,9566.608511924824,11,RAIN,AVG
2012,Ridge,6790.106480162541,11,RAIN,AVG
2012,RF,2058.170363062108,11,RAIN,AVG
2012,HGB,11621.477537950846,11,RAIN,AVG
2013,GlobalClim,11098.321278840409,11,RAIN,AVG
2013,DeptClim,4628.293233220414,11,RAIN,AVG
2013,Persist,8631.156236974342,11,RAIN,AVG
2013,Ridge,12439.160988732096,11,RAIN,AVG
2013,RF,4929.469285147124,11,RAIN,AVG
2013,HGB,14961.919567025778,11,RAIN,AVG
2014,GlobalClim,7154.740213972069,11,RAIN,AVG
2014,DeptClim,5184.202646701072,11,RAIN,AVG
2014,Persist,8926.901084607442,11,RAIN,AVG
2014,Ridge,8000.99828978413,11,RAIN,AVG
2014,RF,2848.0373076764668,11,RAIN,AVG
2014,HGB,6642.339502389009,11,RAIN,AVG
2015,GlobalClim,10799.257325360246,11,RAIN,AVG
2015,DeptClim,18416.97573657582,11,RAIN,AVG
2015,Persist,27502.615361459557,11,RAIN,AVG
2015,Ridge,7526.731590839149,11,RAIN,AVG
2015,RF,3768.548181414061,11,RAIN,AVG
2015,HGB,9521.341432689404,11,RAIN,AVG
2016,GlobalClim,10614.353546994425,11,RAIN,AVG
2016,DeptClim,18296.44656488185,11,RAIN,AVG
2016,Persist,9741.87446284109,11,RAIN,AVG
2016,Ridge,6861.226056707341,11,RAIN,AVG
2016,RF,3584.513248587588,11,RAIN,AVG
2016,HGB,9003.123242562497,11,RAIN,AVG
2017,GlobalClim,10578.217667283105,11,RAIN,AVG
2017,DeptClim,18499.381948369013,11,RAIN,AVG
2017,Persist,9938.747167772013,11,RAIN,AVG
2017,Ridge,7305.723167954044,11,RAIN,AVG
2017,RF,5492.154870500503,11,RAIN,AVG
2017,HGB,11196.992795974229,11,RAIN,AVG
2018,GlobalClim,43807.81157098621,11,RAIN,AVG
2018,DeptClim,37577.284995939226,11,RAIN,AVG
2018,Persist,43746.66595805714,11,RAIN,AVG
2018,Ridge,46540.966943819185,11,RAIN,AVG
2018,RF,49033.31342989923,11,RAIN,AVG
2018,HGB,45674.404937263316,11,RAIN,AVG
2019,GlobalClim,35230.167640633306,11,RAIN,AVG
2019,DeptClim,28605.526367354156,11,RAIN,AVG
2019,Persist,12602.195103667998,11,RAIN,AVG
2019,Ridge,42529.307168931286,11,RAIN,AVG
2019,RF,40319.48789705081,11,RAIN,AVG
2019,HGB,36719.26365661828,11,RAIN,AVG
2020,GlobalClim,10535.69610434412,11,RAIN,AVG
2020,DeptClim,18103.93054739763,11,RAIN,AVG
2020,Persist,10027.774597961981,11,RAIN,AVG
2020,Ridge,26113.53224579682,11,RAIN,AVG
2020,RF,19988.52709114756,11,RAIN,AVG
2020,HGB,12004.890117361098,11,RAIN,AVG
2021,GlobalClim,11083.487601395815,11,RAIN,AVG
2021,DeptClim,18422.20683996638,11,RAIN,AVG
2021,Persist,10965.514770682476,11,RAIN,AVG
2021,Ridge,8159.34105426177,11,RAIN,AVG
2021,RF,4695.222139565011,11,RAIN,AVG
2021,HGB,12967.960912538008,11,RAIN,AVG
2022,GlobalClim,13507.09806392369,11,RAIN,AVG
2022,DeptClim,20515.257680934577,11,RAIN,AVG
2022,Persist,14862.580640723549,11,RAIN,AVG
2022,Ridge,10345.816694270186,11,RAIN,AVG
2022,RF,8674.320063688645,11,RAIN,AVG
2022,HGB,13412.526884426847,11,RAIN,AVG
2023,GlobalClim,12950.659210160766,11,RAIN,AVG
2023,DeptClim,20334.239020616707,11,RAIN,AVG
2023,Persist,12107.917744825943,11,RAIN,AVG
2023,Ridge,9508.89322909703,11,RAIN,AVG
2023,RF,5936.882234533435,11,RAIN,AVG
2023,HGB,11495.801560097594,11,RAIN,AVG
2024,GlobalClim,14105.360582192208,11,RAIN,AVG
2024,DeptClim,21292.56177182301,11,RAIN,AVG
2024,Persist,14346.506449946295,11,RAIN,AVG
2024,Ridge,13404.628820366568,11,RAIN,AVG
2024,RF,10592.615641783457,11,RAIN,AVG
2024,HGB,15050.099100382911,11,RAIN,AVG
2001,GlobalClim,4181.530336101577,12,RAIN,AVG
2001,DeptClim,2245.1623961536743,12,RAIN,AVG
2001,Persist,992.7505221647134,12,RAIN,AVG
2001,Ridge,6850.015007869395,12,RAIN,AVG
2001,RF,2533.4010153086856,12,RAIN,AVG
2001,HGB,2927.8461393126586,12,RAIN,AVG
2002,GlobalClim,42149.252538445246,12,RAIN,AVG
2002,DeptClim,74734.38256335795,12,RAIN,AVG
2002,Persist,41080.05597446741,12,RAIN,AVG
2002,Ridge,32992.01198076542,12,RAIN,AVG
2002,RF,15370.20782111073,12,RAIN,AVG
2002,HGB,30364.111421116926,12,RAIN,AVG
2003,GlobalClim,31885.893540443783,12,RAIN,AVG
2003,DeptClim,7699.771543086891,12,RAIN,AVG
2003,Persist,23505.577081245498,12,RAIN,AVG
2003,Ridge,33280.642387444015,12,RAIN,AVG
2003,RF,7848.140146327186,12,RAIN,AVG
2003,HGB,21623.24193438669,12,RAIN,AVG
2004,GlobalClim,24305.36417708577,12,RAIN,AVG
2004,DeptClim,5627.136325753957,12,RAIN,AVG
2004,Persist,18621.309056572365,12,RAIN,AVG
2004,Ridge,25168.922015683132,12,RAIN,AVG
2004,RF,5879.058368696624,12,RAIN,AVG
2004,HGB,22836.355437847604,12,RAIN,AVG
2005,GlobalClim,11194.258124033793,12,RAIN,AVG
2005,DeptClim,2952.405486749591,12,RAIN,AVG
2005,Persist,8760.964868760297,12,RAIN,AVG
2005,Ridge,11723.493654984768,12,RAIN,AVG
2005,RF,2572.943433577841,12,RAIN,AVG
2005,HGB,9253.009594654011,12,RAIN,AVG
2006,GlobalClim,10488.182530368964,12,RAIN,AVG
2006,DeptClim,18947.43083391799,12,RAIN,AVG
2006,Persist,10238.764397194498,12,RAIN,AVG
2006,Ridge,7947.799271636659,12,RAIN,AVG
2006,RF,1944.947128567422,12,RAIN,AVG
2006,HGB,9150.576859645485,12,RAIN,AVG
2007,GlobalClim,10252.690471829445,12,RAIN,AVG
2007,DeptClim,18883.84585106074,12,RAIN,AVG
2007,Persist,9041.78603420201,12,RAIN,AVG
2007,Ridge,7065.059507294132,12,RAIN,AVG
2007,RF,1304.1345353566294,12,RAIN,AVG
2007,HGB,9769.582498322232,12,RAIN,AVG
2008,GlobalClim,10971.409663422432,12,RAIN,AVG
2008,DeptClim,19171.714732347795,12,RAIN,AVG
2008,Persist,10915.087790045685,12,RAIN,AVG
2008,Ridge,8264.438558400663,12,RAIN,AVG
2008,RF,2475.092061742077,12,RAIN,AVG
2008,HGB,9430.23386711609,12,RAIN,AVG
2009,GlobalClim,9392.803118587419,12,RAIN,AVG
2009,DeptClim,17340.351846891263,12,RAIN,AVG
2009,Persist,8741.480294202618,12,RAIN,AVG
2009,Ridge,6365.280781928209,12,RAIN,AVG
2009,RF,5101.914847492451,12,RAIN,AVG
2009,HGB,7739.138660920824,12,RAIN,AVG
2010,GlobalClim,9717.926959003229,12,RAIN,AVG
2010,DeptClim,17973.844274292926,12,RAIN,AVG
2010,Persist,9042.41145924706,12,RAIN,AVG
2010,Ridge,6385.10508816765,12,RAIN,AVG
2010,RF,1500.7652587569921,12,RAIN,AVG
2010,HGB,8086.119497372809,12,RAIN,AVG
2011,GlobalClim,6489.998218986487,12,RAIN,AVG
2011,DeptClim,4127.116981446948,12,RAIN,AVG
2011,Persist,8888.51320797188,12,RAIN,AVG
2011,Ridge,8040.754939030149,12,RAIN,AVG
2011,RF,3987.5708990712537,12,RAIN,AVG
2011,HGB,6507.093263790459,12,RAIN,AVG
2012,GlobalClim,9434.73324556041,12,RAIN,AVG
2012,DeptClim,17615.35844966071,12,RAIN,AVG
2012,Persist,9518.364724401277,12,RAIN,AVG
2012,Ridge,7491.100651970178,12,RAIN,AVG
2012,RF,8052.804352162658,12,RAIN,AVG
2012,HGB,9086.358684764506,12,RAIN,AVG
2013,GlobalClim,11014.163006337918,12,RAIN,AVG
2013,DeptClim,4565.389254155601,12,RAIN,AVG
2013,Persist,8585.766896031464,12,RAIN,AVG
2013,Ridge,12136.307664241951,12,RAIN,AVG
2013,RF,3904.4751433896836,12,RAIN,AVG
2013,HGB,11663.553909964205,12,RAIN,AVG
2014,GlobalClim,6908.088076091125,12,RAIN,AVG
2014,DeptClim,4771.5923010727065,12,RAIN,AVG
2014,Persist,8708.917500119027,12,RAIN,AVG
2014,Ridge,8127.066388242729,12,RAIN,AVG
2014,RF,3127.119243963369,12,RAIN,AVG
2014,HGB,7672.76824405036,12,RAIN,AVG
2015,GlobalClim,10833.79204784044,12,RAIN,AVG
2015,DeptClim,18717.054616273916,12,RAIN,AVG
2015,Persist,9994.383225079284,12,RAIN,AVG
2015,Ridge,7803.7485955288885,12,RAIN,AVG
2015,RF,3436.991539036826,12,RAIN,AVG
2015,HGB,9653.002904050018,12,RAIN,AVG
2016,GlobalClim,11149.608316340878,12,RAIN,AVG
2016,DeptClim,19086.713101596695,12,RAIN,AVG
2016,Persist,10610.764383783266,12,RAIN,AVG
2016,Ridge,7549.095377488998,12,RAIN,AVG
2016,RF,2409.309825340244,12,RAIN,AVG
2016,HGB,8223.28087828163,12,RAIN,AVG
2017,GlobalClim,10329.485795766774,12,RAIN,AVG
2017,DeptClim,18100.28198190627,12,RAIN,AVG
2017,Persist,10063.632119244929,12,RAIN,AVG
2017,Ridge,7186.533099041971,12,RAIN,AVG
2017,RF,2274.112169513151,12,RAIN,AVG
2017,HGB,7915.3354599988725,12,RAIN,AVG
2018,GlobalClim,43974.14721896021,12,RAIN,AVG
2018,DeptClim,37746.64043573033,12,RAIN,AVG
2018,Persist,7431.576776391233,12,RAIN,AVG
2018,Ridge,46410.84154925675,12,RAIN,AVG
2018,RF,48407.759089493935,12,RAIN,AVG
2018,HGB,45170.12094938773,12,RAIN,AVG
2019,GlobalClim,32667.30833525655,12,RAIN,AVG
2019,DeptClim,25939.556533083614,12,RAIN,AVG
2019,Persist,9124.478618665944,12,RAIN,AVG
2019,Ridge,40014.141612665066,12,RAIN,AVG
2019,RF,37766.02597404484,12,RAIN,AVG
2019,HGB,33912.257700951515,12,RAIN,AVG
2020,GlobalClim,10427.272013045067,12,RAIN,AVG
2020,DeptClim,17832.591188213744,12,RAIN,AVG
2020,Persist,11017.6593665841,12,RAIN,AVG
2020,Ridge,24511.498855019803,12,RAIN,AVG
2020,RF,18868.556256513315,12,RAIN,AVG
2020,HGB,13790.816620821633,12,RAIN,AVG
2021,GlobalClim,10489.125561313678,12,RAIN,AVG
2021,DeptClim,18036.182020425367,12,RAIN,AVG
2021,Persist,10814.461405068425,12,RAIN,AVG
2021,Ridge,7515.9024332073095,12,RAIN,AVG
2021,RF,2232.145626869727,12,RAIN,AVG
2021,HGB,12191.129356910626,12,RAIN,AVG
2022,GlobalClim,11441.320745228566,12,RAIN,AVG
2022,DeptClim,19095.96752360355,12,RAIN,AVG
2022,Persist,9857.77734953805,12,RAIN,AVG
2022,Ridge,8530.49141840515,12,RAIN,AVG
2022,RF,7243.335113188558,12,RAIN,AVG
2022,HGB,10736.487097631567,12,RAIN,AVG
2023,GlobalClim,11728.791518386679,12,RAIN,AVG
2023,DeptClim,19384.2659993063,12,RAIN,AVG
2023,Persist,11251.887081096322,12,RAIN,AVG
2023,Ridge,8940.80620175195,12,RAIN,AVG
2023,RF,6152.133927746295,12,RAIN,AVG
2023,HGB,10583.366227143742,12,RAIN,AVG
2024,GlobalClim,12059.120459630087,12,RAIN,AVG
2024,DeptClim,19849.401349309755,12,RAIN,AVG
2024,Persist,12403.509949840292,12,RAIN,AVG
2024,Ridge,11181.29322224136,12,RAIN,AVG
2024,RF,8936.178254582032,12,RAIN,AVG
2024,HGB,12218.591222503692,12,RAIN,AVG
2001,GlobalClim,2968.4726284711637,2,RAIN,PRIMARY+SECONDARY
2001,DeptClim,1942.5148775561074,2,RAIN,PRIMARY+SECONDARY
2001,Persist,865.2180855834304,2,RAIN,PRIMARY+SECONDARY
2001,Ridge,5048.953099367274,2,RAIN,PRIMARY+SECONDARY
2001,RF,824.5543342041553,2,RAIN,PRIMARY+SECONDARY
2001,HGB,529.9024402981638,2,RAIN,PRIMARY+SECONDARY
2002,GlobalClim,2220.547958033425,2,RAIN,PRIMARY+SECONDARY
2002,DeptClim,1380.9800008491402,2,RAIN,PRIMARY+SECONDARY
2002,Persist,639.374689263852,2,RAIN,PRIMARY+SECONDARY
2002,Ridge,4409.1008753326805,2,RAIN,PRIMARY+SECONDARY
2002,RF,1040.560959209657,2,RAIN,PRIMARY+SECONDARY
2002,HGB,956.0664618852632,2,RAIN,PRIMARY+SECONDARY
2003,GlobalClim,14076.559898244881,2,RAIN,PRIMARY+SECONDARY
2003,DeptClim,1508.139583401142,2,RAIN,PRIMARY+SECONDARY
2003,Persist,3155.6307094532667,2,RAIN,PRIMARY+SECONDARY
2003,Ridge,23221.386983275595,2,RAIN,PRIMARY+SECONDARY
2003,RF,9552.996731058844,2,RAIN,PRIMARY+SECONDARY
2003,HGB,23512.804341285304,2,RAIN,PRIMARY+SECONDARY
2004,GlobalClim,9103.889107314459,2,RAIN,PRIMARY+SECONDARY
2004,DeptClim,1600.9586771346,2,RAIN,PRIMARY+SECONDARY
2004,Persist,3183.520898426753,2,RAIN,PRIMARY+SECONDARY
2004,Ridge,15734.65498073938,2,RAIN,PRIMARY+SECONDARY
2004,RF,5748.067009836486,2,RAIN,PRIMARY+SECONDARY
2004,HGB,15674.738211596077,2,RAIN,PRIMARY+SECONDARY
2005,GlobalClim,6030.18556042434,2,RAIN,PRIMARY+SECONDARY
2005,DeptClim,4124.78911874515,2,RAIN,PRIMARY+SECONDARY
2005,Persist,3039.2836586539925,2,RAIN,PRIMARY+SECONDARY
2005,Ridge,9125.245032083167,2,RAIN,PRIMARY+SECONDARY
2005,RF,5304.597483067861,2,RAIN,PRIMARY+SECONDARY
2005,HGB,9089.627543619086,2,RAIN,PRIMARY+SECONDARY
2006,GlobalClim,3408.8409773461462,2,RAIN,PRIMARY+SECONDARY
2006,DeptClim,6236.414654674369,2,RAIN,PRIMARY+SECONDARY
2006,Persist,3187.8557649718036,2,RAIN,PRIMARY+SECONDARY
2006,Ridge,3458.5398871288758,2,RAIN,PRIMARY+SECONDARY
2006,RF,3108.2536305795825,2,RAIN,PRIMARY+SECONDARY
2006,HGB,2053.2785019606795,2,RAIN,PRIMARY+SECONDARY
2007,GlobalClim,4463.522252385507,2,RAIN,PRIMARY+SECONDARY
2007,DeptClim,7866.714337613177,2,RAIN,PRIMARY+SECONDARY
2007,Persist,3604.2694344788165,2,RAIN,PRIMARY+SECONDARY
2007,Ridge,2411.28596443712,2,RAIN,PRIMARY+SECONDARY
2007,RF,2248.3251984871054,2,RAIN,PRIMARY+SECONDARY
2007,HGB,2149.8701825852168,2,RAIN,PRIMARY+SECONDARY
2008,GlobalClim,4899.129204838234,2,RAIN,PRIMARY+SECONDARY
2008,DeptClim,8613.679593052728,2,RAIN,PRIMARY+SECONDARY
2008,Persist,3905.7179802214782,2,RAIN,PRIMARY+SECONDARY
2008,Ridge,3837.7243470703884,2,RAIN,PRIMARY+SECONDARY
2008,RF,2310.549985768518,2,RAIN,PRIMARY+SECONDARY
2008,HGB,3145.3516375414174,2,RAIN,PRIMARY+SECONDARY
2009,GlobalClim,4786.219834266472,2,RAIN,PRIMARY+SECONDARY
2009,DeptClim,8193.793079990965,2,RAIN,PRIMARY+SECONDARY
2009,Persist,3574.1659702077495,2,RAIN,PRIMARY+SECONDARY
2009,Ridge,2366.855288871846,2,RAIN,PRIMARY+SECONDARY
2009,RF,1418.343686137743,2,RAIN,PRIMARY+SECONDARY
2009,HGB,3323.7964978637933,2,RAIN,PRIMARY+SECONDARY
2010,GlobalClim,5037.323036857588,2,RAIN,PRIMARY+SECONDARY
2010,DeptClim,8471.508643381214,2,RAIN,PRIMARY+SECONDARY
2010,Persist,3682.6659964839087,2,RAIN,PRIMARY+SECONDARY
2010,Ridge,2146.0438158682355,2,RAIN,PRIMARY+SECONDARY
2010,RF,2005.738131684503,2,RAIN,PRIMARY+SECONDARY
2010,HGB,2140.8536733719498,2,RAIN,PRIMARY+SECONDARY
2011,GlobalClim,3972.997570194123,2,RAIN,PRIMARY+SECONDARY
2011,DeptClim,7241.97174971312,2,RAIN,PRIMARY+SECONDARY
2011,Persist,3802.1873339283115,2,RAIN,PRIMARY+SECONDARY
2011,Ridge,1716.0917081830723,2,RAIN,PRIMARY+SECONDARY
2011,RF,2970.6327007297514,2,RAIN,PRIMARY+SECONDARY
2011,HGB,1506.5671061948412,2,RAIN,PRIMARY+SECONDARY
2012,GlobalClim,15049.540270767975,2,RAIN,PRIMARY+SECONDARY
2012,DeptClim,16533.567744920183,2,RAIN,PRIMARY+SECONDARY
2012,Persist,17214.616258144437,2,RAIN,PRIMARY+SECONDARY
2012,Ridge,15448.381111489509,2,RAIN,PRIMARY+SECONDARY
2012,RF,15028.04717353512,2,RAIN,PRIMARY+SECONDARY
2012,HGB,15090.872474793774,2,RAIN,PRIMARY+SECONDARY
2013,GlobalClim,4008.8451377900137,2,RAIN,PRIMARY+SECONDARY
2013,DeptClim,7316.730568615351,2,RAIN,PRIMARY+SECONDARY
2013,Persist,3980.908267985886,2,RAIN,PRIMARY+SECONDARY
2013,Ridge,1621.475599313779,2,RAIN,PRIMARY+SECONDARY
2013,RF,1316.6188499464317,2,RAIN,PRIMARY+SECONDARY
2013,HGB,1211.2857265052905,2,RAIN,PRIMARY+SECONDARY
2014,GlobalClim,4524.077943977077,2,RAIN,PRIMARY+SECONDARY
2014,DeptClim,7839.241857484052,2,RAIN,PRIMARY+SECONDARY
2014,Persist,4582.200531071165,2,RAIN,PRIMARY+SECONDARY
2014,Ridge,2318.1126789326545,2,RAIN,PRIMARY+SECONDARY
2014,RF,1835.3694438099649,2,RAIN,PRIMARY+SECONDARY
2014,HGB,1772.5507301962546,2,RAIN,PRIMARY+SECONDARY
2015,GlobalClim,5393.280042533795,2,RAIN,PRIMARY+SECONDARY
2015,DeptClim,8807.185768407191,2,RAIN,PRIMARY+SECONDARY
2015,Persist,5642.468339360456,2,RAIN,PRIMARY+SECONDARY
2015,Ridge,1998.0465349440967,2,RAIN,PRIMARY+SECONDARY
2015,RF,2001.5126671901273,2,RAIN,PRIMARY+SECONDARY
2015,HGB,2611.316834001223,2,RAIN,PRIMARY+SECONDARY
2016,GlobalClim,5956.654798921213,2,RAIN,PRIMARY+SECONDARY
2016,DeptClim,9371.219465590797,2,RAIN,PRIMARY+SECONDARY
2016,Persist,5221.343344878741,2,RAIN,PRIMARY+SECONDARY
2016,Ridge,2057.9627218145624,2,RAIN,PRIMARY+SECONDARY
2016,RF,1556.9950072402055,2,RAIN,PRIMARY+SECONDARY
2016,HGB,3096.4619142682004,2,RAIN,PRIMARY+SECONDARY
2017,GlobalClim,6039.924716164544,2,RAIN,PRIMARY+SECONDARY
2017,DeptClim,9396.517747498134,2,RAIN,PRIMARY+SECONDARY
2017,Persist,5392.351217088913,2,RAIN,PRIMARY+SECONDARY
2017,Ridge,2198.259213156225,2,RAIN,PRIMARY+SECONDARY
2017,RF,1114.7362227291032,2,RAIN,PRIMARY+SECONDARY
2017,HGB,3198.7096288618595,2,RAIN,PRIMARY+SECONDARY
2018,GlobalClim,8172.952995123638,2,RAIN,PRIMARY+SECONDARY
2018,DeptClim,11200.88153929875,2,RAIN,PRIMARY+SECONDARY
2018,Persist,7031.383986708524,2,RAIN,PRIMARY+SECONDARY
2018,Ridge,4965.0911961673355,2,RAIN,PRIMARY+SECONDARY
2018,RF,5682.166821969978,2,RAIN,PRIMARY+SECONDARY
2018,HGB,4903.959359713048,2,RAIN,PRIMARY+SECONDARY
2019,GlobalClim,51405.90014291004,2,RAIN,PRIMARY+SECONDARY
2019,DeptClim,50090.79670360285,2,RAIN,PRIMARY+SECONDARY
2019,Persist,4771.479598791245,2,RAIN,PRIMARY+SECONDARY
2019,Ridge,38764.828056109625,2,RAIN,PRIMARY+SECONDARY
2019,RF,45431.518488178095,2,RAIN,PRIMARY+SECONDARY
2019,HGB,48081.531330709506,2,RAIN,PRIMARY+SECONDARY
2020,GlobalClim,10655.08347343513,2,RAIN,PRIMARY+SECONDARY
2020,DeptClim,7639.245741665123,2,RAIN,PRIMARY+SECONDARY
2020,Persist,24073.596391672203,2,RAIN,PRIMARY+SECONDARY
2020,Ridge,35285.65212046504,2,RAIN,PRIMARY+SECONDARY
2020,RF,12247.844028604577,2,RAIN,PRIMARY+SECONDARY
2020,HGB,4562.076952543727,2,RAIN,PRIMARY+SECONDARY
2021,GlobalClim,6407.208647220505,2,RAIN,PRIMARY+SECONDARY
2021,DeptClim,9263.988694026657,2,RAIN,PRIMARY+SECONDARY
2021,Persist,5834.424890563164,2,RAIN,PRIMARY+SECONDARY
2021,Ridge,8663.900261010307,2,RAIN,PRIMARY+SECONDARY
2021,RF,5158.008908826065,2,RAIN,PRIMARY+SECONDARY
2021,HGB,4829.502594285059,2,RAIN,PRIMARY+SECONDARY
2022,GlobalClim,6545.224735580397,2,RAIN,PRIMARY+SECONDARY
2022,DeptClim,9896.291029787224,2,RAIN,PRIMARY+SECONDARY
2022,Persist,6870.269461972199,2,RAIN,PRIMARY+SECONDARY
2022,Ridge,6918.379730954231,2,RAIN,PRIMARY+SECONDARY
2022,RF,1990.8178469323818,2,RAIN,PRIMARY+SECONDARY
2022,HGB,4215.321854964772,2,RAIN,PRIMARY+SECONDARY
2023,GlobalClim,7380.120480673085,2,RAIN,PRIMARY+SECONDARY
2023,DeptClim,10582.40763522133,2,RAIN,PRIMARY+SECONDARY
2023,Persist,7568.803183830183,2,RAIN,PRIMARY+SECONDARY
2023,Ridge,7402.87255986969,2,RAIN,PRIMARY+SECONDARY
2023,RF,1775.464139891384,2,RAIN,PRIMARY+SECONDARY
2023,HGB,4557.715708403041,2,RAIN,PRIMARY+SECONDARY
2024,GlobalClim,8267.851291100405,2,RAIN,PRIMARY+SECONDARY
2024,DeptClim,11792.095062275648,2,RAIN,PRIMARY+SECONDARY
2024,Persist,8686.806312609056,2,RAIN,PRIMARY+SECONDARY
2024,Ridge,4293.682954248419,2,RAIN,PRIMARY+SECONDARY
2024,RF,5443.461949659817,2,RAIN,PRIMARY+SECONDARY
2024,HGB,6139.092515248827,2,RAIN,PRIMARY+SECONDARY
2025,GlobalClim,9572.249292210137,2,RAIN,PRIMARY+SECONDARY
2025,DeptClim,12969.547161072996,2,RAIN,PRIMARY+SECONDARY
2025,Persist,11785.648296569876,2,RAIN,PRIMARY+SECONDARY
2025,Ridge,10896.826504082352,2,RAIN,PRIMARY+SECONDARY
2025,RF,9347.506593459646,2,RAIN,PRIMARY+SECONDARY
2025,HGB,8719.361592570036,2,RAIN,PRIMARY+SECONDARY
2001,GlobalClim,2578.9886625543263,3,RAIN,PRIMARY+SECONDARY
2001,DeptClim,1909.8294079326342,3,RAIN,PRIMARY+SECONDARY
2001,Persist,533.9200740500673,3,RAIN,PRIMARY+SECONDARY
2001,Ridge,2459.9085815169146,3,RAIN,PRIMARY+SECONDARY
2001,RF,728.2650559867063,3,RAIN,PRIMARY+SECONDARY
2001,HGB,578.4798260732383,3,RAIN,PRIMARY+SECONDARY
2002,GlobalClim,1892.1644681584544,3,RAIN,PRIMARY+SECONDARY
2002,DeptClim,1397.9818744567854,3,RAIN,PRIMARY+SECONDARY
2002,Persist,1595.8340758848208,3,RAIN,PRIMARY+SECONDARY
2002,Ridge,1832.4219298751746,3,RAIN,PRIMARY+SECONDARY
2002,RF,1827.8101894920824,3,RAIN,PRIMARY+SECONDARY
2002,HGB,1444.3968116895144,3,RAIN,PRIMARY+SECONDARY
2003,GlobalClim,10678.065030432404,3,RAIN,PRIMARY+SECONDARY
2003,DeptClim,18296.185621453355,3,RAIN,PRIMARY+SECONDARY
2003,Persist,27540.530477899523,3,RAIN,PRIMARY+SECONDARY
2003,Ridge,6617.626795332966,3,RAIN,PRIMARY+SECONDARY
2003,RF,2418.4649726177126,3,RAIN,PRIMARY+SECONDARY
2003,HGB,6414.280941189395,3,RAIN,PRIMARY+SECONDARY
2004,GlobalClim,6016.666714802389,3,RAIN,PRIMARY+SECONDARY
2004,DeptClim,2398.192159995905,3,RAIN,PRIMARY+SECONDARY
2004,Persist,6306.742301196466,3,RAIN,PRIMARY+SECONDARY
2004,Ridge,7574.321026258497,3,RAIN,PRIMARY+SECONDARY
2004,RF,3642.961049872742,3,RAIN,PRIMARY+SECONDARY
2004,HGB,7640.547838248802,3,RAIN,PRIMARY+SECONDARY
2005,GlobalClim,4760.4082195616775,3,RAIN,PRIMARY+SECONDARY
2005,DeptClim,4396.762404614607,3,RAIN,PRIMARY+SECONDARY
2005,Persist,4567.466929411144,3,RAIN,PRIMARY+SECONDARY
2005,Ridge,4801.613617259889,3,RAIN,PRIMARY+SECONDARY
2005,RF,4846.325387627117,3,RAIN,PRIMARY+SECONDARY
2005,HGB,4918.123411710164,3,RAIN,PRIMARY+SECONDARY
2006,GlobalClim,3497.403111292608,3,RAIN,PRIMARY+SECONDARY
2006,DeptClim,5173.0576007537975,3,RAIN,PRIMARY+SECONDARY
2006,Persist,3295.00156471238,3,RAIN,PRIMARY+SECONDARY
2006,Ridge,2814.3730146680723,3,RAIN,PRIMARY+SECONDARY
2006,RF,2267.331060068849,3,RAIN,PRIMARY+SECONDARY
2006,HGB,2948.111043210749,3,RAIN,PRIMARY+SECONDARY
2007,GlobalClim,3861.7594778640673,3,RAIN,PRIMARY+SECONDARY
2007,DeptClim,5763.541685045174,3,RAIN,PRIMARY+SECONDARY
2007,Persist,3059.8041881044696,3,RAIN,PRIMARY+SECONDARY
2007,Ridge,2606.7986830475656,3,RAIN,PRIMARY+SECONDARY
2007,RF,2135.572501405825,3,RAIN,PRIMARY+SECONDARY
2007,HGB,4269.482106996838,3,RAIN,PRIMARY+SECONDARY
2008,GlobalClim,3764.781260422914,3,RAIN,PRIMARY+SECONDARY
2008,DeptClim,5777.8199495813005,3,RAIN,PRIMARY+SECONDARY
2008,Persist,3686.703159890542,3,RAIN,PRIMARY+SECONDARY
2008,Ridge,2235.1273327327544,3,RAIN,PRIMARY+SECONDARY
2008,RF,1246.5279914366297,3,RAIN,PRIMARY+SECONDARY
2008,HGB,2479.4308167600293,3,RAIN,PRIMARY+SECONDARY
2009,GlobalClim,4343.870507027622,3,RAIN,PRIMARY+SECONDARY
2009,DeptClim,6306.811909087137,3,RAIN,PRIMARY+SECONDARY
2009,Persist,3090.144228311137,3,RAIN,PRIMARY+SECONDARY
2009,Ridge,2616.9101457955494,3,RAIN,PRIMARY+SECONDARY
2009,RF,2160.707806186811,3,RAIN,PRIMARY+SECONDARY
2009,HGB,3138.1355573448836,3,RAIN,PRIMARY+SECONDARY
2010,GlobalClim,3806.296065034468,3,RAIN,PRIMARY+SECONDARY
2010,DeptClim,5656.748224616174,3,RAIN,PRIMARY+SECONDARY
2010,Persist,2406.4663244819744,3,RAIN,PRIMARY+SECONDARY
2010,Ridge,2226.1997271984555,3,RAIN,PRIMARY+SECONDARY
2010,RF,2184.961058170683,3,RAIN,PRIMARY+SECONDARY
2010,HGB,2522.9961119023124,3,RAIN,PRIMARY+SECONDARY
2011,GlobalClim,3980.995034899672,3,RAIN,PRIMARY+SECONDARY
2011,DeptClim,3513.5180126974756,3,RAIN,PRIMARY+SECONDARY
2011,Persist,2759.377490698992,3,RAIN,PRIMARY+SECONDARY
2011,Ridge,4134.372951716621,3,RAIN,PRIMARY+SECONDARY
2011,RF,1609.803302770096,3,RAIN,PRIMARY+SECONDARY
2011,HGB,2557.908255122549,3,RAIN,PRIMARY+SECONDARY
2012,GlobalClim,14900.996319632106,3,RAIN,PRIMARY+SECONDARY
2012,DeptClim,15645.928541480553,3,RAIN,PRIMARY+SECONDARY
2012,Persist,3839.126816553628,3,RAIN,PRIMARY+SECONDARY
2012,Ridge,15032.552148618535,3,RAIN,PRIMARY+SECONDARY
2012,RF,15347.473096977239,3,RAIN,PRIMARY+SECONDARY
2012,HGB,15073.375086602724,3,RAIN,PRIMARY+SECONDARY
2013,GlobalClim,4401.482001642315,3,RAIN,PRIMARY+SECONDARY
2013,DeptClim,3754.0535094089887,3,RAIN,PRIMARY+SECONDARY
2013,Persist,3349.985938642969,3,RAIN,PRIMARY+SECONDARY
2013,Ridge,4492.751331732512,3,RAIN,PRIMARY+SECONDARY
2013,RF,2708.2846872732794,3,RAIN,PRIMARY+SECONDARY
2013,HGB,4446.094938797662,3,RAIN,PRIMARY+SECONDARY
2014,GlobalClim,4622.649049376407,3,RAIN,PRIMARY+SECONDARY
2014,DeptClim,4263.862181637056,3,RAIN,PRIMARY+SECONDARY
2014,Persist,3317.2827687293943,3,RAIN,PRIMARY+SECONDARY
2014,Ridge,4686.326487619834,3,RAIN,PRIMARY+SECONDARY
2014,RF,3391.3215068606096,3,RAIN,PRIMARY+SECONDARY
2014,HGB,3076.810165722516,3,RAIN,PRIMARY+SECONDARY
2015,GlobalClim,3704.7860798711076,3,RAIN,PRIMARY+SECONDARY
2015,DeptClim,3998.8873489327725,3,RAIN,PRIMARY+SECONDARY
2015,Persist,2870.4450658801998,3,RAIN,PRIMARY+SECONDARY
2015,Ridge,3248.2650009938507,3,RAIN,PRIMARY+SECONDARY
2015,RF,2661.9314150602418,3,RAIN,PRIMARY+SECONDARY
2015,HGB,3066.93124475849,3,RAIN,PRIMARY+SECONDARY
2016,GlobalClim,4377.910557009982,3,RAIN,PRIMARY+SECONDARY
2016,DeptClim,6307.218328508562,3,RAIN,PRIMARY+SECONDARY
2016,Persist,3278.8341581605937,3,RAIN,PRIMARY+SECONDARY
2016,Ridge,2305.071617046126,3,RAIN,PRIMARY+SECONDARY
2016,RF,1666.5084847062553,3,RAIN,PRIMARY+SECONDARY
2016,HGB,2876.2133427749936,3,RAIN,PRIMARY+SECONDARY
2017,GlobalClim,3279.6668007059975,3,RAIN,PRIMARY+SECONDARY
2017,DeptClim,5162.905318127233,3,RAIN,PRIMARY+SECONDARY
2017,Persist,2440.650872522563,3,RAIN,PRIMARY+SECONDARY
2017,Ridge,1828.670157842783,3,RAIN,PRIMARY+SECONDARY
2017,RF,1256.7233935331133,3,RAIN,PRIMARY+SECONDARY
2017,HGB,2488.829624294056,3,RAIN,PRIMARY+SECONDARY
2018,GlobalClim,5394.057689547199,3,RAIN,PRIMARY+SECONDARY
2018,DeptClim,7088.277451521614,3,RAIN,PRIMARY+SECONDARY
2018,Persist,4100.273453735913,3,RAIN,PRIMARY+SECONDARY
2018,Ridge,4470.250999623863,3,RAIN,PRIMARY+SECONDARY
2018,RF,4201.442537812742,3,RAIN,PRIMARY+SECONDARY
2018,HGB,4552.591490464968,3,RAIN,PRIMARY+SECONDARY
2019,GlobalClim,10766.602718238006,3,RAIN,PRIMARY+SECONDARY
2019,DeptClim,9223.654623467071,3,RAIN,PRIMARY+SECONDARY
2019,Persist,42831.09658817381,3,RAIN,PRIMARY+SECONDARY
2019,Ridge,8989.980237701226,3,RAIN,PRIMARY+SECONDARY
2019,RF,8397.589168138347,3,RAIN,PRIMARY+SECONDARY
2019,HGB,9823.538705354678,3,RAIN,PRIMARY+SECONDARY
2020,GlobalClim,4352.169798687107,3,RAIN,PRIMARY+SECONDARY
2020,DeptClim,3298.2905731413175,3,RAIN,PRIMARY+SECONDARY
2020,Persist,12893.032465411436,3,RAIN,PRIMARY+SECONDARY
2020,Ridge,11524.364334027296,3,RAIN,PRIMARY+SECONDARY
2020,RF,4405.485880888476,3,RAIN,PRIMARY+SECONDARY
2020,HGB,4826.482355666046,3,RAIN,PRIMARY+SECONDARY
2021,GlobalClim,6804.451538120981,3,RAIN,PRIMARY+SECONDARY
2021,DeptClim,7077.673792776793,3,RAIN,PRIMARY+SECONDARY
2021,Persist,4749.883114955358,3,RAIN,PRIMARY+SECONDARY
2021,Ridge,6809.21003379898,3,RAIN,PRIMARY+SECONDARY
2021,RF,6172.264741337378,3,RAIN,PRIMARY+SECONDARY
2021,HGB,6320.528154331311,3,RAIN,PRIMARY+SECONDARY
2022,GlobalClim,5836.311546252374,3,RAIN,PRIMARY+SECONDARY
2022,DeptClim,7721.225995658907,3,RAIN,PRIMARY+SECONDARY
2022,Persist,7235.992154711442,3,RAIN,PRIMARY+SECONDARY
2022,Ridge,4825.15009254898,3,RAIN,PRIMARY+SECONDARY
2022,RF,3592.1954115120134,3,RAIN,PRIMARY+SECONDARY
2022,HGB,4328.831826511669,3,RAIN,PRIMARY+SECONDARY
2023,GlobalClim,3761.625809186564,3,RAIN,PRIMARY+SECONDARY
2023,DeptClim,4984.195319875196,3,RAIN,PRIMARY+SECONDARY
2023,Persist,3719.3424358699544,3,RAIN,PRIMARY+SECONDARY
2023,Ridge,2360.5321837543106,3,RAIN,PRIMARY+SECONDARY
2023,RF,1291.9192002849622,3,RAIN,PRIMARY+SECONDARY
2023,HGB,2326.673400295777,3,RAIN,PRIMARY+SECONDARY
2024,GlobalClim,5122.913316827449,3,RAIN,PRIMARY+SECONDARY
2024,DeptClim,6440.471105598962,3,RAIN,PRIMARY+SECONDARY
2024,Persist,4255.859056413081,3,RAIN,PRIMARY+SECONDARY
2024,Ridge,3018.201921662418,3,RAIN,PRIMARY+SECONDARY
2024,RF,2566.5035030048075,3,RAIN,PRIMARY+SECONDARY
2024,HGB,3202.2823731988537,3,RAIN,PRIMARY+SECONDARY
2025,GlobalClim,5995.1169527590955,3,RAIN,PRIMARY+SECONDARY
2025,DeptClim,7742.863722793064,3,RAIN,PRIMARY+SECONDARY
2025,Persist,5061.369616339869,3,RAIN,PRIMARY+SECONDARY
2025,Ridge,5737.799853675854,3,RAIN,PRIMARY+SECONDARY
2025,RF,5064.094362048965,3,RAIN,PRIMARY+SECONDARY
2025,HGB,6955.257401255724,3,RAIN,PRIMARY+SECONDARY
2001,GlobalClim,2460.7654720909413,4,RAIN,PRIMARY+SECONDARY
2001,DeptClim,1802.1088929873063,4,RAIN,PRIMARY+SECONDARY
2001,Persist,477.46879963579346,4,RAIN,PRIMARY+SECONDARY
2001,Ridge,2663.956890466313,4,RAIN,PRIMARY+SECONDARY
2001,RF,873.9469334778239,4,RAIN,PRIMARY+SECONDARY
2001,HGB,2624.825683084956,4,RAIN,PRIMARY+SECONDARY
2002,GlobalClim,1838.961584013074,4,RAIN,PRIMARY+SECONDARY
2002,DeptClim,1486.9768865442868,4,RAIN,PRIMARY+SECONDARY
2002,Persist,477.2872378089464,4,RAIN,PRIMARY+SECONDARY
2002,Ridge,2735.484585393725,4,RAIN,PRIMARY+SECONDARY
2002,RF,1142.9176571295009,4,RAIN,PRIMARY+SECONDARY
2002,HGB,2231.4651204790057,4,RAIN,PRIMARY+SECONDARY
2003,GlobalClim,8151.800862744395,4,RAIN,PRIMARY+SECONDARY
2003,DeptClim,14788.36016467279,4,RAIN,PRIMARY+SECONDARY
2003,Persist,9357.954716069133,4,RAIN,PRIMARY+SECONDARY
2003,Ridge,3736.409485658621,4,RAIN,PRIMARY+SECONDARY
2003,RF,860.3425482574676,4,RAIN,PRIMARY+SECONDARY
2003,HGB,5408.487524435545,4,RAIN,PRIMARY+SECONDARY
2004,GlobalClim,10171.346357918586,4,RAIN,PRIMARY+SECONDARY
2004,DeptClim,6266.256279299262,4,RAIN,PRIMARY+SECONDARY
2004,Persist,2335.2595017980207,4,RAIN,PRIMARY+SECONDARY
2004,Ridge,11924.29590406283,4,RAIN,PRIMARY+SECONDARY
2004,RF,6973.177251868735,4,RAIN,PRIMARY+SECONDARY
2004,HGB,8364.487834220012,4,RAIN,PRIMARY+SECONDARY
2005,GlobalClim,5426.794112797348,4,RAIN,PRIMARY+SECONDARY
2005,DeptClim,3336.4066331991453,4,RAIN,PRIMARY+SECONDARY
2005,Persist,1574.1654909479105,4,RAIN,PRIMARY+SECONDARY
2005,Ridge,6196.958426940029,4,RAIN,PRIMARY+SECONDARY
2005,RF,3604.555503015585,4,RAIN,PRIMARY+SECONDARY
2005,HGB,4905.619547427228,4,RAIN,PRIMARY+SECONDARY
2006,GlobalClim,2522.5786663704594,4,RAIN,PRIMARY+SECONDARY
2006,DeptClim,2949.502998932636,4,RAIN,PRIMARY+SECONDARY
2006,Persist,2995.9268324726886,4,RAIN,PRIMARY+SECONDARY
2006,Ridge,2708.623262531179,4,RAIN,PRIMARY+SECONDARY
2006,RF,2615.103594171788,4,RAIN,PRIMARY+SECONDARY
2006,HGB,2684.3154787556946,4,RAIN,PRIMARY+SECONDARY
2007,GlobalClim,3543.74452526704,4,RAIN,PRIMARY+SECONDARY
2007,DeptClim,4874.9956662802415,4,RAIN,PRIMARY+SECONDARY
2007,Persist,3403.8667008545526,4,RAIN,PRIMARY+SECONDARY
2007,Ridge,2442.764644655043,4,RAIN,PRIMARY+SECONDARY
2007,RF,1715.6106960745751,4,RAIN,PRIMARY+SECONDARY
2007,HGB,2453.332126557525,4,RAIN,PRIMARY+SECONDARY
2008,GlobalClim,2997.200780568631,4,RAIN,PRIMARY+SECONDARY
2008,DeptClim,4442.737886030403,4,RAIN,PRIMARY+SECONDARY
2008,Persist,2892.5584688868826,4,RAIN,PRIMARY+SECONDARY
2008,Ridge,1721.968334222622,4,RAIN,PRIMARY+SECONDARY
2008,RF,1331.3162130609505,4,RAIN,PRIMARY+SECONDARY
2008,HGB,2130.5878846263495,4,RAIN,PRIMARY+SECONDARY
2009,GlobalClim,3660.15000228317,4,RAIN,PRIMARY+SECONDARY
2009,DeptClim,5227.479574913527,4,RAIN,PRIMARY+SECONDARY
2009,Persist,2652.129195322719,4,RAIN,PRIMARY+SECONDARY
2009,Ridge,2392.0200037510526,4,RAIN,PRIMARY+SECONDARY
2009,RF,1500.0056354778378,4,RAIN,PRIMARY+SECONDARY
2009,HGB,2260.845079367918,4,RAIN,PRIMARY+SECONDARY
2010,GlobalClim,2888.917154339181,4,RAIN,PRIMARY+SECONDARY
2010,DeptClim,4445.723499367212,4,RAIN,PRIMARY+SECONDARY
2010,Persist,2449.241681336496,4,RAIN,PRIMARY+SECONDARY
2010,Ridge,1226.872817332886,4,RAIN,PRIMARY+SECONDARY
2010,RF,929.3455791932317,4,RAIN,PRIMARY+SECONDARY
2010,HGB,1576.467008833516,4,RAIN,PRIMARY+SECONDARY
2011,GlobalClim,2527.988484607882,4,RAIN,PRIMARY+SECONDARY
2011,DeptClim,4168.594479100926,4,RAIN,PRIMARY+SECONDARY
2011,Persist,6668.1785040790855,4,RAIN,PRIMARY+SECONDARY
2011,Ridge,1190.3089426651652,4,RAIN,PRIMARY+SECONDARY
2011,RF,778.9810707505831,4,RAIN,PRIMARY+SECONDARY
2011,HGB,1176.5619968867823,4,RAIN,PRIMARY+SECONDARY
2012,GlobalClim,2654.6947692119347,4,RAIN,PRIMARY+SECONDARY
2012,DeptClim,4384.3332417043475,4,RAIN,PRIMARY+SECONDARY
2012,Persist,15210.61999575879,4,RAIN,PRIMARY+SECONDARY
2012,Ridge,1319.6533551909413,4,RAIN,PRIMARY+SECONDARY
2012,RF,679.2425134243588,4,RAIN,PRIMARY+SECONDARY
2012,HGB,1595.6330570351222,4,RAIN,PRIMARY+SECONDARY
2013,GlobalClim,4511.36943076027,4,RAIN,PRIMARY+SECONDARY
2013,DeptClim,3974.9908968107898,4,RAIN,PRIMARY+SECONDARY
2013,Persist,2641.8627406503197,4,RAIN,PRIMARY+SECONDARY
2013,Ridge,4928.212150623923,4,RAIN,PRIMARY+SECONDARY
2013,RF,4133.469806208234,4,RAIN,PRIMARY+SECONDARY
2013,HGB,4367.299827285069,4,RAIN,PRIMARY+SECONDARY
2014,GlobalClim,3328.2361283445,4,RAIN,PRIMARY+SECONDARY
2014,DeptClim,4967.406565346921,4,RAIN,PRIMARY+SECONDARY
2014,Persist,7135.037158027875,4,RAIN,PRIMARY+SECONDARY
2014,Ridge,1695.2878850916404,4,RAIN,PRIMARY+SECONDARY
2014,RF,1630.9526479555734,4,RAIN,PRIMARY+SECONDARY
2014,HGB,2223.080727298959,4,RAIN,PRIMARY+SECONDARY
2015,GlobalClim,3573.3282731257073,4,RAIN,PRIMARY+SECONDARY
2015,DeptClim,5170.360911020598,4,RAIN,PRIMARY+SECONDARY
2015,Persist,5869.946267881969,4,RAIN,PRIMARY+SECONDARY
2015,Ridge,2097.0020022554236,4,RAIN,PRIMARY+SECONDARY
2015,RF,2162.0801942390412,4,RAIN,PRIMARY+SECONDARY
2015,HGB,3194.7716980911873,4,RAIN,PRIMARY+SECONDARY
2016,GlobalClim,4098.5266087505215,4,RAIN,PRIMARY+SECONDARY
2016,DeptClim,5984.292717764656,4,RAIN,PRIMARY+SECONDARY
2016,Persist,3205.4569168649964,4,RAIN,PRIMARY+SECONDARY
2016,Ridge,2425.5148072540774,4,RAIN,PRIMARY+SECONDARY
2016,RF,2163.4063869489914,4,RAIN,PRIMARY+SECONDARY
2016,HGB,3106.565553839356,4,RAIN,PRIMARY+SECONDARY
2017,GlobalClim,4171.443335142799,4,RAIN,PRIMARY+SECONDARY
2017,DeptClim,6100.663896304839,4,RAIN,PRIMARY+SECONDARY
2017,Persist,4473.767669512302,4,RAIN,PRIMARY+SECONDARY
2017,Ridge,2590.721694142118,4,RAIN,PRIMARY+SECONDARY
2017,RF,1872.9663637321498,4,RAIN,PRIMARY+SECONDARY
2017,HGB,3058.5842304047965,4,RAIN,PRIMARY+SECONDARY
2018,GlobalClim,5866.817829921402,4,RAIN,PRIMARY+SECONDARY
2018,DeptClim,7519.8233375116715,4,RAIN,PRIMARY+SECONDARY
2018,Persist,4255.096628892226,4,RAIN,PRIMARY+SECONDARY
2018,Ridge,5397.577185319443,4,RAIN,PRIMARY+SECONDARY
2018,RF,4879.955154084046,4,RAIN,PRIMARY+SECONDARY
2018,HGB,6079.182878836351,4,RAIN,PRIMARY+SECONDARY
2019,GlobalClim,3910.939478766276,4,RAIN,PRIMARY+SECONDARY
2019,DeptClim,4543.901118155428,4,RAIN,PRIMARY+SECONDARY
2019,Persist,14056.551796798265,4,RAIN,PRIMARY+SECONDARY
2019,Ridge,23094.78050352426,4,RAIN,PRIMARY+SECONDARY
2019,RF,8750.231052466012,4,RAIN,PRIMARY+SECONDARY
2019,HGB,7453.442715833732,4,RAIN,PRIMARY+SECONDARY
2020,GlobalClim,19854.70209904499,4,RAIN,PRIMARY+SECONDARY
2020,DeptClim,18942.947120618366,4,RAIN,PRIMARY+SECONDARY
2020,Persist,16393.917529359565,4,RAIN,PRIMARY+SECONDARY
2020,Ridge,19724.419538535876,4,RAIN,PRIMARY+SECONDARY
2020,RF,19264.525733185812,4,RAIN,PRIMARY+SECONDARY
2020,HGB,19159.165001492674,4,RAIN,PRIMARY+SECONDARY
2021,GlobalClim,3512.1310827414527,4,RAIN,PRIMARY+SECONDARY
2021,DeptClim,4934.148700265908,4,RAIN,PRIMARY+SECONDARY
2021,Persist,9799.360475599982,4,RAIN,PRIMARY+SECONDARY
2021,Ridge,3945.426587949507,4,RAIN,PRIMARY+SECONDARY
2021,RF,1873.9968503782272,4,RAIN,PRIMARY+SECONDARY
2021,HGB,3439.0536667266174,4,RAIN,PRIMARY+SECONDARY
2022,GlobalClim,3328.7076331974336,4,RAIN,PRIMARY+SECONDARY
2022,DeptClim,4599.150183613887,4,RAIN,PRIMARY+SECONDARY
2022,Persist,3177.7720266312367,4,RAIN,PRIMARY+SECONDARY
2022,Ridge,4944.186923245653,4,RAIN,PRIMARY+SECONDARY
2022,RF,1656.297205293674,4,RAIN,PRIMARY+SECONDARY
2022,HGB,2449.0193584553685,4,RAIN,PRIMARY+SECONDARY
2023,GlobalClim,4493.654595015877,4,RAIN,PRIMARY+SECONDARY
2023,DeptClim,5606.209656099696,4,RAIN,PRIMARY+SECONDARY
2023,Persist,5544.004199146215,4,RAIN,PRIMARY+SECONDARY
2023,Ridge,2866.441389874745,4,RAIN,PRIMARY+SECONDARY
2023,RF,1967.9207887007935,4,RAIN,PRIMARY+SECONDARY
2023,HGB,3694.5731333130566,4,RAIN,PRIMARY+SECONDARY
2024,GlobalClim,5028.612524469636,4,RAIN,PRIMARY+SECONDARY
2024,DeptClim,6503.308477944062,4,RAIN,PRIMARY+SECONDARY
2024,Persist,6796.236628214511,4,RAIN,PRIMARY+SECONDARY
2024,Ridge,3040.8094326124447,4,RAIN,PRIMARY+SECONDARY
2024,RF,3513.9512169781674,4,RAIN,PRIMARY+SECONDARY
2024,HGB,4029.7009003891576,4,RAIN,PRIMARY+SECONDARY
2001,GlobalClim,2858.4285699750726,5,RAIN,PRIMARY+SECONDARY
2001,DeptClim,1829.7934841725078,5,RAIN,PRIMARY+SECONDARY
2001,Persist,909.8602322801889,5,RAIN,PRIMARY+SECONDARY
2001,Ridge,3657.37763098772,5,RAIN,PRIMARY+SECONDARY
2001,RF,681.4163581255658,5,RAIN,PRIMARY+SECONDARY
2001,HGB,1530.791070657989,5,RAIN,PRIMARY+SECONDARY
2002,GlobalClim,2201.7544650841455,5,RAIN,PRIMARY+SECONDARY
2002,DeptClim,1542.50529441074,5,RAIN,PRIMARY+SECONDARY
2002,Persist,867.4276745495991,5,RAIN,PRIMARY+SECONDARY
2002,Ridge,3159.1229848150533,5,RAIN,PRIMARY+SECONDARY
2002,RF,1078.9962714665485,5,RAIN,PRIMARY+SECONDARY
2002,HGB,1773.8909770166056,5,RAIN,PRIMARY+SECONDARY
2003,GlobalClim,14659.44045805116,5,RAIN,PRIMARY+SECONDARY
2003,DeptClim,4247.186142598417,5,RAIN,PRIMARY+SECONDARY
2003,Persist,16558.559664339253,5,RAIN,PRIMARY+SECONDARY
2003,Ridge,20186.50638040257,5,RAIN,PRIMARY+SECONDARY
2003,RF,7683.405230120177,5,RAIN,PRIMARY+SECONDARY
2003,HGB,10628.343159162547,5,RAIN,PRIMARY+SECONDARY
2004,GlobalClim,9689.792022118245,5,RAIN,PRIMARY+SECONDARY
2004,DeptClim,3268.7253539240146,5,RAIN,PRIMARY+SECONDARY
2004,Persist,2649.116526455397,5,RAIN,PRIMARY+SECONDARY
2004,Ridge,13373.684756335211,5,RAIN,PRIMARY+SECONDARY
2004,RF,4766.435378836333,5,RAIN,PRIMARY+SECONDARY
2004,HGB,6654.443174146417,5,RAIN,PRIMARY+SECONDARY
2005,GlobalClim,4894.22450150277,5,RAIN,PRIMARY+SECONDARY
2005,DeptClim,2353.93138729162,5,RAIN,PRIMARY+SECONDARY
2005,Persist,2416.50045071968,5,RAIN,PRIMARY+SECONDARY
2005,Ridge,6187.261727302437,5,RAIN,PRIMARY+SECONDARY
2005,RF,1799.6556074048442,5,RAIN,PRIMARY+SECONDARY
2005,HGB,3909.8077174371438,5,RAIN,PRIMARY+SECONDARY
2006,GlobalClim,3205.57883859948,5,RAIN,PRIMARY+SECONDARY
2006,DeptClim,4813.026099258409,5,RAIN,PRIMARY+SECONDARY
2006,Persist,3272.7051219345867,5,RAIN,PRIMARY+SECONDARY
2006,Ridge,2730.7973355080535,5,RAIN,PRIMARY+SECONDARY
2006,RF,3568.887915544902,5,RAIN,PRIMARY+SECONDARY
2006,HGB,2955.1033930122235,5,RAIN,PRIMARY+SECONDARY
2007,GlobalClim,4238.5192548568475,5,RAIN,PRIMARY+SECONDARY
2007,DeptClim,6640.329876599457,5,RAIN,PRIMARY+SECONDARY
2007,Persist,3623.91283622775,5,RAIN,PRIMARY+SECONDARY
2007,Ridge,2165.8150923943645,5,RAIN,PRIMARY+SECONDARY
2007,RF,2583.7507560864337,5,RAIN,PRIMARY+SECONDARY
2007,HGB,3744.3580509395456,5,RAIN,PRIMARY+SECONDARY
2008,GlobalClim,4940.501668897485,5,RAIN,PRIMARY+SECONDARY
2008,DeptClim,7428.840744308354,5,RAIN,PRIMARY+SECONDARY
2008,Persist,4671.165996158498,5,RAIN,PRIMARY+SECONDARY
2008,Ridge,3758.6989250992333,5,RAIN,PRIMARY+SECONDARY
2008,RF,3533.7523127431864,5,RAIN,PRIMARY+SECONDARY
2008,HGB,2905.2650071956177,5,RAIN,PRIMARY+SECONDARY
2009,GlobalClim,4613.635360205764,5,RAIN,PRIMARY+SECONDARY
2009,DeptClim,7145.159256175651,5,RAIN,PRIMARY+SECONDARY
2009,Persist,3068.9219993497522,5,RAIN,PRIMARY+SECONDARY
2009,Ridge,2700.3078699587604,5,RAIN,PRIMARY+SECONDARY
2009,RF,1635.2778833031227,5,RAIN,PRIMARY+SECONDARY
2009,HGB,2295.4758518049866,5,RAIN,PRIMARY+SECONDARY
2010,GlobalClim,4195.5752700473495,5,RAIN,PRIMARY+SECONDARY
2010,DeptClim,6868.090741502316,5,RAIN,PRIMARY+SECONDARY
2010,Persist,3455.273008281527,5,RAIN,PRIMARY+SECONDARY
2010,Ridge,1310.2216454642494,5,RAIN,PRIMARY+SECONDARY
2010,RF,837.3097948578697,5,RAIN,PRIMARY+SECONDARY
2010,HGB,2704.338081831094,5,RAIN,PRIMARY+SECONDARY
2011,GlobalClim,3610.572574086584,5,RAIN,PRIMARY+SECONDARY
2011,DeptClim,6214.989690604104,5,RAIN,PRIMARY+SECONDARY
2011,Persist,3390.8259481879795,5,RAIN,PRIMARY+SECONDARY
2011,Ridge,1337.4008729670588,5,RAIN,PRIMARY+SECONDARY
2011,RF,596.4506003949411,5,RAIN,PRIMARY+SECONDARY
2011,HGB,2134.500846643363,5,RAIN,PRIMARY+SECONDARY
2012,GlobalClim,3855.4499613458383,5,RAIN,PRIMARY+SECONDARY
2012,DeptClim,6590.017052900826,5,RAIN,PRIMARY+SECONDARY
2012,Persist,3702.3194853033147,5,RAIN,PRIMARY+SECONDARY
2012,Ridge,1805.1728111291732,5,RAIN,PRIMARY+SECONDARY
2012,RF,987.2343974138515,5,RAIN,PRIMARY+SECONDARY
2012,HGB,2181.8095953607117,5,RAIN,PRIMARY+SECONDARY
2013,GlobalClim,3845.4044737097147,5,RAIN,PRIMARY+SECONDARY
2013,DeptClim,3586.335783010208,5,RAIN,PRIMARY+SECONDARY
2013,Persist,3530.8545383095525,5,RAIN,PRIMARY+SECONDARY
2013,Ridge,4816.323700330145,5,RAIN,PRIMARY+SECONDARY
2013,RF,4247.102635494057,5,RAIN,PRIMARY+SECONDARY
2013,HGB,3225.0391261389796,5,RAIN,PRIMARY+SECONDARY
2014,GlobalClim,4492.178503521119,5,RAIN,PRIMARY+SECONDARY
2014,DeptClim,7143.89840122903,5,RAIN,PRIMARY+SECONDARY
2014,Persist,4136.168675361055,5,RAIN,PRIMARY+SECONDARY
2014,Ridge,2435.222160343517,5,RAIN,PRIMARY+SECONDARY
2014,RF,2718.9211612075524,5,RAIN,PRIMARY+SECONDARY
2014,HGB,3101.3405296521973,5,RAIN,PRIMARY+SECONDARY
2015,GlobalClim,5388.20866506317,5,RAIN,PRIMARY+SECONDARY
2015,DeptClim,8097.640971416716,5,RAIN,PRIMARY+SECONDARY
2015,Persist,5120.664291723478,5,RAIN,PRIMARY+SECONDARY
2015,Ridge,2297.9258476276277,5,RAIN,PRIMARY+SECONDARY
2015,RF,2033.7759677200606,5,RAIN,PRIMARY+SECONDARY
2015,HGB,3955.553627370196,5,RAIN,PRIMARY+SECONDARY
2016,GlobalClim,5782.633121757165,5,RAIN,PRIMARY+SECONDARY
2016,DeptClim,8704.638576866177,5,RAIN,PRIMARY+SECONDARY
2016,Persist,5117.6123183470045,5,RAIN,PRIMARY+SECONDARY
2016,Ridge,3434.6506565408595,5,RAIN,PRIMARY+SECONDARY
2016,RF,2746.423541014953,5,RAIN,PRIMARY+SECONDARY
2016,HGB,5973.858980999423,5,RAIN,PRIMARY+SECONDARY
2017,GlobalClim,5461.703629319201,5,RAIN,PRIMARY+SECONDARY
2017,DeptClim,8470.902054927637,5,RAIN,PRIMARY+SECONDARY
2017,Persist,5089.291824929134,5,RAIN,PRIMARY+SECONDARY
2017,Ridge,3159.4447636718987,5,RAIN,PRIMARY+SECONDARY
2017,RF,2952.7981679543486,5,RAIN,PRIMARY+SECONDARY
2017,HGB,5257.162133364993,5,RAIN,PRIMARY+SECONDARY
2018,GlobalClim,5331.6646858960885,5,RAIN,PRIMARY+SECONDARY
2018,DeptClim,7904.894938202275,5,RAIN,PRIMARY+SECONDARY
2018,Persist,5456.244648851534,5,RAIN,PRIMARY+SECONDARY
2018,Ridge,4658.958231374623,5,RAIN,PRIMARY+SECONDARY
2018,RF,3864.6534101239135,5,RAIN,PRIMARY+SECONDARY
2018,HGB,5787.008922581877,5,RAIN,PRIMARY+SECONDARY
2019,GlobalClim,4864.784104494749,5,RAIN,PRIMARY+SECONDARY
2019,DeptClim,7623.525888693069,5,RAIN,PRIMARY+SECONDARY
2019,Persist,7472.363412265596,5,RAIN,PRIMARY+SECONDARY
2019,Ridge,47241.95476050943,5,RAIN,PRIMARY+SECONDARY
2019,RF,17453.36146711329,5,RAIN,PRIMARY+SECONDARY
2019,HGB,14110.166877883517,5,RAIN,PRIMARY+SECONDARY
2020,GlobalClim,43044.46002240834,5,RAIN,PRIMARY+SECONDARY
2020,DeptClim,42075.73301735916,5,RAIN,PRIMARY+SECONDARY
2020,Persist,23044.901751738624,5,RAIN,PRIMARY+SECONDARY
2020,Ridge,43099.10314487887,5,RAIN,PRIMARY+SECONDARY
2020,RF,42570.07313706865,5,RAIN,PRIMARY+SECONDARY
2020,HGB,42862.97910143304,5,RAIN,PRIMARY+SECONDARY
2021,GlobalClim,5849.701066331531,5,RAIN,PRIMARY+SECONDARY
2021,DeptClim,8062.891901691181,5,RAIN,PRIMARY+SECONDARY
2021,Persist,5749.470522699459,5,RAIN,PRIMARY+SECONDARY
2021,Ridge,2977.955382363121,5,RAIN,PRIMARY+SECONDARY
2021,RF,2143.3998758614034,5,RAIN,PRIMARY+SECONDARY
2021,HGB,6968.198207552815,5,RAIN,PRIMARY+SECONDARY
2022,GlobalClim,6141.251374705055,5,RAIN,PRIMARY+SECONDARY
2022,DeptClim,8656.819319540522,5,RAIN,PRIMARY+SECONDARY
2022,Persist,7743.931297879008,5,RAIN,PRIMARY+SECONDARY
2022,Ridge,6259.211529342795,5,RAIN,PRIMARY+SECONDARY
2022,RF,1654.4552026854462,5,RAIN,PRIMARY+SECONDARY
2022,HGB,5492.504476704463,5,RAIN,PRIMARY+SECONDARY
2023,GlobalClim,7088.587796588185,5,RAIN,PRIMARY+SECONDARY
2023,DeptClim,9498.69832264573,5,RAIN,PRIMARY+SECONDARY
2023,Persist,7953.209137133123,5,RAIN,PRIMARY+SECONDARY
2023,Ridge,4882.719564031962,5,RAIN,PRIMARY+SECONDARY
2023,RF,3567.377133486528,5,RAIN,PRIMARY+SECONDARY
2023,HGB,6054.116401932344,5,RAIN,PRIMARY+SECONDARY
2024,GlobalClim,7759.180258343421,5,RAIN,PRIMARY+SECONDARY
2024,DeptClim,10525.171669062893,5,RAIN,PRIMARY+SECONDARY
2024,Persist,8090.678734283491,5,RAIN,PRIMARY+SECONDARY
2024,Ridge,5754.104669933394,5,RAIN,PRIMARY+SECONDARY
2024,RF,4044.9158149972977,5,RAIN,PRIMARY+SECONDARY
2024,HGB,7115.900568213979,5,RAIN,PRIMARY+SECONDARY
2001,GlobalClim,2808.698347551019,6,RAIN,PRIMARY+SECONDARY
2001,DeptClim,1734.1044957692382,6,RAIN,PRIMARY+SECONDARY
2001,Persist,909.6582986224239,6,RAIN,PRIMARY+SECONDARY
2001,Ridge,3839.8688481143554,6,RAIN,PRIMARY+SECONDARY
2001,RF,734.3591883578957,6,RAIN,PRIMARY+SECONDARY
2001,HGB,876.2013489952044,6,RAIN,PRIMARY+SECONDARY
2002,GlobalClim,2072.079382793149,6,RAIN,PRIMARY+SECONDARY
2002,DeptClim,1340.4547425415494,6,RAIN,PRIMARY+SECONDARY
2002,Persist,1248.0035429328334,6,RAIN,PRIMARY+SECONDARY
2002,Ridge,2748.464523020967,6,RAIN,PRIMARY+SECONDARY
2002,RF,1155.7012153512308,6,RAIN,PRIMARY+SECONDARY
2002,HGB,1202.3421670758337,6,RAIN,PRIMARY+SECONDARY
2003,GlobalClim,16257.118972162756,6,RAIN,PRIMARY+SECONDARY
2003,DeptClim,3424.592833786634,6,RAIN,PRIMARY+SECONDARY
2003,Persist,977.6744427763722,6,RAIN,PRIMARY+SECONDARY
2003,Ridge,25408.99200659498,6,RAIN,PRIMARY+SECONDARY
2003,RF,15181.652209597592,6,RAIN,PRIMARY+SECONDARY
2003,HGB,14971.632802989705,6,RAIN,PRIMARY+SECONDARY
2004,GlobalClim,10422.943096849547,6,RAIN,PRIMARY+SECONDARY
2004,DeptClim,2091.5067914483316,6,RAIN,PRIMARY+SECONDARY
2004,Persist,1980.9204463813292,6,RAIN,PRIMARY+SECONDARY
2004,Ridge,16813.0942417211,6,RAIN,PRIMARY+SECONDARY
2004,RF,8750.466394968524,6,RAIN,PRIMARY+SECONDARY
2004,HGB,8028.525161553982,6,RAIN,PRIMARY+SECONDARY
2005,GlobalClim,5078.526880020394,6,RAIN,PRIMARY+SECONDARY
2005,DeptClim,1771.8759085770382,6,RAIN,PRIMARY+SECONDARY
2005,Persist,1742.1395920027626,6,RAIN,PRIMARY+SECONDARY
2005,Ridge,7628.103834308458,6,RAIN,PRIMARY+SECONDARY
2005,RF,4699.222184812444,6,RAIN,PRIMARY+SECONDARY
2005,HGB,6486.615408459344,6,RAIN,PRIMARY+SECONDARY
2006,GlobalClim,2962.7759361863787,6,RAIN,PRIMARY+SECONDARY
2006,DeptClim,5205.070387335513,6,RAIN,PRIMARY+SECONDARY
2006,Persist,2735.27219957925,6,RAIN,PRIMARY+SECONDARY
2006,Ridge,3658.6602328111276,6,RAIN,PRIMARY+SECONDARY
2006,RF,3113.036556447186,6,RAIN,PRIMARY+SECONDARY
2006,HGB,2468.8366469953075,6,RAIN,PRIMARY+SECONDARY
2007,GlobalClim,4178.18386530759,6,RAIN,PRIMARY+SECONDARY
2007,DeptClim,7111.326060976929,6,RAIN,PRIMARY+SECONDARY
2007,Persist,3002.9502231952706,6,RAIN,PRIMARY+SECONDARY
2007,Ridge,2709.136390904723,6,RAIN,PRIMARY+SECONDARY
2007,RF,2167.072246831466,6,RAIN,PRIMARY+SECONDARY
2007,HGB,4268.851729648851,6,RAIN,PRIMARY+SECONDARY
2008,GlobalClim,3719.9057598249124,6,RAIN,PRIMARY+SECONDARY
2008,DeptClim,6791.739609212595,6,RAIN,PRIMARY+SECONDARY
2008,Persist,4264.438096453167,6,RAIN,PRIMARY+SECONDARY
2008,Ridge,2731.4976973513385,6,RAIN,PRIMARY+SECONDARY
2008,RF,2173.5263245723604,6,RAIN,PRIMARY+SECONDARY
2008,HGB,3564.680032288698,6,RAIN,PRIMARY+SECONDARY
2009,GlobalClim,4593.317281246624,6,RAIN,PRIMARY+SECONDARY
2009,DeptClim,7932.583886480747,6,RAIN,PRIMARY+SECONDARY
2009,Persist,3220.639660466637,6,RAIN,PRIMARY+SECONDARY
2009,Ridge,1756.1341473072835,6,RAIN,PRIMARY+SECONDARY
2009,RF,941.9559883351242,6,RAIN,PRIMARY+SECONDARY
2009,HGB,3307.117651839224,6,RAIN,PRIMARY+SECONDARY
2010,GlobalClim,4041.8942626409294,6,RAIN,PRIMARY+SECONDARY
2010,DeptClim,7315.760932548097,6,RAIN,PRIMARY+SECONDARY
2010,Persist,3115.5547262735063,6,RAIN,PRIMARY+SECONDARY
2010,Ridge,1741.7033706082086,6,RAIN,PRIMARY+SECONDARY
2010,RF,831.3586066555954,6,RAIN,PRIMARY+SECONDARY
2010,HGB,2512.697659934675,6,RAIN,PRIMARY+SECONDARY
2011,GlobalClim,3851.6546392346518,6,RAIN,PRIMARY+SECONDARY
2011,DeptClim,6955.64379627399,6,RAIN,PRIMARY+SECONDARY
2011,Persist,3714.7128729845285,6,RAIN,PRIMARY+SECONDARY
2011,Ridge,1464.9557959957208,6,RAIN,PRIMARY+SECONDARY
2011,RF,638.1712521713426,6,RAIN,PRIMARY+SECONDARY
2011,HGB,1536.8285987628312,6,RAIN,PRIMARY+SECONDARY
2012,GlobalClim,4086.2244898583317,6,RAIN,PRIMARY+SECONDARY
2012,DeptClim,7339.389479257888,6,RAIN,PRIMARY+SECONDARY
2012,Persist,4086.4100776853898,6,RAIN,PRIMARY+SECONDARY
2012,Ridge,1691.8503872889667,6,RAIN,PRIMARY+SECONDARY
2012,RF,1539.2394649242408,6,RAIN,PRIMARY+SECONDARY
2012,HGB,2949.3541369806903,6,RAIN,PRIMARY+SECONDARY
2013,GlobalClim,4269.962909652844,6,RAIN,PRIMARY+SECONDARY
2013,DeptClim,7452.632229202839,6,RAIN,PRIMARY+SECONDARY
2013,Persist,8897.020852888314,6,RAIN,PRIMARY+SECONDARY
2013,Ridge,1445.7189533996418,6,RAIN,PRIMARY+SECONDARY
2013,RF,928.500062759291,6,RAIN,PRIMARY+SECONDARY
2013,HGB,2600.3637850328355,6,RAIN,PRIMARY+SECONDARY
2014,GlobalClim,4730.071579089154,6,RAIN,PRIMARY+SECONDARY
2014,DeptClim,7907.609423607126,6,RAIN,PRIMARY+SECONDARY
2014,Persist,4627.240633618387,6,RAIN,PRIMARY+SECONDARY
2014,Ridge,2193.308642822919,6,RAIN,PRIMARY+SECONDARY
2014,RF,1754.5566866909423,6,RAIN,PRIMARY+SECONDARY
2014,HGB,3850.017316057988,6,RAIN,PRIMARY+SECONDARY
2015,GlobalClim,5157.172277829852,6,RAIN,PRIMARY+SECONDARY
2015,DeptClim,8331.597857110875,6,RAIN,PRIMARY+SECONDARY
2015,Persist,4431.903936273423,6,RAIN,PRIMARY+SECONDARY
2015,Ridge,1477.2779645156459,6,RAIN,PRIMARY+SECONDARY
2015,RF,1944.9453362782974,6,RAIN,PRIMARY+SECONDARY
2015,HGB,4207.275937173519,6,RAIN,PRIMARY+SECONDARY
2016,GlobalClim,5881.423087535901,6,RAIN,PRIMARY+SECONDARY
2016,DeptClim,9155.024116564682,6,RAIN,PRIMARY+SECONDARY
2016,Persist,4871.807098427971,6,RAIN,PRIMARY+SECONDARY
2016,Ridge,3047.123090024184,6,RAIN,PRIMARY+SECONDARY
2016,RF,3208.414551752104,6,RAIN,PRIMARY+SECONDARY
2016,HGB,5022.469465190344,6,RAIN,PRIMARY+SECONDARY
2017,GlobalClim,6344.327186284809,6,RAIN,PRIMARY+SECONDARY
2017,DeptClim,9794.519141833,6,RAIN,PRIMARY+SECONDARY
2017,Persist,6049.914017586926,6,RAIN,PRIMARY+SECONDARY
2017,Ridge,3327.435727701243,6,RAIN,PRIMARY+SECONDARY
2017,RF,3011.7670095261005,6,RAIN,PRIMARY+SECONDARY
2017,HGB,5099.711863079813,6,RAIN,PRIMARY+SECONDARY
2018,GlobalClim,6724.926981377211,6,RAIN,PRIMARY+SECONDARY
2018,DeptClim,9838.610991487672,6,RAIN,PRIMARY+SECONDARY
2018,Persist,6956.347682448892,6,RAIN,PRIMARY+SECONDARY
2018,Ridge,4876.10830762739,6,RAIN,PRIMARY+SECONDARY
2018,RF,4118.208415816301,6,RAIN,PRIMARY+SECONDARY
2018,HGB,7485.289653293722,6,RAIN,PRIMARY+SECONDARY
2019,GlobalClim,18180.284343544103,6,RAIN,PRIMARY+SECONDARY
2019,DeptClim,15770.045596915905,6,RAIN,PRIMARY+SECONDARY
2019,Persist,18329.79661274265,6,RAIN,PRIMARY+SECONDARY
2019,Ridge,14163.303668960265,6,RAIN,PRIMARY+SECONDARY
2019,RF,7381.1869894390975,6,RAIN,PRIMARY+SECONDARY
2019,HGB,10860.073968983892,6,RAIN,PRIMARY+SECONDARY
2020,GlobalClim,35123.81959685841,6,RAIN,PRIMARY+SECONDARY
2020,DeptClim,33261.432485721096,6,RAIN,PRIMARY+SECONDARY
2020,Persist,9383.932475781472,6,RAIN,PRIMARY+SECONDARY
2020,Ridge,26750.46428350441,6,RAIN,PRIMARY+SECONDARY
2020,RF,33688.01981347893,6,RAIN,PRIMARY+SECONDARY
2020,HGB,34763.56913131291,6,RAIN,PRIMARY+SECONDARY
2021,GlobalClim,7166.272998937904,6,RAIN,PRIMARY+SECONDARY
2021,DeptClim,10555.998622918887,6,RAIN,PRIMARY+SECONDARY
2021,Persist,9609.333953528007,6,RAIN,PRIMARY+SECONDARY
2021,Ridge,4784.517351497881,6,RAIN,PRIMARY+SECONDARY
2021,RF,3879.3313730175178,6,RAIN,PRIMARY+SECONDARY
2021,HGB,7437.425421837394,6,RAIN,PRIMARY+SECONDARY
2022,GlobalClim,7092.991363373616,6,RAIN,PRIMARY+SECONDARY
2022,DeptClim,10376.00253187424,6,RAIN,PRIMARY+SECONDARY
2022,Persist,7748.943746023152,6,RAIN,PRIMARY+SECONDARY
2022,Ridge,5381.710850445302,6,RAIN,PRIMARY+SECONDARY
2022,RF,2727.7368944487575,6,RAIN,PRIMARY+SECONDARY
2022,HGB,7144.015214514245,6,RAIN,PRIMARY+SECONDARY
2023,GlobalClim,8768.4806132029,6,RAIN,PRIMARY+SECONDARY
2023,DeptClim,11858.17661849464,6,RAIN,PRIMARY+SECONDARY
2023,Persist,9275.605817200896,6,RAIN,PRIMARY+SECONDARY
2023,Ridge,5168.047148892774,6,RAIN,PRIMARY+SECONDARY
2023,RF,3750.8665717757817,6,RAIN,PRIMARY+SECONDARY
2023,HGB,7531.4844723476235,6,RAIN,PRIMARY+SECONDARY
2024,GlobalClim,9416.245012860589,6,RAIN,PRIMARY+SECONDARY
2024,DeptClim,12555.938012061504,6,RAIN,PRIMARY+SECONDARY
2024,Persist,9136.767274517271,6,RAIN,PRIMARY+SECONDARY
2024,Ridge,5288.670380052665,6,RAIN,PRIMARY+SECONDARY
2024,RF,5795.0201314822525,6,RAIN,PRIMARY+SECONDARY
2024,HGB,8919.457196466643,6,RAIN,PRIMARY+SECONDARY
2001,GlobalClim,3011.9494014826514,7,RAIN,PRIMARY+SECONDARY
2001,DeptClim,1661.0631696960875,7,RAIN,PRIMARY+SECONDARY
2001,Persist,960.4206105372541,7,RAIN,PRIMARY+SECONDARY
2001,Ridge,3484.4819613742493,7,RAIN,PRIMARY+SECONDARY
2001,RF,827.1736961995008,7,RAIN,PRIMARY+SECONDARY
2001,HGB,564.7791956212837,7,RAIN,PRIMARY+SECONDARY
2002,GlobalClim,2147.9611188442714,7,RAIN,PRIMARY+SECONDARY
2002,DeptClim,1255.929620672832,7,RAIN,PRIMARY+SECONDARY
2002,Persist,1999.7906633484754,7,RAIN,PRIMARY+SECONDARY
2002,Ridge,2479.536364961909,7,RAIN,PRIMARY+SECONDARY
2002,RF,2009.9037458965638,7,RAIN,PRIMARY+SECONDARY
2002,HGB,1990.3888564100878,7,RAIN,PRIMARY+SECONDARY
2003,GlobalClim,22189.36672081084,7,RAIN,PRIMARY+SECONDARY
2003,DeptClim,4385.832738136301,7,RAIN,PRIMARY+SECONDARY
2003,Persist,5402.4515964348675,7,RAIN,PRIMARY+SECONDARY
2003,Ridge,36994.16858172306,7,RAIN,PRIMARY+SECONDARY
2003,RF,27581.500908648388,7,RAIN,PRIMARY+SECONDARY
2003,HGB,23341.86407787527,7,RAIN,PRIMARY+SECONDARY
2004,GlobalClim,15818.185799375586,7,RAIN,PRIMARY+SECONDARY
2004,DeptClim,2105.0596250824988,7,RAIN,PRIMARY+SECONDARY
2004,Persist,2087.885519127213,7,RAIN,PRIMARY+SECONDARY
2004,Ridge,27801.73360839774,7,RAIN,PRIMARY+SECONDARY
2004,RF,20110.040763362384,7,RAIN,PRIMARY+SECONDARY
2004,HGB,17014.80950792371,7,RAIN,PRIMARY+SECONDARY
2005,GlobalClim,3425.989050249387,7,RAIN,PRIMARY+SECONDARY
2005,DeptClim,8005.78811513099,7,RAIN,PRIMARY+SECONDARY
2005,Persist,7913.189887714143,7,RAIN,PRIMARY+SECONDARY
2005,Ridge,5465.301767321364,7,RAIN,PRIMARY+SECONDARY
2005,RF,3482.7421765943827,7,RAIN,PRIMARY+SECONDARY
2005,HGB,5239.850598953426,7,RAIN,PRIMARY+SECONDARY
2006,GlobalClim,2660.313292481141,7,RAIN,PRIMARY+SECONDARY
2006,DeptClim,6074.229901241671,7,RAIN,PRIMARY+SECONDARY
2006,Persist,2095.1588401499334,7,RAIN,PRIMARY+SECONDARY
2006,Ridge,5398.67386488343,7,RAIN,PRIMARY+SECONDARY
2006,RF,3938.472911806006,7,RAIN,PRIMARY+SECONDARY
2006,HGB,4213.436865181526,7,RAIN,PRIMARY+SECONDARY
2007,GlobalClim,3314.7823506529617,7,RAIN,PRIMARY+SECONDARY
2007,DeptClim,7188.880914747685,7,RAIN,PRIMARY+SECONDARY
2007,Persist,1752.1508955398663,7,RAIN,PRIMARY+SECONDARY
2007,Ridge,4360.323597485207,7,RAIN,PRIMARY+SECONDARY
2007,RF,2616.1858907172464,7,RAIN,PRIMARY+SECONDARY
2007,HGB,5430.868612882446,7,RAIN,PRIMARY+SECONDARY
2008,GlobalClim,3633.5503098918985,7,RAIN,PRIMARY+SECONDARY
2008,DeptClim,7878.150541785349,7,RAIN,PRIMARY+SECONDARY
2008,Persist,2797.8949829480507,7,RAIN,PRIMARY+SECONDARY
2008,Ridge,3631.930985074107,7,RAIN,PRIMARY+SECONDARY
2008,RF,1694.751118251645,7,RAIN,PRIMARY+SECONDARY
2008,HGB,3443.8272797374193,7,RAIN,PRIMARY+SECONDARY
2009,GlobalClim,4809.608184169041,7,RAIN,PRIMARY+SECONDARY
2009,DeptClim,8967.664080791836,7,RAIN,PRIMARY+SECONDARY
2009,Persist,3391.635867667076,7,RAIN,PRIMARY+SECONDARY
2009,Ridge,1997.160121529129,7,RAIN,PRIMARY+SECONDARY
2009,RF,1020.5648400838649,7,RAIN,PRIMARY+SECONDARY
2009,HGB,6978.522217078925,7,RAIN,PRIMARY+SECONDARY
2010,GlobalClim,4085.4137541285754,7,RAIN,PRIMARY+SECONDARY
2010,DeptClim,8486.901628567413,7,RAIN,PRIMARY+SECONDARY
2010,Persist,3229.1346210393854,7,RAIN,PRIMARY+SECONDARY
2010,Ridge,3005.9537902307857,7,RAIN,PRIMARY+SECONDARY
2010,RF,2079.6475279419233,7,RAIN,PRIMARY+SECONDARY
2010,HGB,3684.347381511681,7,RAIN,PRIMARY+SECONDARY
2011,GlobalClim,4460.466446670122,7,RAIN,PRIMARY+SECONDARY
2011,DeptClim,8796.392971214504,7,RAIN,PRIMARY+SECONDARY
2011,Persist,4274.393981222341,7,RAIN,PRIMARY+SECONDARY
2011,Ridge,1987.2887777313933,7,RAIN,PRIMARY+SECONDARY
2011,RF,983.9063921296831,7,RAIN,PRIMARY+SECONDARY
2011,HGB,3470.3665306534244,7,RAIN,PRIMARY+SECONDARY
2012,GlobalClim,4887.019496723474,7,RAIN,PRIMARY+SECONDARY
2012,DeptClim,9340.413966899714,7,RAIN,PRIMARY+SECONDARY
2012,Persist,4931.408897689137,7,RAIN,PRIMARY+SECONDARY
2012,Ridge,1881.6530388648432,7,RAIN,PRIMARY+SECONDARY
2012,RF,1541.4648729774467,7,RAIN,PRIMARY+SECONDARY
2012,HGB,5211.800975374541,7,RAIN,PRIMARY+SECONDARY
2013,GlobalClim,5286.210903614228,7,RAIN,PRIMARY+SECONDARY
2013,DeptClim,9599.086669378572,7,RAIN,PRIMARY+SECONDARY
2013,Persist,5308.477237048202,7,RAIN,PRIMARY+SECONDARY
2013,Ridge,2106.3486923091646,7,RAIN,PRIMARY+SECONDARY
2013,RF,1579.9768799060669,7,RAIN,PRIMARY+SECONDARY
2013,HGB,5109.870557666884,7,RAIN,PRIMARY+SECONDARY
2014,GlobalClim,5964.653963462731,7,RAIN,PRIMARY+SECONDARY
2014,DeptClim,10261.825059727576,7,RAIN,PRIMARY+SECONDARY
2014,Persist,5905.42153063382,7,RAIN,PRIMARY+SECONDARY
2014,Ridge,2299.053774819815,7,RAIN,PRIMARY+SECONDARY
2014,RF,1883.23072645962,7,RAIN,PRIMARY+SECONDARY
2014,HGB,3935.651213832042,7,RAIN,PRIMARY+SECONDARY
2015,GlobalClim,6396.61420098237,7,RAIN,PRIMARY+SECONDARY
2015,DeptClim,10682.08964254532,7,RAIN,PRIMARY+SECONDARY
2015,Persist,6461.958239934947,7,RAIN,PRIMARY+SECONDARY
2015,Ridge,2407.172380637592,7,RAIN,PRIMARY+SECONDARY
2015,RF,1872.8262934414888,7,RAIN,PRIMARY+SECONDARY
2015,HGB,3862.1954513486994,7,RAIN,PRIMARY+SECONDARY
2016,GlobalClim,7427.385740378966,7,RAIN,PRIMARY+SECONDARY
2016,DeptClim,11926.27827414509,7,RAIN,PRIMARY+SECONDARY
2016,Persist,7099.331959573051,7,RAIN,PRIMARY+SECONDARY
2016,Ridge,3650.1440202186336,7,RAIN,PRIMARY+SECONDARY
2016,RF,3699.2045926073865,7,RAIN,PRIMARY+SECONDARY
2016,HGB,8536.191501060754,7,RAIN,PRIMARY+SECONDARY
2017,GlobalClim,8344.121602020998,7,RAIN,PRIMARY+SECONDARY
2017,DeptClim,12816.680998877357,7,RAIN,PRIMARY+SECONDARY
2017,Persist,8398.781968561556,7,RAIN,PRIMARY+SECONDARY
2017,Ridge,3594.792065595916,7,RAIN,PRIMARY+SECONDARY
2017,RF,4786.475259135071,7,RAIN,PRIMARY+SECONDARY
2017,HGB,6989.054328430524,7,RAIN,PRIMARY+SECONDARY
2018,GlobalClim,9289.317608477804,7,RAIN,PRIMARY+SECONDARY
2018,DeptClim,13614.408361258076,7,RAIN,PRIMARY+SECONDARY
2018,Persist,8566.34831470337,7,RAIN,PRIMARY+SECONDARY
2018,Ridge,6671.2410303870765,7,RAIN,PRIMARY+SECONDARY
2018,RF,5535.919011546229,7,RAIN,PRIMARY+SECONDARY
2018,HGB,10097.997735467512,7,RAIN,PRIMARY+SECONDARY
2019,GlobalClim,43537.87091156078,7,RAIN,PRIMARY+SECONDARY
2019,DeptClim,41006.11557681739,7,RAIN,PRIMARY+SECONDARY
2019,Persist,21943.995688943432,7,RAIN,PRIMARY+SECONDARY
2019,Ridge,49129.0334321856,7,RAIN,PRIMARY+SECONDARY
2019,RF,33169.775689871996,7,RAIN,PRIMARY+SECONDARY
2019,HGB,35125.927660922454,7,RAIN,PRIMARY+SECONDARY
2020,GlobalClim,38120.24340953368,7,RAIN,PRIMARY+SECONDARY
2020,DeptClim,35264.659126437575,7,RAIN,PRIMARY+SECONDARY
2020,Persist,3442.1584361046457,7,RAIN,PRIMARY+SECONDARY
2020,Ridge,54784.990699405025,7,RAIN,PRIMARY+SECONDARY
2020,RF,34194.82753499532,7,RAIN,PRIMARY+SECONDARY
2020,HGB,32631.82025342124,7,RAIN,PRIMARY+SECONDARY
2021,GlobalClim,10238.437280949276,7,RAIN,PRIMARY+SECONDARY
2021,DeptClim,14800.052794908483,7,RAIN,PRIMARY+SECONDARY
2021,Persist,10246.586671428315,7,RAIN,PRIMARY+SECONDARY
2021,Ridge,7650.044086092569,7,RAIN,PRIMARY+SECONDARY
2021,RF,5853.161621482365,7,RAIN,PRIMARY+SECONDARY
2021,HGB,12020.296399666246,7,RAIN,PRIMARY+SECONDARY
2022,GlobalClim,12749.31529250939,7,RAIN,PRIMARY+SECONDARY
2022,DeptClim,17631.943041903614,7,RAIN,PRIMARY+SECONDARY
2022,Persist,15118.04544136281,7,RAIN,PRIMARY+SECONDARY
2022,Ridge,10134.396544276306,7,RAIN,PRIMARY+SECONDARY
2022,RF,8306.124523637565,7,RAIN,PRIMARY+SECONDARY
2022,HGB,13165.512782262995,7,RAIN,PRIMARY+SECONDARY
2023,GlobalClim,12687.75578443308,7,RAIN,PRIMARY+SECONDARY
2023,DeptClim,17122.08911756643,7,RAIN,PRIMARY+SECONDARY
2023,Persist,12261.317748466468,7,RAIN,PRIMARY+SECONDARY
2023,Ridge,8903.580268818552,7,RAIN,PRIMARY+SECONDARY
2023,RF,8344.527258105412,7,RAIN,PRIMARY+SECONDARY
2023,HGB,13836.388721886024,7,RAIN,PRIMARY+SECONDARY
2024,GlobalClim,14193.730672962613,7,RAIN,PRIMARY+SECONDARY
2024,DeptClim,18601.768400858808,7,RAIN,PRIMARY+SECONDARY
2024,Persist,13537.432551413516,7,RAIN,PRIMARY+SECONDARY
2024,Ridge,8779.393308872895,7,RAIN,PRIMARY+SECONDARY
2024,RF,8930.389039880658,7,RAIN,PRIMARY+SECONDARY
2024,HGB,14170.444312544607,7,RAIN,PRIMARY+SECONDARY
2001,GlobalClim,3150.4022158874423,8,RAIN,PRIMARY+SECONDARY
2001,DeptClim,1629.6255573295507,8,RAIN,PRIMARY+SECONDARY
2001,Persist,999.0681101799414,8,RAIN,PRIMARY+SECONDARY
2001,Ridge,3709.824454936598,8,RAIN,PRIMARY+SECONDARY
2001,RF,614.6693075993091,8,RAIN,PRIMARY+SECONDARY
2001,HGB,452.0645387653945,8,RAIN,PRIMARY+SECONDARY
2002,GlobalClim,3146.2899451695093,8,RAIN,PRIMARY+SECONDARY
2002,DeptClim,1850.9755954670848,8,RAIN,PRIMARY+SECONDARY
2002,Persist,995.5789102754561,8,RAIN,PRIMARY+SECONDARY
2002,Ridge,2807.904470193418,8,RAIN,PRIMARY+SECONDARY
2002,RF,723.8176928703948,8,RAIN,PRIMARY+SECONDARY
2002,HGB,703.1318456014666,8,RAIN,PRIMARY+SECONDARY
2003,GlobalClim,4866.931827258815,8,RAIN,PRIMARY+SECONDARY
2003,DeptClim,14561.92223299862,8,RAIN,PRIMARY+SECONDARY
2003,Persist,12322.930694513041,8,RAIN,PRIMARY+SECONDARY
2003,Ridge,22210.064859769373,8,RAIN,PRIMARY+SECONDARY
2003,RF,18182.02398607739,8,RAIN,PRIMARY+SECONDARY
2003,HGB,12539.424855348427,8,RAIN,PRIMARY+SECONDARY
2004,GlobalClim,16625.123700916356,8,RAIN,PRIMARY+SECONDARY
2004,DeptClim,2412.408002721674,8,RAIN,PRIMARY+SECONDARY
2004,Persist,2921.233038108997,8,RAIN,PRIMARY+SECONDARY
2004,Ridge,29367.06189638563,8,RAIN,PRIMARY+SECONDARY
2004,RF,17353.395896389182,8,RAIN,PRIMARY+SECONDARY
2004,HGB,19339.454609624034,8,RAIN,PRIMARY+SECONDARY
2005,GlobalClim,5791.471683145148,8,RAIN,PRIMARY+SECONDARY
2005,DeptClim,2123.5207376990948,8,RAIN,PRIMARY+SECONDARY
2005,Persist,6389.841522619038,8,RAIN,PRIMARY+SECONDARY
2005,Ridge,10347.476723116824,8,RAIN,PRIMARY+SECONDARY
2005,RF,5790.798226909134,8,RAIN,PRIMARY+SECONDARY
2005,HGB,7173.095349564025,8,RAIN,PRIMARY+SECONDARY
2006,GlobalClim,3745.488967662504,8,RAIN,PRIMARY+SECONDARY
2006,DeptClim,7932.1872770898035,8,RAIN,PRIMARY+SECONDARY
2006,Persist,3346.7499916480033,8,RAIN,PRIMARY+SECONDARY
2006,Ridge,4979.095931352031,8,RAIN,PRIMARY+SECONDARY
2006,RF,2645.6774878704196,8,RAIN,PRIMARY+SECONDARY
2006,HGB,4255.864717097773,8,RAIN,PRIMARY+SECONDARY
2007,GlobalClim,3481.0978095032665,8,RAIN,PRIMARY+SECONDARY
2007,DeptClim,7260.557783958629,8,RAIN,PRIMARY+SECONDARY
2007,Persist,2450.088307191734,8,RAIN,PRIMARY+SECONDARY
2007,Ridge,4417.3649357419135,8,RAIN,PRIMARY+SECONDARY
2007,RF,1992.388413999614,8,RAIN,PRIMARY+SECONDARY
2007,HGB,2079.4235150705426,8,RAIN,PRIMARY+SECONDARY
2008,GlobalClim,3932.673674501538,8,RAIN,PRIMARY+SECONDARY
2008,DeptClim,8246.693463539557,8,RAIN,PRIMARY+SECONDARY
2008,Persist,3193.133139484915,8,RAIN,PRIMARY+SECONDARY
2008,Ridge,3459.09154951449,8,RAIN,PRIMARY+SECONDARY
2008,RF,2163.6447916582074,8,RAIN,PRIMARY+SECONDARY
2008,HGB,2780.21529352364,8,RAIN,PRIMARY+SECONDARY
2009,GlobalClim,4733.326007085591,8,RAIN,PRIMARY+SECONDARY
2009,DeptClim,8966.389791588494,8,RAIN,PRIMARY+SECONDARY
2009,Persist,3112.099643637862,8,RAIN,PRIMARY+SECONDARY
2009,Ridge,2580.3023440903257,8,RAIN,PRIMARY+SECONDARY
2009,RF,1774.85404220665,8,RAIN,PRIMARY+SECONDARY
2009,HGB,3550.0960106339708,8,RAIN,PRIMARY+SECONDARY
2010,GlobalClim,4537.439897048391,8,RAIN,PRIMARY+SECONDARY
2010,DeptClim,8942.909403344156,8,RAIN,PRIMARY+SECONDARY
2010,Persist,4106.034488092767,8,RAIN,PRIMARY+SECONDARY
2010,Ridge,2771.1393675329073,8,RAIN,PRIMARY+SECONDARY
2010,RF,2022.1849029923956,8,RAIN,PRIMARY+SECONDARY
2010,HGB,3391.64593103794,8,RAIN,PRIMARY+SECONDARY
2011,GlobalClim,4675.710824105528,8,RAIN,PRIMARY+SECONDARY
2011,DeptClim,9037.922479958108,8,RAIN,PRIMARY+SECONDARY
2011,Persist,4363.758028158403,8,RAIN,PRIMARY+SECONDARY
2011,Ridge,1573.8613975467492,8,RAIN,PRIMARY+SECONDARY
2011,RF,1713.4787949482798,8,RAIN,PRIMARY+SECONDARY
2011,HGB,1192.5768726853587,8,RAIN,PRIMARY+SECONDARY
2012,GlobalClim,5126.929008420753,8,RAIN,PRIMARY+SECONDARY
2012,DeptClim,9809.164710708297,8,RAIN,PRIMARY+SECONDARY
2012,Persist,5236.727015056413,8,RAIN,PRIMARY+SECONDARY
2012,Ridge,2091.3673765863537,8,RAIN,PRIMARY+SECONDARY
2012,RF,2135.3516273580813,8,RAIN,PRIMARY+SECONDARY
2012,HGB,4847.175462320265,8,RAIN,PRIMARY+SECONDARY
2013,GlobalClim,5395.101951686529,8,RAIN,PRIMARY+SECONDARY
2013,DeptClim,9828.242259515242,8,RAIN,PRIMARY+SECONDARY
2013,Persist,5344.554675633662,8,RAIN,PRIMARY+SECONDARY
2013,Ridge,1841.3663697369675,8,RAIN,PRIMARY+SECONDARY
2013,RF,2201.2968688855276,8,RAIN,PRIMARY+SECONDARY
2013,HGB,7449.091733050028,8,RAIN,PRIMARY+SECONDARY
2014,GlobalClim,6208.5058037269155,8,RAIN,PRIMARY+SECONDARY
2014,DeptClim,10599.00424395683,8,RAIN,PRIMARY+SECONDARY
2014,Persist,6041.564070657564,8,RAIN,PRIMARY+SECONDARY
2014,Ridge,2090.595733015853,8,RAIN,PRIMARY+SECONDARY
2014,RF,2041.7828342142238,8,RAIN,PRIMARY+SECONDARY
2014,HGB,4219.701624346109,8,RAIN,PRIMARY+SECONDARY
2015,GlobalClim,6705.596355755782,8,RAIN,PRIMARY+SECONDARY
2015,DeptClim,11055.553386724208,8,RAIN,PRIMARY+SECONDARY
2015,Persist,6597.721824495995,8,RAIN,PRIMARY+SECONDARY
2015,Ridge,1924.9283327603725,8,RAIN,PRIMARY+SECONDARY
2015,RF,2270.649471576083,8,RAIN,PRIMARY+SECONDARY
2015,HGB,4495.50323982754,8,RAIN,PRIMARY+SECONDARY
2016,GlobalClim,8644.509602169834,8,RAIN,PRIMARY+SECONDARY
2016,DeptClim,13388.390481133201,8,RAIN,PRIMARY+SECONDARY
2016,Persist,8392.546805737678,8,RAIN,PRIMARY+SECONDARY
2016,Ridge,3957.2933617479885,8,RAIN,PRIMARY+SECONDARY
2016,RF,7395.050558635081,8,RAIN,PRIMARY+SECONDARY
2016,HGB,7051.229426633504,8,RAIN,PRIMARY+SECONDARY
2017,GlobalClim,8400.587767222707,8,RAIN,PRIMARY+SECONDARY
2017,DeptClim,13164.904186060548,8,RAIN,PRIMARY+SECONDARY
2017,Persist,7816.904456807523,8,RAIN,PRIMARY+SECONDARY
2017,Ridge,4099.7046168589795,8,RAIN,PRIMARY+SECONDARY
2017,RF,2796.057365143348,8,RAIN,PRIMARY+SECONDARY
2017,HGB,7972.7164883484575,8,RAIN,PRIMARY+SECONDARY
2018,GlobalClim,9410.097843657442,8,RAIN,PRIMARY+SECONDARY
2018,DeptClim,13940.512800308543,8,RAIN,PRIMARY+SECONDARY
2018,Persist,9144.812560689757,8,RAIN,PRIMARY+SECONDARY
2018,Ridge,5839.885868541888,8,RAIN,PRIMARY+SECONDARY
2018,RF,9695.077814119722,8,RAIN,PRIMARY+SECONDARY
2018,HGB,10660.924995561576,8,RAIN,PRIMARY+SECONDARY
2019,GlobalClim,54468.84599517915,8,RAIN,PRIMARY+SECONDARY
2019,DeptClim,52355.3348420901,8,RAIN,PRIMARY+SECONDARY
2019,Persist,7513.344196650276,8,RAIN,PRIMARY+SECONDARY
2019,Ridge,50695.506359907165,8,RAIN,PRIMARY+SECONDARY
2019,RF,44236.077257447374,8,RAIN,PRIMARY+SECONDARY
2019,HGB,54021.344157536245,8,RAIN,PRIMARY+SECONDARY
2020,GlobalClim,30315.157774360443,8,RAIN,PRIMARY+SECONDARY
2020,DeptClim,27076.122943445655,8,RAIN,PRIMARY+SECONDARY
2020,Persist,13065.717617749027,8,RAIN,PRIMARY+SECONDARY
2020,Ridge,41877.20681094469,8,RAIN,PRIMARY+SECONDARY
2020,RF,28292.052109333054,8,RAIN,PRIMARY+SECONDARY
2020,HGB,24645.684401834893,8,RAIN,PRIMARY+SECONDARY
2021,GlobalClim,10385.016922022534,8,RAIN,PRIMARY+SECONDARY
2021,DeptClim,15084.21109232335,8,RAIN,PRIMARY+SECONDARY
2021,Persist,10533.184754310014,8,RAIN,PRIMARY+SECONDARY
2021,Ridge,6730.137601515132,8,RAIN,PRIMARY+SECONDARY
2021,RF,4039.413593753259,8,RAIN,PRIMARY+SECONDARY
2021,HGB,10069.63402808975,8,RAIN,PRIMARY+SECONDARY
2022,GlobalClim,12042.454282601646,8,RAIN,PRIMARY+SECONDARY
2022,DeptClim,16731.274064010107,8,RAIN,PRIMARY+SECONDARY
2022,Persist,11426.976163629348,8,RAIN,PRIMARY+SECONDARY
2022,Ridge,8655.707326719481,8,RAIN,PRIMARY+SECONDARY
2022,RF,3930.394175500636,8,RAIN,PRIMARY+SECONDARY
2022,HGB,11602.741533009781,8,RAIN,PRIMARY+SECONDARY
2023,GlobalClim,12865.96221894129,8,RAIN,PRIMARY+SECONDARY
2023,DeptClim,17330.97820522468,8,RAIN,PRIMARY+SECONDARY
2023,Persist,12825.839798814994,8,RAIN,PRIMARY+SECONDARY
2023,Ridge,8735.932986803866,8,RAIN,PRIMARY+SECONDARY
2023,RF,7433.216672665636,8,RAIN,PRIMARY+SECONDARY
2023,HGB,14523.955342877003,8,RAIN,PRIMARY+SECONDARY
2024,GlobalClim,14819.941123411012,8,RAIN,PRIMARY+SECONDARY
2024,DeptClim,19227.31837492933,8,RAIN,PRIMARY+SECONDARY
2024,Persist,13884.859427844614,8,RAIN,PRIMARY+SECONDARY
2024,Ridge,9106.87397728938,8,RAIN,PRIMARY+SECONDARY
2024,RF,5814.826261294931,8,RAIN,PRIMARY+SECONDARY
2024,HGB,12870.421832347522,8,RAIN,PRIMARY+SECONDARY
2001,GlobalClim,3642.175690545364,9,RAIN,PRIMARY+SECONDARY
2001,DeptClim,2059.2959223572843,9,RAIN,PRIMARY+SECONDARY
2001,Persist,1025.14067183779,9,RAIN,PRIMARY+SECONDARY
2001,Ridge,5243.305171892238,9,RAIN,PRIMARY+SECONDARY
2001,RF,791.0246839952264,9,RAIN,PRIMARY+SECONDARY
2001,HGB,882.8140236211701,9,RAIN,PRIMARY+SECONDARY
2002,GlobalClim,6602.014095095286,9,RAIN,PRIMARY+SECONDARY
2002,DeptClim,30543.42561237382,9,RAIN,PRIMARY+SECONDARY
2002,Persist,1028.6964576800408,9,RAIN,PRIMARY+SECONDARY
2002,Ridge,15495.439318792944,9,RAIN,PRIMARY+SECONDARY
2002,RF,15790.035090147643,9,RAIN,PRIMARY+SECONDARY
2002,HGB,8326.178168502069,9,RAIN,PRIMARY+SECONDARY
2003,GlobalClim,19612.15322655556,9,RAIN,PRIMARY+SECONDARY
2003,DeptClim,1179.007631359437,9,RAIN,PRIMARY+SECONDARY
2003,Persist,23205.512910804926,9,RAIN,PRIMARY+SECONDARY
2003,Ridge,31956.59814720801,9,RAIN,PRIMARY+SECONDARY
2003,RF,10880.664468975185,9,RAIN,PRIMARY+SECONDARY
2003,HGB,31168.516993988243,9,RAIN,PRIMARY+SECONDARY
2004,GlobalClim,15144.044791300395,9,RAIN,PRIMARY+SECONDARY
2004,DeptClim,2444.1097688188806,9,RAIN,PRIMARY+SECONDARY
2004,Persist,3850.4891741478336,9,RAIN,PRIMARY+SECONDARY
2004,Ridge,25640.206249343995,9,RAIN,PRIMARY+SECONDARY
2004,RF,8828.738870285415,9,RAIN,PRIMARY+SECONDARY
2004,HGB,24971.165953783006,9,RAIN,PRIMARY+SECONDARY
2005,GlobalClim,5949.558242093166,9,RAIN,PRIMARY+SECONDARY
2005,DeptClim,2998.9244932473903,9,RAIN,PRIMARY+SECONDARY
2005,Persist,2088.6688066849783,9,RAIN,PRIMARY+SECONDARY
2005,Ridge,10161.984860208004,9,RAIN,PRIMARY+SECONDARY
2005,RF,5278.999738286437,9,RAIN,PRIMARY+SECONDARY
2005,HGB,9360.060812958109,9,RAIN,PRIMARY+SECONDARY
2006,GlobalClim,5748.759098907906,9,RAIN,PRIMARY+SECONDARY
2006,DeptClim,11694.83803234322,9,RAIN,PRIMARY+SECONDARY
2006,Persist,3695.260590634004,9,RAIN,PRIMARY+SECONDARY
2006,Ridge,4282.147203884098,9,RAIN,PRIMARY+SECONDARY
2006,RF,3410.4786719399176,9,RAIN,PRIMARY+SECONDARY
2006,HGB,3034.114040899231,9,RAIN,PRIMARY+SECONDARY
2007,GlobalClim,5363.657643012807,9,RAIN,PRIMARY+SECONDARY
2007,DeptClim,11079.373108342696,9,RAIN,PRIMARY+SECONDARY
2007,Persist,4239.494543699233,9,RAIN,PRIMARY+SECONDARY
2007,Ridge,3852.2123219271007,9,RAIN,PRIMARY+SECONDARY
2007,RF,2173.9260380996684,9,RAIN,PRIMARY+SECONDARY
2007,HGB,3763.5267535399844,9,RAIN,PRIMARY+SECONDARY
2008,GlobalClim,6037.702910384173,9,RAIN,PRIMARY+SECONDARY
2008,DeptClim,11758.859554105898,9,RAIN,PRIMARY+SECONDARY
2008,Persist,4908.7519869748585,9,RAIN,PRIMARY+SECONDARY
2008,Ridge,2790.8400471726313,9,RAIN,PRIMARY+SECONDARY
2008,RF,1668.3698248210158,9,RAIN,PRIMARY+SECONDARY
2008,HGB,1666.6260969994735,9,RAIN,PRIMARY+SECONDARY
2009,GlobalClim,6871.59580608992,9,RAIN,PRIMARY+SECONDARY
2009,DeptClim,12780.75107513821,9,RAIN,PRIMARY+SECONDARY
2009,Persist,5170.320477527013,9,RAIN,PRIMARY+SECONDARY
2009,Ridge,3075.4566821674284,9,RAIN,PRIMARY+SECONDARY
2009,RF,2053.6070443758517,9,RAIN,PRIMARY+SECONDARY
2009,HGB,2437.1876675952376,9,RAIN,PRIMARY+SECONDARY
2010,GlobalClim,6864.175078014349,9,RAIN,PRIMARY+SECONDARY
2010,DeptClim,12902.461630225005,9,RAIN,PRIMARY+SECONDARY
2010,Persist,6034.295423246073,9,RAIN,PRIMARY+SECONDARY
2010,Ridge,3765.511338558236,9,RAIN,PRIMARY+SECONDARY
2010,RF,1289.9996396086456,9,RAIN,PRIMARY+SECONDARY
2010,HGB,2080.136490323603,9,RAIN,PRIMARY+SECONDARY
2011,GlobalClim,4610.087718069442,9,RAIN,PRIMARY+SECONDARY
2011,DeptClim,9678.350187435217,9,RAIN,PRIMARY+SECONDARY
2011,Persist,3713.990538857027,9,RAIN,PRIMARY+SECONDARY
2011,Ridge,4018.2094218740103,9,RAIN,PRIMARY+SECONDARY
2011,RF,2503.6000182206826,9,RAIN,PRIMARY+SECONDARY
2011,HGB,1494.8084919841372,9,RAIN,PRIMARY+SECONDARY
2012,GlobalClim,6882.202126750898,9,RAIN,PRIMARY+SECONDARY
2012,DeptClim,12608.108406454436,9,RAIN,PRIMARY+SECONDARY
2012,Persist,6933.895000820072,9,RAIN,PRIMARY+SECONDARY
2012,Ridge,3151.379567868445,9,RAIN,PRIMARY+SECONDARY
2012,RF,1823.2031156506782,9,RAIN,PRIMARY+SECONDARY
2012,HGB,2348.5292740018376,9,RAIN,PRIMARY+SECONDARY
2013,GlobalClim,3892.8385829456333,9,RAIN,PRIMARY+SECONDARY
2013,DeptClim,5999.145648202622,9,RAIN,PRIMARY+SECONDARY
2013,Persist,2242.2718410077696,9,RAIN,PRIMARY+SECONDARY
2013,Ridge,6227.978928740415,9,RAIN,PRIMARY+SECONDARY
2013,RF,4780.700829628218,9,RAIN,PRIMARY+SECONDARY
2013,HGB,5052.450378095515,9,RAIN,PRIMARY+SECONDARY
2014,GlobalClim,6045.818817486722,9,RAIN,PRIMARY+SECONDARY
2014,DeptClim,11296.78551080246,9,RAIN,PRIMARY+SECONDARY
2014,Persist,5408.149911763699,9,RAIN,PRIMARY+SECONDARY
2014,Ridge,3026.847011251293,9,RAIN,PRIMARY+SECONDARY
2014,RF,3336.803358855028,9,RAIN,PRIMARY+SECONDARY
2014,HGB,2060.551726745311,9,RAIN,PRIMARY+SECONDARY
2015,GlobalClim,9751.366045517065,9,RAIN,PRIMARY+SECONDARY
2015,DeptClim,15492.286712182937,9,RAIN,PRIMARY+SECONDARY
2015,Persist,9554.218952307789,9,RAIN,PRIMARY+SECONDARY
2015,Ridge,4879.806218948694,9,RAIN,PRIMARY+SECONDARY
2015,RF,2101.6000870024327,9,RAIN,PRIMARY+SECONDARY
2015,HGB,5451.251575801071,9,RAIN,PRIMARY+SECONDARY
2016,GlobalClim,10020.947647117238,9,RAIN,PRIMARY+SECONDARY
2016,DeptClim,16145.998425022502,9,RAIN,PRIMARY+SECONDARY
2016,Persist,9148.454851989743,9,RAIN,PRIMARY+SECONDARY
2016,Ridge,3793.6683743755075,9,RAIN,PRIMARY+SECONDARY
2016,RF,2224.151186039936,9,RAIN,PRIMARY+SECONDARY
2016,HGB,5541.345853063537,9,RAIN,PRIMARY+SECONDARY
2017,GlobalClim,9890.101373733947,9,RAIN,PRIMARY+SECONDARY
2017,DeptClim,15836.301008143271,9,RAIN,PRIMARY+SECONDARY
2017,Persist,9410.381096876925,9,RAIN,PRIMARY+SECONDARY
2017,Ridge,4256.1375089125,9,RAIN,PRIMARY+SECONDARY
2017,RF,6587.549606013616,9,RAIN,PRIMARY+SECONDARY
2017,HGB,5701.9420736102975,9,RAIN,PRIMARY+SECONDARY
2018,GlobalClim,10662.102149981569,9,RAIN,PRIMARY+SECONDARY
2018,DeptClim,16531.634448173056,9,RAIN,PRIMARY+SECONDARY
2018,Persist,9952.237065694473,9,RAIN,PRIMARY+SECONDARY
2018,Ridge,6259.134196070411,9,RAIN,PRIMARY+SECONDARY
2018,RF,7272.5406100152095,9,RAIN,PRIMARY+SECONDARY
2018,HGB,10244.907258154679,9,RAIN,PRIMARY+SECONDARY
2019,GlobalClim,78909.58888121662,9,RAIN,PRIMARY+SECONDARY
2019,DeptClim,76287.68468950907,9,RAIN,PRIMARY+SECONDARY
2019,Persist,20982.743979098075,9,RAIN,PRIMARY+SECONDARY
2019,Ridge,34425.64774661868,9,RAIN,PRIMARY+SECONDARY
2019,RF,70778.6465208728,9,RAIN,PRIMARY+SECONDARY
2019,HGB,74196.860568268,9,RAIN,PRIMARY+SECONDARY
2020,GlobalClim,20114.574720763307,9,RAIN,PRIMARY+SECONDARY
2020,DeptClim,15053.771726268234,9,RAIN,PRIMARY+SECONDARY
2020,Persist,16429.891534767645,9,RAIN,PRIMARY+SECONDARY
2020,Ridge,7999.5356820663565,9,RAIN,PRIMARY+SECONDARY
2020,RF,15549.838839848273,9,RAIN,PRIMARY+SECONDARY
2020,HGB,4401.884201478601,9,RAIN,PRIMARY+SECONDARY
2021,GlobalClim,12174.09370522755,9,RAIN,PRIMARY+SECONDARY
2021,DeptClim,17881.21144333251,9,RAIN,PRIMARY+SECONDARY
2021,Persist,11804.282820089395,9,RAIN,PRIMARY+SECONDARY
2021,Ridge,6709.471697479817,9,RAIN,PRIMARY+SECONDARY
2021,RF,9736.122628532154,9,RAIN,PRIMARY+SECONDARY
2021,HGB,9517.69689448008,9,RAIN,PRIMARY+SECONDARY
2022,GlobalClim,13635.61474079708,9,RAIN,PRIMARY+SECONDARY
2022,DeptClim,19525.547874328557,9,RAIN,PRIMARY+SECONDARY
2022,Persist,12909.626112414287,9,RAIN,PRIMARY+SECONDARY
2022,Ridge,8443.558332931829,9,RAIN,PRIMARY+SECONDARY
2022,RF,3400.1490916201506,9,RAIN,PRIMARY+SECONDARY
2022,HGB,9815.444575281197,9,RAIN,PRIMARY+SECONDARY
2023,GlobalClim,14893.115254504743,9,RAIN,PRIMARY+SECONDARY
2023,DeptClim,20664.977190094058,9,RAIN,PRIMARY+SECONDARY
2023,Persist,14881.284128422485,9,RAIN,PRIMARY+SECONDARY
2023,Ridge,9681.587648699626,9,RAIN,PRIMARY+SECONDARY
2023,RF,6689.046957019454,9,RAIN,PRIMARY+SECONDARY
2023,HGB,11101.565140071416,9,RAIN,PRIMARY+SECONDARY
2024,GlobalClim,16112.18652750233,9,RAIN,PRIMARY+SECONDARY
2024,DeptClim,21962.433552623224,9,RAIN,PRIMARY+SECONDARY
2024,Persist,18516.19600494218,9,RAIN,PRIMARY+SECONDARY
2024,Ridge,10917.101234835793,9,RAIN,PRIMARY+SECONDARY
2024,RF,9064.49739285046,9,RAIN,PRIMARY+SECONDARY
2024,HGB,13091.569106668585,9,RAIN,PRIMARY+SECONDARY
2001,GlobalClim,3954.103615003358,10,RAIN,PRIMARY+SECONDARY
2001,DeptClim,1945.5972361277898,10,RAIN,PRIMARY+SECONDARY
2001,Persist,1002.7135796809773,10,RAIN,PRIMARY+SECONDARY
2001,Ridge,7527.419100305499,10,RAIN,PRIMARY+SECONDARY
2001,RF,840.2179257425227,10,RAIN,PRIMARY+SECONDARY
2001,HGB,3147.1025276683995,10,RAIN,PRIMARY+SECONDARY
2002,GlobalClim,45468.8423135416,10,RAIN,PRIMARY+SECONDARY
2002,DeptClim,74134.17300917309,10,RAIN,PRIMARY+SECONDARY
2002,Persist,42823.422766314376,10,RAIN,PRIMARY+SECONDARY
2002,Ridge,34886.197140699805,10,RAIN,PRIMARY+SECONDARY
2002,RF,21943.483369728256,10,RAIN,PRIMARY+SECONDARY
2002,HGB,43022.86642318847,10,RAIN,PRIMARY+SECONDARY
2003,GlobalClim,29797.82643190113,10,RAIN,PRIMARY+SECONDARY
2003,DeptClim,8770.647549021869,10,RAIN,PRIMARY+SECONDARY
2003,Persist,9234.432009515656,10,RAIN,PRIMARY+SECONDARY
2003,Ridge,32995.57985102996,10,RAIN,PRIMARY+SECONDARY
2003,RF,4008.3503769054796,10,RAIN,PRIMARY+SECONDARY
2003,HGB,18320.52404180703,10,RAIN,PRIMARY+SECONDARY
2004,GlobalClim,25951.204516490947,10,RAIN,PRIMARY+SECONDARY
2004,DeptClim,8020.552932956104,10,RAIN,PRIMARY+SECONDARY
2004,Persist,9213.456433320216,10,RAIN,PRIMARY+SECONDARY
2004,Ridge,27896.356110865832,10,RAIN,PRIMARY+SECONDARY
2004,RF,2401.2744296423916,10,RAIN,PRIMARY+SECONDARY
2004,HGB,20109.69570325968,10,RAIN,PRIMARY+SECONDARY
2005,GlobalClim,11007.900678339209,10,RAIN,PRIMARY+SECONDARY
2005,DeptClim,3930.5181030842377,10,RAIN,PRIMARY+SECONDARY
2005,Persist,4513.759672093119,10,RAIN,PRIMARY+SECONDARY
2005,Ridge,11736.7237170666,10,RAIN,PRIMARY+SECONDARY
2005,RF,2498.7356718713736,10,RAIN,PRIMARY+SECONDARY
2005,HGB,7368.659899719327,10,RAIN,PRIMARY+SECONDARY
2006,GlobalClim,10699.718078402251,10,RAIN,PRIMARY+SECONDARY
2006,DeptClim,18107.159490962204,10,RAIN,PRIMARY+SECONDARY
2006,Persist,9719.439822798666,10,RAIN,PRIMARY+SECONDARY
2006,Ridge,7995.8917261157985,10,RAIN,PRIMARY+SECONDARY
2006,RF,2688.612258282966,10,RAIN,PRIMARY+SECONDARY
2006,HGB,7933.921405561471,10,RAIN,PRIMARY+SECONDARY
2007,GlobalClim,10658.008478574442,10,RAIN,PRIMARY+SECONDARY
2007,DeptClim,18020.672967623956,10,RAIN,PRIMARY+SECONDARY
2007,Persist,9808.675412272918,10,RAIN,PRIMARY+SECONDARY
2007,Ridge,6965.376521639948,10,RAIN,PRIMARY+SECONDARY
2007,RF,2524.4086818791034,10,RAIN,PRIMARY+SECONDARY
2007,HGB,9019.517894873035,10,RAIN,PRIMARY+SECONDARY
2008,GlobalClim,9971.424798971962,10,RAIN,PRIMARY+SECONDARY
2008,DeptClim,16961.805502554926,10,RAIN,PRIMARY+SECONDARY
2008,Persist,8758.876596544002,10,RAIN,PRIMARY+SECONDARY
2008,Ridge,7310.477367543753,10,RAIN,PRIMARY+SECONDARY
2008,RF,2860.852649465293,10,RAIN,PRIMARY+SECONDARY
2008,HGB,6819.785966427677,10,RAIN,PRIMARY+SECONDARY
2009,GlobalClim,9863.381255824537,10,RAIN,PRIMARY+SECONDARY
2009,DeptClim,16803.311369356546,10,RAIN,PRIMARY+SECONDARY
2009,Persist,8403.358628423299,10,RAIN,PRIMARY+SECONDARY
2009,Ridge,6370.876015609127,10,RAIN,PRIMARY+SECONDARY
2009,RF,1125.1026383326714,10,RAIN,PRIMARY+SECONDARY
2009,HGB,7882.796142022646,10,RAIN,PRIMARY+SECONDARY
2010,GlobalClim,10074.954062677953,10,RAIN,PRIMARY+SECONDARY
2010,DeptClim,17356.404680960717,10,RAIN,PRIMARY+SECONDARY
2010,Persist,8969.1993424201,10,RAIN,PRIMARY+SECONDARY
2010,Ridge,7911.06144832768,10,RAIN,PRIMARY+SECONDARY
2010,RF,6826.246600375417,10,RAIN,PRIMARY+SECONDARY
2010,HGB,8440.492918603772,10,RAIN,PRIMARY+SECONDARY
2011,GlobalClim,7303.415540508607,10,RAIN,PRIMARY+SECONDARY
2011,DeptClim,3433.0819180094177,10,RAIN,PRIMARY+SECONDARY
2011,Persist,3734.0408634554155,10,RAIN,PRIMARY+SECONDARY
2011,Ridge,9160.143938269639,10,RAIN,PRIMARY+SECONDARY
2011,RF,2959.5558686720688,10,RAIN,PRIMARY+SECONDARY
2011,HGB,8800.501340085955,10,RAIN,PRIMARY+SECONDARY
2012,GlobalClim,8493.18213476878,10,RAIN,PRIMARY+SECONDARY
2012,DeptClim,15309.82259354442,10,RAIN,PRIMARY+SECONDARY
2012,Persist,8279.927899718256,10,RAIN,PRIMARY+SECONDARY
2012,Ridge,6221.806079517683,10,RAIN,PRIMARY+SECONDARY
2012,RF,5125.144951704235,10,RAIN,PRIMARY+SECONDARY
2012,HGB,8876.85159146771,10,RAIN,PRIMARY+SECONDARY
2013,GlobalClim,12119.487900437955,10,RAIN,PRIMARY+SECONDARY
2013,DeptClim,6080.946158011336,10,RAIN,PRIMARY+SECONDARY
2013,Persist,4383.553419712221,10,RAIN,PRIMARY+SECONDARY
2013,Ridge,13799.512988608634,10,RAIN,PRIMARY+SECONDARY
2013,RF,5831.009668818963,10,RAIN,PRIMARY+SECONDARY
2013,HGB,10722.729177245314,10,RAIN,PRIMARY+SECONDARY
2014,GlobalClim,7843.498425936912,10,RAIN,PRIMARY+SECONDARY
2014,DeptClim,3968.063030362366,10,RAIN,PRIMARY+SECONDARY
2014,Persist,4327.339595263284,10,RAIN,PRIMARY+SECONDARY
2014,Ridge,9353.525554230413,10,RAIN,PRIMARY+SECONDARY
2014,RF,1940.9702469330302,10,RAIN,PRIMARY+SECONDARY
2014,HGB,5873.414182706402,10,RAIN,PRIMARY+SECONDARY
2015,GlobalClim,12168.103600164904,10,RAIN,PRIMARY+SECONDARY
2015,DeptClim,6450.587833323355,10,RAIN,PRIMARY+SECONDARY
2015,Persist,12491.01967339847,10,RAIN,PRIMARY+SECONDARY
2015,Ridge,14195.034414380703,10,RAIN,PRIMARY+SECONDARY
2015,RF,11831.778064034554,10,RAIN,PRIMARY+SECONDARY
2015,HGB,14280.16321527983,10,RAIN,PRIMARY+SECONDARY
2016,GlobalClim,8959.965645334714,10,RAIN,PRIMARY+SECONDARY
2016,DeptClim,15767.688829352483,10,RAIN,PRIMARY+SECONDARY
2016,Persist,7981.160383297042,10,RAIN,PRIMARY+SECONDARY
2016,Ridge,5759.73254350582,10,RAIN,PRIMARY+SECONDARY
2016,RF,1752.765654067862,10,RAIN,PRIMARY+SECONDARY
2016,HGB,6735.87786761125,10,RAIN,PRIMARY+SECONDARY
2017,GlobalClim,8700.287050787712,10,RAIN,PRIMARY+SECONDARY
2017,DeptClim,15482.834524132928,10,RAIN,PRIMARY+SECONDARY
2017,Persist,8221.692800182567,10,RAIN,PRIMARY+SECONDARY
2017,Ridge,5596.984060928448,10,RAIN,PRIMARY+SECONDARY
2017,RF,2681.896909018905,10,RAIN,PRIMARY+SECONDARY
2017,HGB,6304.747840620851,10,RAIN,PRIMARY+SECONDARY
2018,GlobalClim,8366.827304181203,10,RAIN,PRIMARY+SECONDARY
2018,DeptClim,15129.539850662435,10,RAIN,PRIMARY+SECONDARY
2018,Persist,7703.8462143399265,10,RAIN,PRIMARY+SECONDARY
2018,Ridge,6379.115137376957,10,RAIN,PRIMARY+SECONDARY
2018,RF,5783.076723338121,10,RAIN,PRIMARY+SECONDARY
2018,HGB,8083.16000397968,10,RAIN,PRIMARY+SECONDARY
2019,GlobalClim,43660.06746070816,10,RAIN,PRIMARY+SECONDARY
2019,DeptClim,38453.76351645455,10,RAIN,PRIMARY+SECONDARY
2019,Persist,39018.86573340204,10,RAIN,PRIMARY+SECONDARY
2019,Ridge,43236.811909095435,10,RAIN,PRIMARY+SECONDARY
2019,RF,46977.8894211599,10,RAIN,PRIMARY+SECONDARY
2019,HGB,44947.72974537711,10,RAIN,PRIMARY+SECONDARY
2020,GlobalClim,8385.346640248295,10,RAIN,PRIMARY+SECONDARY
2020,DeptClim,14730.67925542723,10,RAIN,PRIMARY+SECONDARY
2020,Persist,35194.88223230924,10,RAIN,PRIMARY+SECONDARY
2020,Ridge,31301.58505019748,10,RAIN,PRIMARY+SECONDARY
2020,RF,21425.965735031306,10,RAIN,PRIMARY+SECONDARY
2020,HGB,9860.838736799213,10,RAIN,PRIMARY+SECONDARY
2021,GlobalClim,7750.554798883669,10,RAIN,PRIMARY+SECONDARY
2021,DeptClim,13990.313186524952,10,RAIN,PRIMARY+SECONDARY
2021,Persist,7886.742698778028,10,RAIN,PRIMARY+SECONDARY
2021,Ridge,14793.814800222244,10,RAIN,PRIMARY+SECONDARY
2021,RF,4375.571831677052,10,RAIN,PRIMARY+SECONDARY
2021,HGB,7601.147608652933,10,RAIN,PRIMARY+SECONDARY
2022,GlobalClim,8068.150345244959,10,RAIN,PRIMARY+SECONDARY
2022,DeptClim,14704.716333171811,10,RAIN,PRIMARY+SECONDARY
2022,Persist,7562.4596183934145,10,RAIN,PRIMARY+SECONDARY
2022,Ridge,6432.107081454551,10,RAIN,PRIMARY+SECONDARY
2022,RF,1749.9538747906504,10,RAIN,PRIMARY+SECONDARY
2022,HGB,5206.975599977679,10,RAIN,PRIMARY+SECONDARY
2023,GlobalClim,9071.18446705066,10,RAIN,PRIMARY+SECONDARY
2023,DeptClim,15420.198089906025,10,RAIN,PRIMARY+SECONDARY
2023,Persist,7931.178067114558,10,RAIN,PRIMARY+SECONDARY
2023,Ridge,7004.960101454304,10,RAIN,PRIMARY+SECONDARY
2023,RF,3953.221644136653,10,RAIN,PRIMARY+SECONDARY
2023,HGB,10575.504980395732,10,RAIN,PRIMARY+SECONDARY
2024,GlobalClim,8831.659434928233,10,RAIN,PRIMARY+SECONDARY
2024,DeptClim,15122.72168186581,10,RAIN,PRIMARY+SECONDARY
2024,Persist,7975.518232495268,10,RAIN,PRIMARY+SECONDARY
2024,Ridge,4749.801070320769,10,RAIN,PRIMARY+SECONDARY
2024,RF,4144.2230688144,10,RAIN,PRIMARY+SECONDARY
2024,HGB,7240.957587196586,10,RAIN,PRIMARY+SECONDARY
2001,GlobalClim,4473.4293350934095,11,RAIN,PRIMARY+SECONDARY
2001,DeptClim,2134.4465272384664,11,RAIN,PRIMARY+SECONDARY
2001,Persist,921.7988826825167,11,RAIN,PRIMARY+SECONDARY
2001,Ridge,8755.198596772148,11,RAIN,PRIMARY+SECONDARY
2001,RF,1881.2893425587542,11,RAIN,PRIMARY+SECONDARY
2001,HGB,2053.5040150191744,11,RAIN,PRIMARY+SECONDARY
2002,GlobalClim,41547.025056003185,11,RAIN,PRIMARY+SECONDARY
2002,DeptClim,74305.38380655753,11,RAIN,PRIMARY+SECONDARY
2002,Persist,40147.43625746927,11,RAIN,PRIMARY+SECONDARY
2002,Ridge,32428.18266936638,11,RAIN,PRIMARY+SECONDARY
2002,RF,9032.133639707377,11,RAIN,PRIMARY+SECONDARY
2002,HGB,30169.341569761473,11,RAIN,PRIMARY+SECONDARY
2003,GlobalClim,32299.814391935008,11,RAIN,PRIMARY+SECONDARY
2003,DeptClim,7945.904137710003,11,RAIN,PRIMARY+SECONDARY
2003,Persist,22977.513886377354,11,RAIN,PRIMARY+SECONDARY
2003,Ridge,33886.347979452556,11,RAIN,PRIMARY+SECONDARY
2003,RF,4090.6076110925333,11,RAIN,PRIMARY+SECONDARY
2003,HGB,27787.11457421937,11,RAIN,PRIMARY+SECONDARY
2004,GlobalClim,24543.629329298717,11,RAIN,PRIMARY+SECONDARY
2004,DeptClim,6071.239414330858,11,RAIN,PRIMARY+SECONDARY
2004,Persist,20371.222633038993,11,RAIN,PRIMARY+SECONDARY
2004,Ridge,26047.819421879354,11,RAIN,PRIMARY+SECONDARY
2004,RF,1833.749442717309,11,RAIN,PRIMARY+SECONDARY
2004,HGB,18276.851569643637,11,RAIN,PRIMARY+SECONDARY
2005,GlobalClim,11364.253944983588,11,RAIN,PRIMARY+SECONDARY
2005,DeptClim,3386.304336501283,11,RAIN,PRIMARY+SECONDARY
2005,Persist,8593.75131908212,11,RAIN,PRIMARY+SECONDARY
2005,Ridge,12170.644218994536,11,RAIN,PRIMARY+SECONDARY
2005,RF,3141.9020593561418,11,RAIN,PRIMARY+SECONDARY
2005,HGB,12947.264148617414,11,RAIN,PRIMARY+SECONDARY
2006,GlobalClim,10691.085523981137,11,RAIN,PRIMARY+SECONDARY
2006,DeptClim,19115.069880861953,11,RAIN,PRIMARY+SECONDARY
2006,Persist,10432.63877805603,11,RAIN,PRIMARY+SECONDARY
2006,Ridge,7989.791613404769,11,RAIN,PRIMARY+SECONDARY
2006,RF,1446.1728241444084,11,RAIN,PRIMARY+SECONDARY
2006,HGB,7561.764505640316,11,RAIN,PRIMARY+SECONDARY
2007,GlobalClim,11961.877776278317,11,RAIN,PRIMARY+SECONDARY
2007,DeptClim,20795.793294098374,11,RAIN,PRIMARY+SECONDARY
2007,Persist,11286.863788097506,11,RAIN,PRIMARY+SECONDARY
2007,Ridge,9026.071146507118,11,RAIN,PRIMARY+SECONDARY
2007,RF,1931.1036772782768,11,RAIN,PRIMARY+SECONDARY
2007,HGB,9488.555474902787,11,RAIN,PRIMARY+SECONDARY
2008,GlobalClim,10731.64423502935,11,RAIN,PRIMARY+SECONDARY
2008,DeptClim,18639.364859371042,11,RAIN,PRIMARY+SECONDARY
2008,Persist,9718.176902569063,11,RAIN,PRIMARY+SECONDARY
2008,Ridge,8479.113862144786,11,RAIN,PRIMARY+SECONDARY
2008,RF,4311.1472911227465,11,RAIN,PRIMARY+SECONDARY
2008,HGB,8314.422280854225,11,RAIN,PRIMARY+SECONDARY
2009,GlobalClim,10406.627755449397,11,RAIN,PRIMARY+SECONDARY
2009,DeptClim,18369.5001613042,11,RAIN,PRIMARY+SECONDARY
2009,Persist,9544.926436980424,11,RAIN,PRIMARY+SECONDARY
2009,Ridge,7445.749851630475,11,RAIN,PRIMARY+SECONDARY
2009,RF,781.1725952149844,11,RAIN,PRIMARY+SECONDARY
2009,HGB,7447.725456674292,11,RAIN,PRIMARY+SECONDARY
2010,GlobalClim,10794.40228303432,11,RAIN,PRIMARY+SECONDARY
2010,DeptClim,19164.294036701773,11,RAIN,PRIMARY+SECONDARY
2010,Persist,9850.097685282977,11,RAIN,PRIMARY+SECONDARY
2010,Ridge,7271.5077143255985,11,RAIN,PRIMARY+SECONDARY
2010,RF,6819.4658962425565,11,RAIN,PRIMARY+SECONDARY
2010,HGB,8650.939878138637,11,RAIN,PRIMARY+SECONDARY
2011,GlobalClim,6739.80665342005,11,RAIN,PRIMARY+SECONDARY
2011,DeptClim,4562.503923439477,11,RAIN,PRIMARY+SECONDARY
2011,Persist,8844.005163480828,11,RAIN,PRIMARY+SECONDARY
2011,Ridge,8003.60367720454,11,RAIN,PRIMARY+SECONDARY
2011,RF,7754.866994198175,11,RAIN,PRIMARY+SECONDARY
2011,HGB,8788.780643861734,11,RAIN,PRIMARY+SECONDARY
2012,GlobalClim,9779.216529536301,11,RAIN,PRIMARY+SECONDARY
2012,DeptClim,17397.483173589113,11,RAIN,PRIMARY+SECONDARY
2012,Persist,9566.608511924824,11,RAIN,PRIMARY+SECONDARY
2012,Ridge,7366.340969218646,11,RAIN,PRIMARY+SECONDARY
2012,RF,1422.819877992866,11,RAIN,PRIMARY+SECONDARY
2012,HGB,8079.040837685676,11,RAIN,PRIMARY+SECONDARY
2013,GlobalClim,11098.321278840409,11,RAIN,PRIMARY+SECONDARY
2013,DeptClim,4628.293233220414,11,RAIN,PRIMARY+SECONDARY
2013,Persist,8631.156236974342,11,RAIN,PRIMARY+SECONDARY
2013,Ridge,12376.247172773188,11,RAIN,PRIMARY+SECONDARY
2013,RF,5907.755230261963,11,RAIN,PRIMARY+SECONDARY
2013,HGB,14189.175667535572,11,RAIN,PRIMARY+SECONDARY
2014,GlobalClim,7154.740213972069,11,RAIN,PRIMARY+SECONDARY
2014,DeptClim,5184.202646701072,11,RAIN,PRIMARY+SECONDARY
2014,Persist,8926.901084607442,11,RAIN,PRIMARY+SECONDARY
2014,Ridge,8171.493259408277,11,RAIN,PRIMARY+SECONDARY
2014,RF,1970.3192043602726,11,RAIN,PRIMARY+SECONDARY
2014,HGB,7386.7745895150565,11,RAIN,PRIMARY+SECONDARY
2015,GlobalClim,10799.257325360246,11,RAIN,PRIMARY+SECONDARY
2015,DeptClim,18416.97573657582,11,RAIN,PRIMARY+SECONDARY
2015,Persist,27502.615361459557,11,RAIN,PRIMARY+SECONDARY
2015,Ridge,7894.691090047813,11,RAIN,PRIMARY+SECONDARY
2015,RF,3249.741777463301,11,RAIN,PRIMARY+SECONDARY
2015,HGB,6867.894804776202,11,RAIN,PRIMARY+SECONDARY
2016,GlobalClim,10614.353546994425,11,RAIN,PRIMARY+SECONDARY
2016,DeptClim,18296.44656488185,11,RAIN,PRIMARY+SECONDARY
2016,Persist,9741.87446284109,11,RAIN,PRIMARY+SECONDARY
2016,Ridge,7019.547965178557,11,RAIN,PRIMARY+SECONDARY
2016,RF,2592.883610104997,11,RAIN,PRIMARY+SECONDARY
2016,HGB,8731.978608619296,11,RAIN,PRIMARY+SECONDARY
2017,GlobalClim,10578.217667283105,11,RAIN,PRIMARY+SECONDARY
2017,DeptClim,18499.381948369013,11,RAIN,PRIMARY+SECONDARY
2017,Persist,9938.747167772013,11,RAIN,PRIMARY+SECONDARY
2017,Ridge,7861.403555525099,11,RAIN,PRIMARY+SECONDARY
2017,RF,3029.7266596993086,11,RAIN,PRIMARY+SECONDARY
2017,HGB,9174.98883256872,11,RAIN,PRIMARY+SECONDARY
2018,GlobalClim,43807.81157098621,11,RAIN,PRIMARY+SECONDARY
2018,DeptClim,37577.284995939226,11,RAIN,PRIMARY+SECONDARY
2018,Persist,43746.66595805714,11,RAIN,PRIMARY+SECONDARY
2018,Ridge,45606.89501301519,11,RAIN,PRIMARY+SECONDARY
2018,RF,43135.7492639882,11,RAIN,PRIMARY+SECONDARY
2018,HGB,45215.24939270934,11,RAIN,PRIMARY+SECONDARY
2019,GlobalClim,35230.167640633306,11,RAIN,PRIMARY+SECONDARY
2019,DeptClim,28605.526367354156,11,RAIN,PRIMARY+SECONDARY
2019,Persist,12602.195103667998,11,RAIN,PRIMARY+SECONDARY
2019,Ridge,38786.59832118422,11,RAIN,PRIMARY+SECONDARY
2019,RF,37264.44107948988,11,RAIN,PRIMARY+SECONDARY
2019,HGB,35230.49166467664,11,RAIN,PRIMARY+SECONDARY
2020,GlobalClim,10535.69610434412,11,RAIN,PRIMARY+SECONDARY
2020,DeptClim,18103.93054739763,11,RAIN,PRIMARY+SECONDARY
2020,Persist,10027.774597961981,11,RAIN,PRIMARY+SECONDARY
2020,Ridge,22614.510899117966,11,RAIN,PRIMARY+SECONDARY
2020,RF,23309.393933801788,11,RAIN,PRIMARY+SECONDARY
2020,HGB,17434.03659181184,11,RAIN,PRIMARY+SECONDARY
2021,GlobalClim,11083.487601395815,11,RAIN,PRIMARY+SECONDARY
2021,DeptClim,18422.20683996638,11,RAIN,PRIMARY+SECONDARY
2021,Persist,10965.514770682476,11,RAIN,PRIMARY+SECONDARY
2021,Ridge,19383.511266288187,11,RAIN,PRIMARY+SECONDARY
2021,RF,4767.946033242977,11,RAIN,PRIMARY+SECONDARY
2021,HGB,10392.98779541387,11,RAIN,PRIMARY+SECONDARY
2022,GlobalClim,13507.09806392369,11,RAIN,PRIMARY+SECONDARY
2022,DeptClim,20515.257680934577,11,RAIN,PRIMARY+SECONDARY
2022,Persist,14862.580640723549,11,RAIN,PRIMARY+SECONDARY
2022,Ridge,10871.978507247568,11,RAIN,PRIMARY+SECONDARY
2022,RF,7023.133816159807,11,RAIN,PRIMARY+SECONDARY
2022,HGB,12296.408001708132,11,RAIN,PRIMARY+SECONDARY
2023,GlobalClim,12950.659210160766,11,RAIN,PRIMARY+SECONDARY
2023,DeptClim,20334.239020616707,11,RAIN,PRIMARY+SECONDARY
2023,Persist,12107.917744825943,11,RAIN,PRIMARY+SECONDARY
2023,Ridge,9871.376397489654,11,RAIN,PRIMARY+SECONDARY
2023,RF,7118.766240644702,11,RAIN,PRIMARY+SECONDARY
2023,HGB,11088.946148420777,11,RAIN,PRIMARY+SECONDARY
2024,GlobalClim,14105.360582192208,11,RAIN,PRIMARY+SECONDARY
2024,DeptClim,21292.56177182301,11,RAIN,PRIMARY+SECONDARY
2024,Persist,14346.506449946295,11,RAIN,PRIMARY+SECONDARY
2024,Ridge,13203.19865573141,11,RAIN,PRIMARY+SECONDARY
2024,RF,10648.681545356683,11,RAIN,PRIMARY+SECONDARY
2024,HGB,15049.429490237833,11,RAIN,PRIMARY+SECONDARY
2001,GlobalClim,4181.530336101577,12,RAIN,PRIMARY+SECONDARY
2001,DeptClim,2245.1623961536743,12,RAIN,PRIMARY+SECONDARY
2001,Persist,992.7505221647134,12,RAIN,PRIMARY+SECONDARY
2001,Ridge,7133.411765384728,12,RAIN,PRIMARY+SECONDARY
2001,RF,2488.9234995661495,12,RAIN,PRIMARY+SECONDARY
2001,HGB,2007.1882791217063,12,RAIN,PRIMARY+SECONDARY
2002,GlobalClim,42149.252538445246,12,RAIN,PRIMARY+SECONDARY
2002,DeptClim,74734.38256335795,12,RAIN,PRIMARY+SECONDARY
2002,Persist,41080.05597446741,12,RAIN,PRIMARY+SECONDARY
2002,Ridge,33184.830072117766,12,RAIN,PRIMARY+SECONDARY
2002,RF,12230.990461328955,12,RAIN,PRIMARY+SECONDARY
2002,HGB,34850.06426364838,12,RAIN,PRIMARY+SECONDARY
2003,GlobalClim,31885.893540443783,12,RAIN,PRIMARY+SECONDARY
2003,DeptClim,7699.771543086891,12,RAIN,PRIMARY+SECONDARY
2003,Persist,23505.577081245498,12,RAIN,PRIMARY+SECONDARY
2003,Ridge,32688.67497307595,12,RAIN,PRIMARY+SECONDARY
2003,RF,4168.636749695037,12,RAIN,PRIMARY+SECONDARY
2003,HGB,26111.68277491524,12,RAIN,PRIMARY+SECONDARY
2004,GlobalClim,24305.36417708577,12,RAIN,PRIMARY+SECONDARY
2004,DeptClim,5627.136325753957,12,RAIN,PRIMARY+SECONDARY
2004,Persist,18621.309056572365,12,RAIN,PRIMARY+SECONDARY
2004,Ridge,25390.92400834558,12,RAIN,PRIMARY+SECONDARY
2004,RF,2179.417314142682,12,RAIN,PRIMARY+SECONDARY
2004,HGB,16463.970250717874,12,RAIN,PRIMARY+SECONDARY
2005,GlobalClim,11194.258124033793,12,RAIN,PRIMARY+SECONDARY
2005,DeptClim,2952.405486749591,12,RAIN,PRIMARY+SECONDARY
2005,Persist,8760.964868760297,12,RAIN,PRIMARY+SECONDARY
2005,Ridge,12152.773148843416,12,RAIN,PRIMARY+SECONDARY
2005,RF,2824.682713442753,12,RAIN,PRIMARY+SECONDARY
2005,HGB,13000.545995366718,12,RAIN,PRIMARY+SECONDARY
2006,GlobalClim,10488.182530368964,12,RAIN,PRIMARY+SECONDARY
2006,DeptClim,18947.43083391799,12,RAIN,PRIMARY+SECONDARY
2006,Persist,10238.764397194498,12,RAIN,PRIMARY+SECONDARY
2006,Ridge,8093.083650625366,12,RAIN,PRIMARY+SECONDARY
2006,RF,1813.276522328141,12,RAIN,PRIMARY+SECONDARY
2006,HGB,7861.919613711935,12,RAIN,PRIMARY+SECONDARY
2007,GlobalClim,10252.690471829445,12,RAIN,PRIMARY+SECONDARY
2007,DeptClim,18883.84585106074,12,RAIN,PRIMARY+SECONDARY
2007,Persist,9041.78603420201,12,RAIN,PRIMARY+SECONDARY
2007,Ridge,7442.0662643251635,12,RAIN,PRIMARY+SECONDARY
2007,RF,1318.6510492853836,12,RAIN,PRIMARY+SECONDARY
2007,HGB,8081.365237416551,12,RAIN,PRIMARY+SECONDARY
2008,GlobalClim,10971.409663422432,12,RAIN,PRIMARY+SECONDARY
2008,DeptClim,19171.714732347795,12,RAIN,PRIMARY+SECONDARY
2008,Persist,10915.087790045685,12,RAIN,PRIMARY+SECONDARY
2008,Ridge,8473.081796545608,12,RAIN,PRIMARY+SECONDARY
2008,RF,2461.9250618882365,12,RAIN,PRIMARY+SECONDARY
2008,HGB,8249.56413233858,12,RAIN,PRIMARY+SECONDARY
2009,GlobalClim,9392.803118587419,12,RAIN,PRIMARY+SECONDARY
2009,DeptClim,17340.351846891263,12,RAIN,PRIMARY+SECONDARY
2009,Persist,8741.480294202618,12,RAIN,PRIMARY+SECONDARY
2009,Ridge,6256.2540779507735,12,RAIN,PRIMARY+SECONDARY
2009,RF,1079.1163034296853,12,RAIN,PRIMARY+SECONDARY
2009,HGB,3738.7346147716025,12,RAIN,PRIMARY+SECONDARY
2010,GlobalClim,9717.926959003229,12,RAIN,PRIMARY+SECONDARY
2010,DeptClim,17973.844274292926,12,RAIN,PRIMARY+SECONDARY
2010,Persist,9042.41145924706,12,RAIN,PRIMARY+SECONDARY
2010,Ridge,6500.451941161183,12,RAIN,PRIMARY+SECONDARY
2010,RF,1580.7557581413155,12,RAIN,PRIMARY+SECONDARY
2010,HGB,7034.981387013607,12,RAIN,PRIMARY+SECONDARY
2011,GlobalClim,6489.998218986487,12,RAIN,PRIMARY+SECONDARY
2011,DeptClim,4127.116981446948,12,RAIN,PRIMARY+SECONDARY
2011,Persist,8888.51320797188,12,RAIN,PRIMARY+SECONDARY
2011,Ridge,8150.508962403948,12,RAIN,PRIMARY+SECONDARY
2011,RF,7080.4494767219085,12,RAIN,PRIMARY+SECONDARY
2011,HGB,6509.252344645022,12,RAIN,PRIMARY+SECONDARY
2012,GlobalClim,9434.73324556041,12,RAIN,PRIMARY+SECONDARY
2012,DeptClim,17615.35844966071,12,RAIN,PRIMARY+SECONDARY
2012,Persist,9518.364724401277,12,RAIN,PRIMARY+SECONDARY
2012,Ridge,7531.916796684935,12,RAIN,PRIMARY+SECONDARY
2012,RF,2927.6897958765744,12,RAIN,PRIMARY+SECONDARY
2012,HGB,4651.407993977724,12,RAIN,PRIMARY+SECONDARY
2013,GlobalClim,11014.163006337918,12,RAIN,PRIMARY+SECONDARY
2013,DeptClim,4565.389254155601,12,RAIN,PRIMARY+SECONDARY
2013,Persist,8585.766896031464,12,RAIN,PRIMARY+SECONDARY
2013,Ridge,12189.015374029805,12,RAIN,PRIMARY+SECONDARY
2013,RF,4957.358856496593,12,RAIN,PRIMARY+SECONDARY
2013,HGB,11532.964129729851,12,RAIN,PRIMARY+SECONDARY
2014,GlobalClim,6908.088076091125,12,RAIN,PRIMARY+SECONDARY
2014,DeptClim,4771.5923010727065,12,RAIN,PRIMARY+SECONDARY
2014,Persist,8708.917500119027,12,RAIN,PRIMARY+SECONDARY
2014,Ridge,8296.905945279761,12,RAIN,PRIMARY+SECONDARY
2014,RF,2154.9471197951098,12,RAIN,PRIMARY+SECONDARY
2014,HGB,6368.288613128663,12,RAIN,PRIMARY+SECONDARY
2015,GlobalClim,10833.79204784044,12,RAIN,PRIMARY+SECONDARY
2015,DeptClim,18717.054616273916,12,RAIN,PRIMARY+SECONDARY
2015,Persist,9994.383225079284,12,RAIN,PRIMARY+SECONDARY
2015,Ridge,7928.2469740280085,12,RAIN,PRIMARY+SECONDARY
2015,RF,2427.0745130855835,12,RAIN,PRIMARY+SECONDARY
2015,HGB,10018.334359671615,12,RAIN,PRIMARY+SECONDARY
2016,GlobalClim,11149.608316340878,12,RAIN,PRIMARY+SECONDARY
2016,DeptClim,19086.713101596695,12,RAIN,PRIMARY+SECONDARY
2016,Persist,10610.764383783266,12,RAIN,PRIMARY+SECONDARY
2016,Ridge,7381.725888710755,12,RAIN,PRIMARY+SECONDARY
2016,RF,2214.2545648973273,12,RAIN,PRIMARY+SECONDARY
2016,HGB,7892.378830295154,12,RAIN,PRIMARY+SECONDARY
2017,GlobalClim,10329.485795766774,12,RAIN,PRIMARY+SECONDARY
2017,DeptClim,18100.28198190627,12,RAIN,PRIMARY+SECONDARY
2017,Persist,10063.632119244929,12,RAIN,PRIMARY+SECONDARY
2017,Ridge,6997.492497594526,12,RAIN,PRIMARY+SECONDARY
2017,RF,2318.9195794152824,12,RAIN,PRIMARY+SECONDARY
2017,HGB,7559.957222888206,12,RAIN,PRIMARY+SECONDARY
2018,GlobalClim,43974.14721896021,12,RAIN,PRIMARY+SECONDARY
2018,DeptClim,37746.64043573033,12,RAIN,PRIMARY+SECONDARY
2018,Persist,7431.576776391233,12,RAIN,PRIMARY+SECONDARY
2018,Ridge,46077.47542821356,12,RAIN,PRIMARY+SECONDARY
2018,RF,48002.6566853988,12,RAIN,PRIMARY+SECONDARY
2018,HGB,46182.66201640033,12,RAIN,PRIMARY+SECONDARY
2019,GlobalClim,32667.30833525655,12,RAIN,PRIMARY+SECONDARY
2019,DeptClim,25939.556533083614,12,RAIN,PRIMARY+SECONDARY
2019,Persist,9124.478618665944,12,RAIN,PRIMARY+SECONDARY
2019,Ridge,38128.13243830759,12,RAIN,PRIMARY+SECONDARY
2019,RF,34918.06767329395,12,RAIN,PRIMARY+SECONDARY
2019,HGB,32624.872987045153,12,RAIN,PRIMARY+SECONDARY
2020,GlobalClim,10427.272013045067,12,RAIN,PRIMARY+SECONDARY
2020,DeptClim,17832.591188213744,12,RAIN,PRIMARY+SECONDARY
2020,Persist,11017.6593665841,12,RAIN,PRIMARY+SECONDARY
2020,Ridge,23346.29523852863,12,RAIN,PRIMARY+SECONDARY
2020,RF,21396.47614177804,12,RAIN,PRIMARY+SECONDARY
2020,HGB,16166.017466921505,12,RAIN,PRIMARY+SECONDARY
2021,GlobalClim,10489.125561313678,12,RAIN,PRIMARY+SECONDARY
2021,DeptClim,18036.182020425367,12,RAIN,PRIMARY+SECONDARY
2021,Persist,10814.461405068425,12,RAIN,PRIMARY+SECONDARY
2021,Ridge,8205.905910394908,12,RAIN,PRIMARY+SECONDARY
2021,RF,2596.5159800231386,12,RAIN,PRIMARY+SECONDARY
2021,HGB,9752.805908565006,12,RAIN,PRIMARY+SECONDARY
2022,GlobalClim,11441.320745228566,12,RAIN,PRIMARY+SECONDARY
2022,DeptClim,19095.96752360355,12,RAIN,PRIMARY+SECONDARY
2022,Persist,9857.77734953805,12,RAIN,PRIMARY+SECONDARY
2022,Ridge,9053.963638904628,12,RAIN,PRIMARY+SECONDARY
2022,RF,6404.35993952009,12,RAIN,PRIMARY+SECONDARY
2022,HGB,15566.749029041372,12,RAIN,PRIMARY+SECONDARY
2023,GlobalClim,11728.791518386679,12,RAIN,PRIMARY+SECONDARY
2023,DeptClim,19384.2659993063,12,RAIN,PRIMARY+SECONDARY
2023,Persist,11251.887081096322,12,RAIN,PRIMARY+SECONDARY
2023,Ridge,9266.83529207761,12,RAIN,PRIMARY+SECONDARY
2023,RF,9885.987238834452,12,RAIN,PRIMARY+SECONDARY
2023,HGB,9480.019995317878,12,RAIN,PRIMARY+SECONDARY
2024,GlobalClim,12059.120459630087,12,RAIN,PRIMARY+SECONDARY
2024,DeptClim,19849.401349309755,12,RAIN,PRIMARY+SECONDARY
2024,Persist,12403.509949840292,12,RAIN,PRIMARY+SECONDARY
2024,Ridge,11018.837962397525,12,RAIN,PRIMARY+SECONDARY
2024,RF,8239.589072168503,12,RAIN,PRIMARY+SECONDARY
2024,HGB,10455.100531850814,12,RAIN,PRIMARY+SECONDARY
2001,GlobalClim,24.836178503676546,2,TEMP,PRIMARY_1_12
2001,DeptClim,18.366528955813358,2,TEMP,PRIMARY_1_12
2001,Persist,3.453280117603981,2,TEMP,PRIMARY_1_12
2001,Ridge,3.8339775117714945,2,TEMP,PRIMARY_1_12
2001,RF,3.052324393744522,2,TEMP,PRIMARY_1_12
2001,HGB,1.78584220052882,2,TEMP,PRIMARY_1_12
2002,GlobalClim,27.516132769768685,2,TEMP,PRIMARY_1_12
2002,DeptClim,20.99097183912399,2,TEMP,PRIMARY_1_12
2002,Persist,11.826097299041562,2,TEMP,PRIMARY_1_12
2002,Ridge,7.569563400164256,2,TEMP,PRIMARY_1_12
2002,RF,5.4392029084780384,2,TEMP,PRIMARY_1_12
2002,HGB,4.465107740032323,2,TEMP,PRIMARY_1_12
2003,GlobalClim,30.113490238508053,2,TEMP,PRIMARY_1_12
2003,DeptClim,26.168888136182606,2,TEMP,PRIMARY_1_12
2003,Persist,9.400120719787097,2,TEMP,PRIMARY_1_12
2003,Ridge,1.7923389693347904,2,TEMP,PRIMARY_1_12
2003,RF,0.9880748553533828,2,TEMP,PRIMARY_1_12
2003,HGB,3.7604037223403157,2,TEMP,PRIMARY_1_12
2004,GlobalClim,29.91786554227016,2,TEMP,PRIMARY_1_12
2004,DeptClim,24.970437757079992,2,TEMP,PRIMARY_1_12
2004,Persist,11.701666733576689,2,TEMP,PRIMARY_1_12
2004,Ridge,7.623565958283199,2,TEMP,PRIMARY_1_12
2004,RF,5.605060652360895,2,TEMP,PRIMARY_1_12
2004,HGB,6.372031088354095,2,TEMP,PRIMARY_1_12
2005,GlobalClim,25.725946309372112,2,TEMP,PRIMARY_1_12
2005,DeptClim,25.207285530099437,2,TEMP,PRIMARY_1_12
2005,Persist,19.099001263973275,2,TEMP,PRIMARY_1_12
2005,Ridge,7.417056448631843,2,TEMP,PRIMARY_1_12
2005,RF,7.677281622381217,2,TEMP,PRIMARY_1_12
2005,HGB,8.082472379475318,2,TEMP,PRIMARY_1_12
2006,GlobalClim,19.013345394794154,2,TEMP,PRIMARY_1_12
2006,DeptClim,20.004197210927288,2,TEMP,PRIMARY_1_12
2006,Persist,19.956524446091827,2,TEMP,PRIMARY_1_12
2006,Ridge,6.330793350116117,2,TEMP,PRIMARY_1_12
2006,RF,5.407344028321819,2,TEMP,PRIMARY_1_12
2006,HGB,5.772315945612384,2,TEMP,PRIMARY_1_12
2007,GlobalClim,18.933242278144508,2,TEMP,PRIMARY_1_12
2007,DeptClim,19.918797540590433,2,TEMP,PRIMARY_1_12
2007,Persist,20.63790664357851,2,TEMP,PRIMARY_1_12
2007,Ridge,3.4833280614038773,2,TEMP,PRIMARY_1_12
2007,RF,3.5970793501299365,2,TEMP,PRIMARY_1_12
2007,HGB,4.192879017642229,2,TEMP,PRIMARY_1_12
2008,GlobalClim,20.11705142940062,2,TEMP,PRIMARY_1_12
2008,DeptClim,20.09748253782639,2,TEMP,PRIMARY_1_12
2008,Persist,19.989792328099337,2,TEMP,PRIMARY_1_12
2008,Ridge,2.9975310831218174,2,TEMP,PRIMARY_1_12
2008,RF,3.0186037047712024,2,TEMP,PRIMARY_1_12
2008,HGB,3.065259576103759,2,TEMP,PRIMARY_1_12
2009,GlobalClim,20.423643318980016,2,TEMP,PRIMARY_1_12
2009,DeptClim,21.151662410047912,2,TEMP,PRIMARY_1_12
2009,Persist,21.031772612089103,2,TEMP,PRIMARY_1_12
2009,Ridge,2.188516636536326,2,TEMP,PRIMARY_1_12
2009,RF,2.017637250137094,2,TEMP,PRIMARY_1_12
2009,HGB,2.407062731368612,2,TEMP,PRIMARY_1_12
2010,GlobalClim,21.193754127830633,2,TEMP,PRIMARY_1_12
2010,DeptClim,22.33573483596036,2,TEMP,PRIMARY_1_12
2010,Persist,21.77676416439257,2,TEMP,PRIMARY_1_12
2010,Ridge,3.5596853577862957,2,TEMP,PRIMARY_1_12
2010,RF,3.33034902567422,2,TEMP,PRIMARY_1_12
2010,HGB,3.1695710624494984,2,TEMP,PRIMARY_1_12
2011,GlobalClim,22.396234822061274,2,TEMP,PRIMARY_1_12
2011,DeptClim,23.025588394689517,2,TEMP,PRIMARY_1_12
2011,Persist,21.28046272070568,2,TEMP,PRIMARY_1_12
2011,Ridge,2.5796375827747284,2,TEMP,PRIMARY_1_12
2011,RF,2.864420114414738,2,TEMP,PRIMARY_1_12
2011,HGB,3.0386505713528633,2,TEMP,PRIMARY_1_12
2012,GlobalClim,24.828491668505695,2,TEMP,PRIMARY_1_12
2012,DeptClim,25.418738706355324,2,TEMP,PRIMARY_1_12
2012,Persist,22.15080094789737,2,TEMP,PRIMARY_1_12
2012,Ridge,5.551918138386931,2,TEMP,PRIMARY_1_12
2012,RF,5.594773807014222,2,TEMP,PRIMARY_1_12
2012,HGB,5.694753614984052,2,TEMP,PRIMARY_1_12
2013,GlobalClim,22.65961321691972,2,TEMP,PRIMARY_1_12
2013,DeptClim,23.480444085970632,2,TEMP,PRIMARY_1_12
2013,Persist,22.50429465606241,2,TEMP,PRIMARY_1_12
2013,Ridge,2.7983872626343906,2,TEMP,PRIMARY_1_12
2013,RF,2.8026468600350585,2,TEMP,PRIMARY_1_12
2013,HGB,2.986670007418018,2,TEMP,PRIMARY_1_12
2014,GlobalClim,23.01782973654543,2,TEMP,PRIMARY_1_12
2014,DeptClim,24.08536549549369,2,TEMP,PRIMARY_1_12
2014,Persist,21.803812699243544,2,TEMP,PRIMARY_1_12
2014,Ridge,2.994071355638246,2,TEMP,PRIMARY_1_12
2014,RF,3.7250462189032527,2,TEMP,PRIMARY_1_12
2014,HGB,3.8300130996160346,2,TEMP,PRIMARY_1_12
2015,GlobalClim,22.160924423821513,2,TEMP,PRIMARY_1_12
2015,DeptClim,23.32888871899737,2,TEMP,PRIMARY_1_12
2015,Persist,22.357058927191442,2,TEMP,PRIMARY_1_12
2015,Ridge,2.590365520167867,2,TEMP,PRIMARY_1_12
2015,RF,2.627757858501645,2,TEMP,PRIMARY_1_12
2015,HGB,2.6871361318506755,2,TEMP,PRIMARY_1_12
2016,GlobalClim,20.571638469635182,2,TEMP,PRIMARY_1_12
2016,DeptClim,20.95867773638728,2,TEMP,PRIMARY_1_12
2016,Persist,22.022545279395825,2,TEMP,PRIMARY_1_12
2016,Ridge,1.895976864233471,2,TEMP,PRIMARY_1_12
2016,RF,2.183950825227211,2,TEMP,PRIMARY_1_12
2016,HGB,2.4326950700334784,2,TEMP,PRIMARY_1_12
2017,GlobalClim,21.510238015502082,2,TEMP,PRIMARY_1_12
2017,DeptClim,21.953963236364228,2,TEMP,PRIMARY_1_12
2017,Persist,21.429805501750877,2,TEMP,PRIMARY_1_12
2017,Ridge,1.380194322195964,2,TEMP,PRIMARY_1_12
2017,RF,1.3144247739393757,2,TEMP,PRIMARY_1_12
2017,HGB,1.3545887070454243,2,TEMP,PRIMARY_1_12
2018,GlobalClim,21.750877372961316,2,TEMP,PRIMARY_1_12
2018,DeptClim,22.494718851488308,2,TEMP,PRIMARY_1_12
2018,Persist,22.328212970696036,2,TEMP,PRIMARY_1_12
2018,Ridge,2.179331394642398,2,TEMP,PRIMARY_1_12
2018,RF,2.4696489698702218,2,TEMP,PRIMARY_1_12
2018,HGB,2.590288211979153,2,TEMP,PRIMARY_1_12
2019,GlobalClim,21.24863797685772,2,TEMP,PRIMARY_1_12
2019,DeptClim,21.946506898123857,2,TEMP,PRIMARY_1_12
2019,Persist,21.979129404032946,2,TEMP,PRIMARY_1_12
2019,Ridge,1.3540287460450706,2,TEMP,PRIMARY_1_12
2019,RF,2.2050856007139283,2,TEMP,PRIMARY_1_12
2019,HGB,2.3223029882566526,2,TEMP,PRIMARY_1_12
2020,GlobalClim,20.509298395626324,2,TEMP,PRIMARY_1_12
2020,DeptClim,21.618811605029126,2,TEMP,PRIMARY_1_12
2020,Persist,21.81889351583719,2,TEMP,PRIMARY_1_12
2020,Ridge,1.7489653032749857,2,TEMP,PRIMARY_1_12
2020,RF,3.601423906427102,2,TEMP,PRIMARY_1_12
2020,HGB,3.6981205347903243,2,TEMP,PRIMARY_1_12
2021,GlobalClim,21.38628294283085,2,TEMP,PRIMARY_1_12
2021,DeptClim,22.414120500567957,2,TEMP,PRIMARY_1_12
2021,Persist,22.459587806680176,2,TEMP,PRIMARY_1_12
2021,Ridge,3.3346271923164514,2,TEMP,PRIMARY_1_12
2021,RF,3.3975787055360596,2,TEMP,PRIMARY_1_12
2021,HGB,3.923236855947355,2,TEMP,PRIMARY_1_12
2022,GlobalClim,21.874125712322684,2,TEMP,PRIMARY_1_12
2022,DeptClim,22.46139534920416,2,TEMP,PRIMARY_1_12
2022,Persist,21.95313216142473,2,TEMP,PRIMARY_1_12
2022,Ridge,3.338074275517238,2,TEMP,PRIMARY_1_12
2022,RF,3.3047991608748104,2,TEMP,PRIMARY_1_12
2022,HGB,3.5212844692955154,2,TEMP,PRIMARY_1_12
2023,GlobalClim,22.130648366925197,2,TEMP,PRIMARY_1_12
2023,DeptClim,22.62675014089169,2,TEMP,PRIMARY_1_12
2023,Persist,22.576562777656306,2,TEMP,PRIMARY_1_12
2023,Ridge,2.356932575641054,2,TEMP,PRIMARY_1_12
2023,RF,1.996874433930459,2,TEMP,PRIMARY_1_12
2023,HGB,2.3511138769875677,2,TEMP,PRIMARY_1_12
2024,GlobalClim,20.922529365740324,2,TEMP,PRIMARY_1_12
2024,DeptClim,21.53047140475813,2,TEMP,PRIMARY_1_12
2024,Persist,23.662263357528275,2,TEMP,PRIMARY_1_12
2024,Ridge,2.458748342349695,2,TEMP,PRIMARY_1_12
2024,RF,2.92363817963217,2,TEMP,PRIMARY_1_12
2024,HGB,3.0738795013983515,2,TEMP,PRIMARY_1_12
2025,GlobalClim,21.102429049271386,2,TEMP,PRIMARY_1_12
2025,DeptClim,21.384086617996093,2,TEMP,PRIMARY_1_12
2025,Persist,22.635894198222346,2,TEMP,PRIMARY_1_12
2025,Ridge,2.643298110408608,2,TEMP,PRIMARY_1_12
2025,RF,2.8020519757033484,2,TEMP,PRIMARY_1_12
2025,HGB,2.6126881182075867,2,TEMP,PRIMARY_1_12
2001,GlobalClim,24.67387271053345,3,TEMP,PRIMARY_1_12
2001,DeptClim,18.11732145756966,3,TEMP,PRIMARY_1_12
2001,Persist,3.360495747901723,3,TEMP,PRIMARY_1_12
2001,Ridge,3.7245505264444585,3,TEMP,PRIMARY_1_12
2001,RF,3.1119253655328496,3,TEMP,PRIMARY_1_12
2001,HGB,1.7732060964730527,3,TEMP,PRIMARY_1_12
2002,GlobalClim,20.680965104293165,3,TEMP,PRIMARY_1_12
2002,DeptClim,14.600799087184178,3,TEMP,PRIMARY_1_12
2002,Persist,4.106385584290681,3,TEMP,PRIMARY_1_12
2002,Ridge,10.636752244429347,3,TEMP,PRIMARY_1_12
2002,RF,13.066033437830745,3,TEMP,PRIMARY_1_12
2002,HGB,7.723573947965116,3,TEMP,PRIMARY_1_12
2003,GlobalClim,30.55778853558725,3,TEMP,PRIMARY_1_12
2003,DeptClim,26.580911730269335,3,TEMP,PRIMARY_1_12
2003,Persist,10.161225907909861,3,TEMP,PRIMARY_1_12
2003,Ridge,9.728889142487784,3,TEMP,PRIMARY_1_12
2003,RF,7.33826186413802,3,TEMP,PRIMARY_1_12
2003,HGB,7.602843606106465,3,TEMP,PRIMARY_1_12
2004,GlobalClim,31.308114502731357,3,TEMP,PRIMARY_1_12
2004,DeptClim,26.671092141914432,3,TEMP,PRIMARY_1_12
2004,Persist,13.274008804169485,3,TEMP,PRIMARY_1_12
2004,Ridge,5.5244099669042095,3,TEMP,PRIMARY_1_12
2004,RF,6.523806124453403,3,TEMP,PRIMARY_1_12
2004,HGB,7.3559046699879636,3,TEMP,PRIMARY_1_12
2005,GlobalClim,26.00319147745989,3,TEMP,PRIMARY_1_12
2005,DeptClim,25.29166256090165,3,TEMP,PRIMARY_1_12
2005,Persist,18.64852730661639,3,TEMP,PRIMARY_1_12
2005,Ridge,8.179652220153054,3,TEMP,PRIMARY_1_12
2005,RF,8.417653976317913,3,TEMP,PRIMARY_1_12
2005,HGB,8.627277330247702,3,TEMP,PRIMARY_1_12
2006,GlobalClim,19.46878709640829,3,TEMP,PRIMARY_1_12
2006,DeptClim,20.245995150047474,3,TEMP,PRIMARY_1_12
2006,Persist,20.752974518547088,3,TEMP,PRIMARY_1_12
2006,Ridge,3.522937993309975,3,TEMP,PRIMARY_1_12
2006,RF,3.707979593018879,3,TEMP,PRIMARY_1_12
2006,HGB,3.929812778524922,3,TEMP,PRIMARY_1_12
2007,GlobalClim,19.41895229942981,3,TEMP,PRIMARY_1_12
2007,DeptClim,20.26560564084272,3,TEMP,PRIMARY_1_12
2007,Persist,21.273017201738096,3,TEMP,PRIMARY_1_12
2007,Ridge,2.981194953977687,3,TEMP,PRIMARY_1_12
2007,RF,3.0629712914006975,3,TEMP,PRIMARY_1_12
2007,HGB,3.4984442742107955,3,TEMP,PRIMARY_1_12
2008,GlobalClim,20.141224501486917,3,TEMP,PRIMARY_1_12
2008,DeptClim,20.37173935230233,3,TEMP,PRIMARY_1_12
2008,Persist,20.553716353868406,3,TEMP,PRIMARY_1_12
2008,Ridge,3.1583057541415305,3,TEMP,PRIMARY_1_12
2008,RF,2.9506458834088574,3,TEMP,PRIMARY_1_12
2008,HGB,3.4571846478197887,3,TEMP,PRIMARY_1_12
2009,GlobalClim,20.948099815722486,3,TEMP,PRIMARY_1_12
2009,DeptClim,21.631249771228642,3,TEMP,PRIMARY_1_12
2009,Persist,21.917415296687082,3,TEMP,PRIMARY_1_12
2009,Ridge,2.0236035111375172,3,TEMP,PRIMARY_1_12
2009,RF,2.174556511567908,3,TEMP,PRIMARY_1_12
2009,HGB,2.5159985760726817,3,TEMP,PRIMARY_1_12
2010,GlobalClim,20.090485558735647,3,TEMP,PRIMARY_1_12
2010,DeptClim,20.55386694712066,3,TEMP,PRIMARY_1_12
2010,Persist,20.973223362969836,3,TEMP,PRIMARY_1_12
2010,Ridge,3.954358779682763,3,TEMP,PRIMARY_1_12
2010,RF,3.760058602342372,3,TEMP,PRIMARY_1_12
2010,HGB,3.9201722007571727,3,TEMP,PRIMARY_1_12
2011,GlobalClim,23.76093661181403,3,TEMP,PRIMARY_1_12
2011,DeptClim,24.6984941003338,3,TEMP,PRIMARY_1_12
2011,Persist,23.67948740771976,3,TEMP,PRIMARY_1_12
2011,Ridge,5.301435643768469,3,TEMP,PRIMARY_1_12
2011,RF,5.470844860002734,3,TEMP,PRIMARY_1_12
2011,HGB,5.414811922839671,3,TEMP,PRIMARY_1_12
2012,GlobalClim,24.239746876682997,3,TEMP,PRIMARY_1_12
2012,DeptClim,24.759651498933987,3,TEMP,PRIMARY_1_12
2012,Persist,21.19161127064937,3,TEMP,PRIMARY_1_12
2012,Ridge,5.720505460487836,3,TEMP,PRIMARY_1_12
2012,RF,5.708820263583843,3,TEMP,PRIMARY_1_12
2012,HGB,5.912887748830503,3,TEMP,PRIMARY_1_12
2013,GlobalClim,21.80842084603398,3,TEMP,PRIMARY_1_12
2013,DeptClim,22.65182541025309,3,TEMP,PRIMARY_1_12
2013,Persist,21.431984167380268,3,TEMP,PRIMARY_1_12
2013,Ridge,2.3531319533784094,3,TEMP,PRIMARY_1_12
2013,RF,2.4646215473325728,3,TEMP,PRIMARY_1_12
2013,HGB,2.7113026219108156,3,TEMP,PRIMARY_1_12
2014,GlobalClim,22.748230687873445,3,TEMP,PRIMARY_1_12
2014,DeptClim,23.393939142847945,3,TEMP,PRIMARY_1_12
2014,Persist,22.089553931021452,3,TEMP,PRIMARY_1_12
2014,Ridge,3.218425083374158,3,TEMP,PRIMARY_1_12
2014,RF,3.5904802126077153,3,TEMP,PRIMARY_1_12
2014,HGB,4.414166226156369,3,TEMP,PRIMARY_1_12
2015,GlobalClim,21.32923605483792,3,TEMP,PRIMARY_1_12
2015,DeptClim,22.10636708762984,3,TEMP,PRIMARY_1_12
2015,Persist,21.905994115905514,3,TEMP,PRIMARY_1_12
2015,Ridge,2.3521936868256694,3,TEMP,PRIMARY_1_12
2015,RF,2.4689604489160084,3,TEMP,PRIMARY_1_12
2015,HGB,2.696536803196361,3,TEMP,PRIMARY_1_12
2016,GlobalClim,21.039964104430627,3,TEMP,PRIMARY_1_12
2016,DeptClim,21.373573185990182,3,TEMP,PRIMARY_1_12
2016,Persist,22.167295174255518,3,TEMP,PRIMARY_1_12
2016,Ridge,3.660812530743013,3,TEMP,PRIMARY_1_12
2016,RF,3.7532700701992603,3,TEMP,PRIMARY_1_12
2016,HGB,3.475031169580611,3,TEMP,PRIMARY_1_12
2017,GlobalClim,21.40695100457799,3,TEMP,PRIMARY_1_12
2017,DeptClim,22.372363838309756,3,TEMP,PRIMARY_1_12
2017,Persist,22.660570656731107,3,TEMP,PRIMARY_1_12
2017,Ridge,2.9419211708723885,3,TEMP,PRIMARY_1_12
2017,RF,2.7629367524857398,3,TEMP,PRIMARY_1_12
2017,HGB,3.2230846788112135,3,TEMP,PRIMARY_1_12
2018,GlobalClim,21.566241199868763,3,TEMP,PRIMARY_1_12
2018,DeptClim,22.319860393324813,3,TEMP,PRIMARY_1_12
2018,Persist,21.982416789343684,3,TEMP,PRIMARY_1_12
2018,Ridge,2.821712228057937,3,TEMP,PRIMARY_1_12
2018,RF,3.3000948829721235,3,TEMP,PRIMARY_1_12
2018,HGB,3.061607637442746,3,TEMP,PRIMARY_1_12
2019,GlobalClim,21.107785529474217,3,TEMP,PRIMARY_1_12
2019,DeptClim,22.180801981668637,3,TEMP,PRIMARY_1_12
2019,Persist,22.75330660525656,3,TEMP,PRIMARY_1_12
2019,Ridge,2.9199835161668553,3,TEMP,PRIMARY_1_12
2019,RF,3.705126206720925,3,TEMP,PRIMARY_1_12
2019,HGB,4.0547048122657285,3,TEMP,PRIMARY_1_12
2020,GlobalClim,20.253085289291967,3,TEMP,PRIMARY_1_12
2020,DeptClim,21.23276874589577,3,TEMP,PRIMARY_1_12
2020,Persist,22.313290840194757,3,TEMP,PRIMARY_1_12
2020,Ridge,1.8628666972082621,3,TEMP,PRIMARY_1_12
2020,RF,3.3587674971606103,3,TEMP,PRIMARY_1_12
2020,HGB,3.6340028233572625,3,TEMP,PRIMARY_1_12
2021,GlobalClim,22.19192488456505,3,TEMP,PRIMARY_1_12
2021,DeptClim,22.974381168859946,3,TEMP,PRIMARY_1_12
2021,Persist,23.931125348208944,3,TEMP,PRIMARY_1_12
2021,Ridge,2.834239423292441,3,TEMP,PRIMARY_1_12
2021,RF,2.547944192851901,3,TEMP,PRIMARY_1_12
2021,HGB,2.918227188439378,3,TEMP,PRIMARY_1_12
2022,GlobalClim,22.671822180629025,3,TEMP,PRIMARY_1_12
2022,DeptClim,23.071990215147217,3,TEMP,PRIMARY_1_12
2022,Persist,23.65632261923113,3,TEMP,PRIMARY_1_12
2022,Ridge,4.021068236659654,3,TEMP,PRIMARY_1_12
2022,RF,3.853331842610236,3,TEMP,PRIMARY_1_12
2022,HGB,3.6644424432156226,3,TEMP,PRIMARY_1_12
2023,GlobalClim,22.20838457719592,3,TEMP,PRIMARY_1_12
2023,DeptClim,22.698185108500795,3,TEMP,PRIMARY_1_12
2023,Persist,23.073813288233403,3,TEMP,PRIMARY_1_12
2023,Ridge,2.8523237265805346,3,TEMP,PRIMARY_1_12
2023,RF,2.289037380193238,3,TEMP,PRIMARY_1_12
2023,HGB,2.6471777045086737,3,TEMP,PRIMARY_1_12
2024,GlobalClim,20.069857441572992,3,TEMP,PRIMARY_1_12
2024,DeptClim,20.971244562517658,3,TEMP,PRIMARY_1_12
2024,Persist,22.618221424606826,3,TEMP,PRIMARY_1_12
2024,Ridge,2.378258308759217,3,TEMP,PRIMARY_1_12
2024,RF,2.599849364857299,3,TEMP,PRIMARY_1_12
2024,HGB,2.814960424820792,3,TEMP,PRIMARY_1_12
2025,GlobalClim,21.447069194636303,3,TEMP,PRIMARY_1_12
2025,DeptClim,21.89048849429249,3,TEMP,PRIMARY_1_12
2025,Persist,23.55092668144032,3,TEMP,PRIMARY_1_12
2025,Ridge,2.5317198238638956,3,TEMP,PRIMARY_1_12
2025,RF,2.34181098128427,3,TEMP,PRIMARY_1_12
2025,HGB,2.4692028659119805,3,TEMP,PRIMARY_1_12
2001,GlobalClim,23.688864113606698,4,TEMP,PRIMARY_1_12
2001,DeptClim,16.626998630498324,4,TEMP,PRIMARY_1_12
2001,Persist,2.532774284873767,4,TEMP,PRIMARY_1_12
2001,Ridge,4.34654998871067,4,TEMP,PRIMARY_1_12
2001,RF,3.177800307379095,4,TEMP,PRIMARY_1_12
2001,HGB,2.8463912514633147,4,TEMP,PRIMARY_1_12
2002,GlobalClim,20.22152584378871,4,TEMP,PRIMARY_1_12
2002,DeptClim,13.679842789457085,4,TEMP,PRIMARY_1_12
2002,Persist,9.289523844464455,4,TEMP,PRIMARY_1_12
2002,Ridge,2.7824833471581187,4,TEMP,PRIMARY_1_12
2002,RF,4.706588443145466,4,TEMP,PRIMARY_1_12
2002,HGB,4.343015628729725,4,TEMP,PRIMARY_1_12
2003,GlobalClim,29.293354814165493,4,TEMP,PRIMARY_1_12
2003,DeptClim,25.181736455034653,4,TEMP,PRIMARY_1_12
2003,Persist,8.960674624929995,4,TEMP,PRIMARY_1_12
2003,Ridge,8.85999153796438,4,TEMP,PRIMARY_1_12
2003,RF,7.7257379967798245,4,TEMP,PRIMARY_1_12
2003,HGB,7.023344337003332,4,TEMP,PRIMARY_1_12
2004,GlobalClim,30.42062030774305,4,TEMP,PRIMARY_1_12
2004,DeptClim,25.601653564536754,4,TEMP,PRIMARY_1_12
2004,Persist,12.536227568606574,4,TEMP,PRIMARY_1_12
2004,Ridge,4.702441808078223,4,TEMP,PRIMARY_1_12
2004,RF,3.9166650757572543,4,TEMP,PRIMARY_1_12
2004,HGB,6.063211816838935,4,TEMP,PRIMARY_1_12
2005,GlobalClim,25.135412601078553,4,TEMP,PRIMARY_1_12
2005,DeptClim,24.856724323613403,4,TEMP,PRIMARY_1_12
2005,Persist,17.57986299262354,4,TEMP,PRIMARY_1_12
2005,Ridge,7.707632184963768,4,TEMP,PRIMARY_1_12
2005,RF,8.076389468594131,4,TEMP,PRIMARY_1_12
2005,HGB,8.14986963998451,4,TEMP,PRIMARY_1_12
2006,GlobalClim,19.938500628497856,4,TEMP,PRIMARY_1_12
2006,DeptClim,20.52346774708936,4,TEMP,PRIMARY_1_12
2006,Persist,21.056056247734023,4,TEMP,PRIMARY_1_12
2006,Ridge,3.51195031942344,4,TEMP,PRIMARY_1_12
2006,RF,3.5085621685003154,4,TEMP,PRIMARY_1_12
2006,HGB,3.637187563829908,4,TEMP,PRIMARY_1_12
2007,GlobalClim,19.31469397485753,4,TEMP,PRIMARY_1_12
2007,DeptClim,20.102687748603586,4,TEMP,PRIMARY_1_12
2007,Persist,20.802323138361345,4,TEMP,PRIMARY_1_12
2007,Ridge,3.3255862516819916,4,TEMP,PRIMARY_1_12
2007,RF,3.30726973967122,4,TEMP,PRIMARY_1_12
2007,HGB,3.916285093832859,4,TEMP,PRIMARY_1_12
2008,GlobalClim,19.526214884040265,4,TEMP,PRIMARY_1_12
2008,DeptClim,19.994104265691682,4,TEMP,PRIMARY_1_12
2008,Persist,19.98087557894497,4,TEMP,PRIMARY_1_12
2008,Ridge,2.9423561564221004,4,TEMP,PRIMARY_1_12
2008,RF,2.94652327361535,4,TEMP,PRIMARY_1_12
2008,HGB,3.285533325495345,4,TEMP,PRIMARY_1_12
2009,GlobalClim,20.377846660630198,4,TEMP,PRIMARY_1_12
2009,DeptClim,20.823476145646477,4,TEMP,PRIMARY_1_12
2009,Persist,20.703097770203854,4,TEMP,PRIMARY_1_12
2009,Ridge,2.655404062802963,4,TEMP,PRIMARY_1_12
2009,RF,2.6402126134437442,4,TEMP,PRIMARY_1_12
2009,HGB,2.9263531034827883,4,TEMP,PRIMARY_1_12
2010,GlobalClim,20.552625314884793,4,TEMP,PRIMARY_1_12
2010,DeptClim,21.307514783362137,4,TEMP,PRIMARY_1_12
2010,Persist,21.82526238371858,4,TEMP,PRIMARY_1_12
2010,Ridge,2.55320538553123,4,TEMP,PRIMARY_1_12
2010,RF,2.517442147210707,4,TEMP,PRIMARY_1_12
2010,HGB,2.3897341123482194,4,TEMP,PRIMARY_1_12
2011,GlobalClim,22.798165662751007,4,TEMP,PRIMARY_1_12
2011,DeptClim,23.296633413012984,4,TEMP,PRIMARY_1_12
2011,Persist,22.098073535153397,4,TEMP,PRIMARY_1_12
2011,Ridge,2.7435926654224336,4,TEMP,PRIMARY_1_12
2011,RF,3.5542900558721224,4,TEMP,PRIMARY_1_12
2011,HGB,3.259893164333601,4,TEMP,PRIMARY_1_12
2012,GlobalClim,24.074470776214763,4,TEMP,PRIMARY_1_12
2012,DeptClim,24.716860439893996,4,TEMP,PRIMARY_1_12
2012,Persist,21.71503833912008,4,TEMP,PRIMARY_1_12
2012,Ridge,5.60818015706193,4,TEMP,PRIMARY_1_12
2012,RF,5.60932050991756,4,TEMP,PRIMARY_1_12
2012,HGB,5.74952042612432,4,TEMP,PRIMARY_1_12
2013,GlobalClim,21.296116271523697,4,TEMP,PRIMARY_1_12
2013,DeptClim,22.12758225414301,4,TEMP,PRIMARY_1_12
2013,Persist,21.67114071717135,4,TEMP,PRIMARY_1_12
2013,Ridge,2.985285757496919,4,TEMP,PRIMARY_1_12
2013,RF,2.5350023454656068,4,TEMP,PRIMARY_1_12
2013,HGB,2.924042337510665,4,TEMP,PRIMARY_1_12
2014,GlobalClim,22.822963948331285,4,TEMP,PRIMARY_1_12
2014,DeptClim,23.754276732970347,4,TEMP,PRIMARY_1_12
2014,Persist,22.196612943809708,4,TEMP,PRIMARY_1_12
2014,Ridge,3.3569991310748737,4,TEMP,PRIMARY_1_12
2014,RF,4.208609831390448,4,TEMP,PRIMARY_1_12
2014,HGB,4.6657859603578995,4,TEMP,PRIMARY_1_12
2015,GlobalClim,21.058683304244333,4,TEMP,PRIMARY_1_12
2015,DeptClim,21.962581065752403,4,TEMP,PRIMARY_1_12
2015,Persist,22.17021644562544,4,TEMP,PRIMARY_1_12
2015,Ridge,1.8416211567105125,4,TEMP,PRIMARY_1_12
2015,RF,1.924015375838479,4,TEMP,PRIMARY_1_12
2015,HGB,2.0886729788251617,4,TEMP,PRIMARY_1_12
2016,GlobalClim,22.315147113630875,4,TEMP,PRIMARY_1_12
2016,DeptClim,22.770974999438263,4,TEMP,PRIMARY_1_12
2016,Persist,23.90240556744774,4,TEMP,PRIMARY_1_12
2016,Ridge,4.9917634201883345,4,TEMP,PRIMARY_1_12
2016,RF,5.025072643868983,4,TEMP,PRIMARY_1_12
2016,HGB,4.903442397067555,4,TEMP,PRIMARY_1_12
2017,GlobalClim,20.864315112923972,4,TEMP,PRIMARY_1_12
2017,DeptClim,21.287688240628537,4,TEMP,PRIMARY_1_12
2017,Persist,21.63831177182994,4,TEMP,PRIMARY_1_12
2017,Ridge,1.5167757535629192,4,TEMP,PRIMARY_1_12
2017,RF,2.7616505851617887,4,TEMP,PRIMARY_1_12
2017,HGB,2.4665295127006015,4,TEMP,PRIMARY_1_12
2018,GlobalClim,22.059018183508535,4,TEMP,PRIMARY_1_12
2018,DeptClim,22.73403380857788,4,TEMP,PRIMARY_1_12
2018,Persist,23.11378080827408,4,TEMP,PRIMARY_1_12
2018,Ridge,2.8661423243982798,4,TEMP,PRIMARY_1_12
2018,RF,3.3404200563634467,4,TEMP,PRIMARY_1_12
2018,HGB,2.8447829303599437,4,TEMP,PRIMARY_1_12
2019,GlobalClim,20.49027952860109,4,TEMP,PRIMARY_1_12
2019,DeptClim,21.528765699239308,4,TEMP,PRIMARY_1_12
2019,Persist,22.133309190497766,4,TEMP,PRIMARY_1_12
2019,Ridge,3.4039584991589384,4,TEMP,PRIMARY_1_12
2019,RF,4.050790212237615,4,TEMP,PRIMARY_1_12
2019,HGB,4.585539000735967,4,TEMP,PRIMARY_1_12
2020,GlobalClim,20.464788311340918,4,TEMP,PRIMARY_1_12
2020,DeptClim,21.371739765702454,4,TEMP,PRIMARY_1_12
2020,Persist,22.886284320032846,4,TEMP,PRIMARY_1_12
2020,Ridge,1.5598998095640322,4,TEMP,PRIMARY_1_12
2020,RF,3.0303477862074693,4,TEMP,PRIMARY_1_12
2020,HGB,3.0749861481414897,4,TEMP,PRIMARY_1_12
2021,GlobalClim,21.059625027680937,4,TEMP,PRIMARY_1_12
2021,DeptClim,21.83268258569897,4,TEMP,PRIMARY_1_12
2021,Persist,21.95734661249768,4,TEMP,PRIMARY_1_12
2021,Ridge,3.1049902170785515,4,TEMP,PRIMARY_1_12
2021,RF,3.2161116128192306,4,TEMP,PRIMARY_1_12
2021,HGB,3.564334549690103,4,TEMP,PRIMARY_1_12
2022,GlobalClim,22.37364353897662,4,TEMP,PRIMARY_1_12
2022,DeptClim,23.1023815152337,4,TEMP,PRIMARY_1_12
2022,Persist,23.889021548943475,4,TEMP,PRIMARY_1_12
2022,Ridge,2.7310488501712507,4,TEMP,PRIMARY_1_12
2022,RF,2.2532485710481747,4,TEMP,PRIMARY_1_12
2022,HGB,2.439573608435268,4,TEMP,PRIMARY_1_12
2023,GlobalClim,21.79533584706052,4,TEMP,PRIMARY_1_12
2023,DeptClim,22.11300026684443,4,TEMP,PRIMARY_1_12
2023,Persist,22.410551636914928,4,TEMP,PRIMARY_1_12
2023,Ridge,2.821968549706566,4,TEMP,PRIMARY_1_12
2023,RF,2.8647713870962637,4,TEMP,PRIMARY_1_12
2023,HGB,2.5785378592349897,4,TEMP,PRIMARY_1_12
2024,GlobalClim,19.979036163309424,4,TEMP,PRIMARY_1_12
2024,DeptClim,20.79977489334565,4,TEMP,PRIMARY_1_12
2024,Persist,23.04977249712566,4,TEMP,PRIMARY_1_12
2024,Ridge,2.8558859829538696,4,TEMP,PRIMARY_1_12
2024,RF,2.8378692701546018,4,TEMP,PRIMARY_1_12
2024,HGB,2.8282143224840968,4,TEMP,PRIMARY_1_12
2001,GlobalClim,25.46778046038341,5,TEMP,PRIMARY_1_12
2001,DeptClim,19.23800189253337,5,TEMP,PRIMARY_1_12
2001,Persist,4.34195818296962,5,TEMP,PRIMARY_1_12
2001,Ridge,1.862596635368817,5,TEMP,PRIMARY_1_12
2001,RF,1.4361807092867096,5,TEMP,PRIMARY_1_12
2001,HGB,1.6457615496849334,5,TEMP,PRIMARY_1_12
2002,GlobalClim,27.161804101844382,5,TEMP,PRIMARY_1_12
2002,DeptClim,20.767237707743046,5,TEMP,PRIMARY_1_12
2002,Persist,18.23977742724048,5,TEMP,PRIMARY_1_12
2002,Ridge,6.686208433944777,5,TEMP,PRIMARY_1_12
2002,RF,4.831623318053615,5,TEMP,PRIMARY_1_12
2002,HGB,5.402787996357364,5,TEMP,PRIMARY_1_12
2003,GlobalClim,31.085599146760284,5,TEMP,PRIMARY_1_12
2003,DeptClim,27.3470652109826,5,TEMP,PRIMARY_1_12
2003,Persist,11.468834070505427,5,TEMP,PRIMARY_1_12
2003,Ridge,3.518240814206089,5,TEMP,PRIMARY_1_12
2003,RF,0.4864209644942362,5,TEMP,PRIMARY_1_12
2003,HGB,4.0327918813076264,5,TEMP,PRIMARY_1_12
2004,GlobalClim,29.508001204468783,5,TEMP,PRIMARY_1_12
2004,DeptClim,24.664885057292103,5,TEMP,PRIMARY_1_12
2004,Persist,12.02348032570785,5,TEMP,PRIMARY_1_12
2004,Ridge,3.7772641708824346,5,TEMP,PRIMARY_1_12
2004,RF,1.5750223987879755,5,TEMP,PRIMARY_1_12
2004,HGB,4.1128911777648085,5,TEMP,PRIMARY_1_12
2005,GlobalClim,23.539972437601588,5,TEMP,PRIMARY_1_12
2005,DeptClim,23.037859371173187,5,TEMP,PRIMARY_1_12
2005,Persist,18.81667332508943,5,TEMP,PRIMARY_1_12
2005,Ridge,7.696572697242412,5,TEMP,PRIMARY_1_12
2005,RF,8.860634262465652,5,TEMP,PRIMARY_1_12
2005,HGB,8.430143151779989,5,TEMP,PRIMARY_1_12
2006,GlobalClim,19.096512888679072,5,TEMP,PRIMARY_1_12
2006,DeptClim,19.643037385663593,5,TEMP,PRIMARY_1_12
2006,Persist,19.767728680079404,5,TEMP,PRIMARY_1_12
2006,Ridge,3.5584074192990074,5,TEMP,PRIMARY_1_12
2006,RF,3.686164533228154,5,TEMP,PRIMARY_1_12
2006,HGB,3.599218380031737,5,TEMP,PRIMARY_1_12
2007,GlobalClim,19.82124774585007,5,TEMP,PRIMARY_1_12
2007,DeptClim,21.0015032537542,5,TEMP,PRIMARY_1_12
2007,Persist,20.59548735145649,5,TEMP,PRIMARY_1_12
2007,Ridge,3.252647974567722,5,TEMP,PRIMARY_1_12
2007,RF,3.6663109849025886,5,TEMP,PRIMARY_1_12
2007,HGB,4.162557160161554,5,TEMP,PRIMARY_1_12
2008,GlobalClim,20.19650067301734,5,TEMP,PRIMARY_1_12
2008,DeptClim,20.58377679790161,5,TEMP,PRIMARY_1_12
2008,Persist,20.904200707587574,5,TEMP,PRIMARY_1_12
2008,Ridge,2.918626384569665,5,TEMP,PRIMARY_1_12
2008,RF,2.5761233572333433,5,TEMP,PRIMARY_1_12
2008,HGB,2.8067188577727165,5,TEMP,PRIMARY_1_12
2009,GlobalClim,20.2159259433186,5,TEMP,PRIMARY_1_12
2009,DeptClim,20.614442103465528,5,TEMP,PRIMARY_1_12
2009,Persist,21.035474858535878,5,TEMP,PRIMARY_1_12
2009,Ridge,2.4601110934116197,5,TEMP,PRIMARY_1_12
2009,RF,2.5174535550755905,5,TEMP,PRIMARY_1_12
2009,HGB,2.53130230092334,5,TEMP,PRIMARY_1_12
2010,GlobalClim,20.110378211448047,5,TEMP,PRIMARY_1_12
2010,DeptClim,20.783910907022964,5,TEMP,PRIMARY_1_12
2010,Persist,21.086064304647856,5,TEMP,PRIMARY_1_12
2010,Ridge,2.672042579931982,5,TEMP,PRIMARY_1_12
2010,RF,2.5423954947452603,5,TEMP,PRIMARY_1_12
2010,HGB,2.5918995761200905,5,TEMP,PRIMARY_1_12
2011,GlobalClim,22.320745757409988,5,TEMP,PRIMARY_1_12
2011,DeptClim,22.76316170062005,5,TEMP,PRIMARY_1_12
2011,Persist,21.142082443240437,5,TEMP,PRIMARY_1_12
2011,Ridge,2.3713913941327696,5,TEMP,PRIMARY_1_12
2011,RF,2.922852938673392,5,TEMP,PRIMARY_1_12
2011,HGB,2.65484022805687,5,TEMP,PRIMARY_1_12
2012,GlobalClim,24.00038337085274,5,TEMP,PRIMARY_1_12
2012,DeptClim,24.643538469476464,5,TEMP,PRIMARY_1_12
2012,Persist,21.53765644526689,5,TEMP,PRIMARY_1_12
2012,Ridge,5.827410354135465,5,TEMP,PRIMARY_1_12
2012,RF,5.7480200320139785,5,TEMP,PRIMARY_1_12
2012,HGB,5.842166083360666,5,TEMP,PRIMARY_1_12
2013,GlobalClim,21.64217836057574,5,TEMP,PRIMARY_1_12
2013,DeptClim,22.556709379093736,5,TEMP,PRIMARY_1_12
2013,Persist,22.22933338073654,5,TEMP,PRIMARY_1_12
2013,Ridge,2.7431689029575934,5,TEMP,PRIMARY_1_12
2013,RF,3.0666289303380667,5,TEMP,PRIMARY_1_12
2013,HGB,3.3667603700013924,5,TEMP,PRIMARY_1_12
2014,GlobalClim,23.220601844157216,5,TEMP,PRIMARY_1_12
2014,DeptClim,24.06292644350666,5,TEMP,PRIMARY_1_12
2014,Persist,22.469841441844004,5,TEMP,PRIMARY_1_12
2014,Ridge,4.041180969153893,5,TEMP,PRIMARY_1_12
2014,RF,4.303287432486353,5,TEMP,PRIMARY_1_12
2014,HGB,4.653247968795519,5,TEMP,PRIMARY_1_12
2015,GlobalClim,20.55743121814273,5,TEMP,PRIMARY_1_12
2015,DeptClim,21.35451745481767,5,TEMP,PRIMARY_1_12
2015,Persist,21.714303065049243,5,TEMP,PRIMARY_1_12
2015,Ridge,2.0987695295898083,5,TEMP,PRIMARY_1_12
2015,RF,2.0650202573147327,5,TEMP,PRIMARY_1_12
2015,HGB,2.2312022673085026,5,TEMP,PRIMARY_1_12
2016,GlobalClim,23.09587183272693,5,TEMP,PRIMARY_1_12
2016,DeptClim,23.48552386346422,5,TEMP,PRIMARY_1_12
2016,Persist,22.67955323882667,5,TEMP,PRIMARY_1_12
2016,Ridge,6.465314722363166,5,TEMP,PRIMARY_1_12
2016,RF,6.781664858201438,5,TEMP,PRIMARY_1_12
2016,HGB,6.319338755214583,5,TEMP,PRIMARY_1_12
2017,GlobalClim,20.52044347037149,5,TEMP,PRIMARY_1_12
2017,DeptClim,21.461441382727664,5,TEMP,PRIMARY_1_12
2017,Persist,22.10122176600568,5,TEMP,PRIMARY_1_12
2017,Ridge,4.274481621781805,5,TEMP,PRIMARY_1_12
2017,RF,3.90548498328704,5,TEMP,PRIMARY_1_12
2017,HGB,4.781669302295778,5,TEMP,PRIMARY_1_12
2018,GlobalClim,22.16278845108847,5,TEMP,PRIMARY_1_12
2018,DeptClim,22.818489640454533,5,TEMP,PRIMARY_1_12
2018,Persist,22.371897733412556,5,TEMP,PRIMARY_1_12
2018,Ridge,3.2734319146184556,5,TEMP,PRIMARY_1_12
2018,RF,2.547369978828225,5,TEMP,PRIMARY_1_12
2018,HGB,2.7619961894383582,5,TEMP,PRIMARY_1_12
2019,GlobalClim,20.634898779562572,5,TEMP,PRIMARY_1_12
2019,DeptClim,21.573212320532594,5,TEMP,PRIMARY_1_12
2019,Persist,22.434015442521577,5,TEMP,PRIMARY_1_12
2019,Ridge,3.357785879618589,5,TEMP,PRIMARY_1_12
2019,RF,2.6811231604549537,5,TEMP,PRIMARY_1_12
2019,HGB,3.611563068648061,5,TEMP,PRIMARY_1_12
2020,GlobalClim,21.293332940425508,5,TEMP,PRIMARY_1_12
2020,DeptClim,22.216553499543352,5,TEMP,PRIMARY_1_12
2020,Persist,23.163273191349667,5,TEMP,PRIMARY_1_12
2020,Ridge,2.9005295922896406,5,TEMP,PRIMARY_1_12
2020,RF,3.976802304242321,5,TEMP,PRIMARY_1_12
2020,HGB,4.334220470429236,5,TEMP,PRIMARY_1_12
2021,GlobalClim,21.33223987459293,5,TEMP,PRIMARY_1_12
2021,DeptClim,21.76141844966725,5,TEMP,PRIMARY_1_12
2021,Persist,22.711827866783008,5,TEMP,PRIMARY_1_12
2021,Ridge,2.9044295067118595,5,TEMP,PRIMARY_1_12
2021,RF,2.215833028082084,5,TEMP,PRIMARY_1_12
2021,HGB,2.23748277765612,5,TEMP,PRIMARY_1_12
2022,GlobalClim,22.275327032768242,5,TEMP,PRIMARY_1_12
2022,DeptClim,22.963129821639992,5,TEMP,PRIMARY_1_12
2022,Persist,23.08689120437169,5,TEMP,PRIMARY_1_12
2022,Ridge,2.77098913429648,5,TEMP,PRIMARY_1_12
2022,RF,2.3284610040553138,5,TEMP,PRIMARY_1_12
2022,HGB,2.18544231574713,5,TEMP,PRIMARY_1_12
2023,GlobalClim,20.64211072840077,5,TEMP,PRIMARY_1_12
2023,DeptClim,21.08940732640439,5,TEMP,PRIMARY_1_12
2023,Persist,22.167855987142865,5,TEMP,PRIMARY_1_12
2023,Ridge,2.7136211780380277,5,TEMP,PRIMARY_1_12
2023,RF,2.42380972701436,5,TEMP,PRIMARY_1_12
2023,HGB,2.342140348199032,5,TEMP,PRIMARY_1_12
2024,GlobalClim,20.18095123608484,5,TEMP,PRIMARY_1_12
2024,DeptClim,21.058612499465482,5,TEMP,PRIMARY_1_12
2024,Persist,23.49208606700622,5,TEMP,PRIMARY_1_12
2024,Ridge,2.6677055671572645,5,TEMP,PRIMARY_1_12
2024,RF,2.985353928880908,5,TEMP,PRIMARY_1_12
2024,HGB,3.090069371199996,5,TEMP,PRIMARY_1_12
2001,GlobalClim,27.00664068758971,6,TEMP,PRIMARY_1_12
2001,DeptClim,21.782695624703557,6,TEMP,PRIMARY_1_12
2001,Persist,6.06243005387978,6,TEMP,PRIMARY_1_12
2001,Ridge,0.10451841524999494,6,TEMP,PRIMARY_1_12
2001,RF,1.112220093934063,6,TEMP,PRIMARY_1_12
2001,HGB,0.26726227957961957,6,TEMP,PRIMARY_1_12
2002,GlobalClim,27.34836260257943,6,TEMP,PRIMARY_1_12
2002,DeptClim,21.400069809123355,6,TEMP,PRIMARY_1_12
2002,Persist,8.725967799818424,6,TEMP,PRIMARY_1_12
2002,Ridge,1.3124880567670332,6,TEMP,PRIMARY_1_12
2002,RF,3.226735040631672,6,TEMP,PRIMARY_1_12
2002,HGB,1.1407073625384407,6,TEMP,PRIMARY_1_12
2003,GlobalClim,32.89581392263209,6,TEMP,PRIMARY_1_12
2003,DeptClim,29.885414414471683,6,TEMP,PRIMARY_1_12
2003,Persist,12.318981875550715,6,TEMP,PRIMARY_1_12
2003,Ridge,5.468609782820624,6,TEMP,PRIMARY_1_12
2003,RF,3.173932375387087,6,TEMP,PRIMARY_1_12
2003,HGB,5.849373710543002,6,TEMP,PRIMARY_1_12
2004,GlobalClim,30.74059036524415,6,TEMP,PRIMARY_1_12
2004,DeptClim,26.36395127325793,6,TEMP,PRIMARY_1_12
2004,Persist,13.54862010376558,6,TEMP,PRIMARY_1_12
2004,Ridge,5.34526258728241,6,TEMP,PRIMARY_1_12
2004,RF,2.9630224616856498,6,TEMP,PRIMARY_1_12
2004,HGB,5.176770614458364,6,TEMP,PRIMARY_1_12
2005,GlobalClim,24.211441802482,6,TEMP,PRIMARY_1_12
2005,DeptClim,24.31598141595426,6,TEMP,PRIMARY_1_12
2005,Persist,20.540474895290373,6,TEMP,PRIMARY_1_12
2005,Ridge,9.273071722653143,6,TEMP,PRIMARY_1_12
2005,RF,10.315485561863627,6,TEMP,PRIMARY_1_12
2005,HGB,10.034974406029312,6,TEMP,PRIMARY_1_12
2006,GlobalClim,20.120626770691587,6,TEMP,PRIMARY_1_12
2006,DeptClim,20.448191158963514,6,TEMP,PRIMARY_1_12
2006,Persist,21.57522008044253,6,TEMP,PRIMARY_1_12
2006,Ridge,4.6081121395611575,6,TEMP,PRIMARY_1_12
2006,RF,4.607934782446053,6,TEMP,PRIMARY_1_12
2006,HGB,4.543476159121172,6,TEMP,PRIMARY_1_12
2007,GlobalClim,19.8008160935782,6,TEMP,PRIMARY_1_12
2007,DeptClim,20.71198121217805,6,TEMP,PRIMARY_1_12
2007,Persist,21.074345983958832,6,TEMP,PRIMARY_1_12
2007,Ridge,3.247972667066555,6,TEMP,PRIMARY_1_12
2007,RF,3.495757925070929,6,TEMP,PRIMARY_1_12
2007,HGB,3.5990735491584527,6,TEMP,PRIMARY_1_12
2008,GlobalClim,19.12117396975355,6,TEMP,PRIMARY_1_12
2008,DeptClim,19.367455195493683,6,TEMP,PRIMARY_1_12
2008,Persist,19.775286260220543,6,TEMP,PRIMARY_1_12
2008,Ridge,2.7155071290199917,6,TEMP,PRIMARY_1_12
2008,RF,2.3575516275373625,6,TEMP,PRIMARY_1_12
2008,HGB,2.737328284910697,6,TEMP,PRIMARY_1_12
2009,GlobalClim,20.242890843543492,6,TEMP,PRIMARY_1_12
2009,DeptClim,20.754166438076886,6,TEMP,PRIMARY_1_12
2009,Persist,21.371078552821565,6,TEMP,PRIMARY_1_12
2009,Ridge,2.1282130143551794,6,TEMP,PRIMARY_1_12
2009,RF,2.2350516266328366,6,TEMP,PRIMARY_1_12
2009,HGB,2.2619198306201826,6,TEMP,PRIMARY_1_12
2010,GlobalClim,20.655528998604797,6,TEMP,PRIMARY_1_12
2010,DeptClim,21.27126449783002,6,TEMP,PRIMARY_1_12
2010,Persist,22.07431229995125,6,TEMP,PRIMARY_1_12
2010,Ridge,2.3111233773734075,6,TEMP,PRIMARY_1_12
2010,RF,2.271208354419091,6,TEMP,PRIMARY_1_12
2010,HGB,2.3932390902012908,6,TEMP,PRIMARY_1_12
2011,GlobalClim,21.610164421944802,6,TEMP,PRIMARY_1_12
2011,DeptClim,22.024982980488826,6,TEMP,PRIMARY_1_12
2011,Persist,20.93244755910881,6,TEMP,PRIMARY_1_12
2011,Ridge,2.0369851836402777,6,TEMP,PRIMARY_1_12
2011,RF,2.4860249939573147,6,TEMP,PRIMARY_1_12
2011,HGB,2.41769105912999,6,TEMP,PRIMARY_1_12
2012,GlobalClim,22.958699556447048,6,TEMP,PRIMARY_1_12
2012,DeptClim,23.720689728486697,6,TEMP,PRIMARY_1_12
2012,Persist,20.964796078629004,6,TEMP,PRIMARY_1_12
2012,Ridge,5.019837206086978,6,TEMP,PRIMARY_1_12
2012,RF,5.034848461422693,6,TEMP,PRIMARY_1_12
2012,HGB,5.195534833626826,6,TEMP,PRIMARY_1_12
2013,GlobalClim,21.14441553411967,6,TEMP,PRIMARY_1_12
2013,DeptClim,21.77929144149687,6,TEMP,PRIMARY_1_12
2013,Persist,21.38118852330966,6,TEMP,PRIMARY_1_12
2013,Ridge,2.9064337075802733,6,TEMP,PRIMARY_1_12
2013,RF,2.7775852570946475,6,TEMP,PRIMARY_1_12
2013,HGB,3.170375451779187,6,TEMP,PRIMARY_1_12
2014,GlobalClim,22.67903211806118,6,TEMP,PRIMARY_1_12
2014,DeptClim,23.590078059568306,6,TEMP,PRIMARY_1_12
2014,Persist,22.02370244213537,6,TEMP,PRIMARY_1_12
2014,Ridge,3.5686439288775933,6,TEMP,PRIMARY_1_12
2014,RF,3.747485342955271,6,TEMP,PRIMARY_1_12
2014,HGB,4.240125102479782,6,TEMP,PRIMARY_1_12
2015,GlobalClim,20.256282422925793,6,TEMP,PRIMARY_1_12
2015,DeptClim,20.931165386207102,6,TEMP,PRIMARY_1_12
2015,Persist,21.913027112149088,6,TEMP,PRIMARY_1_12
2015,Ridge,2.2759212049685447,6,TEMP,PRIMARY_1_12
2015,RF,2.079753918799113,6,TEMP,PRIMARY_1_12
2015,HGB,2.4051996219362457,6,TEMP,PRIMARY_1_12
2016,GlobalClim,22.70095022904384,6,TEMP,PRIMARY_1_12
2016,DeptClim,23.43192240530746,6,TEMP,PRIMARY_1_12
2016,Persist,22.542571255276027,6,TEMP,PRIMARY_1_12
2016,Ridge,6.5583488598851245,6,TEMP,PRIMARY_1_12
2016,RF,7.08888152342822,6,TEMP,PRIMARY_1_12
2016,HGB,6.342295249921174,6,TEMP,PRIMARY_1_12
2017,GlobalClim,19.68737674273951,6,TEMP,PRIMARY_1_12
2017,DeptClim,20.840031220048537,6,TEMP,PRIMARY_1_12
2017,Persist,21.238894729334824,6,TEMP,PRIMARY_1_12
2017,Ridge,6.317387005078774,6,TEMP,PRIMARY_1_12
2017,RF,6.840393392617047,6,TEMP,PRIMARY_1_12
2017,HGB,6.825312190536538,6,TEMP,PRIMARY_1_12
2018,GlobalClim,21.642308390316316,6,TEMP,PRIMARY_1_12
2018,DeptClim,22.363534970866315,6,TEMP,PRIMARY_1_12
2018,Persist,21.967095344825285,6,TEMP,PRIMARY_1_12
2018,Ridge,3.024323656665765,6,TEMP,PRIMARY_1_12
2018,RF,3.1435647250048944,6,TEMP,PRIMARY_1_12
2018,HGB,3.2612591690911676,6,TEMP,PRIMARY_1_12
2019,GlobalClim,20.134404260503896,6,TEMP,PRIMARY_1_12
2019,DeptClim,20.946846916906516,6,TEMP,PRIMARY_1_12
2019,Persist,21.988791811754133,6,TEMP,PRIMARY_1_12
2019,Ridge,2.186853309432945,6,TEMP,PRIMARY_1_12
2019,RF,1.9918247213161167,6,TEMP,PRIMARY_1_12
2019,HGB,2.9268479967953263,6,TEMP,PRIMARY_1_12
2020,GlobalClim,21.850431481254407,6,TEMP,PRIMARY_1_12
2020,DeptClim,22.615650201873013,6,TEMP,PRIMARY_1_12
2020,Persist,23.014523587760547,6,TEMP,PRIMARY_1_12
2020,Ridge,3.7990599309148467,6,TEMP,PRIMARY_1_12
2020,RF,4.410473736695335,6,TEMP,PRIMARY_1_12
2020,HGB,4.558860972730999,6,TEMP,PRIMARY_1_12
2021,GlobalClim,22.05368496983107,6,TEMP,PRIMARY_1_12
2021,DeptClim,22.482781081201594,6,TEMP,PRIMARY_1_12
2021,Persist,23.46744276926173,6,TEMP,PRIMARY_1_12
2021,Ridge,3.6920016947705703,6,TEMP,PRIMARY_1_12
2021,RF,3.1090147600013696,6,TEMP,PRIMARY_1_12
2021,HGB,3.5329855648189277,6,TEMP,PRIMARY_1_12
2022,GlobalClim,22.74489623674864,6,TEMP,PRIMARY_1_12
2022,DeptClim,23.27099237463323,6,TEMP,PRIMARY_1_12
2022,Persist,23.604948593036557,6,TEMP,PRIMARY_1_12
2022,Ridge,3.0402900115830183,6,TEMP,PRIMARY_1_12
2022,RF,2.5918679036239767,6,TEMP,PRIMARY_1_12
2022,HGB,3.4828691980731734,6,TEMP,PRIMARY_1_12
2023,GlobalClim,20.423035280403514,6,TEMP,PRIMARY_1_12
2023,DeptClim,20.764782639268816,6,TEMP,PRIMARY_1_12
2023,Persist,22.397790840030073,6,TEMP,PRIMARY_1_12
2023,Ridge,3.018703746398188,6,TEMP,PRIMARY_1_12
2023,RF,2.207562098214235,6,TEMP,PRIMARY_1_12
2023,HGB,2.4865472226464402,6,TEMP,PRIMARY_1_12
2024,GlobalClim,20.264791691268115,6,TEMP,PRIMARY_1_12
2024,DeptClim,21.309469460529254,6,TEMP,PRIMARY_1_12
2024,Persist,23.600909261842126,6,TEMP,PRIMARY_1_12
2024,Ridge,3.5306863989946806,6,TEMP,PRIMARY_1_12
2024,RF,2.9090130671189396,6,TEMP,PRIMARY_1_12
2024,HGB,3.6732210027553633,6,TEMP,PRIMARY_1_12
2001,GlobalClim,26.924968234364496,7,TEMP,PRIMARY_1_12
2001,DeptClim,21.83628467562494,7,TEMP,PRIMARY_1_12
2001,Persist,5.9853566843617045,7,TEMP,PRIMARY_1_12
2001,Ridge,0.6275607660287221,7,TEMP,PRIMARY_1_12
2001,RF,0.892114959860522,7,TEMP,PRIMARY_1_12
2001,HGB,0.978891469595391,7,TEMP,PRIMARY_1_12
2002,GlobalClim,29.975783765775322,7,TEMP,PRIMARY_1_12
2002,DeptClim,24.292012697681063,7,TEMP,PRIMARY_1_12
2002,Persist,12.1614279219283,7,TEMP,PRIMARY_1_12
2002,Ridge,4.521449986550179,7,TEMP,PRIMARY_1_12
2002,RF,5.009066023712637,7,TEMP,PRIMARY_1_12
2002,HGB,2.352732317545636,7,TEMP,PRIMARY_1_12
2003,GlobalClim,33.23115987900252,7,TEMP,PRIMARY_1_12
2003,DeptClim,30.520823689335675,7,TEMP,PRIMARY_1_12
2003,Persist,12.92028019792421,7,TEMP,PRIMARY_1_12
2003,Ridge,5.141917470079982,7,TEMP,PRIMARY_1_12
2003,RF,4.53060008670225,7,TEMP,PRIMARY_1_12
2003,HGB,5.728214991504782,7,TEMP,PRIMARY_1_12
2004,GlobalClim,30.862589593941074,7,TEMP,PRIMARY_1_12
2004,DeptClim,27.5774838573111,7,TEMP,PRIMARY_1_12
2004,Persist,14.53179599076188,7,TEMP,PRIMARY_1_12
2004,Ridge,5.692404364656908,7,TEMP,PRIMARY_1_12
2004,RF,4.3353761037616545,7,TEMP,PRIMARY_1_12
2004,HGB,5.3685445360469695,7,TEMP,PRIMARY_1_12
2005,GlobalClim,24.1287377610236,7,TEMP,PRIMARY_1_12
2005,DeptClim,24.850927479754436,7,TEMP,PRIMARY_1_12
2005,Persist,16.74899673715282,7,TEMP,PRIMARY_1_12
2005,Ridge,9.533338184362954,7,TEMP,PRIMARY_1_12
2005,RF,10.45177622027482,7,TEMP,PRIMARY_1_12
2005,HGB,10.060425095033983,7,TEMP,PRIMARY_1_12
2006,GlobalClim,21.616466514237235,7,TEMP,PRIMARY_1_12
2006,DeptClim,21.96816783814267,7,TEMP,PRIMARY_1_12
2006,Persist,21.610067966899397,7,TEMP,PRIMARY_1_12
2006,Ridge,6.584376419488797,7,TEMP,PRIMARY_1_12
2006,RF,6.574789071522772,7,TEMP,PRIMARY_1_12
2006,HGB,6.476809157375241,7,TEMP,PRIMARY_1_12
2007,GlobalClim,18.832593234089373,7,TEMP,PRIMARY_1_12
2007,DeptClim,19.654597999456698,7,TEMP,PRIMARY_1_12
2007,Persist,19.907872304501783,7,TEMP,PRIMARY_1_12
2007,Ridge,4.248913637063497,7,TEMP,PRIMARY_1_12
2007,RF,4.143185455009717,7,TEMP,PRIMARY_1_12
2007,HGB,4.204643924645784,7,TEMP,PRIMARY_1_12
2008,GlobalClim,18.881119176876826,7,TEMP,PRIMARY_1_12
2008,DeptClim,19.487037136369104,7,TEMP,PRIMARY_1_12
2008,Persist,20.226404027612492,7,TEMP,PRIMARY_1_12
2008,Ridge,3.3704001734618836,7,TEMP,PRIMARY_1_12
2008,RF,3.2429615631046547,7,TEMP,PRIMARY_1_12
2008,HGB,3.344388842255396,7,TEMP,PRIMARY_1_12
2009,GlobalClim,20.240493916701006,7,TEMP,PRIMARY_1_12
2009,DeptClim,21.029550126081233,7,TEMP,PRIMARY_1_12
2009,Persist,20.535766112093114,7,TEMP,PRIMARY_1_12
2009,Ridge,2.526833149544859,7,TEMP,PRIMARY_1_12
2009,RF,2.376118948841686,7,TEMP,PRIMARY_1_12
2009,HGB,2.7790300768091267,7,TEMP,PRIMARY_1_12
2010,GlobalClim,21.30173099797298,7,TEMP,PRIMARY_1_12
2010,DeptClim,21.957826624249154,7,TEMP,PRIMARY_1_12
2010,Persist,21.89848856814089,7,TEMP,PRIMARY_1_12
2010,Ridge,2.5926180635624814,7,TEMP,PRIMARY_1_12
2010,RF,2.519170193135323,7,TEMP,PRIMARY_1_12
2010,HGB,2.4842063507334258,7,TEMP,PRIMARY_1_12
2011,GlobalClim,22.49222794080607,7,TEMP,PRIMARY_1_12
2011,DeptClim,22.94034925002713,7,TEMP,PRIMARY_1_12
2011,Persist,21.897799428512887,7,TEMP,PRIMARY_1_12
2011,Ridge,3.7710682157226394,7,TEMP,PRIMARY_1_12
2011,RF,3.6751823048373176,7,TEMP,PRIMARY_1_12
2011,HGB,4.022665122997735,7,TEMP,PRIMARY_1_12
2012,GlobalClim,22.155109614613377,7,TEMP,PRIMARY_1_12
2012,DeptClim,22.67856984824722,7,TEMP,PRIMARY_1_12
2012,Persist,20.868622962761638,7,TEMP,PRIMARY_1_12
2012,Ridge,3.3923172858445394,7,TEMP,PRIMARY_1_12
2012,RF,3.5707523822511584,7,TEMP,PRIMARY_1_12
2012,HGB,3.573884670510317,7,TEMP,PRIMARY_1_12
2013,GlobalClim,21.818353661942613,7,TEMP,PRIMARY_1_12
2013,DeptClim,22.483703816001462,7,TEMP,PRIMARY_1_12
2013,Persist,22.21070104933036,7,TEMP,PRIMARY_1_12
2013,Ridge,3.9301826757616203,7,TEMP,PRIMARY_1_12
2013,RF,3.8476724377753024,7,TEMP,PRIMARY_1_12
2013,HGB,4.251663083288323,7,TEMP,PRIMARY_1_12
2014,GlobalClim,22.16659799627386,7,TEMP,PRIMARY_1_12
2014,DeptClim,22.885397765641788,7,TEMP,PRIMARY_1_12
2014,Persist,21.347132417991656,7,TEMP,PRIMARY_1_12
2014,Ridge,3.1375655573588226,7,TEMP,PRIMARY_1_12
2014,RF,3.4674258440741275,7,TEMP,PRIMARY_1_12
2014,HGB,3.9033196609559355,7,TEMP,PRIMARY_1_12
2015,GlobalClim,20.676518788566934,7,TEMP,PRIMARY_1_12
2015,DeptClim,21.086531766756536,7,TEMP,PRIMARY_1_12
2015,Persist,22.213284569450412,7,TEMP,PRIMARY_1_12
2015,Ridge,2.6146580106172634,7,TEMP,PRIMARY_1_12
2015,RF,2.088793511467665,7,TEMP,PRIMARY_1_12
2015,HGB,2.346301258087405,7,TEMP,PRIMARY_1_12
2016,GlobalClim,22.003962600049615,7,TEMP,PRIMARY_1_12
2016,DeptClim,22.757955604758262,7,TEMP,PRIMARY_1_12
2016,Persist,21.781202211414524,7,TEMP,PRIMARY_1_12
2016,Ridge,5.685414607460487,7,TEMP,PRIMARY_1_12
2016,RF,5.422346299360863,7,TEMP,PRIMARY_1_12
2016,HGB,5.655538992592051,7,TEMP,PRIMARY_1_12
2017,GlobalClim,20.006802868768016,7,TEMP,PRIMARY_1_12
2017,DeptClim,20.748416469460906,7,TEMP,PRIMARY_1_12
2017,Persist,22.3981418810762,7,TEMP,PRIMARY_1_12
2017,Ridge,3.7376889976873224,7,TEMP,PRIMARY_1_12
2017,RF,3.7820936171475745,7,TEMP,PRIMARY_1_12
2017,HGB,4.110706055982272,7,TEMP,PRIMARY_1_12
2018,GlobalClim,21.204274227607886,7,TEMP,PRIMARY_1_12
2018,DeptClim,21.850130057035695,7,TEMP,PRIMARY_1_12
2018,Persist,21.823336410681957,7,TEMP,PRIMARY_1_12
2018,Ridge,2.2543430710543237,7,TEMP,PRIMARY_1_12
2018,RF,2.8889457726642105,7,TEMP,PRIMARY_1_12
2018,HGB,3.1878765662954214,7,TEMP,PRIMARY_1_12
2019,GlobalClim,20.54780755986759,7,TEMP,PRIMARY_1_12
2019,DeptClim,21.213281264491254,7,TEMP,PRIMARY_1_12
2019,Persist,22.348087377730348,7,TEMP,PRIMARY_1_12
2019,Ridge,2.39409654380489,7,TEMP,PRIMARY_1_12
2019,RF,2.3524982309816163,7,TEMP,PRIMARY_1_12
2019,HGB,2.8867027122457296,7,TEMP,PRIMARY_1_12
2020,GlobalClim,22.385998810618908,7,TEMP,PRIMARY_1_12
2020,DeptClim,22.995912233949046,7,TEMP,PRIMARY_1_12
2020,Persist,22.758860604921317,7,TEMP,PRIMARY_1_12
2020,Ridge,3.8900053273876734,7,TEMP,PRIMARY_1_12
2020,RF,4.05955028643411,7,TEMP,PRIMARY_1_12
2020,HGB,4.357667128068915,7,TEMP,PRIMARY_1_12
2021,GlobalClim,21.206126348607558,7,TEMP,PRIMARY_1_12
2021,DeptClim,21.86949892643078,7,TEMP,PRIMARY_1_12
2021,Persist,22.00876875892698,7,TEMP,PRIMARY_1_12
2021,Ridge,2.646778830042045,7,TEMP,PRIMARY_1_12
2021,RF,2.4934681344724137,7,TEMP,PRIMARY_1_12
2021,HGB,2.8938218369163886,7,TEMP,PRIMARY_1_12
2022,GlobalClim,21.82063131976001,7,TEMP,PRIMARY_1_12
2022,DeptClim,22.422314320095083,7,TEMP,PRIMARY_1_12
2022,Persist,22.39111128972977,7,TEMP,PRIMARY_1_12
2022,Ridge,2.376957563344566,7,TEMP,PRIMARY_1_12
2022,RF,2.21214693262695,7,TEMP,PRIMARY_1_12
2022,HGB,2.675249792446816,7,TEMP,PRIMARY_1_12
2023,GlobalClim,20.84236181040395,7,TEMP,PRIMARY_1_12
2023,DeptClim,21.444142258984968,7,TEMP,PRIMARY_1_12
2023,Persist,22.914010579966636,7,TEMP,PRIMARY_1_12
2023,Ridge,3.2457629760652926,7,TEMP,PRIMARY_1_12
2023,RF,3.453034410590786,7,TEMP,PRIMARY_1_12
2023,HGB,3.405994488804006,7,TEMP,PRIMARY_1_12
2024,GlobalClim,20.285552624845415,7,TEMP,PRIMARY_1_12
2024,DeptClim,20.85205378385186,7,TEMP,PRIMARY_1_12
2024,Persist,22.750385298866455,7,TEMP,PRIMARY_1_12
2024,Ridge,3.2150926491739233,7,TEMP,PRIMARY_1_12
2024,RF,2.7304055670743694,7,TEMP,PRIMARY_1_12
2024,HGB,2.8904431287294123,7,TEMP,PRIMARY_1_12
2001,GlobalClim,26.908132714307744,8,TEMP,PRIMARY_1_12
2001,DeptClim,21.49208469504063,8,TEMP,PRIMARY_1_12
2001,Persist,5.887294630331553,8,TEMP,PRIMARY_1_12
2001,Ridge,0.5068588809218761,8,TEMP,PRIMARY_1_12
2001,RF,0.3651963097264872,8,TEMP,PRIMARY_1_12
2001,HGB,0.8542545726216382,8,TEMP,PRIMARY_1_12
2002,GlobalClim,26.024460909494632,8,TEMP,PRIMARY_1_12
2002,DeptClim,20.228048166682235,8,TEMP,PRIMARY_1_12
2002,Persist,6.763896934660352,8,TEMP,PRIMARY_1_12
2002,Ridge,4.394512216973675,8,TEMP,PRIMARY_1_12
2002,RF,3.037425381955383,8,TEMP,PRIMARY_1_12
2002,HGB,2.8131169210309457,8,TEMP,PRIMARY_1_12
2003,GlobalClim,33.00471350627586,8,TEMP,PRIMARY_1_12
2003,DeptClim,30.10845745002163,8,TEMP,PRIMARY_1_12
2003,Persist,12.751394111202144,8,TEMP,PRIMARY_1_12
2003,Ridge,11.891416234674365,8,TEMP,PRIMARY_1_12
2003,RF,11.3625719087184,8,TEMP,PRIMARY_1_12
2003,HGB,11.386641140770227,8,TEMP,PRIMARY_1_12
2004,GlobalClim,30.92810583600889,8,TEMP,PRIMARY_1_12
2004,DeptClim,27.504300545938868,8,TEMP,PRIMARY_1_12
2004,Persist,13.84608608871279,8,TEMP,PRIMARY_1_12
2004,Ridge,5.890040279713146,8,TEMP,PRIMARY_1_12
2004,RF,5.589519312821865,8,TEMP,PRIMARY_1_12
2004,HGB,6.045523181752325,8,TEMP,PRIMARY_1_12
2005,GlobalClim,23.876185435202213,8,TEMP,PRIMARY_1_12
2005,DeptClim,24.677043068185156,8,TEMP,PRIMARY_1_12
2005,Persist,18.584291794355835,8,TEMP,PRIMARY_1_12
2005,Ridge,9.203294109592923,8,TEMP,PRIMARY_1_12
2005,RF,9.79008128005265,8,TEMP,PRIMARY_1_12
2005,HGB,9.562399459431488,8,TEMP,PRIMARY_1_12
2006,GlobalClim,18.577174655118263,8,TEMP,PRIMARY_1_12
2006,DeptClim,19.068560969619124,8,TEMP,PRIMARY_1_12
2006,Persist,18.7179734637734,8,TEMP,PRIMARY_1_12
2006,Ridge,3.707258772271284,8,TEMP,PRIMARY_1_12
2006,RF,4.021677733448304,8,TEMP,PRIMARY_1_12
2006,HGB,3.856934557909978,8,TEMP,PRIMARY_1_12
2007,GlobalClim,19.451502197446988,8,TEMP,PRIMARY_1_12
2007,DeptClim,20.10522499750197,8,TEMP,PRIMARY_1_12
2007,Persist,20.88044056690582,8,TEMP,PRIMARY_1_12
2007,Ridge,3.5891221476275463,8,TEMP,PRIMARY_1_12
2007,RF,3.2490259757724496,8,TEMP,PRIMARY_1_12
2007,HGB,3.266408179532207,8,TEMP,PRIMARY_1_12
2008,GlobalClim,19.331887010423312,8,TEMP,PRIMARY_1_12
2008,DeptClim,19.90715776619681,8,TEMP,PRIMARY_1_12
2008,Persist,20.797149424119343,8,TEMP,PRIMARY_1_12
2008,Ridge,2.990207712841982,8,TEMP,PRIMARY_1_12
2008,RF,2.5618590289200434,8,TEMP,PRIMARY_1_12
2008,HGB,2.8978950465805324,8,TEMP,PRIMARY_1_12
2009,GlobalClim,20.191397340933424,8,TEMP,PRIMARY_1_12
2009,DeptClim,20.919000035922004,8,TEMP,PRIMARY_1_12
2009,Persist,20.920711681114188,8,TEMP,PRIMARY_1_12
2009,Ridge,2.8217653832205336,8,TEMP,PRIMARY_1_12
2009,RF,2.603861692049577,8,TEMP,PRIMARY_1_12
2009,HGB,3.030006869340838,8,TEMP,PRIMARY_1_12
2010,GlobalClim,21.466998249968363,8,TEMP,PRIMARY_1_12
2010,DeptClim,21.948658126342238,8,TEMP,PRIMARY_1_12
2010,Persist,20.964202520899356,8,TEMP,PRIMARY_1_12
2010,Ridge,2.7508552869812255,8,TEMP,PRIMARY_1_12
2010,RF,3.0348863358155835,8,TEMP,PRIMARY_1_12
2010,HGB,3.1367334652853383,8,TEMP,PRIMARY_1_12
2011,GlobalClim,22.780974522098447,8,TEMP,PRIMARY_1_12
2011,DeptClim,23.23990043309994,8,TEMP,PRIMARY_1_12
2011,Persist,21.3194224734033,8,TEMP,PRIMARY_1_12
2011,Ridge,4.24110661435993,8,TEMP,PRIMARY_1_12
2011,RF,3.9714372691294955,8,TEMP,PRIMARY_1_12
2011,HGB,4.495945099006137,8,TEMP,PRIMARY_1_12
2012,GlobalClim,24.90430766374309,8,TEMP,PRIMARY_1_12
2012,DeptClim,25.542522017241257,8,TEMP,PRIMARY_1_12
2012,Persist,23.889969650733587,8,TEMP,PRIMARY_1_12
2012,Ridge,5.048418618761224,8,TEMP,PRIMARY_1_12
2012,RF,5.39476008830947,8,TEMP,PRIMARY_1_12
2012,HGB,5.900937435854116,8,TEMP,PRIMARY_1_12
2013,GlobalClim,22.560077004138215,8,TEMP,PRIMARY_1_12
2013,DeptClim,23.218881762599374,8,TEMP,PRIMARY_1_12
2013,Persist,22.290732679851924,8,TEMP,PRIMARY_1_12
2013,Ridge,4.478792975146841,8,TEMP,PRIMARY_1_12
2013,RF,4.628125029280793,8,TEMP,PRIMARY_1_12
2013,HGB,4.816590074016008,8,TEMP,PRIMARY_1_12
2014,GlobalClim,22.752164142467638,8,TEMP,PRIMARY_1_12
2014,DeptClim,23.387434197021285,8,TEMP,PRIMARY_1_12
2014,Persist,22.322828110729603,8,TEMP,PRIMARY_1_12
2014,Ridge,3.340057671693664,8,TEMP,PRIMARY_1_12
2014,RF,3.10366581369766,8,TEMP,PRIMARY_1_12
2014,HGB,4.039912824752213,8,TEMP,PRIMARY_1_12
2015,GlobalClim,20.578916580263712,8,TEMP,PRIMARY_1_12
2015,DeptClim,20.833314384902398,8,TEMP,PRIMARY_1_12
2015,Persist,21.201224835037966,8,TEMP,PRIMARY_1_12
2015,Ridge,3.788473466772576,8,TEMP,PRIMARY_1_12
2015,RF,3.43693575613039,8,TEMP,PRIMARY_1_12
2015,HGB,3.528929239975923,8,TEMP,PRIMARY_1_12
2016,GlobalClim,21.67711299990011,8,TEMP,PRIMARY_1_12
2016,DeptClim,22.39391662284163,8,TEMP,PRIMARY_1_12
2016,Persist,21.070067412772854,8,TEMP,PRIMARY_1_12
2016,Ridge,5.665806723739649,8,TEMP,PRIMARY_1_12
2016,RF,5.667773871431627,8,TEMP,PRIMARY_1_12
2016,HGB,5.718813327815785,8,TEMP,PRIMARY_1_12
2017,GlobalClim,19.89079931700282,8,TEMP,PRIMARY_1_12
2017,DeptClim,20.911248463542755,8,TEMP,PRIMARY_1_12
2017,Persist,21.386200905508147,8,TEMP,PRIMARY_1_12
2017,Ridge,5.2018857635365405,8,TEMP,PRIMARY_1_12
2017,RF,4.864022095165261,8,TEMP,PRIMARY_1_12
2017,HGB,5.18636197792728,8,TEMP,PRIMARY_1_12
2018,GlobalClim,21.246367499943617,8,TEMP,PRIMARY_1_12
2018,DeptClim,21.88354099290608,8,TEMP,PRIMARY_1_12
2018,Persist,21.780080969205816,8,TEMP,PRIMARY_1_12
2018,Ridge,3.1220003565536345,8,TEMP,PRIMARY_1_12
2018,RF,3.2138300832770628,8,TEMP,PRIMARY_1_12
2018,HGB,3.2108967978151655,8,TEMP,PRIMARY_1_12
2019,GlobalClim,20.475372654061598,8,TEMP,PRIMARY_1_12
2019,DeptClim,21.188750430224147,8,TEMP,PRIMARY_1_12
2019,Persist,21.836965823189026,8,TEMP,PRIMARY_1_12
2019,Ridge,2.886786684545323,8,TEMP,PRIMARY_1_12
2019,RF,2.4704792294042828,8,TEMP,PRIMARY_1_12
2019,HGB,3.352969772954667,8,TEMP,PRIMARY_1_12
2020,GlobalClim,22.255095470395954,8,TEMP,PRIMARY_1_12
2020,DeptClim,22.958326333225205,8,TEMP,PRIMARY_1_12
2020,Persist,22.143901678434645,8,TEMP,PRIMARY_1_12
2020,Ridge,3.779778160231592,8,TEMP,PRIMARY_1_12
2020,RF,4.4824962087613995,8,TEMP,PRIMARY_1_12
2020,HGB,4.800187153884577,8,TEMP,PRIMARY_1_12
2021,GlobalClim,21.25624338059122,8,TEMP,PRIMARY_1_12
2021,DeptClim,21.92296039170489,8,TEMP,PRIMARY_1_12
2021,Persist,22.417024362425128,8,TEMP,PRIMARY_1_12
2021,Ridge,2.77302109264863,8,TEMP,PRIMARY_1_12
2021,RF,2.550569326209477,8,TEMP,PRIMARY_1_12
2021,HGB,2.6594226440372184,8,TEMP,PRIMARY_1_12
2022,GlobalClim,22.627589217064543,8,TEMP,PRIMARY_1_12
2022,DeptClim,23.15008898471265,8,TEMP,PRIMARY_1_12
2022,Persist,23.015689319854143,8,TEMP,PRIMARY_1_12
2022,Ridge,2.8167243650262574,8,TEMP,PRIMARY_1_12
2022,RF,2.9367600037878017,8,TEMP,PRIMARY_1_12
2022,HGB,2.9275175403845055,8,TEMP,PRIMARY_1_12
2023,GlobalClim,20.12756789181874,8,TEMP,PRIMARY_1_12
2023,DeptClim,20.596863384071984,8,TEMP,PRIMARY_1_12
2023,Persist,22.223224122365902,8,TEMP,PRIMARY_1_12
2023,Ridge,3.1434575589739717,8,TEMP,PRIMARY_1_12
2023,RF,2.3378149977801286,8,TEMP,PRIMARY_1_12
2023,HGB,2.727358044805527,8,TEMP,PRIMARY_1_12
2024,GlobalClim,20.308496183281875,8,TEMP,PRIMARY_1_12
2024,DeptClim,20.880649182765406,8,TEMP,PRIMARY_1_12
2024,Persist,23.122122286143977,8,TEMP,PRIMARY_1_12
2024,Ridge,3.5486727244773033,8,TEMP,PRIMARY_1_12
2024,RF,3.073118363531601,8,TEMP,PRIMARY_1_12
2024,HGB,3.633831303848245,8,TEMP,PRIMARY_1_12
2001,GlobalClim,25.666250062150812,9,TEMP,PRIMARY_1_12
2001,DeptClim,19.548164805997125,9,TEMP,PRIMARY_1_12
2001,Persist,5.413826942709875,9,TEMP,PRIMARY_1_12
2001,Ridge,3.9898906417447737,9,TEMP,PRIMARY_1_12
2001,RF,3.644963720293388,9,TEMP,PRIMARY_1_12
2001,HGB,2.892509006297171,9,TEMP,PRIMARY_1_12
2002,GlobalClim,30.83502969933329,9,TEMP,PRIMARY_1_12
2002,DeptClim,27.065264322806236,9,TEMP,PRIMARY_1_12
2002,Persist,6.329542496338718,9,TEMP,PRIMARY_1_12
2002,Ridge,10.17659797899796,9,TEMP,PRIMARY_1_12
2002,RF,9.102272227306893,9,TEMP,PRIMARY_1_12
2002,HGB,8.139221847908805,9,TEMP,PRIMARY_1_12
2003,GlobalClim,32.00618154435955,9,TEMP,PRIMARY_1_12
2003,DeptClim,27.173109971021347,9,TEMP,PRIMARY_1_12
2003,Persist,10.900636825813727,9,TEMP,PRIMARY_1_12
2003,Ridge,9.41147129347588,9,TEMP,PRIMARY_1_12
2003,RF,7.6695415054614395,9,TEMP,PRIMARY_1_12
2003,HGB,7.324760942298907,9,TEMP,PRIMARY_1_12
2004,GlobalClim,27.12246441426719,9,TEMP,PRIMARY_1_12
2004,DeptClim,22.719937904811815,9,TEMP,PRIMARY_1_12
2004,Persist,12.646644908175439,9,TEMP,PRIMARY_1_12
2004,Ridge,5.709554202109129,9,TEMP,PRIMARY_1_12
2004,RF,3.881777326238094,9,TEMP,PRIMARY_1_12
2004,HGB,5.000019122630596,9,TEMP,PRIMARY_1_12
2005,GlobalClim,22.863864718626967,9,TEMP,PRIMARY_1_12
2005,DeptClim,23.5114592778506,9,TEMP,PRIMARY_1_12
2005,Persist,18.631161502846684,9,TEMP,PRIMARY_1_12
2005,Ridge,8.421676017208469,9,TEMP,PRIMARY_1_12
2005,RF,8.361626396951804,9,TEMP,PRIMARY_1_12
2005,HGB,8.703049972585573,9,TEMP,PRIMARY_1_12
2006,GlobalClim,18.69797977547761,9,TEMP,PRIMARY_1_12
2006,DeptClim,19.275595989268265,9,TEMP,PRIMARY_1_12
2006,Persist,20.16950673506271,9,TEMP,PRIMARY_1_12
2006,Ridge,4.008233282129875,9,TEMP,PRIMARY_1_12
2006,RF,4.072662355633612,9,TEMP,PRIMARY_1_12
2006,HGB,4.110876565226393,9,TEMP,PRIMARY_1_12
2007,GlobalClim,19.25795170128026,9,TEMP,PRIMARY_1_12
2007,DeptClim,19.978558873631176,9,TEMP,PRIMARY_1_12
2007,Persist,20.103916119685856,9,TEMP,PRIMARY_1_12
2007,Ridge,3.4805150202102078,9,TEMP,PRIMARY_1_12
2007,RF,3.371199030370063,9,TEMP,PRIMARY_1_12
2007,HGB,3.5477109496038803,9,TEMP,PRIMARY_1_12
2008,GlobalClim,19.756810360248917,9,TEMP,PRIMARY_1_12
2008,DeptClim,20.59009700797629,9,TEMP,PRIMARY_1_12
2008,Persist,21.220770463592817,9,TEMP,PRIMARY_1_12
2008,Ridge,2.8771556919172365,9,TEMP,PRIMARY_1_12
2008,RF,2.836312901326012,9,TEMP,PRIMARY_1_12
2008,HGB,2.9183659426068824,9,TEMP,PRIMARY_1_12
2009,GlobalClim,19.636212344290243,9,TEMP,PRIMARY_1_12
2009,DeptClim,20.095710296731404,9,TEMP,PRIMARY_1_12
2009,Persist,20.50011540019839,9,TEMP,PRIMARY_1_12
2009,Ridge,2.432914722460064,9,TEMP,PRIMARY_1_12
2009,RF,2.197319195055754,9,TEMP,PRIMARY_1_12
2009,HGB,2.5196286554628946,9,TEMP,PRIMARY_1_12
2010,GlobalClim,22.057455100571776,9,TEMP,PRIMARY_1_12
2010,DeptClim,22.596092121510615,9,TEMP,PRIMARY_1_12
2010,Persist,21.70781491056209,9,TEMP,PRIMARY_1_12
2010,Ridge,4.052643225334888,9,TEMP,PRIMARY_1_12
2010,RF,3.4128568498785454,9,TEMP,PRIMARY_1_12
2010,HGB,3.21411827606711,9,TEMP,PRIMARY_1_12
2011,GlobalClim,22.170029829144614,9,TEMP,PRIMARY_1_12
2011,DeptClim,22.90050342317197,9,TEMP,PRIMARY_1_12
2011,Persist,20.901846604331524,9,TEMP,PRIMARY_1_12
2011,Ridge,2.7994925290255956,9,TEMP,PRIMARY_1_12
2011,RF,2.5468973304140508,9,TEMP,PRIMARY_1_12
2011,HGB,2.8411854028302415,9,TEMP,PRIMARY_1_12
2012,GlobalClim,24.4392487157608,9,TEMP,PRIMARY_1_12
2012,DeptClim,25.324508916909945,9,TEMP,PRIMARY_1_12
2012,Persist,21.495824721854575,9,TEMP,PRIMARY_1_12
2012,Ridge,4.751280325622699,9,TEMP,PRIMARY_1_12
2012,RF,5.412441899025935,9,TEMP,PRIMARY_1_12
2012,HGB,5.664907631197064,9,TEMP,PRIMARY_1_12
2013,GlobalClim,23.875921077838797,9,TEMP,PRIMARY_1_12
2013,DeptClim,24.7549902593702,9,TEMP,PRIMARY_1_12
2013,Persist,22.81026908838441,9,TEMP,PRIMARY_1_12
2013,Ridge,5.897620166755291,9,TEMP,PRIMARY_1_12
2013,RF,5.593543463419861,9,TEMP,PRIMARY_1_12
2013,HGB,5.939042837176874,9,TEMP,PRIMARY_1_12
2014,GlobalClim,22.367735733778893,9,TEMP,PRIMARY_1_12
2014,DeptClim,23.174116950632115,9,TEMP,PRIMARY_1_12
2014,Persist,22.145168910551078,9,TEMP,PRIMARY_1_12
2014,Ridge,3.328178719798054,9,TEMP,PRIMARY_1_12
2014,RF,3.5544187991731935,9,TEMP,PRIMARY_1_12
2014,HGB,3.2723649489817843,9,TEMP,PRIMARY_1_12
2015,GlobalClim,20.266302600043872,9,TEMP,PRIMARY_1_12
2015,DeptClim,20.81896431327571,9,TEMP,PRIMARY_1_12
2015,Persist,21.7033463376467,9,TEMP,PRIMARY_1_12
2015,Ridge,2.8487957209325545,9,TEMP,PRIMARY_1_12
2015,RF,2.8513798878635077,9,TEMP,PRIMARY_1_12
2015,HGB,3.3763532990574547,9,TEMP,PRIMARY_1_12
2016,GlobalClim,20.618603919811083,9,TEMP,PRIMARY_1_12
2016,DeptClim,21.056180784570596,9,TEMP,PRIMARY_1_12
2016,Persist,21.813101191815818,9,TEMP,PRIMARY_1_12
2016,Ridge,2.6767278862843287,9,TEMP,PRIMARY_1_12
2016,RF,2.669494616595812,9,TEMP,PRIMARY_1_12
2016,HGB,2.8279422351931287,9,TEMP,PRIMARY_1_12
2017,GlobalClim,20.561777764101198,9,TEMP,PRIMARY_1_12
2017,DeptClim,21.187723438804316,9,TEMP,PRIMARY_1_12
2017,Persist,22.33806772540664,9,TEMP,PRIMARY_1_12
2017,Ridge,2.5435680579674678,9,TEMP,PRIMARY_1_12
2017,RF,2.8054217974795526,9,TEMP,PRIMARY_1_12
2017,HGB,2.8427102044497436,9,TEMP,PRIMARY_1_12
2018,GlobalClim,21.176275801484067,9,TEMP,PRIMARY_1_12
2018,DeptClim,22.08657010900662,9,TEMP,PRIMARY_1_12
2018,Persist,22.03178715539703,9,TEMP,PRIMARY_1_12
2018,Ridge,2.4434482280174583,9,TEMP,PRIMARY_1_12
2018,RF,2.5605546388801583,9,TEMP,PRIMARY_1_12
2018,HGB,2.5128103213274233,9,TEMP,PRIMARY_1_12
2019,GlobalClim,20.77317511118769,9,TEMP,PRIMARY_1_12
2019,DeptClim,21.693603458339332,9,TEMP,PRIMARY_1_12
2019,Persist,22.245054579126347,9,TEMP,PRIMARY_1_12
2019,Ridge,2.889402414563009,9,TEMP,PRIMARY_1_12
2019,RF,2.870758567996246,9,TEMP,PRIMARY_1_12
2019,HGB,2.986915905335317,9,TEMP,PRIMARY_1_12
2020,GlobalClim,22.374581849066885,9,TEMP,PRIMARY_1_12
2020,DeptClim,23.181828281945908,9,TEMP,PRIMARY_1_12
2020,Persist,22.28118104820955,9,TEMP,PRIMARY_1_12
2020,Ridge,4.118768216822271,9,TEMP,PRIMARY_1_12
2020,RF,4.576631733546433,9,TEMP,PRIMARY_1_12
2020,HGB,4.431948719133066,9,TEMP,PRIMARY_1_12
2021,GlobalClim,21.27799674687673,9,TEMP,PRIMARY_1_12
2021,DeptClim,22.250053516135843,9,TEMP,PRIMARY_1_12
2021,Persist,22.20100381128364,9,TEMP,PRIMARY_1_12
2021,Ridge,2.483891415975018,9,TEMP,PRIMARY_1_12
2021,RF,2.391782489383107,9,TEMP,PRIMARY_1_12
2021,HGB,2.667047170926502,9,TEMP,PRIMARY_1_12
2022,GlobalClim,22.847597555806338,9,TEMP,PRIMARY_1_12
2022,DeptClim,23.462131180637154,9,TEMP,PRIMARY_1_12
2022,Persist,22.902765356610583,9,TEMP,PRIMARY_1_12
2022,Ridge,3.0022880356769073,9,TEMP,PRIMARY_1_12
2022,RF,2.9531988796948534,9,TEMP,PRIMARY_1_12
2022,HGB,2.972521885828508,9,TEMP,PRIMARY_1_12
2023,GlobalClim,20.346194480851757,9,TEMP,PRIMARY_1_12
2023,DeptClim,20.78972081748223,9,TEMP,PRIMARY_1_12
2023,Persist,22.539388972024835,9,TEMP,PRIMARY_1_12
2023,Ridge,3.775068822907817,9,TEMP,PRIMARY_1_12
2023,RF,3.408414749938733,9,TEMP,PRIMARY_1_12
2023,HGB,3.4869131571675225,9,TEMP,PRIMARY_1_12
2024,GlobalClim,20.060840403527532,9,TEMP,PRIMARY_1_12
2024,DeptClim,20.77047988935296,9,TEMP,PRIMARY_1_12
2024,Persist,22.82367013554476,9,TEMP,PRIMARY_1_12
2024,Ridge,3.3108066641347746,9,TEMP,PRIMARY_1_12
2024,RF,3.629808365737948,9,TEMP,PRIMARY_1_12
2024,HGB,3.503514927924503,9,TEMP,PRIMARY_1_12
2001,GlobalClim,26.08959138755908,10,TEMP,PRIMARY_1_12
2001,DeptClim,19.832773126973727,10,TEMP,PRIMARY_1_12
2001,Persist,5.090403205820849,10,TEMP,PRIMARY_1_12
2001,Ridge,1.7331679592071971,10,TEMP,PRIMARY_1_12
2001,RF,0.6372020349409624,10,TEMP,PRIMARY_1_12
2001,HGB,1.256021116645337,10,TEMP,PRIMARY_1_12
2002,GlobalClim,30.49513507456342,10,TEMP,PRIMARY_1_12
2002,DeptClim,26.39898908164438,10,TEMP,PRIMARY_1_12
2002,Persist,10.325591482406942,10,TEMP,PRIMARY_1_12
2002,Ridge,10.002333862143296,10,TEMP,PRIMARY_1_12
2002,RF,9.369228755234381,10,TEMP,PRIMARY_1_12
2002,HGB,9.575765515140574,10,TEMP,PRIMARY_1_12
2003,GlobalClim,31.34298828761807,10,TEMP,PRIMARY_1_12
2003,DeptClim,26.326553911838847,10,TEMP,PRIMARY_1_12
2003,Persist,11.225507292306913,10,TEMP,PRIMARY_1_12
2003,Ridge,9.300734875313289,10,TEMP,PRIMARY_1_12
2003,RF,8.693342521247393,10,TEMP,PRIMARY_1_12
2003,HGB,8.287497668235162,10,TEMP,PRIMARY_1_12
2004,GlobalClim,27.504504829729832,10,TEMP,PRIMARY_1_12
2004,DeptClim,22.5797022914654,10,TEMP,PRIMARY_1_12
2004,Persist,11.857039523070751,10,TEMP,PRIMARY_1_12
2004,Ridge,5.73518734519315,10,TEMP,PRIMARY_1_12
2004,RF,5.8962296275313815,10,TEMP,PRIMARY_1_12
2004,HGB,6.495660788448069,10,TEMP,PRIMARY_1_12
2005,GlobalClim,22.25486258315948,10,TEMP,PRIMARY_1_12
2005,DeptClim,23.164449764152636,10,TEMP,PRIMARY_1_12
2005,Persist,19.36385142487824,10,TEMP,PRIMARY_1_12
2005,Ridge,7.521422662833757,10,TEMP,PRIMARY_1_12
2005,RF,7.82832799476663,10,TEMP,PRIMARY_1_12
2005,HGB,7.785403989489269,10,TEMP,PRIMARY_1_12
2006,GlobalClim,19.101863272786154,10,TEMP,PRIMARY_1_12
2006,DeptClim,20.03633642183258,10,TEMP,PRIMARY_1_12
2006,Persist,20.976526675984253,10,TEMP,PRIMARY_1_12
2006,Ridge,4.52486268629633,10,TEMP,PRIMARY_1_12
2006,RF,4.263871400310108,10,TEMP,PRIMARY_1_12
2006,HGB,4.579072461742397,10,TEMP,PRIMARY_1_12
2007,GlobalClim,19.604212535958183,10,TEMP,PRIMARY_1_12
2007,DeptClim,20.369252294967076,10,TEMP,PRIMARY_1_12
2007,Persist,21.151251784830368,10,TEMP,PRIMARY_1_12
2007,Ridge,3.373458736672181,10,TEMP,PRIMARY_1_12
2007,RF,3.13592414858719,10,TEMP,PRIMARY_1_12
2007,HGB,3.58127769876011,10,TEMP,PRIMARY_1_12
2008,GlobalClim,19.677019546607458,10,TEMP,PRIMARY_1_12
2008,DeptClim,20.457052698440744,10,TEMP,PRIMARY_1_12
2008,Persist,21.246569785502622,10,TEMP,PRIMARY_1_12
2008,Ridge,2.6663809041231943,10,TEMP,PRIMARY_1_12
2008,RF,2.5351158116620405,10,TEMP,PRIMARY_1_12
2008,HGB,2.785076146174152,10,TEMP,PRIMARY_1_12
2009,GlobalClim,19.663018760232763,10,TEMP,PRIMARY_1_12
2009,DeptClim,20.36249043744566,10,TEMP,PRIMARY_1_12
2009,Persist,21.511574837436374,10,TEMP,PRIMARY_1_12
2009,Ridge,2.2594577074883273,10,TEMP,PRIMARY_1_12
2009,RF,2.004445752681728,10,TEMP,PRIMARY_1_12
2009,HGB,2.2140545231890223,10,TEMP,PRIMARY_1_12
2010,GlobalClim,21.233177065844213,10,TEMP,PRIMARY_1_12
2010,DeptClim,21.769283245318842,10,TEMP,PRIMARY_1_12
2010,Persist,20.748273896022834,10,TEMP,PRIMARY_1_12
2010,Ridge,3.332373216502128,10,TEMP,PRIMARY_1_12
2010,RF,2.24120265198751,10,TEMP,PRIMARY_1_12
2010,HGB,2.718076900801954,10,TEMP,PRIMARY_1_12
2011,GlobalClim,22.75607233935346,10,TEMP,PRIMARY_1_12
2011,DeptClim,23.06893293597602,10,TEMP,PRIMARY_1_12
2011,Persist,22.05839641461881,10,TEMP,PRIMARY_1_12
2011,Ridge,3.0729763127540077,10,TEMP,PRIMARY_1_12
2011,RF,2.909045513929365,10,TEMP,PRIMARY_1_12
2011,HGB,3.450650115132524,10,TEMP,PRIMARY_1_12
2012,GlobalClim,23.392464394946675,10,TEMP,PRIMARY_1_12
2012,DeptClim,24.2008069213251,10,TEMP,PRIMARY_1_12
2012,Persist,21.13253464989156,10,TEMP,PRIMARY_1_12
2012,Ridge,4.835386212957376,10,TEMP,PRIMARY_1_12
2012,RF,4.726825010475744,10,TEMP,PRIMARY_1_12
2012,HGB,5.140002291918608,10,TEMP,PRIMARY_1_12
2013,GlobalClim,23.636528773073124,10,TEMP,PRIMARY_1_12
2013,DeptClim,24.500809303193442,10,TEMP,PRIMARY_1_12
2013,Persist,22.23033993490773,10,TEMP,PRIMARY_1_12
2013,Ridge,5.920124047948132,10,TEMP,PRIMARY_1_12
2013,RF,5.94934120091182,10,TEMP,PRIMARY_1_12
2013,HGB,5.925192237859469,10,TEMP,PRIMARY_1_12
2014,GlobalClim,21.660782413443012,10,TEMP,PRIMARY_1_12
2014,DeptClim,22.448850188102554,10,TEMP,PRIMARY_1_12
2014,Persist,21.901239119583927,10,TEMP,PRIMARY_1_12
2014,Ridge,2.9581827767116615,10,TEMP,PRIMARY_1_12
2014,RF,3.043305139726752,10,TEMP,PRIMARY_1_12
2014,HGB,2.94103135207333,10,TEMP,PRIMARY_1_12
2015,GlobalClim,20.26164414977999,10,TEMP,PRIMARY_1_12
2015,DeptClim,20.784239560484465,10,TEMP,PRIMARY_1_12
2015,Persist,22.14281193543159,10,TEMP,PRIMARY_1_12
2015,Ridge,2.893022979864717,10,TEMP,PRIMARY_1_12
2015,RF,2.94208708130419,10,TEMP,PRIMARY_1_12
2015,HGB,3.0866677059949295,10,TEMP,PRIMARY_1_12
2016,GlobalClim,20.7101416403522,10,TEMP,PRIMARY_1_12
2016,DeptClim,20.79777369475196,10,TEMP,PRIMARY_1_12
2016,Persist,21.895384203370273,10,TEMP,PRIMARY_1_12
2016,Ridge,1.8064760335100394,10,TEMP,PRIMARY_1_12
2016,RF,1.6118582599219937,10,TEMP,PRIMARY_1_12
2016,HGB,1.718416416706406,10,TEMP,PRIMARY_1_12
2017,GlobalClim,20.63264871854364,10,TEMP,PRIMARY_1_12
2017,DeptClim,21.18816600776382,10,TEMP,PRIMARY_1_12
2017,Persist,21.90578735653707,10,TEMP,PRIMARY_1_12
2017,Ridge,2.408487924393398,10,TEMP,PRIMARY_1_12
2017,RF,2.6757756455746904,10,TEMP,PRIMARY_1_12
2017,HGB,2.5687189801391868,10,TEMP,PRIMARY_1_12
2018,GlobalClim,21.031218145476576,10,TEMP,PRIMARY_1_12
2018,DeptClim,21.976123239342208,10,TEMP,PRIMARY_1_12
2018,Persist,22.344429368476355,10,TEMP,PRIMARY_1_12
2018,Ridge,2.1133132157378247,10,TEMP,PRIMARY_1_12
2018,RF,2.3774118156669726,10,TEMP,PRIMARY_1_12
2018,HGB,2.492554673549339,10,TEMP,PRIMARY_1_12
2019,GlobalClim,21.27113336639668,10,TEMP,PRIMARY_1_12
2019,DeptClim,22.237456602892305,10,TEMP,PRIMARY_1_12
2019,Persist,23.005242518711718,10,TEMP,PRIMARY_1_12
2019,Ridge,3.5280938828512944,10,TEMP,PRIMARY_1_12
2019,RF,3.888227147469238,10,TEMP,PRIMARY_1_12
2019,HGB,3.714384748829263,10,TEMP,PRIMARY_1_12
2020,GlobalClim,20.561762641190022,10,TEMP,PRIMARY_1_12
2020,DeptClim,21.401639663142056,10,TEMP,PRIMARY_1_12
2020,Persist,21.525595376487242,10,TEMP,PRIMARY_1_12
2020,Ridge,1.9859442722199445,10,TEMP,PRIMARY_1_12
2020,RF,2.4476168245710523,10,TEMP,PRIMARY_1_12
2020,HGB,2.7336836477404063,10,TEMP,PRIMARY_1_12
2021,GlobalClim,20.83967676440948,10,TEMP,PRIMARY_1_12
2021,DeptClim,21.961520137564996,10,TEMP,PRIMARY_1_12
2021,Persist,22.33030423983174,10,TEMP,PRIMARY_1_12
2021,Ridge,2.1632387497771774,10,TEMP,PRIMARY_1_12
2021,RF,2.2057295829741346,10,TEMP,PRIMARY_1_12
2021,HGB,2.4877074358149374,10,TEMP,PRIMARY_1_12
2022,GlobalClim,22.373566483832285,10,TEMP,PRIMARY_1_12
2022,DeptClim,23.076523582108976,10,TEMP,PRIMARY_1_12
2022,Persist,22.889170196133417,10,TEMP,PRIMARY_1_12
2022,Ridge,2.3583115397498036,10,TEMP,PRIMARY_1_12
2022,RF,2.46418853777109,10,TEMP,PRIMARY_1_12
2022,HGB,2.466910707770612,10,TEMP,PRIMARY_1_12
2023,GlobalClim,20.660845357057553,10,TEMP,PRIMARY_1_12
2023,DeptClim,21.403529404787463,10,TEMP,PRIMARY_1_12
2023,Persist,23.570552295532586,10,TEMP,PRIMARY_1_12
2023,Ridge,3.008364045122637,10,TEMP,PRIMARY_1_12
2023,RF,3.1890013117660017,10,TEMP,PRIMARY_1_12
2023,HGB,3.1567730017784674,10,TEMP,PRIMARY_1_12
2024,GlobalClim,20.82220487840639,10,TEMP,PRIMARY_1_12
2024,DeptClim,21.469431104262416,10,TEMP,PRIMARY_1_12
2024,Persist,23.87288552471578,10,TEMP,PRIMARY_1_12
2024,Ridge,2.670120089748845,10,TEMP,PRIMARY_1_12
2024,RF,2.6691781032068023,10,TEMP,PRIMARY_1_12
2024,HGB,2.7963705280678317,10,TEMP,PRIMARY_1_12
2001,GlobalClim,25.13496643528824,11,TEMP,PRIMARY_1_12
2001,DeptClim,18.253827702200695,11,TEMP,PRIMARY_1_12
2001,Persist,4.144096081192174,11,TEMP,PRIMARY_1_12
2001,Ridge,1.2604642816367075,11,TEMP,PRIMARY_1_12
2001,RF,0.7828932683178502,11,TEMP,PRIMARY_1_12
2001,HGB,0.8062690223457127,11,TEMP,PRIMARY_1_12
2002,GlobalClim,29.88293770860845,11,TEMP,PRIMARY_1_12
2002,DeptClim,25.453562058953107,11,TEMP,PRIMARY_1_12
2002,Persist,9.753740156601976,11,TEMP,PRIMARY_1_12
2002,Ridge,9.527187773893461,11,TEMP,PRIMARY_1_12
2002,RF,9.054525171840767,11,TEMP,PRIMARY_1_12
2002,HGB,9.27139121559079,11,TEMP,PRIMARY_1_12
2003,GlobalClim,31.87065944514566,11,TEMP,PRIMARY_1_12
2003,DeptClim,26.89238239155523,11,TEMP,PRIMARY_1_12
2003,Persist,12.445900506174159,11,TEMP,PRIMARY_1_12
2003,Ridge,10.054825576004385,11,TEMP,PRIMARY_1_12
2003,RF,9.998944826463307,11,TEMP,PRIMARY_1_12
2003,HGB,10.452123459508636,11,TEMP,PRIMARY_1_12
2004,GlobalClim,27.35094436893997,11,TEMP,PRIMARY_1_12
2004,DeptClim,22.840547919758617,11,TEMP,PRIMARY_1_12
2004,Persist,12.146614427227188,11,TEMP,PRIMARY_1_12
2004,Ridge,6.008579284328912,11,TEMP,PRIMARY_1_12
2004,RF,5.871310538745054,11,TEMP,PRIMARY_1_12
2004,HGB,6.012118110095402,11,TEMP,PRIMARY_1_12
2005,GlobalClim,21.052836182910738,11,TEMP,PRIMARY_1_12
2005,DeptClim,21.77524445108546,11,TEMP,PRIMARY_1_12
2005,Persist,19.310610933667913,11,TEMP,PRIMARY_1_12
2005,Ridge,8.490886149317136,11,TEMP,PRIMARY_1_12
2005,RF,8.203479192490805,11,TEMP,PRIMARY_1_12
2005,HGB,8.233720520346335,11,TEMP,PRIMARY_1_12
2006,GlobalClim,18.98910183087329,11,TEMP,PRIMARY_1_12
2006,DeptClim,19.73565140634369,11,TEMP,PRIMARY_1_12
2006,Persist,20.30997647579971,11,TEMP,PRIMARY_1_12
2006,Ridge,3.472453287665958,11,TEMP,PRIMARY_1_12
2006,RF,3.314504814992454,11,TEMP,PRIMARY_1_12
2006,HGB,3.540988839011039,11,TEMP,PRIMARY_1_12
2007,GlobalClim,19.236026807463755,11,TEMP,PRIMARY_1_12
2007,DeptClim,19.367156699159125,11,TEMP,PRIMARY_1_12
2007,Persist,19.677225755330003,11,TEMP,PRIMARY_1_12
2007,Ridge,3.4813208700646276,11,TEMP,PRIMARY_1_12
2007,RF,3.412776235480097,11,TEMP,PRIMARY_1_12
2007,HGB,4.025001819867711,11,TEMP,PRIMARY_1_12
2008,GlobalClim,20.565656968498143,11,TEMP,PRIMARY_1_12
2008,DeptClim,21.58727956483909,11,TEMP,PRIMARY_1_12
2008,Persist,21.79909803035321,11,TEMP,PRIMARY_1_12
2008,Ridge,2.631860557752666,11,TEMP,PRIMARY_1_12
2008,RF,2.285092974187426,11,TEMP,PRIMARY_1_12
2008,HGB,2.54460715840667,11,TEMP,PRIMARY_1_12
2009,GlobalClim,20.039992613367748,11,TEMP,PRIMARY_1_12
2009,DeptClim,20.89331129309069,11,TEMP,PRIMARY_1_12
2009,Persist,21.360516439590118,11,TEMP,PRIMARY_1_12
2009,Ridge,2.604266300969341,11,TEMP,PRIMARY_1_12
2009,RF,2.703019641303347,11,TEMP,PRIMARY_1_12
2009,HGB,2.5306233976842716,11,TEMP,PRIMARY_1_12
2010,GlobalClim,22.284500751617877,11,TEMP,PRIMARY_1_12
2010,DeptClim,23.021383044927084,11,TEMP,PRIMARY_1_12
2010,Persist,22.26665581681746,11,TEMP,PRIMARY_1_12
2010,Ridge,3.23556069520532,11,TEMP,PRIMARY_1_12
2010,RF,2.193211313636567,11,TEMP,PRIMARY_1_12
2010,HGB,2.7308195154120547,11,TEMP,PRIMARY_1_12
2011,GlobalClim,22.42186399878311,11,TEMP,PRIMARY_1_12
2011,DeptClim,23.203814063325794,11,TEMP,PRIMARY_1_12
2011,Persist,21.314651547749925,11,TEMP,PRIMARY_1_12
2011,Ridge,3.6260053069004123,11,TEMP,PRIMARY_1_12
2011,RF,3.0347684746581947,11,TEMP,PRIMARY_1_12
2011,HGB,3.202619493259338,11,TEMP,PRIMARY_1_12
2012,GlobalClim,22.020858031131546,11,TEMP,PRIMARY_1_12
2012,DeptClim,22.98159536195848,11,TEMP,PRIMARY_1_12
2012,Persist,21.177197394796984,11,TEMP,PRIMARY_1_12
2012,Ridge,3.009493115593498,11,TEMP,PRIMARY_1_12
2012,RF,2.493940821241149,11,TEMP,PRIMARY_1_12
2012,HGB,1.9991973048923661,11,TEMP,PRIMARY_1_12
2013,GlobalClim,23.656247640613522,11,TEMP,PRIMARY_1_12
2013,DeptClim,24.668410522621524,11,TEMP,PRIMARY_1_12
2013,Persist,22.29722145324802,11,TEMP,PRIMARY_1_12
2013,Ridge,5.384056756138658,11,TEMP,PRIMARY_1_12
2013,RF,5.0278688602749275,11,TEMP,PRIMARY_1_12
2013,HGB,5.7082223022055025,11,TEMP,PRIMARY_1_12
2014,GlobalClim,21.40791203593868,11,TEMP,PRIMARY_1_12
2014,DeptClim,22.26670986346523,11,TEMP,PRIMARY_1_12
2014,Persist,21.83078882954701,11,TEMP,PRIMARY_1_12
2014,Ridge,2.904997360965076,11,TEMP,PRIMARY_1_12
2014,RF,3.458853416808888,11,TEMP,PRIMARY_1_12
2014,HGB,2.9430124403128426,11,TEMP,PRIMARY_1_12
2015,GlobalClim,20.503048933190403,11,TEMP,PRIMARY_1_12
2015,DeptClim,21.164236870600206,11,TEMP,PRIMARY_1_12
2015,Persist,22.093913161392834,11,TEMP,PRIMARY_1_12
2015,Ridge,2.2279050122046264,11,TEMP,PRIMARY_1_12
2015,RF,2.607178136359373,11,TEMP,PRIMARY_1_12
2015,HGB,2.3223830187787953,11,TEMP,PRIMARY_1_12
2016,GlobalClim,21.047444908826222,11,TEMP,PRIMARY_1_12
2016,DeptClim,21.466952486993744,11,TEMP,PRIMARY_1_12
2016,Persist,21.334640911709823,11,TEMP,PRIMARY_1_12
2016,Ridge,2.25253280064942,11,TEMP,PRIMARY_1_12
2016,RF,2.199793881723713,11,TEMP,PRIMARY_1_12
2016,HGB,2.1142689812171254,11,TEMP,PRIMARY_1_12
2017,GlobalClim,20.58327380749234,11,TEMP,PRIMARY_1_12
2017,DeptClim,21.136761854219824,11,TEMP,PRIMARY_1_12
2017,Persist,21.65136717094372,11,TEMP,PRIMARY_1_12
2017,Ridge,2.423609201185637,11,TEMP,PRIMARY_1_12
2017,RF,2.749853803620148,11,TEMP,PRIMARY_1_12
2017,HGB,2.7052214282661025,11,TEMP,PRIMARY_1_12
2018,GlobalClim,20.73740006339415,11,TEMP,PRIMARY_1_12
2018,DeptClim,21.506626139399547,11,TEMP,PRIMARY_1_12
2018,Persist,21.649770953481287,11,TEMP,PRIMARY_1_12
2018,Ridge,2.172391869834576,11,TEMP,PRIMARY_1_12
2018,RF,2.092737820898551,11,TEMP,PRIMARY_1_12
2018,HGB,2.3123191382113846,11,TEMP,PRIMARY_1_12
2019,GlobalClim,20.65910326371864,11,TEMP,PRIMARY_1_12
2019,DeptClim,21.821537400445422,11,TEMP,PRIMARY_1_12
2019,Persist,21.707961789926685,11,TEMP,PRIMARY_1_12
2019,Ridge,4.004656021820008,11,TEMP,PRIMARY_1_12
2019,RF,4.054414744109918,11,TEMP,PRIMARY_1_12
2019,HGB,4.596709388823184,11,TEMP,PRIMARY_1_12
2020,GlobalClim,20.794247139829135,11,TEMP,PRIMARY_1_12
2020,DeptClim,21.62197594654096,11,TEMP,PRIMARY_1_12
2020,Persist,22.54464873397448,11,TEMP,PRIMARY_1_12
2020,Ridge,2.0943284294445417,11,TEMP,PRIMARY_1_12
2020,RF,2.10481644179599,11,TEMP,PRIMARY_1_12
2020,HGB,2.6138086569289585,11,TEMP,PRIMARY_1_12
2021,GlobalClim,20.856769350002356,11,TEMP,PRIMARY_1_12
2021,DeptClim,21.516737083715512,11,TEMP,PRIMARY_1_12
2021,Persist,22.308674341112685,11,TEMP,PRIMARY_1_12
2021,Ridge,3.1316169360754826,11,TEMP,PRIMARY_1_12
2021,RF,2.8526656251138776,11,TEMP,PRIMARY_1_12
2021,HGB,3.1393809846040837,11,TEMP,PRIMARY_1_12
2022,GlobalClim,22.58574864177494,11,TEMP,PRIMARY_1_12
2022,DeptClim,23.207679251710648,11,TEMP,PRIMARY_1_12
2022,Persist,23.06369724917899,11,TEMP,PRIMARY_1_12
2022,Ridge,2.842544301018277,11,TEMP,PRIMARY_1_12
2022,RF,2.959473504172074,11,TEMP,PRIMARY_1_12
2022,HGB,2.7664800460940366,11,TEMP,PRIMARY_1_12
2023,GlobalClim,20.570750118065014,11,TEMP,PRIMARY_1_12
2023,DeptClim,21.24511079480148,11,TEMP,PRIMARY_1_12
2023,Persist,22.680699835193447,11,TEMP,PRIMARY_1_12
2023,Ridge,3.1581387015491913,11,TEMP,PRIMARY_1_12
2023,RF,2.9593100412282656,11,TEMP,PRIMARY_1_12
2023,HGB,2.911061556593757,11,TEMP,PRIMARY_1_12
2024,GlobalClim,20.68357835204357,11,TEMP,PRIMARY_1_12
2024,DeptClim,21.427901447970598,11,TEMP,PRIMARY_1_12
2024,Persist,23.278762863178525,11,TEMP,PRIMARY_1_12
2024,Ridge,2.681711686695065,11,TEMP,PRIMARY_1_12
2024,RF,2.798630413706199,11,TEMP,PRIMARY_1_12
2024,HGB,2.632586682515341,11,TEMP,PRIMARY_1_12
2001,GlobalClim,23.32090331019271,12,TEMP,PRIMARY_1_12
2001,DeptClim,16.198755972467378,12,TEMP,PRIMARY_1_12
2001,Persist,5.511325254278199,12,TEMP,PRIMARY_1_12
2001,Ridge,1.9541809926626945,12,TEMP,PRIMARY_1_12
2001,RF,2.7569438750152115,12,TEMP,PRIMARY_1_12
2001,HGB,1.279460605023505,12,TEMP,PRIMARY_1_12
2002,GlobalClim,29.153790408330153,12,TEMP,PRIMARY_1_12
2002,DeptClim,25.004830368606157,12,TEMP,PRIMARY_1_12
2002,Persist,9.389304315254329,12,TEMP,PRIMARY_1_12
2002,Ridge,8.824756252744784,12,TEMP,PRIMARY_1_12
2002,RF,8.288141148086224,12,TEMP,PRIMARY_1_12
2002,HGB,8.516509447318333,12,TEMP,PRIMARY_1_12
2003,GlobalClim,31.300813558727317,12,TEMP,PRIMARY_1_12
2003,DeptClim,26.535799640125546,12,TEMP,PRIMARY_1_12
2003,Persist,11.41530994572016,12,TEMP,PRIMARY_1_12
2003,Ridge,9.564448495440486,12,TEMP,PRIMARY_1_12
2003,RF,9.036015077009115,12,TEMP,PRIMARY_1_12
2003,HGB,9.562011703254047,12,TEMP,PRIMARY_1_12
2004,GlobalClim,26.757728388020233,12,TEMP,PRIMARY_1_12
2004,DeptClim,22.548257436750344,12,TEMP,PRIMARY_1_12
2004,Persist,13.78939008720592,12,TEMP,PRIMARY_1_12
2004,Ridge,5.584045733981654,12,TEMP,PRIMARY_1_12
2004,RF,6.66505433621474,12,TEMP,PRIMARY_1_12
2004,HGB,5.927815435286925,12,TEMP,PRIMARY_1_12
2005,GlobalClim,19.34921330622385,12,TEMP,PRIMARY_1_12
2005,DeptClim,20.140493926000726,12,TEMP,PRIMARY_1_12
2005,Persist,20.662845959213683,12,TEMP,PRIMARY_1_12
2005,Ridge,6.141230157911839,12,TEMP,PRIMARY_1_12
2005,RF,6.308258714511604,12,TEMP,PRIMARY_1_12
2005,HGB,6.2273049215123395,12,TEMP,PRIMARY_1_12
2006,GlobalClim,18.500552717672562,12,TEMP,PRIMARY_1_12
2006,DeptClim,19.540931834296195,12,TEMP,PRIMARY_1_12
2006,Persist,20.32144700708328,12,TEMP,PRIMARY_1_12
2006,Ridge,3.9492482855003046,12,TEMP,PRIMARY_1_12
2006,RF,3.6547675354054423,12,TEMP,PRIMARY_1_12
2006,HGB,3.9103987713148203,12,TEMP,PRIMARY_1_12
2007,GlobalClim,19.95040695857707,12,TEMP,PRIMARY_1_12
2007,DeptClim,20.68663783543746,12,TEMP,PRIMARY_1_12
2007,Persist,21.22433016418713,12,TEMP,PRIMARY_1_12
2007,Ridge,3.365734283425086,12,TEMP,PRIMARY_1_12
2007,RF,3.0347624799753268,12,TEMP,PRIMARY_1_12
2007,HGB,3.4164857723908177,12,TEMP,PRIMARY_1_12
2008,GlobalClim,19.522221711483187,12,TEMP,PRIMARY_1_12
2008,DeptClim,20.289145237848917,12,TEMP,PRIMARY_1_12
2008,Persist,20.534518579402196,12,TEMP,PRIMARY_1_12
2008,Ridge,3.153460424647405,12,TEMP,PRIMARY_1_12
2008,RF,3.0105997104798323,12,TEMP,PRIMARY_1_12
2008,HGB,2.8942394594746057,12,TEMP,PRIMARY_1_12
2009,GlobalClim,21.955242639930002,12,TEMP,PRIMARY_1_12
2009,DeptClim,22.681713116394018,12,TEMP,PRIMARY_1_12
2009,Persist,23.352235091717265,12,TEMP,PRIMARY_1_12
2009,Ridge,3.554928526035203,12,TEMP,PRIMARY_1_12
2009,RF,4.17356923886536,12,TEMP,PRIMARY_1_12
2009,HGB,3.9374179513960255,12,TEMP,PRIMARY_1_12
2010,GlobalClim,21.210392083874645,12,TEMP,PRIMARY_1_12
2010,DeptClim,21.80065028203205,12,TEMP,PRIMARY_1_12
2010,Persist,20.520043800410352,12,TEMP,PRIMARY_1_12
2010,Ridge,2.2904245560159526,12,TEMP,PRIMARY_1_12
2010,RF,2.6448174161612528,12,TEMP,PRIMARY_1_12
2010,HGB,2.713747506062856,12,TEMP,PRIMARY_1_12
2011,GlobalClim,23.946173418509755,12,TEMP,PRIMARY_1_12
2011,DeptClim,24.811937632061305,12,TEMP,PRIMARY_1_12
2011,Persist,23.484011535843905,12,TEMP,PRIMARY_1_12
2011,Ridge,6.148371950076186,12,TEMP,PRIMARY_1_12
2011,RF,6.135634944625716,12,TEMP,PRIMARY_1_12
2011,HGB,6.072121633272152,12,TEMP,PRIMARY_1_12
2012,GlobalClim,21.707954531270563,12,TEMP,PRIMARY_1_12
2012,DeptClim,22.308992241242247,12,TEMP,PRIMARY_1_12
2012,Persist,21.43973042483118,12,TEMP,PRIMARY_1_12
2012,Ridge,2.9919175511760705,12,TEMP,PRIMARY_1_12
2012,RF,2.795823782992328,12,TEMP,PRIMARY_1_12
2012,HGB,2.6133114475240418,12,TEMP,PRIMARY_1_12
2013,GlobalClim,22.95675320272336,12,TEMP,PRIMARY_1_12
2013,DeptClim,23.85867719844122,12,TEMP,PRIMARY_1_12
2013,Persist,21.512912438733885,12,TEMP,PRIMARY_1_12
2013,Ridge,5.096259654693727,12,TEMP,PRIMARY_1_12
2013,RF,4.839489078345654,12,TEMP,PRIMARY_1_12
2013,HGB,5.1703101972293375,12,TEMP,PRIMARY_1_12
2014,GlobalClim,21.098495305823597,12,TEMP,PRIMARY_1_12
2014,DeptClim,21.91373955064525,12,TEMP,PRIMARY_1_12
2014,Persist,21.94578402418265,12,TEMP,PRIMARY_1_12
2014,Ridge,2.999558586214238,12,TEMP,PRIMARY_1_12
2014,RF,3.0050763390161865,12,TEMP,PRIMARY_1_12
2014,HGB,3.1721439455439646,12,TEMP,PRIMARY_1_12
2015,GlobalClim,19.63245454962416,12,TEMP,PRIMARY_1_12
2015,DeptClim,20.061208342129596,12,TEMP,PRIMARY_1_12
2015,Persist,20.79513914121527,12,TEMP,PRIMARY_1_12
2015,Ridge,2.730427426362682,12,TEMP,PRIMARY_1_12
2015,RF,2.7566053697879465,12,TEMP,PRIMARY_1_12
2015,HGB,2.659974689053571,12,TEMP,PRIMARY_1_12
2016,GlobalClim,20.889553227832415,12,TEMP,PRIMARY_1_12
2016,DeptClim,20.98878765388653,12,TEMP,PRIMARY_1_12
2016,Persist,21.641933089382313,12,TEMP,PRIMARY_1_12
2016,Ridge,1.790478006057651,12,TEMP,PRIMARY_1_12
2016,RF,1.394305601851851,12,TEMP,PRIMARY_1_12
2016,HGB,1.7537524952294778,12,TEMP,PRIMARY_1_12
2017,GlobalClim,20.56929779764142,12,TEMP,PRIMARY_1_12
2017,DeptClim,21.46546364402297,12,TEMP,PRIMARY_1_12
2017,Persist,22.35339661253081,12,TEMP,PRIMARY_1_12
2017,Ridge,2.321463697969857,12,TEMP,PRIMARY_1_12
2017,RF,2.4939943279840877,12,TEMP,PRIMARY_1_12
2017,HGB,2.536136340727636,12,TEMP,PRIMARY_1_12
2018,GlobalClim,20.80884540836532,12,TEMP,PRIMARY_1_12
2018,DeptClim,21.70302251485706,12,TEMP,PRIMARY_1_12
2018,Persist,22.1923922647992,12,TEMP,PRIMARY_1_12
2018,Ridge,2.2935101057325595,12,TEMP,PRIMARY_1_12
2018,RF,2.4395178164920455,12,TEMP,PRIMARY_1_12
2018,HGB,2.6795925707505197,12,TEMP,PRIMARY_1_12
2019,GlobalClim,20.538924377359095,12,TEMP,PRIMARY_1_12
2019,DeptClim,21.93594414041092,12,TEMP,PRIMARY_1_12
2019,Persist,22.13874443325407,12,TEMP,PRIMARY_1_12
2019,Ridge,4.142510295866987,12,TEMP,PRIMARY_1_12
2019,RF,4.360998747583053,12,TEMP,PRIMARY_1_12
2019,HGB,4.681031764105909,12,TEMP,PRIMARY_1_12
2020,GlobalClim,20.641810921480634,12,TEMP,PRIMARY_1_12
2020,DeptClim,21.54160005302259,12,TEMP,PRIMARY_1_12
2020,Persist,22.139467717095638,12,TEMP,PRIMARY_1_12
2020,Ridge,2.0880924844001507,12,TEMP,PRIMARY_1_12
2020,RF,2.1187185573604563,12,TEMP,PRIMARY_1_12
2020,HGB,2.7439756309917245,12,TEMP,PRIMARY_1_12
2021,GlobalClim,21.208630943125776,12,TEMP,PRIMARY_1_12
2021,DeptClim,21.938658972984456,12,TEMP,PRIMARY_1_12
2021,Persist,22.405456129851725,12,TEMP,PRIMARY_1_12
2021,Ridge,2.2249813999001877,12,TEMP,PRIMARY_1_12
2021,RF,2.18212496086714,12,TEMP,PRIMARY_1_12
2021,HGB,1.9600277070584187,12,TEMP,PRIMARY_1_12
2022,GlobalClim,22.18479402378605,12,TEMP,PRIMARY_1_12
2022,DeptClim,22.73647396642892,12,TEMP,PRIMARY_1_12
2022,Persist,22.133276042329992,12,TEMP,PRIMARY_1_12
2022,Ridge,2.3410989117265593,12,TEMP,PRIMARY_1_12
2022,RF,2.3164754452416707,12,TEMP,PRIMARY_1_12
2022,HGB,2.2938566731176406,12,TEMP,PRIMARY_1_12
2023,GlobalClim,19.922311499412597,12,TEMP,PRIMARY_1_12
2023,DeptClim,20.86876688129475,12,TEMP,PRIMARY_1_12
2023,Persist,22.532849044938814,12,TEMP,PRIMARY_1_12
2023,Ridge,2.8031117514854453,12,TEMP,PRIMARY_1_12
2023,RF,2.638937396680862,12,TEMP,PRIMARY_1_12
2023,HGB,2.9503382543921703,12,TEMP,PRIMARY_1_12
2024,GlobalClim,20.393411339979252,12,TEMP,PRIMARY_1_12
2024,DeptClim,20.93103787562066,12,TEMP,PRIMARY_1_12
2024,Persist,22.41555152208183,12,TEMP,PRIMARY_1_12
2024,Ridge,2.5262692173133274,12,TEMP,PRIMARY_1_12
2024,RF,2.5508559067634624,12,TEMP,PRIMARY_1_12
2024,HGB,2.2722006158252426,12,TEMP,PRIMARY_1_12
2001,GlobalClim,24.836178503676546,2,TEMP,SECONDARY_13_24
2001,DeptClim,18.366528955813358,2,TEMP,SECONDARY_13_24
2001,Persist,3.453280117603981,2,TEMP,SECONDARY_13_24
2001,Ridge,5.028465513364372,2,TEMP,SECONDARY_13_24
2001,RF,2.95721239268817,2,TEMP,SECONDARY_13_24
2001,HGB,1.4348751282438101,2,TEMP,SECONDARY_13_24
2002,GlobalClim,27.516132769768685,2,TEMP,SECONDARY_13_24
2002,DeptClim,20.99097183912399,2,TEMP,SECONDARY_13_24
2002,Persist,11.826097299041562,2,TEMP,SECONDARY_13_24
2002,Ridge,8.205954038506755,2,TEMP,SECONDARY_13_24
2002,RF,5.386948183388174,2,TEMP,SECONDARY_13_24
2002,HGB,4.590725584192664,2,TEMP,SECONDARY_13_24
2003,GlobalClim,30.113490238508053,2,TEMP,SECONDARY_13_24
2003,DeptClim,26.168888136182606,2,TEMP,SECONDARY_13_24
2003,Persist,9.400120719787097,2,TEMP,SECONDARY_13_24
2003,Ridge,2.233080540454844,2,TEMP,SECONDARY_13_24
2003,RF,0.9445949336541343,2,TEMP,SECONDARY_13_24
2003,HGB,2.7870685348167195,2,TEMP,SECONDARY_13_24
2004,GlobalClim,29.91786554227016,2,TEMP,SECONDARY_13_24
2004,DeptClim,24.970437757079992,2,TEMP,SECONDARY_13_24
2004,Persist,11.701666733576689,2,TEMP,SECONDARY_13_24
2004,Ridge,7.667889172105834,2,TEMP,SECONDARY_13_24
2004,RF,5.648733332113202,2,TEMP,SECONDARY_13_24
2004,HGB,6.071110491367974,2,TEMP,SECONDARY_13_24
2005,GlobalClim,25.725946309372112,2,TEMP,SECONDARY_13_24
2005,DeptClim,25.207285530099437,2,TEMP,SECONDARY_13_24
2005,Persist,19.099001263973275,2,TEMP,SECONDARY_13_24
2005,Ridge,7.107106716368598,2,TEMP,SECONDARY_13_24
2005,RF,7.664066099112552,2,TEMP,SECONDARY_13_24
2005,HGB,7.907579638118535,2,TEMP,SECONDARY_13_24
2006,GlobalClim,19.013345394794154,2,TEMP,SECONDARY_13_24
2006,DeptClim,20.004197210927288,2,TEMP,SECONDARY_13_24
2006,Persist,19.956524446091827,2,TEMP,SECONDARY_13_24
2006,Ridge,3.2302534604242923,2,TEMP,SECONDARY_13_24
2006,RF,4.563962355716244,2,TEMP,SECONDARY_13_24
2006,HGB,4.655163646035462,2,TEMP,SECONDARY_13_24
2007,GlobalClim,18.933242278144508,2,TEMP,SECONDARY_13_24
2007,DeptClim,19.918797540590433,2,TEMP,SECONDARY_13_24
2007,Persist,20.63790664357851,2,TEMP,SECONDARY_13_24
2007,Ridge,3.462208469656882,2,TEMP,SECONDARY_13_24
2007,RF,3.5716741222303154,2,TEMP,SECONDARY_13_24
2007,HGB,3.7674971605130176,2,TEMP,SECONDARY_13_24
2008,GlobalClim,20.11705142940062,2,TEMP,SECONDARY_13_24
2008,DeptClim,20.09748253782639,2,TEMP,SECONDARY_13_24
2008,Persist,19.989792328099337,2,TEMP,SECONDARY_13_24
2008,Ridge,2.5720617130471926,2,TEMP,SECONDARY_13_24
2008,RF,2.497570016681729,2,TEMP,SECONDARY_13_24
2008,HGB,2.8391970293268516,2,TEMP,SECONDARY_13_24
2009,GlobalClim,20.423643318980016,2,TEMP,SECONDARY_13_24
2009,DeptClim,21.151662410047912,2,TEMP,SECONDARY_13_24
2009,Persist,21.031772612089103,2,TEMP,SECONDARY_13_24
2009,Ridge,2.3615348664320774,2,TEMP,SECONDARY_13_24
2009,RF,2.442478014991069,2,TEMP,SECONDARY_13_24
2009,HGB,2.416899631231386,2,TEMP,SECONDARY_13_24
2010,GlobalClim,21.193754127830633,2,TEMP,SECONDARY_13_24
2010,DeptClim,22.33573483596036,2,TEMP,SECONDARY_13_24
2010,Persist,21.77676416439257,2,TEMP,SECONDARY_13_24
2010,Ridge,2.8300056015832062,2,TEMP,SECONDARY_13_24
2010,RF,3.2365580536411436,2,TEMP,SECONDARY_13_24
2010,HGB,3.1611320527662454,2,TEMP,SECONDARY_13_24
2011,GlobalClim,22.396234822061274,2,TEMP,SECONDARY_13_24
2011,DeptClim,23.025588394689517,2,TEMP,SECONDARY_13_24
2011,Persist,21.28046272070568,2,TEMP,SECONDARY_13_24
2011,Ridge,2.342192002562542,2,TEMP,SECONDARY_13_24
2011,RF,2.8278455040518713,2,TEMP,SECONDARY_13_24
2011,HGB,3.0840685887755734,2,TEMP,SECONDARY_13_24
2012,GlobalClim,24.828491668505695,2,TEMP,SECONDARY_13_24
2012,DeptClim,25.418738706355324,2,TEMP,SECONDARY_13_24
2012,Persist,22.15080094789737,2,TEMP,SECONDARY_13_24
2012,Ridge,4.018941720735164,2,TEMP,SECONDARY_13_24
2012,RF,4.953760591325003,2,TEMP,SECONDARY_13_24
2012,HGB,4.972953597544332,2,TEMP,SECONDARY_13_24
2013,GlobalClim,22.65961321691972,2,TEMP,SECONDARY_13_24
2013,DeptClim,23.480444085970632,2,TEMP,SECONDARY_13_24
2013,Persist,22.50429465606241,2,TEMP,SECONDARY_13_24
2013,Ridge,2.7200896343605043,2,TEMP,SECONDARY_13_24
2013,RF,2.510120760811463,2,TEMP,SECONDARY_13_24
2013,HGB,2.6894344504294496,2,TEMP,SECONDARY_13_24
2014,GlobalClim,23.01782973654543,2,TEMP,SECONDARY_13_24
2014,DeptClim,24.08536549549369,2,TEMP,SECONDARY_13_24
2014,Persist,21.803812699243544,2,TEMP,SECONDARY_13_24
2014,Ridge,2.4947989984274965,2,TEMP,SECONDARY_13_24
2014,RF,3.8971450715914355,2,TEMP,SECONDARY_13_24
2014,HGB,3.5707481734097963,2,TEMP,SECONDARY_13_24
2015,GlobalClim,22.160924423821513,2,TEMP,SECONDARY_13_24
2015,DeptClim,23.32888871899737,2,TEMP,SECONDARY_13_24
2015,Persist,22.357058927191442,2,TEMP,SECONDARY_13_24
2015,Ridge,2.018331114189684,2,TEMP,SECONDARY_13_24
2015,RF,2.411619375970766,2,TEMP,SECONDARY_13_24
2015,HGB,2.481960340196385,2,TEMP,SECONDARY_13_24
2016,GlobalClim,20.571638469635182,2,TEMP,SECONDARY_13_24
2016,DeptClim,20.95867773638728,2,TEMP,SECONDARY_13_24
2016,Persist,22.022545279395825,2,TEMP,SECONDARY_13_24
2016,Ridge,1.5559384131701826,2,TEMP,SECONDARY_13_24
2016,RF,1.7386809385167896,2,TEMP,SECONDARY_13_24
2016,HGB,2.021538926351566,2,TEMP,SECONDARY_13_24
2017,GlobalClim,21.510238015502082,2,TEMP,SECONDARY_13_24
2017,DeptClim,21.953963236364228,2,TEMP,SECONDARY_13_24
2017,Persist,21.429805501750877,2,TEMP,SECONDARY_13_24
2017,Ridge,1.4310978106310885,2,TEMP,SECONDARY_13_24
2017,RF,1.3955929206778912,2,TEMP,SECONDARY_13_24
2017,HGB,1.7710070364212769,2,TEMP,SECONDARY_13_24
2018,GlobalClim,21.750877372961316,2,TEMP,SECONDARY_13_24
2018,DeptClim,22.494718851488308,2,TEMP,SECONDARY_13_24
2018,Persist,22.328212970696036,2,TEMP,SECONDARY_13_24
2018,Ridge,2.0725029787937594,2,TEMP,SECONDARY_13_24
2018,RF,2.4322303520918114,2,TEMP,SECONDARY_13_24
2018,HGB,2.9746682863234533,2,TEMP,SECONDARY_13_24
2019,GlobalClim,21.24863797685772,2,TEMP,SECONDARY_13_24
2019,DeptClim,21.946506898123857,2,TEMP,SECONDARY_13_24
2019,Persist,21.979129404032946,2,TEMP,SECONDARY_13_24
2019,Ridge,1.4127160692371445,2,TEMP,SECONDARY_13_24
2019,RF,2.248355566468052,2,TEMP,SECONDARY_13_24
2019,HGB,2.459964679834617,2,TEMP,SECONDARY_13_24
2020,GlobalClim,20.509298395626324,2,TEMP,SECONDARY_13_24
2020,DeptClim,21.618811605029126,2,TEMP,SECONDARY_13_24
2020,Persist,21.81889351583719,2,TEMP,SECONDARY_13_24
2020,Ridge,1.629657251758866,2,TEMP,SECONDARY_13_24
2020,RF,3.445293849514184,2,TEMP,SECONDARY_13_24
2020,HGB,3.552873513416774,2,TEMP,SECONDARY_13_24
2021,GlobalClim,21.38628294283085,2,TEMP,SECONDARY_13_24
2021,DeptClim,22.414120500567957,2,TEMP,SECONDARY_13_24
2021,Persist,22.459587806680176,2,TEMP,SECONDARY_13_24
2021,Ridge,2.297658682039316,2,TEMP,SECONDARY_13_24
2021,RF,3.272541366563405,2,TEMP,SECONDARY_13_24
2021,HGB,3.028344067293304,2,TEMP,SECONDARY_13_24
2022,GlobalClim,21.874125712322684,2,TEMP,SECONDARY_13_24
2022,DeptClim,22.46139534920416,2,TEMP,SECONDARY_13_24
2022,Persist,21.95313216142473,2,TEMP,SECONDARY_13_24
2022,Ridge,4.22442716001924,2,TEMP,SECONDARY_13_24
2022,RF,3.307477932926402,2,TEMP,SECONDARY_13_24
2022,HGB,3.362595992396303,2,TEMP,SECONDARY_13_24
2023,GlobalClim,22.130648366925197,2,TEMP,SECONDARY_13_24
2023,DeptClim,22.62675014089169,2,TEMP,SECONDARY_13_24
2023,Persist,22.576562777656306,2,TEMP,SECONDARY_13_24
2023,Ridge,2.529394830935132,2,TEMP,SECONDARY_13_24
2023,RF,2.1788351801873214,2,TEMP,SECONDARY_13_24
2023,HGB,2.4998646806531184,2,TEMP,SECONDARY_13_24
2024,GlobalClim,20.922529365740324,2,TEMP,SECONDARY_13_24
2024,DeptClim,21.53047140475813,2,TEMP,SECONDARY_13_24
2024,Persist,23.662263357528275,2,TEMP,SECONDARY_13_24
2024,Ridge,2.393420253896226,2,TEMP,SECONDARY_13_24
2024,RF,2.867640914415212,2,TEMP,SECONDARY_13_24
2024,HGB,2.868111205706718,2,TEMP,SECONDARY_13_24
2025,GlobalClim,21.102429049271386,2,TEMP,SECONDARY_13_24
2025,DeptClim,21.384086617996093,2,TEMP,SECONDARY_13_24
2025,Persist,22.635894198222346,2,TEMP,SECONDARY_13_24
2025,Ridge,2.7382359320174063,2,TEMP,SECONDARY_13_24
2025,RF,2.775003292018838,2,TEMP,SECONDARY_13_24
2025,HGB,2.4395322479714983,2,TEMP,SECONDARY_13_24
2001,GlobalClim,24.67387271053345,3,TEMP,SECONDARY_13_24
2001,DeptClim,18.11732145756966,3,TEMP,SECONDARY_13_24
2001,Persist,3.360495747901723,3,TEMP,SECONDARY_13_24
2001,Ridge,3.7379342092414456,3,TEMP,SECONDARY_13_24
2001,RF,3.0708271302049415,3,TEMP,SECONDARY_13_24
2001,HGB,2.468311612773041,3,TEMP,SECONDARY_13_24
2002,GlobalClim,20.680965104293165,3,TEMP,SECONDARY_13_24
2002,DeptClim,14.600799087184178,3,TEMP,SECONDARY_13_24
2002,Persist,4.106385584290681,3,TEMP,SECONDARY_13_24
2002,Ridge,10.246694480132522,3,TEMP,SECONDARY_13_24
2002,RF,13.143119882845374,3,TEMP,SECONDARY_13_24
2002,HGB,8.959244584898268,3,TEMP,SECONDARY_13_24
2003,GlobalClim,30.55778853558725,3,TEMP,SECONDARY_13_24
2003,DeptClim,26.580911730269335,3,TEMP,SECONDARY_13_24
2003,Persist,10.161225907909861,3,TEMP,SECONDARY_13_24
2003,Ridge,9.784504462635667,3,TEMP,SECONDARY_13_24
2003,RF,8.410282089857642,3,TEMP,SECONDARY_13_24
2003,HGB,6.954515256138172,3,TEMP,SECONDARY_13_24
2004,GlobalClim,31.308114502731357,3,TEMP,SECONDARY_13_24
2004,DeptClim,26.671092141914432,3,TEMP,SECONDARY_13_24
2004,Persist,13.274008804169485,3,TEMP,SECONDARY_13_24
2004,Ridge,5.50423656464208,3,TEMP,SECONDARY_13_24
2004,RF,4.31442408276227,3,TEMP,SECONDARY_13_24
2004,HGB,7.060793605074932,3,TEMP,SECONDARY_13_24
2005,GlobalClim,26.00319147745989,3,TEMP,SECONDARY_13_24
2005,DeptClim,25.29166256090165,3,TEMP,SECONDARY_13_24
2005,Persist,18.64852730661639,3,TEMP,SECONDARY_13_24
2005,Ridge,8.17807010262733,3,TEMP,SECONDARY_13_24
2005,RF,8.257838553068368,3,TEMP,SECONDARY_13_24
2005,HGB,8.272024812736156,3,TEMP,SECONDARY_13_24
2006,GlobalClim,19.46878709640829,3,TEMP,SECONDARY_13_24
2006,DeptClim,20.245995150047474,3,TEMP,SECONDARY_13_24
2006,Persist,20.752974518547088,3,TEMP,SECONDARY_13_24
2006,Ridge,3.3474656527181637,3,TEMP,SECONDARY_13_24
2006,RF,3.4230702135353863,3,TEMP,SECONDARY_13_24
2006,HGB,3.6955872905234575,3,TEMP,SECONDARY_13_24
2007,GlobalClim,19.41895229942981,3,TEMP,SECONDARY_13_24
2007,DeptClim,20.26560564084272,3,TEMP,SECONDARY_13_24
2007,Persist,21.273017201738096,3,TEMP,SECONDARY_13_24
2007,Ridge,3.2505807129292346,3,TEMP,SECONDARY_13_24
2007,RF,3.328233981697986,3,TEMP,SECONDARY_13_24
2007,HGB,3.5561882521565575,3,TEMP,SECONDARY_13_24
2008,GlobalClim,20.141224501486917,3,TEMP,SECONDARY_13_24
2008,DeptClim,20.37173935230233,3,TEMP,SECONDARY_13_24
2008,Persist,20.553716353868406,3,TEMP,SECONDARY_13_24
2008,Ridge,2.9752008273815593,3,TEMP,SECONDARY_13_24
2008,RF,3.020265955451937,3,TEMP,SECONDARY_13_24
2008,HGB,3.2793883232885186,3,TEMP,SECONDARY_13_24
2009,GlobalClim,20.948099815722486,3,TEMP,SECONDARY_13_24
2009,DeptClim,21.631249771228642,3,TEMP,SECONDARY_13_24
2009,Persist,21.917415296687082,3,TEMP,SECONDARY_13_24
2009,Ridge,2.237368307205062,3,TEMP,SECONDARY_13_24
2009,RF,2.315945039163621,3,TEMP,SECONDARY_13_24
2009,HGB,2.7269804571349296,3,TEMP,SECONDARY_13_24
2010,GlobalClim,20.090485558735647,3,TEMP,SECONDARY_13_24
2010,DeptClim,20.55386694712066,3,TEMP,SECONDARY_13_24
2010,Persist,20.973223362969836,3,TEMP,SECONDARY_13_24
2010,Ridge,3.7509051129245417,3,TEMP,SECONDARY_13_24
2010,RF,3.711015308783507,3,TEMP,SECONDARY_13_24
2010,HGB,3.7895452182431977,3,TEMP,SECONDARY_13_24
2011,GlobalClim,23.76093661181403,3,TEMP,SECONDARY_13_24
2011,DeptClim,24.6984941003338,3,TEMP,SECONDARY_13_24
2011,Persist,23.67948740771976,3,TEMP,SECONDARY_13_24
2011,Ridge,5.330308084473934,3,TEMP,SECONDARY_13_24
2011,RF,5.607057728999681,3,TEMP,SECONDARY_13_24
2011,HGB,5.614346527283881,3,TEMP,SECONDARY_13_24
2012,GlobalClim,24.239746876682997,3,TEMP,SECONDARY_13_24
2012,DeptClim,24.759651498933987,3,TEMP,SECONDARY_13_24
2012,Persist,21.19161127064937,3,TEMP,SECONDARY_13_24
2012,Ridge,5.427015478547203,3,TEMP,SECONDARY_13_24
2012,RF,5.599657312317096,3,TEMP,SECONDARY_13_24
2012,HGB,5.394886096214956,3,TEMP,SECONDARY_13_24
2013,GlobalClim,21.80842084603398,3,TEMP,SECONDARY_13_24
2013,DeptClim,22.65182541025309,3,TEMP,SECONDARY_13_24
2013,Persist,21.431984167380268,3,TEMP,SECONDARY_13_24
2013,Ridge,2.1480630127927514,3,TEMP,SECONDARY_13_24
2013,RF,1.918860268875472,3,TEMP,SECONDARY_13_24
2013,HGB,2.5218125967808596,3,TEMP,SECONDARY_13_24
2014,GlobalClim,22.748230687873445,3,TEMP,SECONDARY_13_24
2014,DeptClim,23.393939142847945,3,TEMP,SECONDARY_13_24
2014,Persist,22.089553931021452,3,TEMP,SECONDARY_13_24
2014,Ridge,3.1928981314331994,3,TEMP,SECONDARY_13_24
2014,RF,3.605644121722354,3,TEMP,SECONDARY_13_24
2014,HGB,4.262501399792281,3,TEMP,SECONDARY_13_24
2015,GlobalClim,21.32923605483792,3,TEMP,SECONDARY_13_24
2015,DeptClim,22.10636708762984,3,TEMP,SECONDARY_13_24
2015,Persist,21.905994115905514,3,TEMP,SECONDARY_13_24
2015,Ridge,2.5109529613237287,3,TEMP,SECONDARY_13_24
2015,RF,2.519358284638904,3,TEMP,SECONDARY_13_24
2015,HGB,2.5653010018105817,3,TEMP,SECONDARY_13_24
2016,GlobalClim,21.039964104430627,3,TEMP,SECONDARY_13_24
2016,DeptClim,21.373573185990182,3,TEMP,SECONDARY_13_24
2016,Persist,22.167295174255518,3,TEMP,SECONDARY_13_24
2016,Ridge,3.631490251896239,3,TEMP,SECONDARY_13_24
2016,RF,3.8020633327806554,3,TEMP,SECONDARY_13_24
2016,HGB,3.5451047673599856,3,TEMP,SECONDARY_13_24
2017,GlobalClim,21.40695100457799,3,TEMP,SECONDARY_13_24
2017,DeptClim,22.372363838309756,3,TEMP,SECONDARY_13_24
2017,Persist,22.660570656731107,3,TEMP,SECONDARY_13_24
2017,Ridge,2.860816842910825,3,TEMP,SECONDARY_13_24
2017,RF,3.089943671719754,3,TEMP,SECONDARY_13_24
2017,HGB,3.447263838864849,3,TEMP,SECONDARY_13_24
2018,GlobalClim,21.566241199868763,3,TEMP,SECONDARY_13_24
2018,DeptClim,22.319860393324813,3,TEMP,SECONDARY_13_24
2018,Persist,21.982416789343684,3,TEMP,SECONDARY_13_24
2018,Ridge,2.7417406604799566,3,TEMP,SECONDARY_13_24
2018,RF,3.225071727480964,3,TEMP,SECONDARY_13_24
2018,HGB,2.9409673759691737,3,TEMP,SECONDARY_13_24
2019,GlobalClim,21.107785529474217,3,TEMP,SECONDARY_13_24
2019,DeptClim,22.180801981668637,3,TEMP,SECONDARY_13_24
2019,Persist,22.75330660525656,3,TEMP,SECONDARY_13_24
2019,Ridge,2.973029806601569,3,TEMP,SECONDARY_13_24
2019,RF,3.7627103937277644,3,TEMP,SECONDARY_13_24
2019,HGB,4.172279889329281,3,TEMP,SECONDARY_13_24
2020,GlobalClim,20.253085289291967,3,TEMP,SECONDARY_13_24
2020,DeptClim,21.23276874589577,3,TEMP,SECONDARY_13_24
2020,Persist,22.313290840194757,3,TEMP,SECONDARY_13_24
2020,Ridge,1.9280799972361848,3,TEMP,SECONDARY_13_24
2020,RF,3.2383713780045476,3,TEMP,SECONDARY_13_24
2020,HGB,3.570578498669284,3,TEMP,SECONDARY_13_24
2021,GlobalClim,22.19192488456505,3,TEMP,SECONDARY_13_24
2021,DeptClim,22.974381168859946,3,TEMP,SECONDARY_13_24
2021,Persist,23.931125348208944,3,TEMP,SECONDARY_13_24
2021,Ridge,2.445786453046924,3,TEMP,SECONDARY_13_24
2021,RF,2.4020437447112655,3,TEMP,SECONDARY_13_24
2021,HGB,2.681246204340074,3,TEMP,SECONDARY_13_24
2022,GlobalClim,22.671822180629025,3,TEMP,SECONDARY_13_24
2022,DeptClim,23.071990215147217,3,TEMP,SECONDARY_13_24
2022,Persist,23.65632261923113,3,TEMP,SECONDARY_13_24
2022,Ridge,4.018594043392368,3,TEMP,SECONDARY_13_24
2022,RF,3.96464419807527,3,TEMP,SECONDARY_13_24
2022,HGB,3.9222868297491464,3,TEMP,SECONDARY_13_24
2023,GlobalClim,22.20838457719592,3,TEMP,SECONDARY_13_24
2023,DeptClim,22.698185108500795,3,TEMP,SECONDARY_13_24
2023,Persist,23.073813288233403,3,TEMP,SECONDARY_13_24
2023,Ridge,2.988229002448664,3,TEMP,SECONDARY_13_24
2023,RF,2.9130443655842506,3,TEMP,SECONDARY_13_24
2023,HGB,2.8190524267482076,3,TEMP,SECONDARY_13_24
2024,GlobalClim,20.069857441572992,3,TEMP,SECONDARY_13_24
2024,DeptClim,20.971244562517658,3,TEMP,SECONDARY_13_24
2024,Persist,22.618221424606826,3,TEMP,SECONDARY_13_24
2024,Ridge,2.201751707702095,3,TEMP,SECONDARY_13_24
2024,RF,2.6205111748156438,3,TEMP,SECONDARY_13_24
2024,HGB,2.673543464969633,3,TEMP,SECONDARY_13_24
2025,GlobalClim,21.447069194636303,3,TEMP,SECONDARY_13_24
2025,DeptClim,21.89048849429249,3,TEMP,SECONDARY_13_24
2025,Persist,23.55092668144032,3,TEMP,SECONDARY_13_24
2025,Ridge,2.6933305072462,3,TEMP,SECONDARY_13_24
2025,RF,2.351201199063997,3,TEMP,SECONDARY_13_24
2025,HGB,2.350065568535359,3,TEMP,SECONDARY_13_24
2001,GlobalClim,23.688864113606698,4,TEMP,SECONDARY_13_24
2001,DeptClim,16.626998630498324,4,TEMP,SECONDARY_13_24
2001,Persist,2.532774284873767,4,TEMP,SECONDARY_13_24
2001,Ridge,3.3682153139984816,4,TEMP,SECONDARY_13_24
2001,RF,2.901587187485071,4,TEMP,SECONDARY_13_24
2001,HGB,2.74614636338639,4,TEMP,SECONDARY_13_24
2002,GlobalClim,20.22152584378871,4,TEMP,SECONDARY_13_24
2002,DeptClim,13.679842789457085,4,TEMP,SECONDARY_13_24
2002,Persist,9.289523844464455,4,TEMP,SECONDARY_13_24
2002,Ridge,2.466865167903597,4,TEMP,SECONDARY_13_24
2002,RF,4.900219914850171,4,TEMP,SECONDARY_13_24
2002,HGB,4.397420555153902,4,TEMP,SECONDARY_13_24
2003,GlobalClim,29.293354814165493,4,TEMP,SECONDARY_13_24
2003,DeptClim,25.181736455034653,4,TEMP,SECONDARY_13_24
2003,Persist,8.960674624929995,4,TEMP,SECONDARY_13_24
2003,Ridge,8.648294466939804,4,TEMP,SECONDARY_13_24
2003,RF,7.8406037503496595,4,TEMP,SECONDARY_13_24
2003,HGB,7.448380293943423,4,TEMP,SECONDARY_13_24
2004,GlobalClim,30.42062030774305,4,TEMP,SECONDARY_13_24
2004,DeptClim,25.601653564536754,4,TEMP,SECONDARY_13_24
2004,Persist,12.536227568606574,4,TEMP,SECONDARY_13_24
2004,Ridge,5.39991226271349,4,TEMP,SECONDARY_13_24
2004,RF,4.855117650583939,4,TEMP,SECONDARY_13_24
2004,HGB,5.08584406856182,4,TEMP,SECONDARY_13_24
2005,GlobalClim,25.135412601078553,4,TEMP,SECONDARY_13_24
2005,DeptClim,24.856724323613403,4,TEMP,SECONDARY_13_24
2005,Persist,17.57986299262354,4,TEMP,SECONDARY_13_24
2005,Ridge,7.854280633754717,4,TEMP,SECONDARY_13_24
2005,RF,8.352348259934455,4,TEMP,SECONDARY_13_24
2005,HGB,7.9505560527235986,4,TEMP,SECONDARY_13_24
2006,GlobalClim,19.938500628497856,4,TEMP,SECONDARY_13_24
2006,DeptClim,20.52346774708936,4,TEMP,SECONDARY_13_24
2006,Persist,21.056056247734023,4,TEMP,SECONDARY_13_24
2006,Ridge,3.3791885666086254,4,TEMP,SECONDARY_13_24
2006,RF,3.5300731344122513,4,TEMP,SECONDARY_13_24
2006,HGB,3.619780747329195,4,TEMP,SECONDARY_13_24
2007,GlobalClim,19.31469397485753,4,TEMP,SECONDARY_13_24
2007,DeptClim,20.102687748603586,4,TEMP,SECONDARY_13_24
2007,Persist,20.802323138361345,4,TEMP,SECONDARY_13_24
2007,Ridge,3.548133792644493,4,TEMP,SECONDARY_13_24
2007,RF,3.5144724033621944,4,TEMP,SECONDARY_13_24
2007,HGB,3.8379964047245174,4,TEMP,SECONDARY_13_24
2008,GlobalClim,19.526214884040265,4,TEMP,SECONDARY_13_24
2008,DeptClim,19.994104265691682,4,TEMP,SECONDARY_13_24
2008,Persist,19.98087557894497,4,TEMP,SECONDARY_13_24
2008,Ridge,4.874070930632498,4,TEMP,SECONDARY_13_24
2008,RF,4.13583346893758,4,TEMP,SECONDARY_13_24
2008,HGB,3.9355332848602957,4,TEMP,SECONDARY_13_24
2009,GlobalClim,20.377846660630198,4,TEMP,SECONDARY_13_24
2009,DeptClim,20.823476145646477,4,TEMP,SECONDARY_13_24
2009,Persist,20.703097770203854,4,TEMP,SECONDARY_13_24
2009,Ridge,2.971109574138336,4,TEMP,SECONDARY_13_24
2009,RF,2.6552267410358064,4,TEMP,SECONDARY_13_24
2009,HGB,2.754790789230837,4,TEMP,SECONDARY_13_24
2010,GlobalClim,20.552625314884793,4,TEMP,SECONDARY_13_24
2010,DeptClim,21.307514783362137,4,TEMP,SECONDARY_13_24
2010,Persist,21.82526238371858,4,TEMP,SECONDARY_13_24
2010,Ridge,2.3946625356790796,4,TEMP,SECONDARY_13_24
2010,RF,2.015997271356819,4,TEMP,SECONDARY_13_24
2010,HGB,2.277326055504688,4,TEMP,SECONDARY_13_24
2011,GlobalClim,22.798165662751007,4,TEMP,SECONDARY_13_24
2011,DeptClim,23.296633413012984,4,TEMP,SECONDARY_13_24
2011,Persist,22.098073535153397,4,TEMP,SECONDARY_13_24
2011,Ridge,3.0359809783946208,4,TEMP,SECONDARY_13_24
2011,RF,3.416104461418492,4,TEMP,SECONDARY_13_24
2011,HGB,3.323958592571333,4,TEMP,SECONDARY_13_24
2012,GlobalClim,24.074470776214763,4,TEMP,SECONDARY_13_24
2012,DeptClim,24.716860439893996,4,TEMP,SECONDARY_13_24
2012,Persist,21.71503833912008,4,TEMP,SECONDARY_13_24
2012,Ridge,5.524586302304988,4,TEMP,SECONDARY_13_24
2012,RF,5.638625670441421,4,TEMP,SECONDARY_13_24
2012,HGB,5.714180694201985,4,TEMP,SECONDARY_13_24
2013,GlobalClim,21.296116271523697,4,TEMP,SECONDARY_13_24
2013,DeptClim,22.12758225414301,4,TEMP,SECONDARY_13_24
2013,Persist,21.67114071717135,4,TEMP,SECONDARY_13_24
2013,Ridge,2.6131820437782696,4,TEMP,SECONDARY_13_24
2013,RF,2.5280659154027947,4,TEMP,SECONDARY_13_24
2013,HGB,2.635490227539641,4,TEMP,SECONDARY_13_24
2014,GlobalClim,22.822963948331285,4,TEMP,SECONDARY_13_24
2014,DeptClim,23.754276732970347,4,TEMP,SECONDARY_13_24
2014,Persist,22.196612943809708,4,TEMP,SECONDARY_13_24
2014,Ridge,3.575609984583282,4,TEMP,SECONDARY_13_24
2014,RF,4.681738817397009,4,TEMP,SECONDARY_13_24
2014,HGB,4.75983621120503,4,TEMP,SECONDARY_13_24
2015,GlobalClim,21.058683304244333,4,TEMP,SECONDARY_13_24
2015,DeptClim,21.962581065752403,4,TEMP,SECONDARY_13_24
2015,Persist,22.17021644562544,4,TEMP,SECONDARY_13_24
2015,Ridge,1.7795768913103642,4,TEMP,SECONDARY_13_24
2015,RF,1.7882055057665238,4,TEMP,SECONDARY_13_24
2015,HGB,1.8640435051278623,4,TEMP,SECONDARY_13_24
2016,GlobalClim,22.315147113630875,4,TEMP,SECONDARY_13_24
2016,DeptClim,22.770974999438263,4,TEMP,SECONDARY_13_24
2016,Persist,23.90240556744774,4,TEMP,SECONDARY_13_24
2016,Ridge,4.926651981079934,4,TEMP,SECONDARY_13_24
2016,RF,4.648297232596964,4,TEMP,SECONDARY_13_24
2016,HGB,4.653162488974112,4,TEMP,SECONDARY_13_24
2017,GlobalClim,20.864315112923972,4,TEMP,SECONDARY_13_24
2017,DeptClim,21.287688240628537,4,TEMP,SECONDARY_13_24
2017,Persist,21.63831177182994,4,TEMP,SECONDARY_13_24
2017,Ridge,1.8355329015742665,4,TEMP,SECONDARY_13_24
2017,RF,1.8923413338483743,4,TEMP,SECONDARY_13_24
2017,HGB,2.452829977965515,4,TEMP,SECONDARY_13_24
2018,GlobalClim,22.059018183508535,4,TEMP,SECONDARY_13_24
2018,DeptClim,22.73403380857788,4,TEMP,SECONDARY_13_24
2018,Persist,23.11378080827408,4,TEMP,SECONDARY_13_24
2018,Ridge,2.4900572074178404,4,TEMP,SECONDARY_13_24
2018,RF,2.9529406711921697,4,TEMP,SECONDARY_13_24
2018,HGB,2.9701714104895545,4,TEMP,SECONDARY_13_24
2019,GlobalClim,20.49027952860109,4,TEMP,SECONDARY_13_24
2019,DeptClim,21.528765699239308,4,TEMP,SECONDARY_13_24
2019,Persist,22.133309190497766,4,TEMP,SECONDARY_13_24
2019,Ridge,3.464015834961964,4,TEMP,SECONDARY_13_24
2019,RF,3.553658636427064,4,TEMP,SECONDARY_13_24
2019,HGB,4.6070785927146405,4,TEMP,SECONDARY_13_24
2020,GlobalClim,20.464788311340918,4,TEMP,SECONDARY_13_24
2020,DeptClim,21.371739765702454,4,TEMP,SECONDARY_13_24
2020,Persist,22.886284320032846,4,TEMP,SECONDARY_13_24
2020,Ridge,1.6097486810205948,4,TEMP,SECONDARY_13_24
2020,RF,3.067840998815348,4,TEMP,SECONDARY_13_24
2020,HGB,3.790288317217992,4,TEMP,SECONDARY_13_24
2021,GlobalClim,21.059625027680937,4,TEMP,SECONDARY_13_24
2021,DeptClim,21.83268258569897,4,TEMP,SECONDARY_13_24
2021,Persist,21.95734661249768,4,TEMP,SECONDARY_13_24
2021,Ridge,2.269045853680176,4,TEMP,SECONDARY_13_24
2021,RF,2.237711814054292,4,TEMP,SECONDARY_13_24
2021,HGB,2.454322805878119,4,TEMP,SECONDARY_13_24
2022,GlobalClim,22.37364353897662,4,TEMP,SECONDARY_13_24
2022,DeptClim,23.1023815152337,4,TEMP,SECONDARY_13_24
2022,Persist,23.889021548943475,4,TEMP,SECONDARY_13_24
2022,Ridge,2.7898660930992683,4,TEMP,SECONDARY_13_24
2022,RF,2.332455226486403,4,TEMP,SECONDARY_13_24
2022,HGB,2.5081452286364447,4,TEMP,SECONDARY_13_24
2023,GlobalClim,21.79533584706052,4,TEMP,SECONDARY_13_24
2023,DeptClim,22.11300026684443,4,TEMP,SECONDARY_13_24
2023,Persist,22.410551636914928,4,TEMP,SECONDARY_13_24
2023,Ridge,2.804912110179777,4,TEMP,SECONDARY_13_24
2023,RF,2.57146670023925,4,TEMP,SECONDARY_13_24
2023,HGB,2.347433767569678,4,TEMP,SECONDARY_13_24
2024,GlobalClim,19.979036163309424,4,TEMP,SECONDARY_13_24
2024,DeptClim,20.79977489334565,4,TEMP,SECONDARY_13_24
2024,Persist,23.04977249712566,4,TEMP,SECONDARY_13_24
2024,Ridge,2.7481576154669574,4,TEMP,SECONDARY_13_24
2024,RF,2.948946285165354,4,TEMP,SECONDARY_13_24
2024,HGB,2.6992809261798123,4,TEMP,SECONDARY_13_24
2001,GlobalClim,25.46778046038341,5,TEMP,SECONDARY_13_24
2001,DeptClim,19.23800189253337,5,TEMP,SECONDARY_13_24
2001,Persist,4.34195818296962,5,TEMP,SECONDARY_13_24
2001,Ridge,2.1511833749110387,5,TEMP,SECONDARY_13_24
2001,RF,1.4692265746027804,5,TEMP,SECONDARY_13_24
2001,HGB,1.2913860940746096,5,TEMP,SECONDARY_13_24
2002,GlobalClim,27.161804101844382,5,TEMP,SECONDARY_13_24
2002,DeptClim,20.767237707743046,5,TEMP,SECONDARY_13_24
2002,Persist,18.23977742724048,5,TEMP,SECONDARY_13_24
2002,Ridge,6.899134936157339,5,TEMP,SECONDARY_13_24
2002,RF,4.678084331065138,5,TEMP,SECONDARY_13_24
2002,HGB,4.116095721216827,5,TEMP,SECONDARY_13_24
2003,GlobalClim,31.085599146760284,5,TEMP,SECONDARY_13_24
2003,DeptClim,27.3470652109826,5,TEMP,SECONDARY_13_24
2003,Persist,11.468834070505427,5,TEMP,SECONDARY_13_24
2003,Ridge,3.446266256772366,5,TEMP,SECONDARY_13_24
2003,RF,1.1052185452949412,5,TEMP,SECONDARY_13_24
2003,HGB,2.595885314100372,5,TEMP,SECONDARY_13_24
2004,GlobalClim,29.508001204468783,5,TEMP,SECONDARY_13_24
2004,DeptClim,24.664885057292103,5,TEMP,SECONDARY_13_24
2004,Persist,12.02348032570785,5,TEMP,SECONDARY_13_24
2004,Ridge,3.8876030703333404,5,TEMP,SECONDARY_13_24
2004,RF,2.5914506896168765,5,TEMP,SECONDARY_13_24
2004,HGB,3.093211628570423,5,TEMP,SECONDARY_13_24
2005,GlobalClim,23.539972437601588,5,TEMP,SECONDARY_13_24
2005,DeptClim,23.037859371173187,5,TEMP,SECONDARY_13_24
2005,Persist,18.81667332508943,5,TEMP,SECONDARY_13_24
2005,Ridge,7.720158500143818,5,TEMP,SECONDARY_13_24
2005,RF,8.380554620249987,5,TEMP,SECONDARY_13_24
2005,HGB,7.8489571568828,5,TEMP,SECONDARY_13_24
2006,GlobalClim,19.096512888679072,5,TEMP,SECONDARY_13_24
2006,DeptClim,19.643037385663593,5,TEMP,SECONDARY_13_24
2006,Persist,19.767728680079404,5,TEMP,SECONDARY_13_24
2006,Ridge,3.2390774753377616,5,TEMP,SECONDARY_13_24
2006,RF,3.3307378631633484,5,TEMP,SECONDARY_13_24
2006,HGB,3.3912404055003904,5,TEMP,SECONDARY_13_24
2007,GlobalClim,19.82124774585007,5,TEMP,SECONDARY_13_24
2007,DeptClim,21.0015032537542,5,TEMP,SECONDARY_13_24
2007,Persist,20.59548735145649,5,TEMP,SECONDARY_13_24
2007,Ridge,3.518009809686165,5,TEMP,SECONDARY_13_24
2007,RF,3.639928670540674,5,TEMP,SECONDARY_13_24
2007,HGB,3.940843091865561,5,TEMP,SECONDARY_13_24
2008,GlobalClim,20.19650067301734,5,TEMP,SECONDARY_13_24
2008,DeptClim,20.58377679790161,5,TEMP,SECONDARY_13_24
2008,Persist,20.904200707587574,5,TEMP,SECONDARY_13_24
2008,Ridge,3.1877641868756252,5,TEMP,SECONDARY_13_24
2008,RF,2.649886894423106,5,TEMP,SECONDARY_13_24
2008,HGB,2.872646889269536,5,TEMP,SECONDARY_13_24
2009,GlobalClim,20.2159259433186,5,TEMP,SECONDARY_13_24
2009,DeptClim,20.614442103465528,5,TEMP,SECONDARY_13_24
2009,Persist,21.035474858535878,5,TEMP,SECONDARY_13_24
2009,Ridge,2.593953022339739,5,TEMP,SECONDARY_13_24
2009,RF,2.335177079230114,5,TEMP,SECONDARY_13_24
2009,HGB,2.523612890204969,5,TEMP,SECONDARY_13_24
2010,GlobalClim,20.110378211448047,5,TEMP,SECONDARY_13_24
2010,DeptClim,20.783910907022964,5,TEMP,SECONDARY_13_24
2010,Persist,21.086064304647856,5,TEMP,SECONDARY_13_24
2010,Ridge,2.511362194029949,5,TEMP,SECONDARY_13_24
2010,RF,2.4648797883747595,5,TEMP,SECONDARY_13_24
2010,HGB,2.787618963147456,5,TEMP,SECONDARY_13_24
2011,GlobalClim,22.320745757409988,5,TEMP,SECONDARY_13_24
2011,DeptClim,22.76316170062005,5,TEMP,SECONDARY_13_24
2011,Persist,21.142082443240437,5,TEMP,SECONDARY_13_24
2011,Ridge,2.5146206874101455,5,TEMP,SECONDARY_13_24
2011,RF,2.9849592433729515,5,TEMP,SECONDARY_13_24
2011,HGB,2.9325582122601315,5,TEMP,SECONDARY_13_24
2012,GlobalClim,24.00038337085274,5,TEMP,SECONDARY_13_24
2012,DeptClim,24.643538469476464,5,TEMP,SECONDARY_13_24
2012,Persist,21.53765644526689,5,TEMP,SECONDARY_13_24
2012,Ridge,5.583031666063351,5,TEMP,SECONDARY_13_24
2012,RF,5.754438917221851,5,TEMP,SECONDARY_13_24
2012,HGB,5.6882270180708066,5,TEMP,SECONDARY_13_24
2013,GlobalClim,21.64217836057574,5,TEMP,SECONDARY_13_24
2013,DeptClim,22.556709379093736,5,TEMP,SECONDARY_13_24
2013,Persist,22.22933338073654,5,TEMP,SECONDARY_13_24
2013,Ridge,2.7486851792578797,5,TEMP,SECONDARY_13_24
2013,RF,2.7827176473970465,5,TEMP,SECONDARY_13_24
2013,HGB,3.0224028341536093,5,TEMP,SECONDARY_13_24
2014,GlobalClim,23.220601844157216,5,TEMP,SECONDARY_13_24
2014,DeptClim,24.06292644350666,5,TEMP,SECONDARY_13_24
2014,Persist,22.469841441844004,5,TEMP,SECONDARY_13_24
2014,Ridge,3.9582453184270743,5,TEMP,SECONDARY_13_24
2014,RF,4.617810187228441,5,TEMP,SECONDARY_13_24
2014,HGB,5.031864059366764,5,TEMP,SECONDARY_13_24
2015,GlobalClim,20.55743121814273,5,TEMP,SECONDARY_13_24
2015,DeptClim,21.35451745481767,5,TEMP,SECONDARY_13_24
2015,Persist,21.714303065049243,5,TEMP,SECONDARY_13_24
2015,Ridge,2.062429973718089,5,TEMP,SECONDARY_13_24
2015,RF,1.9720193786561464,5,TEMP,SECONDARY_13_24
2015,HGB,2.256081832069131,5,TEMP,SECONDARY_13_24
2016,GlobalClim,23.09587183272693,5,TEMP,SECONDARY_13_24
2016,DeptClim,23.48552386346422,5,TEMP,SECONDARY_13_24
2016,Persist,22.67955323882667,5,TEMP,SECONDARY_13_24
2016,Ridge,6.315347807263923,5,TEMP,SECONDARY_13_24
2016,RF,6.706759402088207,5,TEMP,SECONDARY_13_24
2016,HGB,6.625788901446097,5,TEMP,SECONDARY_13_24
2017,GlobalClim,20.52044347037149,5,TEMP,SECONDARY_13_24
2017,DeptClim,21.461441382727664,5,TEMP,SECONDARY_13_24
2017,Persist,22.10122176600568,5,TEMP,SECONDARY_13_24
2017,Ridge,4.198108653600668,5,TEMP,SECONDARY_13_24
2017,RF,4.065551733639537,5,TEMP,SECONDARY_13_24
2017,HGB,4.586222135287695,5,TEMP,SECONDARY_13_24
2018,GlobalClim,22.16278845108847,5,TEMP,SECONDARY_13_24
2018,DeptClim,22.818489640454533,5,TEMP,SECONDARY_13_24
2018,Persist,22.371897733412556,5,TEMP,SECONDARY_13_24
2018,Ridge,3.274814104642287,5,TEMP,SECONDARY_13_24
2018,RF,3.2289315582807965,5,TEMP,SECONDARY_13_24
2018,HGB,3.336983131517589,5,TEMP,SECONDARY_13_24
2019,GlobalClim,20.634898779562572,5,TEMP,SECONDARY_13_24
2019,DeptClim,21.573212320532594,5,TEMP,SECONDARY_13_24
2019,Persist,22.434015442521577,5,TEMP,SECONDARY_13_24
2019,Ridge,3.4125846708570413,5,TEMP,SECONDARY_13_24
2019,RF,2.8219849047773837,5,TEMP,SECONDARY_13_24
2019,HGB,3.945957483560355,5,TEMP,SECONDARY_13_24
2020,GlobalClim,21.293332940425508,5,TEMP,SECONDARY_13_24
2020,DeptClim,22.216553499543352,5,TEMP,SECONDARY_13_24
2020,Persist,23.163273191349667,5,TEMP,SECONDARY_13_24
2020,Ridge,2.813908193347745,5,TEMP,SECONDARY_13_24
2020,RF,4.08461380104481,5,TEMP,SECONDARY_13_24
2020,HGB,4.260157982568861,5,TEMP,SECONDARY_13_24
2021,GlobalClim,21.33223987459293,5,TEMP,SECONDARY_13_24
2021,DeptClim,21.76141844966725,5,TEMP,SECONDARY_13_24
2021,Persist,22.711827866783008,5,TEMP,SECONDARY_13_24
2021,Ridge,2.8617507536482294,5,TEMP,SECONDARY_13_24
2021,RF,2.0937998308742265,5,TEMP,SECONDARY_13_24
2021,HGB,2.41167053991507,5,TEMP,SECONDARY_13_24
2022,GlobalClim,22.275327032768242,5,TEMP,SECONDARY_13_24
2022,DeptClim,22.963129821639992,5,TEMP,SECONDARY_13_24
2022,Persist,23.08689120437169,5,TEMP,SECONDARY_13_24
2022,Ridge,3.065675769956351,5,TEMP,SECONDARY_13_24
2022,RF,2.5951278270629907,5,TEMP,SECONDARY_13_24
2022,HGB,2.5725383345961106,5,TEMP,SECONDARY_13_24
2023,GlobalClim,20.64211072840077,5,TEMP,SECONDARY_13_24
2023,DeptClim,21.08940732640439,5,TEMP,SECONDARY_13_24
2023,Persist,22.167855987142865,5,TEMP,SECONDARY_13_24
2023,Ridge,2.866015113464349,5,TEMP,SECONDARY_13_24
2023,RF,2.235033114149974,5,TEMP,SECONDARY_13_24
2023,HGB,2.4141149800240806,5,TEMP,SECONDARY_13_24
2024,GlobalClim,20.18095123608484,5,TEMP,SECONDARY_13_24
2024,DeptClim,21.058612499465482,5,TEMP,SECONDARY_13_24
2024,Persist,23.49208606700622,5,TEMP,SECONDARY_13_24
2024,Ridge,2.8403231917886487,5,TEMP,SECONDARY_13_24
2024,RF,3.176844696522851,5,TEMP,SECONDARY_13_24
2024,HGB,3.3289511571849806,5,TEMP,SECONDARY_13_24
2001,GlobalClim,27.00664068758971,6,TEMP,SECONDARY_13_24
2001,DeptClim,21.782695624703557,6,TEMP,SECONDARY_13_24
2001,Persist,6.06243005387978,6,TEMP,SECONDARY_13_24
2001,Ridge,0.3066554308146925,6,TEMP,SECONDARY_13_24
2001,RF,0.05157028913606343,6,TEMP,SECONDARY_13_24
2001,HGB,0.02320484232882336,6,TEMP,SECONDARY_13_24
2002,GlobalClim,27.34836260257943,6,TEMP,SECONDARY_13_24
2002,DeptClim,21.400069809123355,6,TEMP,SECONDARY_13_24
2002,Persist,8.725967799818424,6,TEMP,SECONDARY_13_24
2002,Ridge,1.7592306610488422,6,TEMP,SECONDARY_13_24
2002,RF,2.656263826740345,6,TEMP,SECONDARY_13_24
2002,HGB,1.6915844172869332,6,TEMP,SECONDARY_13_24
2003,GlobalClim,32.89581392263209,6,TEMP,SECONDARY_13_24
2003,DeptClim,29.885414414471683,6,TEMP,SECONDARY_13_24
2003,Persist,12.318981875550715,6,TEMP,SECONDARY_13_24
2003,Ridge,6.641753037267899,6,TEMP,SECONDARY_13_24
2003,RF,3.04110354276994,6,TEMP,SECONDARY_13_24
2003,HGB,4.661000506770287,6,TEMP,SECONDARY_13_24
2004,GlobalClim,30.74059036524415,6,TEMP,SECONDARY_13_24
2004,DeptClim,26.36395127325793,6,TEMP,SECONDARY_13_24
2004,Persist,13.54862010376558,6,TEMP,SECONDARY_13_24
2004,Ridge,5.761564273455389,6,TEMP,SECONDARY_13_24
2004,RF,4.607598454196126,6,TEMP,SECONDARY_13_24
2004,HGB,4.448462773657164,6,TEMP,SECONDARY_13_24
2005,GlobalClim,24.211441802482,6,TEMP,SECONDARY_13_24
2005,DeptClim,24.31598141595426,6,TEMP,SECONDARY_13_24
2005,Persist,20.540474895290373,6,TEMP,SECONDARY_13_24
2005,Ridge,9.349685061298137,6,TEMP,SECONDARY_13_24
2005,RF,9.863700774047592,6,TEMP,SECONDARY_13_24
2005,HGB,9.438714175555925,6,TEMP,SECONDARY_13_24
2006,GlobalClim,20.120626770691587,6,TEMP,SECONDARY_13_24
2006,DeptClim,20.448191158963514,6,TEMP,SECONDARY_13_24
2006,Persist,21.57522008044253,6,TEMP,SECONDARY_13_24
2006,Ridge,4.567951195606069,6,TEMP,SECONDARY_13_24
2006,RF,4.491155904383845,6,TEMP,SECONDARY_13_24
2006,HGB,4.422794288263523,6,TEMP,SECONDARY_13_24
2007,GlobalClim,19.8008160935782,6,TEMP,SECONDARY_13_24
2007,DeptClim,20.71198121217805,6,TEMP,SECONDARY_13_24
2007,Persist,21.074345983958832,6,TEMP,SECONDARY_13_24
2007,Ridge,3.4691256931431114,6,TEMP,SECONDARY_13_24
2007,RF,3.4263147325118255,6,TEMP,SECONDARY_13_24
2007,HGB,3.4725870340186167,6,TEMP,SECONDARY_13_24
2008,GlobalClim,19.12117396975355,6,TEMP,SECONDARY_13_24
2008,DeptClim,19.367455195493683,6,TEMP,SECONDARY_13_24
2008,Persist,19.775286260220543,6,TEMP,SECONDARY_13_24
2008,Ridge,2.7719613255685958,6,TEMP,SECONDARY_13_24
2008,RF,2.372239574906018,6,TEMP,SECONDARY_13_24
2008,HGB,2.603232451988344,6,TEMP,SECONDARY_13_24
2009,GlobalClim,20.242890843543492,6,TEMP,SECONDARY_13_24
2009,DeptClim,20.754166438076886,6,TEMP,SECONDARY_13_24
2009,Persist,21.371078552821565,6,TEMP,SECONDARY_13_24
2009,Ridge,2.2337896456219744,6,TEMP,SECONDARY_13_24
2009,RF,2.178929813455882,6,TEMP,SECONDARY_13_24
2009,HGB,2.445017324902027,6,TEMP,SECONDARY_13_24
2010,GlobalClim,20.655528998604797,6,TEMP,SECONDARY_13_24
2010,DeptClim,21.27126449783002,6,TEMP,SECONDARY_13_24
2010,Persist,22.07431229995125,6,TEMP,SECONDARY_13_24
2010,Ridge,2.166801039483693,6,TEMP,SECONDARY_13_24
2010,RF,2.022283603958337,6,TEMP,SECONDARY_13_24
2010,HGB,2.2742862701794864,6,TEMP,SECONDARY_13_24
2011,GlobalClim,21.610164421944802,6,TEMP,SECONDARY_13_24
2011,DeptClim,22.024982980488826,6,TEMP,SECONDARY_13_24
2011,Persist,20.93244755910881,6,TEMP,SECONDARY_13_24
2011,Ridge,2.237099692189962,6,TEMP,SECONDARY_13_24
2011,RF,2.996490797748921,6,TEMP,SECONDARY_13_24
2011,HGB,2.9773508864099982,6,TEMP,SECONDARY_13_24
2012,GlobalClim,22.958699556447048,6,TEMP,SECONDARY_13_24
2012,DeptClim,23.720689728486697,6,TEMP,SECONDARY_13_24
2012,Persist,20.964796078629004,6,TEMP,SECONDARY_13_24
2012,Ridge,4.842315634536224,6,TEMP,SECONDARY_13_24
2012,RF,5.117013136585102,6,TEMP,SECONDARY_13_24
2012,HGB,4.87678063711642,6,TEMP,SECONDARY_13_24
2013,GlobalClim,21.14441553411967,6,TEMP,SECONDARY_13_24
2013,DeptClim,21.77929144149687,6,TEMP,SECONDARY_13_24
2013,Persist,21.38118852330966,6,TEMP,SECONDARY_13_24
2013,Ridge,2.9436054790513366,6,TEMP,SECONDARY_13_24
2013,RF,2.954726532145797,6,TEMP,SECONDARY_13_24
2013,HGB,3.1963209712609344,6,TEMP,SECONDARY_13_24
2014,GlobalClim,22.67903211806118,6,TEMP,SECONDARY_13_24
2014,DeptClim,23.590078059568306,6,TEMP,SECONDARY_13_24
2014,Persist,22.02370244213537,6,TEMP,SECONDARY_13_24
2014,Ridge,3.8670186603977057,6,TEMP,SECONDARY_13_24
2014,RF,3.709152894812655,6,TEMP,SECONDARY_13_24
2014,HGB,4.427596299653131,6,TEMP,SECONDARY_13_24
2015,GlobalClim,20.256282422925793,6,TEMP,SECONDARY_13_24
2015,DeptClim,20.931165386207102,6,TEMP,SECONDARY_13_24
2015,Persist,21.913027112149088,6,TEMP,SECONDARY_13_24
2015,Ridge,2.286809347564961,6,TEMP,SECONDARY_13_24
2015,RF,2.158161216575551,6,TEMP,SECONDARY_13_24
2015,HGB,2.408457804651626,6,TEMP,SECONDARY_13_24
2016,GlobalClim,22.70095022904384,6,TEMP,SECONDARY_13_24
2016,DeptClim,23.43192240530746,6,TEMP,SECONDARY_13_24
2016,Persist,22.542571255276027,6,TEMP,SECONDARY_13_24
2016,Ridge,6.568475527460996,6,TEMP,SECONDARY_13_24
2016,RF,7.2280450166491255,6,TEMP,SECONDARY_13_24
2016,HGB,6.5511075478924345,6,TEMP,SECONDARY_13_24
2017,GlobalClim,19.68737674273951,6,TEMP,SECONDARY_13_24
2017,DeptClim,20.840031220048537,6,TEMP,SECONDARY_13_24
2017,Persist,21.238894729334824,6,TEMP,SECONDARY_13_24
2017,Ridge,6.199146201853079,6,TEMP,SECONDARY_13_24
2017,RF,6.668613736399501,6,TEMP,SECONDARY_13_24
2017,HGB,6.6223252019636565,6,TEMP,SECONDARY_13_24
2018,GlobalClim,21.642308390316316,6,TEMP,SECONDARY_13_24
2018,DeptClim,22.363534970866315,6,TEMP,SECONDARY_13_24
2018,Persist,21.967095344825285,6,TEMP,SECONDARY_13_24
2018,Ridge,3.206422243989029,6,TEMP,SECONDARY_13_24
2018,RF,3.126555436385852,6,TEMP,SECONDARY_13_24
2018,HGB,3.310785512108841,6,TEMP,SECONDARY_13_24
2019,GlobalClim,20.134404260503896,6,TEMP,SECONDARY_13_24
2019,DeptClim,20.946846916906516,6,TEMP,SECONDARY_13_24
2019,Persist,21.988791811754133,6,TEMP,SECONDARY_13_24
2019,Ridge,3.678165626151726,6,TEMP,SECONDARY_13_24
2019,RF,2.022749212865264,6,TEMP,SECONDARY_13_24
2019,HGB,2.444100284282767,6,TEMP,SECONDARY_13_24
2020,GlobalClim,21.850431481254407,6,TEMP,SECONDARY_13_24
2020,DeptClim,22.615650201873013,6,TEMP,SECONDARY_13_24
2020,Persist,23.014523587760547,6,TEMP,SECONDARY_13_24
2020,Ridge,4.441773732782988,6,TEMP,SECONDARY_13_24
2020,RF,4.516267979334679,6,TEMP,SECONDARY_13_24
2020,HGB,4.797095422706925,6,TEMP,SECONDARY_13_24
2021,GlobalClim,22.05368496983107,6,TEMP,SECONDARY_13_24
2021,DeptClim,22.482781081201594,6,TEMP,SECONDARY_13_24
2021,Persist,23.46744276926173,6,TEMP,SECONDARY_13_24
2021,Ridge,3.5628711287613726,6,TEMP,SECONDARY_13_24
2021,RF,3.2135342792431074,6,TEMP,SECONDARY_13_24
2021,HGB,3.4186110396688947,6,TEMP,SECONDARY_13_24
2022,GlobalClim,22.74489623674864,6,TEMP,SECONDARY_13_24
2022,DeptClim,23.27099237463323,6,TEMP,SECONDARY_13_24
2022,Persist,23.604948593036557,6,TEMP,SECONDARY_13_24
2022,Ridge,3.3594227349978123,6,TEMP,SECONDARY_13_24
2022,RF,2.5981130783178124,6,TEMP,SECONDARY_13_24
2022,HGB,3.1195459880706835,6,TEMP,SECONDARY_13_24
2023,GlobalClim,20.423035280403514,6,TEMP,SECONDARY_13_24
2023,DeptClim,20.764782639268816,6,TEMP,SECONDARY_13_24
2023,Persist,22.397790840030073,6,TEMP,SECONDARY_13_24
2023,Ridge,3.0592341692533758,6,TEMP,SECONDARY_13_24
2023,RF,2.07840171643285,6,TEMP,SECONDARY_13_24
2023,HGB,2.3812499499614184,6,TEMP,SECONDARY_13_24
2024,GlobalClim,20.264791691268115,6,TEMP,SECONDARY_13_24
2024,DeptClim,21.309469460529254,6,TEMP,SECONDARY_13_24
2024,Persist,23.600909261842126,6,TEMP,SECONDARY_13_24
2024,Ridge,3.3856970411465483,6,TEMP,SECONDARY_13_24
2024,RF,3.1037631888964734,6,TEMP,SECONDARY_13_24
2024,HGB,3.476542515649297,6,TEMP,SECONDARY_13_24
2001,GlobalClim,26.924968234364496,7,TEMP,SECONDARY_13_24
2001,DeptClim,21.83628467562494,7,TEMP,SECONDARY_13_24
2001,Persist,5.9853566843617045,7,TEMP,SECONDARY_13_24
2001,Ridge,0.10775910689372559,7,TEMP,SECONDARY_13_24
2001,RF,0.5019393345254013,7,TEMP,SECONDARY_13_24
2001,HGB,1.0562352857220612,7,TEMP,SECONDARY_13_24
2002,GlobalClim,29.975783765775322,7,TEMP,SECONDARY_13_24
2002,DeptClim,24.292012697681063,7,TEMP,SECONDARY_13_24
2002,Persist,12.1614279219283,7,TEMP,SECONDARY_13_24
2002,Ridge,5.003172451610818,7,TEMP,SECONDARY_13_24
2002,RF,4.150372323887702,7,TEMP,SECONDARY_13_24
2002,HGB,2.670434946076056,7,TEMP,SECONDARY_13_24
2003,GlobalClim,33.23115987900252,7,TEMP,SECONDARY_13_24
2003,DeptClim,30.520823689335675,7,TEMP,SECONDARY_13_24
2003,Persist,12.92028019792421,7,TEMP,SECONDARY_13_24
2003,Ridge,6.1757508188652075,7,TEMP,SECONDARY_13_24
2003,RF,4.035294293477098,7,TEMP,SECONDARY_13_24
2003,HGB,6.062127637217451,7,TEMP,SECONDARY_13_24
2004,GlobalClim,30.862589593941074,7,TEMP,SECONDARY_13_24
2004,DeptClim,27.5774838573111,7,TEMP,SECONDARY_13_24
2004,Persist,14.53179599076188,7,TEMP,SECONDARY_13_24
2004,Ridge,6.213255247236528,7,TEMP,SECONDARY_13_24
2004,RF,5.408495737402086,7,TEMP,SECONDARY_13_24
2004,HGB,5.4029959416909525,7,TEMP,SECONDARY_13_24
2005,GlobalClim,24.1287377610236,7,TEMP,SECONDARY_13_24
2005,DeptClim,24.850927479754436,7,TEMP,SECONDARY_13_24
2005,Persist,16.74899673715282,7,TEMP,SECONDARY_13_24
2005,Ridge,9.700813308847321,7,TEMP,SECONDARY_13_24
2005,RF,10.58705536213898,7,TEMP,SECONDARY_13_24
2005,HGB,10.198315437529963,7,TEMP,SECONDARY_13_24
2006,GlobalClim,21.616466514237235,7,TEMP,SECONDARY_13_24
2006,DeptClim,21.96816783814267,7,TEMP,SECONDARY_13_24
2006,Persist,21.610067966899397,7,TEMP,SECONDARY_13_24
2006,Ridge,6.4892679010908845,7,TEMP,SECONDARY_13_24
2006,RF,6.3184594176383495,7,TEMP,SECONDARY_13_24
2006,HGB,6.162220410107753,7,TEMP,SECONDARY_13_24
2007,GlobalClim,18.832593234089373,7,TEMP,SECONDARY_13_24
2007,DeptClim,19.654597999456698,7,TEMP,SECONDARY_13_24
2007,Persist,19.907872304501783,7,TEMP,SECONDARY_13_24
2007,Ridge,4.342446357299678,7,TEMP,SECONDARY_13_24
2007,RF,4.105098937827632,7,TEMP,SECONDARY_13_24
2007,HGB,3.959356907382655,7,TEMP,SECONDARY_13_24
2008,GlobalClim,18.881119176876826,7,TEMP,SECONDARY_13_24
2008,DeptClim,19.487037136369104,7,TEMP,SECONDARY_13_24
2008,Persist,20.226404027612492,7,TEMP,SECONDARY_13_24
2008,Ridge,3.351251509079982,7,TEMP,SECONDARY_13_24
2008,RF,2.943010384503927,7,TEMP,SECONDARY_13_24
2008,HGB,3.218367970580492,7,TEMP,SECONDARY_13_24
2009,GlobalClim,20.240493916701006,7,TEMP,SECONDARY_13_24
2009,DeptClim,21.029550126081233,7,TEMP,SECONDARY_13_24
2009,Persist,20.535766112093114,7,TEMP,SECONDARY_13_24
2009,Ridge,2.7125560909643087,7,TEMP,SECONDARY_13_24
2009,RF,2.7655615939348377,7,TEMP,SECONDARY_13_24
2009,HGB,3.3724537419855714,7,TEMP,SECONDARY_13_24
2010,GlobalClim,21.30173099797298,7,TEMP,SECONDARY_13_24
2010,DeptClim,21.957826624249154,7,TEMP,SECONDARY_13_24
2010,Persist,21.89848856814089,7,TEMP,SECONDARY_13_24
2010,Ridge,2.4782475810071065,7,TEMP,SECONDARY_13_24
2010,RF,2.3634198695214237,7,TEMP,SECONDARY_13_24
2010,HGB,2.4425001315727153,7,TEMP,SECONDARY_13_24
2011,GlobalClim,22.49222794080607,7,TEMP,SECONDARY_13_24
2011,DeptClim,22.94034925002713,7,TEMP,SECONDARY_13_24
2011,Persist,21.897799428512887,7,TEMP,SECONDARY_13_24
2011,Ridge,4.091473096947397,7,TEMP,SECONDARY_13_24
2011,RF,4.513666988340852,7,TEMP,SECONDARY_13_24
2011,HGB,4.617367446669272,7,TEMP,SECONDARY_13_24
2012,GlobalClim,22.155109614613377,7,TEMP,SECONDARY_13_24
2012,DeptClim,22.67856984824722,7,TEMP,SECONDARY_13_24
2012,Persist,20.868622962761638,7,TEMP,SECONDARY_13_24
2012,Ridge,3.0735315080874592,7,TEMP,SECONDARY_13_24
2012,RF,3.1037373151584897,7,TEMP,SECONDARY_13_24
2012,HGB,2.977860762542691,7,TEMP,SECONDARY_13_24
2013,GlobalClim,21.818353661942613,7,TEMP,SECONDARY_13_24
2013,DeptClim,22.483703816001462,7,TEMP,SECONDARY_13_24
2013,Persist,22.21070104933036,7,TEMP,SECONDARY_13_24
2013,Ridge,4.4090324196815684,7,TEMP,SECONDARY_13_24
2013,RF,3.9200808399609905,7,TEMP,SECONDARY_13_24
2013,HGB,4.1061220238690215,7,TEMP,SECONDARY_13_24
2014,GlobalClim,22.16659799627386,7,TEMP,SECONDARY_13_24
2014,DeptClim,22.885397765641788,7,TEMP,SECONDARY_13_24
2014,Persist,21.347132417991656,7,TEMP,SECONDARY_13_24
2014,Ridge,3.5141941186658543,7,TEMP,SECONDARY_13_24
2014,RF,3.296386509678832,7,TEMP,SECONDARY_13_24
2014,HGB,3.673071149479861,7,TEMP,SECONDARY_13_24
2015,GlobalClim,20.676518788566934,7,TEMP,SECONDARY_13_24
2015,DeptClim,21.086531766756536,7,TEMP,SECONDARY_13_24
2015,Persist,22.213284569450412,7,TEMP,SECONDARY_13_24
2015,Ridge,2.5819925771923335,7,TEMP,SECONDARY_13_24
2015,RF,1.9957726403582736,7,TEMP,SECONDARY_13_24
2015,HGB,2.4935979824381693,7,TEMP,SECONDARY_13_24
2016,GlobalClim,22.003962600049615,7,TEMP,SECONDARY_13_24
2016,DeptClim,22.757955604758262,7,TEMP,SECONDARY_13_24
2016,Persist,21.781202211414524,7,TEMP,SECONDARY_13_24
2016,Ridge,5.737956142117357,7,TEMP,SECONDARY_13_24
2016,RF,5.457708086636717,7,TEMP,SECONDARY_13_24
2016,HGB,5.6351352233609235,7,TEMP,SECONDARY_13_24
2017,GlobalClim,20.006802868768016,7,TEMP,SECONDARY_13_24
2017,DeptClim,20.748416469460906,7,TEMP,SECONDARY_13_24
2017,Persist,22.3981418810762,7,TEMP,SECONDARY_13_24
2017,Ridge,3.7419852044958124,7,TEMP,SECONDARY_13_24
2017,RF,3.8676748851935243,7,TEMP,SECONDARY_13_24
2017,HGB,4.051733012164837,7,TEMP,SECONDARY_13_24
2018,GlobalClim,21.204274227607886,7,TEMP,SECONDARY_13_24
2018,DeptClim,21.850130057035695,7,TEMP,SECONDARY_13_24
2018,Persist,21.823336410681957,7,TEMP,SECONDARY_13_24
2018,Ridge,2.5302320214331955,7,TEMP,SECONDARY_13_24
2018,RF,2.7074317292476078,7,TEMP,SECONDARY_13_24
2018,HGB,3.0641403860841785,7,TEMP,SECONDARY_13_24
2019,GlobalClim,20.54780755986759,7,TEMP,SECONDARY_13_24
2019,DeptClim,21.213281264491254,7,TEMP,SECONDARY_13_24
2019,Persist,22.348087377730348,7,TEMP,SECONDARY_13_24
2019,Ridge,2.988542393470838,7,TEMP,SECONDARY_13_24
2019,RF,2.8155549937385254,7,TEMP,SECONDARY_13_24
2019,HGB,3.0179657862189173,7,TEMP,SECONDARY_13_24
2020,GlobalClim,22.385998810618908,7,TEMP,SECONDARY_13_24
2020,DeptClim,22.995912233949046,7,TEMP,SECONDARY_13_24
2020,Persist,22.758860604921317,7,TEMP,SECONDARY_13_24
2020,Ridge,4.642570122992385,7,TEMP,SECONDARY_13_24
2020,RF,4.430036942982343,7,TEMP,SECONDARY_13_24
2020,HGB,4.711393145418754,7,TEMP,SECONDARY_13_24
2021,GlobalClim,21.206126348607558,7,TEMP,SECONDARY_13_24
2021,DeptClim,21.86949892643078,7,TEMP,SECONDARY_13_24
2021,Persist,22.00876875892698,7,TEMP,SECONDARY_13_24
2021,Ridge,2.584033138609021,7,TEMP,SECONDARY_13_24
2021,RF,2.473393692906355,7,TEMP,SECONDARY_13_24
2021,HGB,2.501422409087817,7,TEMP,SECONDARY_13_24
2022,GlobalClim,21.82063131976001,7,TEMP,SECONDARY_13_24
2022,DeptClim,22.422314320095083,7,TEMP,SECONDARY_13_24
2022,Persist,22.39111128972977,7,TEMP,SECONDARY_13_24
2022,Ridge,2.579077789058536,7,TEMP,SECONDARY_13_24
2022,RF,2.246329621016678,7,TEMP,SECONDARY_13_24
2022,HGB,2.418450795494213,7,TEMP,SECONDARY_13_24
2023,GlobalClim,20.84236181040395,7,TEMP,SECONDARY_13_24
2023,DeptClim,21.444142258984968,7,TEMP,SECONDARY_13_24
2023,Persist,22.914010579966636,7,TEMP,SECONDARY_13_24
2023,Ridge,3.320751841597409,7,TEMP,SECONDARY_13_24
2023,RF,3.6681463216291412,7,TEMP,SECONDARY_13_24
2023,HGB,3.3165568266340935,7,TEMP,SECONDARY_13_24
2024,GlobalClim,20.285552624845415,7,TEMP,SECONDARY_13_24
2024,DeptClim,20.85205378385186,7,TEMP,SECONDARY_13_24
2024,Persist,22.750385298866455,7,TEMP,SECONDARY_13_24
2024,Ridge,3.0755640362040744,7,TEMP,SECONDARY_13_24
2024,RF,3.4297368666371097,7,TEMP,SECONDARY_13_24
2024,HGB,2.9701680683173204,7,TEMP,SECONDARY_13_24
2001,GlobalClim,26.908132714307744,8,TEMP,SECONDARY_13_24
2001,DeptClim,21.49208469504063,8,TEMP,SECONDARY_13_24
2001,Persist,5.887294630331553,8,TEMP,SECONDARY_13_24
2001,Ridge,0.02323957192561643,8,TEMP,SECONDARY_13_24
2001,RF,0.9838371290360373,8,TEMP,SECONDARY_13_24
2001,HGB,0.7760610773280385,8,TEMP,SECONDARY_13_24
2002,GlobalClim,26.024460909494632,8,TEMP,SECONDARY_13_24
2002,DeptClim,20.228048166682235,8,TEMP,SECONDARY_13_24
2002,Persist,6.763896934660352,8,TEMP,SECONDARY_13_24
2002,Ridge,4.290101249927662,8,TEMP,SECONDARY_13_24
2002,RF,3.1289546412543485,8,TEMP,SECONDARY_13_24
2002,HGB,3.2956829543197848,8,TEMP,SECONDARY_13_24
2003,GlobalClim,33.00471350627586,8,TEMP,SECONDARY_13_24
2003,DeptClim,30.10845745002163,8,TEMP,SECONDARY_13_24
2003,Persist,12.751394111202144,8,TEMP,SECONDARY_13_24
2003,Ridge,11.82203070263845,8,TEMP,SECONDARY_13_24
2003,RF,11.417361558060547,8,TEMP,SECONDARY_13_24
2003,HGB,10.837970791642965,8,TEMP,SECONDARY_13_24
2004,GlobalClim,30.92810583600889,8,TEMP,SECONDARY_13_24
2004,DeptClim,27.504300545938868,8,TEMP,SECONDARY_13_24
2004,Persist,13.84608608871279,8,TEMP,SECONDARY_13_24
2004,Ridge,6.187893736751688,8,TEMP,SECONDARY_13_24
2004,RF,6.479674869231511,8,TEMP,SECONDARY_13_24
2004,HGB,6.283197395620128,8,TEMP,SECONDARY_13_24
2005,GlobalClim,23.876185435202213,8,TEMP,SECONDARY_13_24
2005,DeptClim,24.677043068185156,8,TEMP,SECONDARY_13_24
2005,Persist,18.584291794355835,8,TEMP,SECONDARY_13_24
2005,Ridge,9.092685911041434,8,TEMP,SECONDARY_13_24
2005,RF,9.909084492769495,8,TEMP,SECONDARY_13_24
2005,HGB,9.343862916184197,8,TEMP,SECONDARY_13_24
2006,GlobalClim,18.577174655118263,8,TEMP,SECONDARY_13_24
2006,DeptClim,19.068560969619124,8,TEMP,SECONDARY_13_24
2006,Persist,18.7179734637734,8,TEMP,SECONDARY_13_24
2006,Ridge,3.6531943677787377,8,TEMP,SECONDARY_13_24
2006,RF,3.785649575249092,8,TEMP,SECONDARY_13_24
2006,HGB,3.8791414969073643,8,TEMP,SECONDARY_13_24
2007,GlobalClim,19.451502197446988,8,TEMP,SECONDARY_13_24
2007,DeptClim,20.10522499750197,8,TEMP,SECONDARY_13_24
2007,Persist,20.88044056690582,8,TEMP,SECONDARY_13_24
2007,Ridge,3.5437726432959233,8,TEMP,SECONDARY_13_24
2007,RF,3.2206522429530513,8,TEMP,SECONDARY_13_24
2007,HGB,3.1556635570943112,8,TEMP,SECONDARY_13_24
2008,GlobalClim,19.331887010423312,8,TEMP,SECONDARY_13_24
2008,DeptClim,19.90715776619681,8,TEMP,SECONDARY_13_24
2008,Persist,20.797149424119343,8,TEMP,SECONDARY_13_24
2008,Ridge,3.0974759735904382,8,TEMP,SECONDARY_13_24
2008,RF,2.8671223085516497,8,TEMP,SECONDARY_13_24
2008,HGB,2.974468501407431,8,TEMP,SECONDARY_13_24
2009,GlobalClim,20.191397340933424,8,TEMP,SECONDARY_13_24
2009,DeptClim,20.919000035922004,8,TEMP,SECONDARY_13_24
2009,Persist,20.920711681114188,8,TEMP,SECONDARY_13_24
2009,Ridge,3.1205398502830914,8,TEMP,SECONDARY_13_24
2009,RF,2.8753078499845692,8,TEMP,SECONDARY_13_24
2009,HGB,3.197864593446129,8,TEMP,SECONDARY_13_24
2010,GlobalClim,21.466998249968363,8,TEMP,SECONDARY_13_24
2010,DeptClim,21.948658126342238,8,TEMP,SECONDARY_13_24
2010,Persist,20.964202520899356,8,TEMP,SECONDARY_13_24
2010,Ridge,2.921585204964846,8,TEMP,SECONDARY_13_24
2010,RF,3.218031696224477,8,TEMP,SECONDARY_13_24
2010,HGB,3.2135219541620246,8,TEMP,SECONDARY_13_24
2011,GlobalClim,22.780974522098447,8,TEMP,SECONDARY_13_24
2011,DeptClim,23.23990043309994,8,TEMP,SECONDARY_13_24
2011,Persist,21.3194224734033,8,TEMP,SECONDARY_13_24
2011,Ridge,4.366087631122483,8,TEMP,SECONDARY_13_24
2011,RF,4.62908203140385,8,TEMP,SECONDARY_13_24
2011,HGB,4.865654611905384,8,TEMP,SECONDARY_13_24
2012,GlobalClim,24.90430766374309,8,TEMP,SECONDARY_13_24
2012,DeptClim,25.542522017241257,8,TEMP,SECONDARY_13_24
2012,Persist,23.889969650733587,8,TEMP,SECONDARY_13_24
2012,Ridge,4.974807418594246,8,TEMP,SECONDARY_13_24
2012,RF,5.652883622907312,8,TEMP,SECONDARY_13_24
2012,HGB,6.0943901598311445,8,TEMP,SECONDARY_13_24
2013,GlobalClim,22.560077004138215,8,TEMP,SECONDARY_13_24
2013,DeptClim,23.218881762599374,8,TEMP,SECONDARY_13_24
2013,Persist,22.290732679851924,8,TEMP,SECONDARY_13_24
2013,Ridge,4.358502398681777,8,TEMP,SECONDARY_13_24
2013,RF,4.266234717094859,8,TEMP,SECONDARY_13_24
2013,HGB,4.587631541885723,8,TEMP,SECONDARY_13_24
2014,GlobalClim,22.752164142467638,8,TEMP,SECONDARY_13_24
2014,DeptClim,23.387434197021285,8,TEMP,SECONDARY_13_24
2014,Persist,22.322828110729603,8,TEMP,SECONDARY_13_24
2014,Ridge,3.6753250818227134,8,TEMP,SECONDARY_13_24
2014,RF,3.4573923687212673,8,TEMP,SECONDARY_13_24
2014,HGB,3.936519002686783,8,TEMP,SECONDARY_13_24
2015,GlobalClim,20.578916580263712,8,TEMP,SECONDARY_13_24
2015,DeptClim,20.833314384902398,8,TEMP,SECONDARY_13_24
2015,Persist,21.201224835037966,8,TEMP,SECONDARY_13_24
2015,Ridge,3.925279441582091,8,TEMP,SECONDARY_13_24
2015,RF,3.3264257452630486,8,TEMP,SECONDARY_13_24
2015,HGB,3.255095075455613,8,TEMP,SECONDARY_13_24
2016,GlobalClim,21.67711299990011,8,TEMP,SECONDARY_13_24
2016,DeptClim,22.39391662284163,8,TEMP,SECONDARY_13_24
2016,Persist,21.070067412772854,8,TEMP,SECONDARY_13_24
2016,Ridge,5.645851566814155,8,TEMP,SECONDARY_13_24
2016,RF,5.531120376432539,8,TEMP,SECONDARY_13_24
2016,HGB,5.5871274094967065,8,TEMP,SECONDARY_13_24
2017,GlobalClim,19.89079931700282,8,TEMP,SECONDARY_13_24
2017,DeptClim,20.911248463542755,8,TEMP,SECONDARY_13_24
2017,Persist,21.386200905508147,8,TEMP,SECONDARY_13_24
2017,Ridge,5.120224156904192,8,TEMP,SECONDARY_13_24
2017,RF,5.186950565502527,8,TEMP,SECONDARY_13_24
2017,HGB,5.4878958901827,8,TEMP,SECONDARY_13_24
2018,GlobalClim,21.246367499943617,8,TEMP,SECONDARY_13_24
2018,DeptClim,21.88354099290608,8,TEMP,SECONDARY_13_24
2018,Persist,21.780080969205816,8,TEMP,SECONDARY_13_24
2018,Ridge,3.255725610455654,8,TEMP,SECONDARY_13_24
2018,RF,3.2471300296418115,8,TEMP,SECONDARY_13_24
2018,HGB,3.3730324637512648,8,TEMP,SECONDARY_13_24
2019,GlobalClim,20.475372654061598,8,TEMP,SECONDARY_13_24
2019,DeptClim,21.188750430224147,8,TEMP,SECONDARY_13_24
2019,Persist,21.836965823189026,8,TEMP,SECONDARY_13_24
2019,Ridge,2.832049261140816,8,TEMP,SECONDARY_13_24
2019,RF,2.6416377342182193,8,TEMP,SECONDARY_13_24
2019,HGB,3.6432004591795453,8,TEMP,SECONDARY_13_24
2020,GlobalClim,22.255095470395954,8,TEMP,SECONDARY_13_24
2020,DeptClim,22.958326333225205,8,TEMP,SECONDARY_13_24
2020,Persist,22.143901678434645,8,TEMP,SECONDARY_13_24
2020,Ridge,4.51443918595904,8,TEMP,SECONDARY_13_24
2020,RF,4.5590757688736,8,TEMP,SECONDARY_13_24
2020,HGB,5.055545861738943,8,TEMP,SECONDARY_13_24
2021,GlobalClim,21.25624338059122,8,TEMP,SECONDARY_13_24
2021,DeptClim,21.92296039170489,8,TEMP,SECONDARY_13_24
2021,Persist,22.417024362425128,8,TEMP,SECONDARY_13_24
2021,Ridge,2.743651800313322,8,TEMP,SECONDARY_13_24
2021,RF,2.565915906922192,8,TEMP,SECONDARY_13_24
2021,HGB,3.0450032355782657,8,TEMP,SECONDARY_13_24
2022,GlobalClim,22.627589217064543,8,TEMP,SECONDARY_13_24
2022,DeptClim,23.15008898471265,8,TEMP,SECONDARY_13_24
2022,Persist,23.015689319854143,8,TEMP,SECONDARY_13_24
2022,Ridge,2.9385895813080345,8,TEMP,SECONDARY_13_24
2022,RF,2.413495229354616,8,TEMP,SECONDARY_13_24
2022,HGB,2.3619126846026957,8,TEMP,SECONDARY_13_24
2023,GlobalClim,20.12756789181874,8,TEMP,SECONDARY_13_24
2023,DeptClim,20.596863384071984,8,TEMP,SECONDARY_13_24
2023,Persist,22.223224122365902,8,TEMP,SECONDARY_13_24
2023,Ridge,3.2267468022744064,8,TEMP,SECONDARY_13_24
2023,RF,2.5831995083192094,8,TEMP,SECONDARY_13_24
2023,HGB,2.8048782786920925,8,TEMP,SECONDARY_13_24
2024,GlobalClim,20.308496183281875,8,TEMP,SECONDARY_13_24
2024,DeptClim,20.880649182765406,8,TEMP,SECONDARY_13_24
2024,Persist,23.122122286143977,8,TEMP,SECONDARY_13_24
2024,Ridge,3.5783267628424,8,TEMP,SECONDARY_13_24
2024,RF,3.348445845601411,8,TEMP,SECONDARY_13_24
2024,HGB,3.0001974696483895,8,TEMP,SECONDARY_13_24
2001,GlobalClim,25.666250062150812,9,TEMP,SECONDARY_13_24
2001,DeptClim,19.548164805997125,9,TEMP,SECONDARY_13_24
2001,Persist,5.413826942709875,9,TEMP,SECONDARY_13_24
2001,Ridge,4.046996997869222,9,TEMP,SECONDARY_13_24
2001,RF,3.056040131347953,9,TEMP,SECONDARY_13_24
2001,HGB,3.686805243954756,9,TEMP,SECONDARY_13_24
2002,GlobalClim,30.83502969933329,9,TEMP,SECONDARY_13_24
2002,DeptClim,27.065264322806236,9,TEMP,SECONDARY_13_24
2002,Persist,6.329542496338718,9,TEMP,SECONDARY_13_24
2002,Ridge,9.963416137079102,9,TEMP,SECONDARY_13_24
2002,RF,8.964232803302911,9,TEMP,SECONDARY_13_24
2002,HGB,8.421806424192296,9,TEMP,SECONDARY_13_24
2003,GlobalClim,32.00618154435955,9,TEMP,SECONDARY_13_24
2003,DeptClim,27.173109971021347,9,TEMP,SECONDARY_13_24
2003,Persist,10.900636825813727,9,TEMP,SECONDARY_13_24
2003,Ridge,9.087946901373765,9,TEMP,SECONDARY_13_24
2003,RF,7.370211488585952,9,TEMP,SECONDARY_13_24
2003,HGB,7.237518394595579,9,TEMP,SECONDARY_13_24
2004,GlobalClim,27.12246441426719,9,TEMP,SECONDARY_13_24
2004,DeptClim,22.719937904811815,9,TEMP,SECONDARY_13_24
2004,Persist,12.646644908175439,9,TEMP,SECONDARY_13_24
2004,Ridge,5.090189676502162,9,TEMP,SECONDARY_13_24
2004,RF,3.938839958347315,9,TEMP,SECONDARY_13_24
2004,HGB,5.456969429892717,9,TEMP,SECONDARY_13_24
2005,GlobalClim,22.863864718626967,9,TEMP,SECONDARY_13_24
2005,DeptClim,23.5114592778506,9,TEMP,SECONDARY_13_24
2005,Persist,18.631161502846684,9,TEMP,SECONDARY_13_24
2005,Ridge,8.53879362733577,9,TEMP,SECONDARY_13_24
2005,RF,8.922590950992449,9,TEMP,SECONDARY_13_24
2005,HGB,8.864317607267374,9,TEMP,SECONDARY_13_24
2006,GlobalClim,18.69797977547761,9,TEMP,SECONDARY_13_24
2006,DeptClim,19.275595989268265,9,TEMP,SECONDARY_13_24
2006,Persist,20.16950673506271,9,TEMP,SECONDARY_13_24
2006,Ridge,4.114166493451498,9,TEMP,SECONDARY_13_24
2006,RF,3.9462630462215644,9,TEMP,SECONDARY_13_24
2006,HGB,4.070736260389952,9,TEMP,SECONDARY_13_24
2007,GlobalClim,19.25795170128026,9,TEMP,SECONDARY_13_24
2007,DeptClim,19.978558873631176,9,TEMP,SECONDARY_13_24
2007,Persist,20.103916119685856,9,TEMP,SECONDARY_13_24
2007,Ridge,3.5789482286932053,9,TEMP,SECONDARY_13_24
2007,RF,3.2882356320637895,9,TEMP,SECONDARY_13_24
2007,HGB,3.338191774119838,9,TEMP,SECONDARY_13_24
2008,GlobalClim,19.756810360248917,9,TEMP,SECONDARY_13_24
2008,DeptClim,20.59009700797629,9,TEMP,SECONDARY_13_24
2008,Persist,21.220770463592817,9,TEMP,SECONDARY_13_24
2008,Ridge,2.9630214659628993,9,TEMP,SECONDARY_13_24
2008,RF,2.8748713290711243,9,TEMP,SECONDARY_13_24
2008,HGB,3.2452081340231134,9,TEMP,SECONDARY_13_24
2009,GlobalClim,19.636212344290243,9,TEMP,SECONDARY_13_24
2009,DeptClim,20.095710296731404,9,TEMP,SECONDARY_13_24
2009,Persist,20.50011540019839,9,TEMP,SECONDARY_13_24
2009,Ridge,2.6066382772052745,9,TEMP,SECONDARY_13_24
2009,RF,2.254141709635125,9,TEMP,SECONDARY_13_24
2009,HGB,2.733006663777547,9,TEMP,SECONDARY_13_24
2010,GlobalClim,22.057455100571776,9,TEMP,SECONDARY_13_24
2010,DeptClim,22.596092121510615,9,TEMP,SECONDARY_13_24
2010,Persist,21.70781491056209,9,TEMP,SECONDARY_13_24
2010,Ridge,2.968319775208565,9,TEMP,SECONDARY_13_24
2010,RF,3.31925097457238,9,TEMP,SECONDARY_13_24
2010,HGB,3.2254930477579618,9,TEMP,SECONDARY_13_24
2011,GlobalClim,22.170029829144614,9,TEMP,SECONDARY_13_24
2011,DeptClim,22.90050342317197,9,TEMP,SECONDARY_13_24
2011,Persist,20.901846604331524,9,TEMP,SECONDARY_13_24
2011,Ridge,2.9478849506818467,9,TEMP,SECONDARY_13_24
2011,RF,2.9098593005332014,9,TEMP,SECONDARY_13_24
2011,HGB,3.2184025746989904,9,TEMP,SECONDARY_13_24
2012,GlobalClim,24.4392487157608,9,TEMP,SECONDARY_13_24
2012,DeptClim,25.324508916909945,9,TEMP,SECONDARY_13_24
2012,Persist,21.495824721854575,9,TEMP,SECONDARY_13_24
2012,Ridge,4.53831621696011,9,TEMP,SECONDARY_13_24
2012,RF,5.405114405212528,9,TEMP,SECONDARY_13_24
2012,HGB,5.347961855119373,9,TEMP,SECONDARY_13_24
2013,GlobalClim,23.875921077838797,9,TEMP,SECONDARY_13_24
2013,DeptClim,24.7549902593702,9,TEMP,SECONDARY_13_24
2013,Persist,22.81026908838441,9,TEMP,SECONDARY_13_24
2013,Ridge,5.841073404825206,9,TEMP,SECONDARY_13_24
2013,RF,5.622878404904927,9,TEMP,SECONDARY_13_24
2013,HGB,5.859279078361874,9,TEMP,SECONDARY_13_24
2014,GlobalClim,22.367735733778893,9,TEMP,SECONDARY_13_24
2014,DeptClim,23.174116950632115,9,TEMP,SECONDARY_13_24
2014,Persist,22.145168910551078,9,TEMP,SECONDARY_13_24
2014,Ridge,3.436837079491046,9,TEMP,SECONDARY_13_24
2014,RF,3.6719325756681904,9,TEMP,SECONDARY_13_24
2014,HGB,3.513556045931255,9,TEMP,SECONDARY_13_24
2015,GlobalClim,20.266302600043872,9,TEMP,SECONDARY_13_24
2015,DeptClim,20.81896431327571,9,TEMP,SECONDARY_13_24
2015,Persist,21.7033463376467,9,TEMP,SECONDARY_13_24
2015,Ridge,2.8311057961976487,9,TEMP,SECONDARY_13_24
2015,RF,2.6922910466238963,9,TEMP,SECONDARY_13_24
2015,HGB,2.7456491070577353,9,TEMP,SECONDARY_13_24
2016,GlobalClim,20.618603919811083,9,TEMP,SECONDARY_13_24
2016,DeptClim,21.056180784570596,9,TEMP,SECONDARY_13_24
2016,Persist,21.813101191815818,9,TEMP,SECONDARY_13_24
2016,Ridge,2.6954893769714747,9,TEMP,SECONDARY_13_24
2016,RF,2.606198350497858,9,TEMP,SECONDARY_13_24
2016,HGB,2.5624762400293783,9,TEMP,SECONDARY_13_24
2017,GlobalClim,20.561777764101198,9,TEMP,SECONDARY_13_24
2017,DeptClim,21.187723438804316,9,TEMP,SECONDARY_13_24
2017,Persist,22.33806772540664,9,TEMP,SECONDARY_13_24
2017,Ridge,2.6007079086019176,9,TEMP,SECONDARY_13_24
2017,RF,2.8850289542749747,9,TEMP,SECONDARY_13_24
2017,HGB,3.2254612780492553,9,TEMP,SECONDARY_13_24
2018,GlobalClim,21.176275801484067,9,TEMP,SECONDARY_13_24
2018,DeptClim,22.08657010900662,9,TEMP,SECONDARY_13_24
2018,Persist,22.03178715539703,9,TEMP,SECONDARY_13_24
2018,Ridge,2.48039736793643,9,TEMP,SECONDARY_13_24
2018,RF,2.6199214149677537,9,TEMP,SECONDARY_13_24
2018,HGB,2.8238235647152057,9,TEMP,SECONDARY_13_24
2019,GlobalClim,20.77317511118769,9,TEMP,SECONDARY_13_24
2019,DeptClim,21.693603458339332,9,TEMP,SECONDARY_13_24
2019,Persist,22.245054579126347,9,TEMP,SECONDARY_13_24
2019,Ridge,3.0085656429287475,9,TEMP,SECONDARY_13_24
2019,RF,3.030722408909189,9,TEMP,SECONDARY_13_24
2019,HGB,3.326283803043134,9,TEMP,SECONDARY_13_24
2020,GlobalClim,22.374581849066885,9,TEMP,SECONDARY_13_24
2020,DeptClim,23.181828281945908,9,TEMP,SECONDARY_13_24
2020,Persist,22.28118104820955,9,TEMP,SECONDARY_13_24
2020,Ridge,4.05250112578306,9,TEMP,SECONDARY_13_24
2020,RF,4.344989261480224,9,TEMP,SECONDARY_13_24
2020,HGB,4.537923438151828,9,TEMP,SECONDARY_13_24
2021,GlobalClim,21.27799674687673,9,TEMP,SECONDARY_13_24
2021,DeptClim,22.250053516135843,9,TEMP,SECONDARY_13_24
2021,Persist,22.20100381128364,9,TEMP,SECONDARY_13_24
2021,Ridge,2.379046637029159,9,TEMP,SECONDARY_13_24
2021,RF,2.3412269470722467,9,TEMP,SECONDARY_13_24
2021,HGB,2.5463236603715687,9,TEMP,SECONDARY_13_24
2022,GlobalClim,22.847597555806338,9,TEMP,SECONDARY_13_24
2022,DeptClim,23.462131180637154,9,TEMP,SECONDARY_13_24
2022,Persist,22.902765356610583,9,TEMP,SECONDARY_13_24
2022,Ridge,2.8339439106729043,9,TEMP,SECONDARY_13_24
2022,RF,2.790608497509308,9,TEMP,SECONDARY_13_24
2022,HGB,2.891873996958077,9,TEMP,SECONDARY_13_24
2023,GlobalClim,20.346194480851757,9,TEMP,SECONDARY_13_24
2023,DeptClim,20.78972081748223,9,TEMP,SECONDARY_13_24
2023,Persist,22.539388972024835,9,TEMP,SECONDARY_13_24
2023,Ridge,3.92047907233741,9,TEMP,SECONDARY_13_24
2023,RF,3.695741297700952,9,TEMP,SECONDARY_13_24
2023,HGB,3.7118609054954685,9,TEMP,SECONDARY_13_24
2024,GlobalClim,20.060840403527532,9,TEMP,SECONDARY_13_24
2024,DeptClim,20.77047988935296,9,TEMP,SECONDARY_13_24
2024,Persist,22.82367013554476,9,TEMP,SECONDARY_13_24
2024,Ridge,3.2968637991716347,9,TEMP,SECONDARY_13_24
2024,RF,3.062791751165353,9,TEMP,SECONDARY_13_24
2024,HGB,3.235274885558161,9,TEMP,SECONDARY_13_24
2001,GlobalClim,26.08959138755908,10,TEMP,SECONDARY_13_24
2001,DeptClim,19.832773126973727,10,TEMP,SECONDARY_13_24
2001,Persist,5.090403205820849,10,TEMP,SECONDARY_13_24
2001,Ridge,1.669749879006317,10,TEMP,SECONDARY_13_24
2001,RF,0.6004650187368172,10,TEMP,SECONDARY_13_24
2001,HGB,2.2022510218312927,10,TEMP,SECONDARY_13_24
2002,GlobalClim,30.49513507456342,10,TEMP,SECONDARY_13_24
2002,DeptClim,26.39898908164438,10,TEMP,SECONDARY_13_24
2002,Persist,10.325591482406942,10,TEMP,SECONDARY_13_24
2002,Ridge,9.882946179483424,10,TEMP,SECONDARY_13_24
2002,RF,8.642812171929329,10,TEMP,SECONDARY_13_24
2002,HGB,7.353803687175852,10,TEMP,SECONDARY_13_24
2003,GlobalClim,31.34298828761807,10,TEMP,SECONDARY_13_24
2003,DeptClim,26.326553911838847,10,TEMP,SECONDARY_13_24
2003,Persist,11.225507292306913,10,TEMP,SECONDARY_13_24
2003,Ridge,9.355011446728229,10,TEMP,SECONDARY_13_24
2003,RF,7.546646807164103,10,TEMP,SECONDARY_13_24
2003,HGB,6.884314212695264,10,TEMP,SECONDARY_13_24
2004,GlobalClim,27.504504829729832,10,TEMP,SECONDARY_13_24
2004,DeptClim,22.5797022914654,10,TEMP,SECONDARY_13_24
2004,Persist,11.857039523070751,10,TEMP,SECONDARY_13_24
2004,Ridge,5.687277332655723,10,TEMP,SECONDARY_13_24
2004,RF,2.84866980590232,10,TEMP,SECONDARY_13_24
2004,HGB,5.655596693473514,10,TEMP,SECONDARY_13_24
2005,GlobalClim,22.25486258315948,10,TEMP,SECONDARY_13_24
2005,DeptClim,23.164449764152636,10,TEMP,SECONDARY_13_24
2005,Persist,19.36385142487824,10,TEMP,SECONDARY_13_24
2005,Ridge,7.586093404218311,10,TEMP,SECONDARY_13_24
2005,RF,7.693487276473479,10,TEMP,SECONDARY_13_24
2005,HGB,7.656628095776059,10,TEMP,SECONDARY_13_24
2006,GlobalClim,19.101863272786154,10,TEMP,SECONDARY_13_24
2006,DeptClim,20.03633642183258,10,TEMP,SECONDARY_13_24
2006,Persist,20.976526675984253,10,TEMP,SECONDARY_13_24
2006,Ridge,4.596755881965277,10,TEMP,SECONDARY_13_24
2006,RF,4.48712072647809,10,TEMP,SECONDARY_13_24
2006,HGB,4.3912177712125535,10,TEMP,SECONDARY_13_24
2007,GlobalClim,19.604212535958183,10,TEMP,SECONDARY_13_24
2007,DeptClim,20.369252294967076,10,TEMP,SECONDARY_13_24
2007,Persist,21.151251784830368,10,TEMP,SECONDARY_13_24
2007,Ridge,3.471059238620122,10,TEMP,SECONDARY_13_24
2007,RF,3.333480690967336,10,TEMP,SECONDARY_13_24
2007,HGB,3.5950410637670354,10,TEMP,SECONDARY_13_24
2008,GlobalClim,19.677019546607458,10,TEMP,SECONDARY_13_24
2008,DeptClim,20.457052698440744,10,TEMP,SECONDARY_13_24
2008,Persist,21.246569785502622,10,TEMP,SECONDARY_13_24
2008,Ridge,2.7056982047082876,10,TEMP,SECONDARY_13_24
2008,RF,2.603045524064358,10,TEMP,SECONDARY_13_24
2008,HGB,2.768842541359783,10,TEMP,SECONDARY_13_24
2009,GlobalClim,19.663018760232763,10,TEMP,SECONDARY_13_24
2009,DeptClim,20.36249043744566,10,TEMP,SECONDARY_13_24
2009,Persist,21.511574837436374,10,TEMP,SECONDARY_13_24
2009,Ridge,2.3094422934372023,10,TEMP,SECONDARY_13_24
2009,RF,2.24359171538388,10,TEMP,SECONDARY_13_24
2009,HGB,2.4557348183080734,10,TEMP,SECONDARY_13_24
2010,GlobalClim,21.233177065844213,10,TEMP,SECONDARY_13_24
2010,DeptClim,21.769283245318842,10,TEMP,SECONDARY_13_24
2010,Persist,20.748273896022834,10,TEMP,SECONDARY_13_24
2010,Ridge,2.4808860223075184,10,TEMP,SECONDARY_13_24
2010,RF,2.639866222493157,10,TEMP,SECONDARY_13_24
2010,HGB,2.649022065026707,10,TEMP,SECONDARY_13_24
2011,GlobalClim,22.75607233935346,10,TEMP,SECONDARY_13_24
2011,DeptClim,23.06893293597602,10,TEMP,SECONDARY_13_24
2011,Persist,22.05839641461881,10,TEMP,SECONDARY_13_24
2011,Ridge,3.1725388428234975,10,TEMP,SECONDARY_13_24
2011,RF,3.0001785353091854,10,TEMP,SECONDARY_13_24
2011,HGB,3.2927716525651496,10,TEMP,SECONDARY_13_24
2012,GlobalClim,23.392464394946675,10,TEMP,SECONDARY_13_24
2012,DeptClim,24.2008069213251,10,TEMP,SECONDARY_13_24
2012,Persist,21.13253464989156,10,TEMP,SECONDARY_13_24
2012,Ridge,4.841249475273129,10,TEMP,SECONDARY_13_24
2012,RF,5.354988613642651,10,TEMP,SECONDARY_13_24
2012,HGB,5.627266790145028,10,TEMP,SECONDARY_13_24
2013,GlobalClim,23.636528773073124,10,TEMP,SECONDARY_13_24
2013,DeptClim,24.500809303193442,10,TEMP,SECONDARY_13_24
2013,Persist,22.23033993490773,10,TEMP,SECONDARY_13_24
2013,Ridge,6.04365104766116,10,TEMP,SECONDARY_13_24
2013,RF,6.017744916795993,10,TEMP,SECONDARY_13_24
2013,HGB,6.07032888875226,10,TEMP,SECONDARY_13_24
2014,GlobalClim,21.660782413443012,10,TEMP,SECONDARY_13_24
2014,DeptClim,22.448850188102554,10,TEMP,SECONDARY_13_24
2014,Persist,21.901239119583927,10,TEMP,SECONDARY_13_24
2014,Ridge,2.9808726399821346,10,TEMP,SECONDARY_13_24
2014,RF,3.1405011730591124,10,TEMP,SECONDARY_13_24
2014,HGB,2.863320143434685,10,TEMP,SECONDARY_13_24
2015,GlobalClim,20.26164414977999,10,TEMP,SECONDARY_13_24
2015,DeptClim,20.784239560484465,10,TEMP,SECONDARY_13_24
2015,Persist,22.14281193543159,10,TEMP,SECONDARY_13_24
2015,Ridge,2.903830774542336,10,TEMP,SECONDARY_13_24
2015,RF,2.9736654607601576,10,TEMP,SECONDARY_13_24
2015,HGB,2.7946584603946976,10,TEMP,SECONDARY_13_24
2016,GlobalClim,20.7101416403522,10,TEMP,SECONDARY_13_24
2016,DeptClim,20.79777369475196,10,TEMP,SECONDARY_13_24
2016,Persist,21.895384203370273,10,TEMP,SECONDARY_13_24
2016,Ridge,1.7379468453101214,10,TEMP,SECONDARY_13_24
2016,RF,1.4512461018685805,10,TEMP,SECONDARY_13_24
2016,HGB,1.7511581146656279,10,TEMP,SECONDARY_13_24
2017,GlobalClim,20.63264871854364,10,TEMP,SECONDARY_13_24
2017,DeptClim,21.18816600776382,10,TEMP,SECONDARY_13_24
2017,Persist,21.90578735653707,10,TEMP,SECONDARY_13_24
2017,Ridge,2.402184899744768,10,TEMP,SECONDARY_13_24
2017,RF,2.527551981608377,10,TEMP,SECONDARY_13_24
2017,HGB,2.5647692979641126,10,TEMP,SECONDARY_13_24
2018,GlobalClim,21.031218145476576,10,TEMP,SECONDARY_13_24
2018,DeptClim,21.976123239342208,10,TEMP,SECONDARY_13_24
2018,Persist,22.344429368476355,10,TEMP,SECONDARY_13_24
2018,Ridge,2.2108992075240357,10,TEMP,SECONDARY_13_24
2018,RF,2.372943089253276,10,TEMP,SECONDARY_13_24
2018,HGB,2.7613036545425733,10,TEMP,SECONDARY_13_24
2019,GlobalClim,21.27113336639668,10,TEMP,SECONDARY_13_24
2019,DeptClim,22.237456602892305,10,TEMP,SECONDARY_13_24
2019,Persist,23.005242518711718,10,TEMP,SECONDARY_13_24
2019,Ridge,3.4548971396203187,10,TEMP,SECONDARY_13_24
2019,RF,3.5494621411650247,10,TEMP,SECONDARY_13_24
2019,HGB,4.049280530597162,10,TEMP,SECONDARY_13_24
2020,GlobalClim,20.561762641190022,10,TEMP,SECONDARY_13_24
2020,DeptClim,21.401639663142056,10,TEMP,SECONDARY_13_24
2020,Persist,21.525595376487242,10,TEMP,SECONDARY_13_24
2020,Ridge,1.9857972486025595,10,TEMP,SECONDARY_13_24
2020,RF,2.562929418536945,10,TEMP,SECONDARY_13_24
2020,HGB,2.6666918105645965,10,TEMP,SECONDARY_13_24
2021,GlobalClim,20.83967676440948,10,TEMP,SECONDARY_13_24
2021,DeptClim,21.961520137564996,10,TEMP,SECONDARY_13_24
2021,Persist,22.33030423983174,10,TEMP,SECONDARY_13_24
2021,Ridge,2.1257998714603663,10,TEMP,SECONDARY_13_24
2021,RF,2.18365721723928,10,TEMP,SECONDARY_13_24
2021,HGB,2.5622003669872826,10,TEMP,SECONDARY_13_24
2022,GlobalClim,22.373566483832285,10,TEMP,SECONDARY_13_24
2022,DeptClim,23.076523582108976,10,TEMP,SECONDARY_13_24
2022,Persist,22.889170196133417,10,TEMP,SECONDARY_13_24
2022,Ridge,2.325691066854902,10,TEMP,SECONDARY_13_24
2022,RF,2.4346036227354944,10,TEMP,SECONDARY_13_24
2022,HGB,2.6124739022226158,10,TEMP,SECONDARY_13_24
2023,GlobalClim,20.660845357057553,10,TEMP,SECONDARY_13_24
2023,DeptClim,21.403529404787463,10,TEMP,SECONDARY_13_24
2023,Persist,23.570552295532586,10,TEMP,SECONDARY_13_24
2023,Ridge,3.059920035873835,10,TEMP,SECONDARY_13_24
2023,RF,3.0016304349121423,10,TEMP,SECONDARY_13_24
2023,HGB,3.0313777645492004,10,TEMP,SECONDARY_13_24
2024,GlobalClim,20.82220487840639,10,TEMP,SECONDARY_13_24
2024,DeptClim,21.469431104262416,10,TEMP,SECONDARY_13_24
2024,Persist,23.87288552471578,10,TEMP,SECONDARY_13_24
2024,Ridge,2.6456172148317076,10,TEMP,SECONDARY_13_24
2024,RF,2.6276906976023624,10,TEMP,SECONDARY_13_24
2024,HGB,2.5350179748816113,10,TEMP,SECONDARY_13_24
2001,GlobalClim,25.13496643528824,11,TEMP,SECONDARY_13_24
2001,DeptClim,18.253827702200695,11,TEMP,SECONDARY_13_24
2001,Persist,4.144096081192174,11,TEMP,SECONDARY_13_24
2001,Ridge,0.6427796105458525,11,TEMP,SECONDARY_13_24
2001,RF,0.3664029535243274,11,TEMP,SECONDARY_13_24
2001,HGB,1.4562315342683516,11,TEMP,SECONDARY_13_24
2002,GlobalClim,29.88293770860845,11,TEMP,SECONDARY_13_24
2002,DeptClim,25.453562058953107,11,TEMP,SECONDARY_13_24
2002,Persist,9.753740156601976,11,TEMP,SECONDARY_13_24
2002,Ridge,9.426673723096673,11,TEMP,SECONDARY_13_24
2002,RF,9.121112362062657,11,TEMP,SECONDARY_13_24
2002,HGB,9.119037628344785,11,TEMP,SECONDARY_13_24
2003,GlobalClim,31.87065944514566,11,TEMP,SECONDARY_13_24
2003,DeptClim,26.89238239155523,11,TEMP,SECONDARY_13_24
2003,Persist,12.445900506174159,11,TEMP,SECONDARY_13_24
2003,Ridge,9.826363891680122,11,TEMP,SECONDARY_13_24
2003,RF,9.840380614661,11,TEMP,SECONDARY_13_24
2003,HGB,8.969347884068616,11,TEMP,SECONDARY_13_24
2004,GlobalClim,27.35094436893997,11,TEMP,SECONDARY_13_24
2004,DeptClim,22.840547919758617,11,TEMP,SECONDARY_13_24
2004,Persist,12.146614427227188,11,TEMP,SECONDARY_13_24
2004,Ridge,5.727853876875602,11,TEMP,SECONDARY_13_24
2004,RF,5.34425776415009,11,TEMP,SECONDARY_13_24
2004,HGB,6.316656869977576,11,TEMP,SECONDARY_13_24
2005,GlobalClim,21.052836182910738,11,TEMP,SECONDARY_13_24
2005,DeptClim,21.77524445108546,11,TEMP,SECONDARY_13_24
2005,Persist,19.310610933667913,11,TEMP,SECONDARY_13_24
2005,Ridge,8.614333411604495,11,TEMP,SECONDARY_13_24
2005,RF,8.334674191317887,11,TEMP,SECONDARY_13_24
2005,HGB,8.24262067425159,11,TEMP,SECONDARY_13_24
2006,GlobalClim,18.98910183087329,11,TEMP,SECONDARY_13_24
2006,DeptClim,19.73565140634369,11,TEMP,SECONDARY_13_24
2006,Persist,20.30997647579971,11,TEMP,SECONDARY_13_24
2006,Ridge,3.4608838019861654,11,TEMP,SECONDARY_13_24
2006,RF,3.4774882541070253,11,TEMP,SECONDARY_13_24
2006,HGB,3.547665452744152,11,TEMP,SECONDARY_13_24
2007,GlobalClim,19.236026807463755,11,TEMP,SECONDARY_13_24
2007,DeptClim,19.367156699159125,11,TEMP,SECONDARY_13_24
2007,Persist,19.677225755330003,11,TEMP,SECONDARY_13_24
2007,Ridge,3.584425068445965,11,TEMP,SECONDARY_13_24
2007,RF,3.3723605364269185,11,TEMP,SECONDARY_13_24
2007,HGB,3.659567646867902,11,TEMP,SECONDARY_13_24
2008,GlobalClim,20.565656968498143,11,TEMP,SECONDARY_13_24
2008,DeptClim,21.58727956483909,11,TEMP,SECONDARY_13_24
2008,Persist,21.79909803035321,11,TEMP,SECONDARY_13_24
2008,Ridge,2.632113269756542,11,TEMP,SECONDARY_13_24
2008,RF,2.4360420702247403,11,TEMP,SECONDARY_13_24
2008,HGB,2.681362567251427,11,TEMP,SECONDARY_13_24
2009,GlobalClim,20.039992613367748,11,TEMP,SECONDARY_13_24
2009,DeptClim,20.89331129309069,11,TEMP,SECONDARY_13_24
2009,Persist,21.360516439590118,11,TEMP,SECONDARY_13_24
2009,Ridge,2.639826335346381,11,TEMP,SECONDARY_13_24
2009,RF,2.6705403056304715,11,TEMP,SECONDARY_13_24
2009,HGB,2.513223608571512,11,TEMP,SECONDARY_13_24
2010,GlobalClim,22.284500751617877,11,TEMP,SECONDARY_13_24
2010,DeptClim,23.021383044927084,11,TEMP,SECONDARY_13_24
2010,Persist,22.26665581681746,11,TEMP,SECONDARY_13_24
2010,Ridge,2.7741071982583643,11,TEMP,SECONDARY_13_24
2010,RF,2.9907369024034787,11,TEMP,SECONDARY_13_24
2010,HGB,3.005702325758067,11,TEMP,SECONDARY_13_24
2011,GlobalClim,22.42186399878311,11,TEMP,SECONDARY_13_24
2011,DeptClim,23.203814063325794,11,TEMP,SECONDARY_13_24
2011,Persist,21.314651547749925,11,TEMP,SECONDARY_13_24
2011,Ridge,3.5627575179954043,11,TEMP,SECONDARY_13_24
2011,RF,3.2744555356085034,11,TEMP,SECONDARY_13_24
2011,HGB,3.4175906600741506,11,TEMP,SECONDARY_13_24
2012,GlobalClim,22.020858031131546,11,TEMP,SECONDARY_13_24
2012,DeptClim,22.98159536195848,11,TEMP,SECONDARY_13_24
2012,Persist,21.177197394796984,11,TEMP,SECONDARY_13_24
2012,Ridge,2.888360523410482,11,TEMP,SECONDARY_13_24
2012,RF,2.827214050370104,11,TEMP,SECONDARY_13_24
2012,HGB,2.838618969366299,11,TEMP,SECONDARY_13_24
2013,GlobalClim,23.656247640613522,11,TEMP,SECONDARY_13_24
2013,DeptClim,24.668410522621524,11,TEMP,SECONDARY_13_24
2013,Persist,22.29722145324802,11,TEMP,SECONDARY_13_24
2013,Ridge,5.3545024167352535,11,TEMP,SECONDARY_13_24
2013,RF,4.993368593969787,11,TEMP,SECONDARY_13_24
2013,HGB,5.378233497904853,11,TEMP,SECONDARY_13_24
2014,GlobalClim,21.40791203593868,11,TEMP,SECONDARY_13_24
2014,DeptClim,22.26670986346523,11,TEMP,SECONDARY_13_24
2014,Persist,21.83078882954701,11,TEMP,SECONDARY_13_24
2014,Ridge,3.0686393934607445,11,TEMP,SECONDARY_13_24
2014,RF,3.537544644560027,11,TEMP,SECONDARY_13_24
2014,HGB,2.90529423845516,11,TEMP,SECONDARY_13_24
2015,GlobalClim,20.503048933190403,11,TEMP,SECONDARY_13_24
2015,DeptClim,21.164236870600206,11,TEMP,SECONDARY_13_24
2015,Persist,22.093913161392834,11,TEMP,SECONDARY_13_24
2015,Ridge,2.2623218103692904,11,TEMP,SECONDARY_13_24
2015,RF,2.509319221479142,11,TEMP,SECONDARY_13_24
2015,HGB,2.225301966531056,11,TEMP,SECONDARY_13_24
2016,GlobalClim,21.047444908826222,11,TEMP,SECONDARY_13_24
2016,DeptClim,21.466952486993744,11,TEMP,SECONDARY_13_24
2016,Persist,21.334640911709823,11,TEMP,SECONDARY_13_24
2016,Ridge,2.2021322023494823,11,TEMP,SECONDARY_13_24
2016,RF,1.96513506082737,11,TEMP,SECONDARY_13_24
2016,HGB,2.2837046696617334,11,TEMP,SECONDARY_13_24
2017,GlobalClim,20.58327380749234,11,TEMP,SECONDARY_13_24
2017,DeptClim,21.136761854219824,11,TEMP,SECONDARY_13_24
2017,Persist,21.65136717094372,11,TEMP,SECONDARY_13_24
2017,Ridge,2.434128177348944,11,TEMP,SECONDARY_13_24
2017,RF,2.658602787657582,11,TEMP,SECONDARY_13_24
2017,HGB,2.893140773066282,11,TEMP,SECONDARY_13_24
2018,GlobalClim,20.73740006339415,11,TEMP,SECONDARY_13_24
2018,DeptClim,21.506626139399547,11,TEMP,SECONDARY_13_24
2018,Persist,21.649770953481287,11,TEMP,SECONDARY_13_24
2018,Ridge,2.197714860155982,11,TEMP,SECONDARY_13_24
2018,RF,2.123182531797718,11,TEMP,SECONDARY_13_24
2018,HGB,2.329075216629148,11,TEMP,SECONDARY_13_24
2019,GlobalClim,20.65910326371864,11,TEMP,SECONDARY_13_24
2019,DeptClim,21.821537400445422,11,TEMP,SECONDARY_13_24
2019,Persist,21.707961789926685,11,TEMP,SECONDARY_13_24
2019,Ridge,3.9313822336312434,11,TEMP,SECONDARY_13_24
2019,RF,4.07491930763583,11,TEMP,SECONDARY_13_24
2019,HGB,4.486688351922386,11,TEMP,SECONDARY_13_24
2020,GlobalClim,20.794247139829135,11,TEMP,SECONDARY_13_24
2020,DeptClim,21.62197594654096,11,TEMP,SECONDARY_13_24
2020,Persist,22.54464873397448,11,TEMP,SECONDARY_13_24
2020,Ridge,2.063724296894151,11,TEMP,SECONDARY_13_24
2020,RF,2.1382028092321894,11,TEMP,SECONDARY_13_24
2020,HGB,2.757755567725512,11,TEMP,SECONDARY_13_24
2021,GlobalClim,20.856769350002356,11,TEMP,SECONDARY_13_24
2021,DeptClim,21.516737083715512,11,TEMP,SECONDARY_13_24
2021,Persist,22.308674341112685,11,TEMP,SECONDARY_13_24
2021,Ridge,3.2070976791108694,11,TEMP,SECONDARY_13_24
2021,RF,2.8827124091777057,11,TEMP,SECONDARY_13_24
2021,HGB,2.871999742401491,11,TEMP,SECONDARY_13_24
2022,GlobalClim,22.58574864177494,11,TEMP,SECONDARY_13_24
2022,DeptClim,23.207679251710648,11,TEMP,SECONDARY_13_24
2022,Persist,23.06369724917899,11,TEMP,SECONDARY_13_24
2022,Ridge,2.823972842685765,11,TEMP,SECONDARY_13_24
2022,RF,2.8758761592639286,11,TEMP,SECONDARY_13_24
2022,HGB,2.864769899971192,11,TEMP,SECONDARY_13_24
2023,GlobalClim,20.570750118065014,11,TEMP,SECONDARY_13_24
2023,DeptClim,21.24511079480148,11,TEMP,SECONDARY_13_24
2023,Persist,22.680699835193447,11,TEMP,SECONDARY_13_24
2023,Ridge,3.148125674649347,11,TEMP,SECONDARY_13_24
2023,RF,2.8824604968528966,11,TEMP,SECONDARY_13_24
2023,HGB,3.1721715091452993,11,TEMP,SECONDARY_13_24
2024,GlobalClim,20.68357835204357,11,TEMP,SECONDARY_13_24
2024,DeptClim,21.427901447970598,11,TEMP,SECONDARY_13_24
2024,Persist,23.278762863178525,11,TEMP,SECONDARY_13_24
2024,Ridge,2.779611424530067,11,TEMP,SECONDARY_13_24
2024,RF,2.894987290560282,11,TEMP,SECONDARY_13_24
2024,HGB,2.6827728440975287,11,TEMP,SECONDARY_13_24
2001,GlobalClim,23.32090331019271,12,TEMP,SECONDARY_13_24
2001,DeptClim,16.198755972467378,12,TEMP,SECONDARY_13_24
2001,Persist,5.511325254278199,12,TEMP,SECONDARY_13_24
2001,Ridge,1.913188668297967,12,TEMP,SECONDARY_13_24
2001,RF,2.525630654348346,12,TEMP,SECONDARY_13_24
2001,HGB,1.1771375623345044,12,TEMP,SECONDARY_13_24
2002,GlobalClim,29.153790408330153,12,TEMP,SECONDARY_13_24
2002,DeptClim,25.004830368606157,12,TEMP,SECONDARY_13_24
2002,Persist,9.389304315254329,12,TEMP,SECONDARY_13_24
2002,Ridge,8.880771887978668,12,TEMP,SECONDARY_13_24
2002,RF,8.74920269336038,12,TEMP,SECONDARY_13_24
2002,HGB,8.603463476367018,12,TEMP,SECONDARY_13_24
2003,GlobalClim,31.300813558727317,12,TEMP,SECONDARY_13_24
2003,DeptClim,26.535799640125546,12,TEMP,SECONDARY_13_24
2003,Persist,11.41530994572016,12,TEMP,SECONDARY_13_24
2003,Ridge,9.652177071638949,12,TEMP,SECONDARY_13_24
2003,RF,9.430847364466041,12,TEMP,SECONDARY_13_24
2003,HGB,9.683723365234075,12,TEMP,SECONDARY_13_24
2004,GlobalClim,26.757728388020233,12,TEMP,SECONDARY_13_24
2004,DeptClim,22.548257436750344,12,TEMP,SECONDARY_13_24
2004,Persist,13.78939008720592,12,TEMP,SECONDARY_13_24
2004,Ridge,5.735599560853726,12,TEMP,SECONDARY_13_24
2004,RF,5.646371932508878,12,TEMP,SECONDARY_13_24
2004,HGB,6.5715452715257605,12,TEMP,SECONDARY_13_24
2005,GlobalClim,19.34921330622385,12,TEMP,SECONDARY_13_24
2005,DeptClim,20.140493926000726,12,TEMP,SECONDARY_13_24
2005,Persist,20.662845959213683,12,TEMP,SECONDARY_13_24
2005,Ridge,6.220609926680792,12,TEMP,SECONDARY_13_24
2005,RF,6.20044199340025,12,TEMP,SECONDARY_13_24
2005,HGB,6.245849797469416,12,TEMP,SECONDARY_13_24
2006,GlobalClim,18.500552717672562,12,TEMP,SECONDARY_13_24
2006,DeptClim,19.540931834296195,12,TEMP,SECONDARY_13_24
2006,Persist,20.32144700708328,12,TEMP,SECONDARY_13_24
2006,Ridge,3.945849915550137,12,TEMP,SECONDARY_13_24
2006,RF,3.867598008840397,12,TEMP,SECONDARY_13_24
2006,HGB,3.932679819518562,12,TEMP,SECONDARY_13_24
2007,GlobalClim,19.95040695857707,12,TEMP,SECONDARY_13_24
2007,DeptClim,20.68663783543746,12,TEMP,SECONDARY_13_24
2007,Persist,21.22433016418713,12,TEMP,SECONDARY_13_24
2007,Ridge,3.3763033018848425,12,TEMP,SECONDARY_13_24
2007,RF,3.396639926323339,12,TEMP,SECONDARY_13_24
2007,HGB,3.7168989370417944,12,TEMP,SECONDARY_13_24
2008,GlobalClim,19.522221711483187,12,TEMP,SECONDARY_13_24
2008,DeptClim,20.289145237848917,12,TEMP,SECONDARY_13_24
2008,Persist,20.534518579402196,12,TEMP,SECONDARY_13_24
2008,Ridge,3.134184670227337,12,TEMP,SECONDARY_13_24
2008,RF,2.829549811586559,12,TEMP,SECONDARY_13_24
2008,HGB,2.834550622459234,12,TEMP,SECONDARY_13_24
2009,GlobalClim,21.955242639930002,12,TEMP,SECONDARY_13_24
2009,DeptClim,22.681713116394018,12,TEMP,SECONDARY_13_24
2009,Persist,23.352235091717265,12,TEMP,SECONDARY_13_24
2009,Ridge,3.693598889449997,12,TEMP,SECONDARY_13_24
2009,RF,3.7998567070457407,12,TEMP,SECONDARY_13_24
2009,HGB,3.6428311479507753,12,TEMP,SECONDARY_13_24
2010,GlobalClim,21.210392083874645,12,TEMP,SECONDARY_13_24
2010,DeptClim,21.80065028203205,12,TEMP,SECONDARY_13_24
2010,Persist,20.520043800410352,12,TEMP,SECONDARY_13_24
2010,Ridge,2.4130646765464627,12,TEMP,SECONDARY_13_24
2010,RF,2.7419193943438245,12,TEMP,SECONDARY_13_24
2010,HGB,2.7051678268580512,12,TEMP,SECONDARY_13_24
2011,GlobalClim,23.946173418509755,12,TEMP,SECONDARY_13_24
2011,DeptClim,24.811937632061305,12,TEMP,SECONDARY_13_24
2011,Persist,23.484011535843905,12,TEMP,SECONDARY_13_24
2011,Ridge,6.208021039147438,12,TEMP,SECONDARY_13_24
2011,RF,6.15441202299758,12,TEMP,SECONDARY_13_24
2011,HGB,6.1529512928219345,12,TEMP,SECONDARY_13_24
2012,GlobalClim,21.707954531270563,12,TEMP,SECONDARY_13_24
2012,DeptClim,22.308992241242247,12,TEMP,SECONDARY_13_24
2012,Persist,21.43973042483118,12,TEMP,SECONDARY_13_24
2012,Ridge,2.9182494393324863,12,TEMP,SECONDARY_13_24
2012,RF,2.5496003441228092,12,TEMP,SECONDARY_13_24
2012,HGB,2.4941382062086332,12,TEMP,SECONDARY_13_24
2013,GlobalClim,22.95675320272336,12,TEMP,SECONDARY_13_24
2013,DeptClim,23.85867719844122,12,TEMP,SECONDARY_13_24
2013,Persist,21.512912438733885,12,TEMP,SECONDARY_13_24
2013,Ridge,5.150536485883861,12,TEMP,SECONDARY_13_24
2013,RF,4.769321399090952,12,TEMP,SECONDARY_13_24
2013,HGB,5.1213291101243374,12,TEMP,SECONDARY_13_24
2014,GlobalClim,21.098495305823597,12,TEMP,SECONDARY_13_24
2014,DeptClim,21.91373955064525,12,TEMP,SECONDARY_13_24
2014,Persist,21.94578402418265,12,TEMP,SECONDARY_13_24
2014,Ridge,2.9921585016623795,12,TEMP,SECONDARY_13_24
2014,RF,3.0637550950765555,12,TEMP,SECONDARY_13_24
2014,HGB,3.051786005680385,12,TEMP,SECONDARY_13_24
2015,GlobalClim,19.63245454962416,12,TEMP,SECONDARY_13_24
2015,DeptClim,20.061208342129596,12,TEMP,SECONDARY_13_24
2015,Persist,20.79513914121527,12,TEMP,SECONDARY_13_24
2015,Ridge,2.735156999259852,12,TEMP,SECONDARY_13_24
2015,RF,2.912202856398498,12,TEMP,SECONDARY_13_24
2015,HGB,3.1044293425081273,12,TEMP,SECONDARY_13_24
2016,GlobalClim,20.889553227832415,12,TEMP,SECONDARY_13_24
2016,DeptClim,20.98878765388653,12,TEMP,SECONDARY_13_24
2016,Persist,21.641933089382313,12,TEMP,SECONDARY_13_24
2016,Ridge,1.7815753110122152,12,TEMP,SECONDARY_13_24
2016,RF,1.5642111325778725,12,TEMP,SECONDARY_13_24
2016,HGB,1.8111883039084933,12,TEMP,SECONDARY_13_24
2017,GlobalClim,20.56929779764142,12,TEMP,SECONDARY_13_24
2017,DeptClim,21.46546364402297,12,TEMP,SECONDARY_13_24
2017,Persist,22.35339661253081,12,TEMP,SECONDARY_13_24
2017,Ridge,2.300164119502728,12,TEMP,SECONDARY_13_24
2017,RF,2.7877508971840403,12,TEMP,SECONDARY_13_24
2017,HGB,2.711952056660227,12,TEMP,SECONDARY_13_24
2018,GlobalClim,20.80884540836532,12,TEMP,SECONDARY_13_24
2018,DeptClim,21.70302251485706,12,TEMP,SECONDARY_13_24
2018,Persist,22.1923922647992,12,TEMP,SECONDARY_13_24
2018,Ridge,2.3791479544067435,12,TEMP,SECONDARY_13_24
2018,RF,2.468106515747353,12,TEMP,SECONDARY_13_24
2018,HGB,2.692053770530818,12,TEMP,SECONDARY_13_24
2019,GlobalClim,20.538924377359095,12,TEMP,SECONDARY_13_24
2019,DeptClim,21.93594414041092,12,TEMP,SECONDARY_13_24
2019,Persist,22.13874443325407,12,TEMP,SECONDARY_13_24
2019,Ridge,4.2102992955190155,12,TEMP,SECONDARY_13_24
2019,RF,4.530331880233932,12,TEMP,SECONDARY_13_24
2019,HGB,4.71092290688706,12,TEMP,SECONDARY_13_24
2020,GlobalClim,20.641810921480634,12,TEMP,SECONDARY_13_24
2020,DeptClim,21.54160005302259,12,TEMP,SECONDARY_13_24
2020,Persist,22.139467717095638,12,TEMP,SECONDARY_13_24
2020,Ridge,2.097491700997,12,TEMP,SECONDARY_13_24
2020,RF,2.260700219172119,12,TEMP,SECONDARY_13_24
2020,HGB,2.6397739607894186,12,TEMP,SECONDARY_13_24
2021,GlobalClim,21.208630943125776,12,TEMP,SECONDARY_13_24
2021,DeptClim,21.938658972984456,12,TEMP,SECONDARY_13_24
2021,Persist,22.405456129851725,12,TEMP,SECONDARY_13_24
2021,Ridge,2.242648359796952,12,TEMP,SECONDARY_13_24
2021,RF,2.145468697037454,12,TEMP,SECONDARY_13_24
2021,HGB,1.9413017420707896,12,TEMP,SECONDARY_13_24
2022,GlobalClim,22.18479402378605,12,TEMP,SECONDARY_13_24
2022,DeptClim,22.73647396642892,12,TEMP,SECONDARY_13_24
2022,Persist,22.133276042329992,12,TEMP,SECONDARY_13_24
2022,Ridge,2.2943628118947434,12,TEMP,SECONDARY_13_24
2022,RF,2.360058194457839,12,TEMP,SECONDARY_13_24
2022,HGB,2.599965433157258,12,TEMP,SECONDARY_13_24
2023,GlobalClim,19.922311499412597,12,TEMP,SECONDARY_13_24
2023,DeptClim,20.86876688129475,12,TEMP,SECONDARY_13_24
2023,Persist,22.532849044938814,12,TEMP,SECONDARY_13_24
2023,Ridge,2.751302388550575,12,TEMP,SECONDARY_13_24
2023,RF,2.739190536439395,12,TEMP,SECONDARY_13_24
2023,HGB,3.026622912327604,12,TEMP,SECONDARY_13_24
2024,GlobalClim,20.393411339979252,12,TEMP,SECONDARY_13_24
2024,DeptClim,20.93103787562066,12,TEMP,SECONDARY_13_24
2024,Persist,22.41555152208183,12,TEMP,SECONDARY_13_24
2024,Ridge,2.5050544541114808,12,TEMP,SECONDARY_13_24
2024,RF,2.6453646816431946,12,TEMP,SECONDARY_13_24
2024,HGB,2.648566188720643,12,TEMP,SECONDARY_13_24
2001,GlobalClim,24.836178503676546,2,TEMP,AVG
2001,DeptClim,18.366528955813358,2,TEMP,AVG
2001,Persist,3.453280117603981,2,TEMP,AVG
2001,Ridge,5.237843364762316,2,TEMP,AVG
2001,RF,3.1416596675676933,2,TEMP,AVG
2001,HGB,1.1992330813076935,2,TEMP,AVG
2002,GlobalClim,27.516132769768685,2,TEMP,AVG
2002,DeptClim,20.99097183912399,2,TEMP,AVG
2002,Persist,11.826097299041562,2,TEMP,AVG
2002,Ridge,8.330981369976525,2,TEMP,AVG
2002,RF,5.523851754454898,2,TEMP,AVG
2002,HGB,5.481165856324296,2,TEMP,AVG
2003,GlobalClim,30.113490238508053,2,TEMP,AVG
2003,DeptClim,26.168888136182606,2,TEMP,AVG
2003,Persist,9.400120719787097,2,TEMP,AVG
2003,Ridge,2.361948873057061,2,TEMP,AVG
2003,RF,1.435612592406547,2,TEMP,AVG
2003,HGB,3.9003742963674135,2,TEMP,AVG
2004,GlobalClim,29.91786554227016,2,TEMP,AVG
2004,DeptClim,24.970437757079992,2,TEMP,AVG
2004,Persist,11.701666733576689,2,TEMP,AVG
2004,Ridge,7.829861087765411,2,TEMP,AVG
2004,RF,5.6148521298671366,2,TEMP,AVG
2004,HGB,6.536273847256963,2,TEMP,AVG
2005,GlobalClim,25.725946309372112,2,TEMP,AVG
2005,DeptClim,25.207285530099437,2,TEMP,AVG
2005,Persist,19.099001263973275,2,TEMP,AVG
2005,Ridge,7.153997918912876,2,TEMP,AVG
2005,RF,7.624109546735323,2,TEMP,AVG
2005,HGB,7.980876953282853,2,TEMP,AVG
2006,GlobalClim,19.013345394794154,2,TEMP,AVG
2006,DeptClim,20.004197210927288,2,TEMP,AVG
2006,Persist,19.956524446091827,2,TEMP,AVG
2006,Ridge,4.541092332078193,2,TEMP,AVG
2006,RF,4.726668695822736,2,TEMP,AVG
2006,HGB,4.947896365604879,2,TEMP,AVG
2007,GlobalClim,18.933242278144508,2,TEMP,AVG
2007,DeptClim,19.918797540590433,2,TEMP,AVG
2007,Persist,20.63790664357851,2,TEMP,AVG
2007,Ridge,3.3718039559803263,2,TEMP,AVG
2007,RF,3.6293785203092153,2,TEMP,AVG
2007,HGB,4.093222089648293,2,TEMP,AVG
2008,GlobalClim,20.11705142940062,2,TEMP,AVG
2008,DeptClim,20.09748253782639,2,TEMP,AVG
2008,Persist,19.989792328099337,2,TEMP,AVG
2008,Ridge,2.717039718212756,2,TEMP,AVG
2008,RF,2.7798042914099774,2,TEMP,AVG
2008,HGB,2.9688517244063357,2,TEMP,AVG
2009,GlobalClim,20.423643318980016,2,TEMP,AVG
2009,DeptClim,21.151662410047912,2,TEMP,AVG
2009,Persist,21.031772612089103,2,TEMP,AVG
2009,Ridge,2.209038391364453,2,TEMP,AVG
2009,RF,2.1538821937233634,2,TEMP,AVG
2009,HGB,2.4638808059936617,2,TEMP,AVG
2010,GlobalClim,21.193754127830633,2,TEMP,AVG
2010,DeptClim,22.33573483596036,2,TEMP,AVG
2010,Persist,21.77676416439257,2,TEMP,AVG
2010,Ridge,3.1646909621736428,2,TEMP,AVG
2010,RF,3.2231326440606276,2,TEMP,AVG
2010,HGB,3.2745727733485044,2,TEMP,AVG
2011,GlobalClim,22.396234822061274,2,TEMP,AVG
2011,DeptClim,23.025588394689517,2,TEMP,AVG
2011,Persist,21.28046272070568,2,TEMP,AVG
2011,Ridge,2.4059151953663283,2,TEMP,AVG
2011,RF,2.8368025363017075,2,TEMP,AVG
2011,HGB,2.9955657572619514,2,TEMP,AVG
2012,GlobalClim,24.828491668505695,2,TEMP,AVG
2012,DeptClim,25.418738706355324,2,TEMP,AVG
2012,Persist,22.15080094789737,2,TEMP,AVG
2012,Ridge,4.764490269399453,2,TEMP,AVG
2012,RF,5.572092269046887,2,TEMP,AVG
2012,HGB,5.711127532351735,2,TEMP,AVG
2013,GlobalClim,22.65961321691972,2,TEMP,AVG
2013,DeptClim,23.480444085970632,2,TEMP,AVG
2013,Persist,22.50429465606241,2,TEMP,AVG
2013,Ridge,2.7080284023637553,2,TEMP,AVG
2013,RF,2.579139224092675,2,TEMP,AVG
2013,HGB,2.655023420337684,2,TEMP,AVG
2014,GlobalClim,23.01782973654543,2,TEMP,AVG
2014,DeptClim,24.08536549549369,2,TEMP,AVG
2014,Persist,21.803812699243544,2,TEMP,AVG
2014,Ridge,2.404243820586685,2,TEMP,AVG
2014,RF,3.7524230597148756,2,TEMP,AVG
2014,HGB,3.7590016991775803,2,TEMP,AVG
2015,GlobalClim,22.160924423821513,2,TEMP,AVG
2015,DeptClim,23.32888871899737,2,TEMP,AVG
2015,Persist,22.357058927191442,2,TEMP,AVG
2015,Ridge,2.0878759076122506,2,TEMP,AVG
2015,RF,2.642312992160854,2,TEMP,AVG
2015,HGB,2.4839958131545057,2,TEMP,AVG
2016,GlobalClim,20.571638469635182,2,TEMP,AVG
2016,DeptClim,20.95867773638728,2,TEMP,AVG
2016,Persist,22.022545279395825,2,TEMP,AVG
2016,Ridge,1.6187170849826553,2,TEMP,AVG
2016,RF,1.7617529960164797,2,TEMP,AVG
2016,HGB,2.135302710724857,2,TEMP,AVG
2017,GlobalClim,21.510238015502082,2,TEMP,AVG
2017,DeptClim,21.953963236364228,2,TEMP,AVG
2017,Persist,21.429805501750877,2,TEMP,AVG
2017,Ridge,1.358363330374777,2,TEMP,AVG
2017,RF,1.4181591192439282,2,TEMP,AVG
2017,HGB,1.7645346564820694,2,TEMP,AVG
2018,GlobalClim,21.750877372961316,2,TEMP,AVG
2018,DeptClim,22.494718851488308,2,TEMP,AVG
2018,Persist,22.328212970696036,2,TEMP,AVG
2018,Ridge,2.0282140678858585,2,TEMP,AVG
2018,RF,2.418438120138844,2,TEMP,AVG
2018,HGB,2.6270324157378053,2,TEMP,AVG
2019,GlobalClim,21.24863797685772,2,TEMP,AVG
2019,DeptClim,21.946506898123857,2,TEMP,AVG
2019,Persist,21.979129404032946,2,TEMP,AVG
2019,Ridge,1.281656477072893,2,TEMP,AVG
2019,RF,2.1000072209881924,2,TEMP,AVG
2019,HGB,2.390849315928826,2,TEMP,AVG
2020,GlobalClim,20.509298395626324,2,TEMP,AVG
2020,DeptClim,21.618811605029126,2,TEMP,AVG
2020,Persist,21.81889351583719,2,TEMP,AVG
2020,Ridge,1.489761201686499,2,TEMP,AVG
2020,RF,3.5529772157204507,2,TEMP,AVG
2020,HGB,3.7185880662509603,2,TEMP,AVG
2021,GlobalClim,21.38628294283085,2,TEMP,AVG
2021,DeptClim,22.414120500567957,2,TEMP,AVG
2021,Persist,22.459587806680176,2,TEMP,AVG
2021,Ridge,2.734096837796165,2,TEMP,AVG
2021,RF,3.483837876798406,2,TEMP,AVG
2021,HGB,3.926760410616363,2,TEMP,AVG
2022,GlobalClim,21.874125712322684,2,TEMP,AVG
2022,DeptClim,22.46139534920416,2,TEMP,AVG
2022,Persist,21.95313216142473,2,TEMP,AVG
2022,Ridge,3.798939088519139,2,TEMP,AVG
2022,RF,3.275058489084983,2,TEMP,AVG
2022,HGB,3.42483752034688,2,TEMP,AVG
2023,GlobalClim,22.130648366925197,2,TEMP,AVG
2023,DeptClim,22.62675014089169,2,TEMP,AVG
2023,Persist,22.576562777656306,2,TEMP,AVG
2023,Ridge,2.4537459420372025,2,TEMP,AVG
2023,RF,2.1073090308719857,2,TEMP,AVG
2023,HGB,2.3632938238846255,2,TEMP,AVG
2024,GlobalClim,20.922529365740324,2,TEMP,AVG
2024,DeptClim,21.53047140475813,2,TEMP,AVG
2024,Persist,23.662263357528275,2,TEMP,AVG
2024,Ridge,2.4191887477190837,2,TEMP,AVG
2024,RF,2.9742300942107534,2,TEMP,AVG
2024,HGB,3.0200585691466055,2,TEMP,AVG
2025,GlobalClim,21.102429049271386,2,TEMP,AVG
2025,DeptClim,21.384086617996093,2,TEMP,AVG
2025,Persist,22.635894198222346,2,TEMP,AVG
2025,Ridge,2.6847461088594753,2,TEMP,AVG
2025,RF,2.6172444510161563,2,TEMP,AVG
2025,HGB,2.4549928268016665,2,TEMP,AVG
2001,GlobalClim,24.67387271053345,3,TEMP,AVG
2001,DeptClim,18.11732145756966,3,TEMP,AVG
2001,Persist,3.360495747901723,3,TEMP,AVG
2001,Ridge,4.050265969305782,3,TEMP,AVG
2001,RF,3.07608966559694,3,TEMP,AVG
2001,HGB,1.5698410345169744,3,TEMP,AVG
2002,GlobalClim,20.680965104293165,3,TEMP,AVG
2002,DeptClim,14.600799087184178,3,TEMP,AVG
2002,Persist,4.106385584290681,3,TEMP,AVG
2002,Ridge,10.677570781251879,3,TEMP,AVG
2002,RF,14.11590465363562,3,TEMP,AVG
2002,HGB,10.226317650323564,3,TEMP,AVG
2003,GlobalClim,30.55778853558725,3,TEMP,AVG
2003,DeptClim,26.580911730269335,3,TEMP,AVG
2003,Persist,10.161225907909861,3,TEMP,AVG
2003,Ridge,9.824710180217144,3,TEMP,AVG
2003,RF,8.65828366128225,3,TEMP,AVG
2003,HGB,8.006800642568507,3,TEMP,AVG
2004,GlobalClim,31.308114502731357,3,TEMP,AVG
2004,DeptClim,26.671092141914432,3,TEMP,AVG
2004,Persist,13.274008804169485,3,TEMP,AVG
2004,Ridge,5.296444023400124,3,TEMP,AVG
2004,RF,4.703148524356781,3,TEMP,AVG
2004,HGB,7.4606465872626595,3,TEMP,AVG
2005,GlobalClim,26.00319147745989,3,TEMP,AVG
2005,DeptClim,25.29166256090165,3,TEMP,AVG
2005,Persist,18.64852730661639,3,TEMP,AVG
2005,Ridge,8.142300048792478,3,TEMP,AVG
2005,RF,8.53559232141699,3,TEMP,AVG
2005,HGB,8.583830032355408,3,TEMP,AVG
2006,GlobalClim,19.46878709640829,3,TEMP,AVG
2006,DeptClim,20.245995150047474,3,TEMP,AVG
2006,Persist,20.752974518547088,3,TEMP,AVG
2006,Ridge,3.3871317014078555,3,TEMP,AVG
2006,RF,3.5693493317423615,3,TEMP,AVG
2006,HGB,3.809901787682727,3,TEMP,AVG
2007,GlobalClim,19.41895229942981,3,TEMP,AVG
2007,DeptClim,20.26560564084272,3,TEMP,AVG
2007,Persist,21.273017201738096,3,TEMP,AVG
2007,Ridge,3.065926562380262,3,TEMP,AVG
2007,RF,3.0877078185841924,3,TEMP,AVG
2007,HGB,3.4738861726412904,3,TEMP,AVG
2008,GlobalClim,20.141224501486917,3,TEMP,AVG
2008,DeptClim,20.37173935230233,3,TEMP,AVG
2008,Persist,20.553716353868406,3,TEMP,AVG
2008,Ridge,3.0256175327893,3,TEMP,AVG
2008,RF,3.0515352496957986,3,TEMP,AVG
2008,HGB,3.3843627271144707,3,TEMP,AVG
2009,GlobalClim,20.948099815722486,3,TEMP,AVG
2009,DeptClim,21.631249771228642,3,TEMP,AVG
2009,Persist,21.917415296687082,3,TEMP,AVG
2009,Ridge,2.099384271093875,3,TEMP,AVG
2009,RF,2.1733306708474984,3,TEMP,AVG
2009,HGB,2.318490295657578,3,TEMP,AVG
2010,GlobalClim,20.090485558735647,3,TEMP,AVG
2010,DeptClim,20.55386694712066,3,TEMP,AVG
2010,Persist,20.973223362969836,3,TEMP,AVG
2010,Ridge,3.8489305288309184,3,TEMP,AVG
2010,RF,3.6775948037511044,3,TEMP,AVG
2010,HGB,3.7594804400366177,3,TEMP,AVG
2011,GlobalClim,23.76093661181403,3,TEMP,AVG
2011,DeptClim,24.6984941003338,3,TEMP,AVG
2011,Persist,23.67948740771976,3,TEMP,AVG
2011,Ridge,5.301396569874194,3,TEMP,AVG
2011,RF,5.752464456884694,3,TEMP,AVG
2011,HGB,5.528121008376729,3,TEMP,AVG
2012,GlobalClim,24.239746876682997,3,TEMP,AVG
2012,DeptClim,24.759651498933987,3,TEMP,AVG
2012,Persist,21.19161127064937,3,TEMP,AVG
2012,Ridge,5.629139775170432,3,TEMP,AVG
2012,RF,5.664119618320623,3,TEMP,AVG
2012,HGB,5.718818807682734,3,TEMP,AVG
2013,GlobalClim,21.80842084603398,3,TEMP,AVG
2013,DeptClim,22.65182541025309,3,TEMP,AVG
2013,Persist,21.431984167380268,3,TEMP,AVG
2013,Ridge,2.23670927581826,3,TEMP,AVG
2013,RF,2.3871945484070296,3,TEMP,AVG
2013,HGB,2.523515443203674,3,TEMP,AVG
2014,GlobalClim,22.748230687873445,3,TEMP,AVG
2014,DeptClim,23.393939142847945,3,TEMP,AVG
2014,Persist,22.089553931021452,3,TEMP,AVG
2014,Ridge,3.06120626210163,3,TEMP,AVG
2014,RF,3.7699251637685522,3,TEMP,AVG
2014,HGB,4.352282902117622,3,TEMP,AVG
2015,GlobalClim,21.32923605483792,3,TEMP,AVG
2015,DeptClim,22.10636708762984,3,TEMP,AVG
2015,Persist,21.905994115905514,3,TEMP,AVG
2015,Ridge,2.31792960146892,3,TEMP,AVG
2015,RF,2.4819092041799093,3,TEMP,AVG
2015,HGB,2.3769536781733875,3,TEMP,AVG
2016,GlobalClim,21.039964104430627,3,TEMP,AVG
2016,DeptClim,21.373573185990182,3,TEMP,AVG
2016,Persist,22.167295174255518,3,TEMP,AVG
2016,Ridge,3.62620185391977,3,TEMP,AVG
2016,RF,3.826605591908014,3,TEMP,AVG
2016,HGB,3.6403957650381407,3,TEMP,AVG
2017,GlobalClim,21.40695100457799,3,TEMP,AVG
2017,DeptClim,22.372363838309756,3,TEMP,AVG
2017,Persist,22.660570656731107,3,TEMP,AVG
2017,Ridge,2.886150105701516,3,TEMP,AVG
2017,RF,3.0307707727930806,3,TEMP,AVG
2017,HGB,3.4987554363904474,3,TEMP,AVG
2018,GlobalClim,21.566241199868763,3,TEMP,AVG
2018,DeptClim,22.319860393324813,3,TEMP,AVG
2018,Persist,21.982416789343684,3,TEMP,AVG
2018,Ridge,2.7241019639060697,3,TEMP,AVG
2018,RF,3.601880248944769,3,TEMP,AVG
2018,HGB,2.9041365556863665,3,TEMP,AVG
2019,GlobalClim,21.107785529474217,3,TEMP,AVG
2019,DeptClim,22.180801981668637,3,TEMP,AVG
2019,Persist,22.75330660525656,3,TEMP,AVG
2019,Ridge,2.9490789005302926,3,TEMP,AVG
2019,RF,3.6394079227740113,3,TEMP,AVG
2019,HGB,4.3999930756653,3,TEMP,AVG
2020,GlobalClim,20.253085289291967,3,TEMP,AVG
2020,DeptClim,21.23276874589577,3,TEMP,AVG
2020,Persist,22.313290840194757,3,TEMP,AVG
2020,Ridge,1.8278402868637509,3,TEMP,AVG
2020,RF,3.2025144781739234,3,TEMP,AVG
2020,HGB,3.4839285462023515,3,TEMP,AVG
2021,GlobalClim,22.19192488456505,3,TEMP,AVG
2021,DeptClim,22.974381168859946,3,TEMP,AVG
2021,Persist,23.931125348208944,3,TEMP,AVG
2021,Ridge,2.555971576246401,3,TEMP,AVG
2021,RF,2.7118494585465767,3,TEMP,AVG
2021,HGB,2.972328766784707,3,TEMP,AVG
2022,GlobalClim,22.671822180629025,3,TEMP,AVG
2022,DeptClim,23.071990215147217,3,TEMP,AVG
2022,Persist,23.65632261923113,3,TEMP,AVG
2022,Ridge,4.053963440942193,3,TEMP,AVG
2022,RF,3.621914636749761,3,TEMP,AVG
2022,HGB,3.6550555475619335,3,TEMP,AVG
2023,GlobalClim,22.20838457719592,3,TEMP,AVG
2023,DeptClim,22.698185108500795,3,TEMP,AVG
2023,Persist,23.073813288233403,3,TEMP,AVG
2023,Ridge,2.9225914947810985,3,TEMP,AVG
2023,RF,2.865733950308421,3,TEMP,AVG
2023,HGB,2.7490094790938873,3,TEMP,AVG
2024,GlobalClim,20.069857441572992,3,TEMP,AVG
2024,DeptClim,20.971244562517658,3,TEMP,AVG
2024,Persist,22.618221424606826,3,TEMP,AVG
2024,Ridge,2.25579362780961,3,TEMP,AVG
2024,RF,2.558891853561711,3,TEMP,AVG
2024,HGB,2.6774381419816042,3,TEMP,AVG
2025,GlobalClim,21.447069194636303,3,TEMP,AVG
2025,DeptClim,21.89048849429249,3,TEMP,AVG
2025,Persist,23.55092668144032,3,TEMP,AVG
2025,Ridge,2.613705820854772,3,TEMP,AVG
2025,RF,2.3194441225736506,3,TEMP,AVG
2025,HGB,2.294148279768717,3,TEMP,AVG
2001,GlobalClim,23.688864113606698,4,TEMP,AVG
2001,DeptClim,16.626998630498324,4,TEMP,AVG
2001,Persist,2.532774284873767,4,TEMP,AVG
2001,Ridge,4.348324324824028,4,TEMP,AVG
2001,RF,3.2088488975843976,4,TEMP,AVG
2001,HGB,2.702196593039595,4,TEMP,AVG
2002,GlobalClim,20.22152584378871,4,TEMP,AVG
2002,DeptClim,13.679842789457085,4,TEMP,AVG
2002,Persist,9.289523844464455,4,TEMP,AVG
2002,Ridge,2.702119556019054,4,TEMP,AVG
2002,RF,4.726449607899332,4,TEMP,AVG
2002,HGB,4.096771893350436,4,TEMP,AVG
2003,GlobalClim,29.293354814165493,4,TEMP,AVG
2003,DeptClim,25.181736455034653,4,TEMP,AVG
2003,Persist,8.960674624929995,4,TEMP,AVG
2003,Ridge,8.882278786477213,4,TEMP,AVG
2003,RF,7.75936523206283,4,TEMP,AVG
2003,HGB,7.4164574082182595,4,TEMP,AVG
2004,GlobalClim,30.42062030774305,4,TEMP,AVG
2004,DeptClim,25.601653564536754,4,TEMP,AVG
2004,Persist,12.536227568606574,4,TEMP,AVG
2004,Ridge,4.800393450241015,4,TEMP,AVG
2004,RF,4.353807843253139,4,TEMP,AVG
2004,HGB,5.695902471088418,4,TEMP,AVG
2005,GlobalClim,25.135412601078553,4,TEMP,AVG
2005,DeptClim,24.856724323613403,4,TEMP,AVG
2005,Persist,17.57986299262354,4,TEMP,AVG
2005,Ridge,7.683016241177316,4,TEMP,AVG
2005,RF,8.257060526719327,4,TEMP,AVG
2005,HGB,8.273111249624632,4,TEMP,AVG
2006,GlobalClim,19.938500628497856,4,TEMP,AVG
2006,DeptClim,20.52346774708936,4,TEMP,AVG
2006,Persist,21.056056247734023,4,TEMP,AVG
2006,Ridge,3.3829698958627707,4,TEMP,AVG
2006,RF,3.6314155012011544,4,TEMP,AVG
2006,HGB,3.6804482189841417,4,TEMP,AVG
2007,GlobalClim,19.31469397485753,4,TEMP,AVG
2007,DeptClim,20.102687748603586,4,TEMP,AVG
2007,Persist,20.802323138361345,4,TEMP,AVG
2007,Ridge,3.3801305885640347,4,TEMP,AVG
2007,RF,3.480761953787066,4,TEMP,AVG
2007,HGB,4.130080004586255,4,TEMP,AVG
2008,GlobalClim,19.526214884040265,4,TEMP,AVG
2008,DeptClim,19.994104265691682,4,TEMP,AVG
2008,Persist,19.98087557894497,4,TEMP,AVG
2008,Ridge,3.771341113392273,4,TEMP,AVG
2008,RF,3.559194893586617,4,TEMP,AVG
2008,HGB,3.945260934055923,4,TEMP,AVG
2009,GlobalClim,20.377846660630198,4,TEMP,AVG
2009,DeptClim,20.823476145646477,4,TEMP,AVG
2009,Persist,20.703097770203854,4,TEMP,AVG
2009,Ridge,2.762829713547216,4,TEMP,AVG
2009,RF,2.963977747825827,4,TEMP,AVG
2009,HGB,3.0687879281859605,4,TEMP,AVG
2010,GlobalClim,20.552625314884793,4,TEMP,AVG
2010,DeptClim,21.307514783362137,4,TEMP,AVG
2010,Persist,21.82526238371858,4,TEMP,AVG
2010,Ridge,2.5089313261142894,4,TEMP,AVG
2010,RF,2.4085721589534397,4,TEMP,AVG
2010,HGB,2.5609747781142693,4,TEMP,AVG
2011,GlobalClim,22.798165662751007,4,TEMP,AVG
2011,DeptClim,23.296633413012984,4,TEMP,AVG
2011,Persist,22.098073535153397,4,TEMP,AVG
2011,Ridge,2.883940853521822,4,TEMP,AVG
2011,RF,3.5654426649920388,4,TEMP,AVG
2011,HGB,3.0793671601302486,4,TEMP,AVG
2012,GlobalClim,24.074470776214763,4,TEMP,AVG
2012,DeptClim,24.716860439893996,4,TEMP,AVG
2012,Persist,21.71503833912008,4,TEMP,AVG
2012,Ridge,5.582773859381533,4,TEMP,AVG
2012,RF,5.592670249239672,4,TEMP,AVG
2012,HGB,5.881826299006241,4,TEMP,AVG
2013,GlobalClim,21.296116271523697,4,TEMP,AVG
2013,DeptClim,22.12758225414301,4,TEMP,AVG
2013,Persist,21.67114071717135,4,TEMP,AVG
2013,Ridge,2.6444111764814116,4,TEMP,AVG
2013,RF,2.2563509206505388,4,TEMP,AVG
2013,HGB,2.57735466225973,4,TEMP,AVG
2014,GlobalClim,22.822963948331285,4,TEMP,AVG
2014,DeptClim,23.754276732970347,4,TEMP,AVG
2014,Persist,22.196612943809708,4,TEMP,AVG
2014,Ridge,3.2841747609280225,4,TEMP,AVG
2014,RF,4.246610255895652,4,TEMP,AVG
2014,HGB,4.813030536454113,4,TEMP,AVG
2015,GlobalClim,21.058683304244333,4,TEMP,AVG
2015,DeptClim,21.962581065752403,4,TEMP,AVG
2015,Persist,22.17021644562544,4,TEMP,AVG
2015,Ridge,1.6915211460343373,4,TEMP,AVG
2015,RF,1.880953869179845,4,TEMP,AVG
2015,HGB,2.162054110829804,4,TEMP,AVG
2016,GlobalClim,22.315147113630875,4,TEMP,AVG
2016,DeptClim,22.770974999438263,4,TEMP,AVG
2016,Persist,23.90240556744774,4,TEMP,AVG
2016,Ridge,4.9469906840981395,4,TEMP,AVG
2016,RF,4.839083093410071,4,TEMP,AVG
2016,HGB,4.967513855709595,4,TEMP,AVG
2017,GlobalClim,20.864315112923972,4,TEMP,AVG
2017,DeptClim,21.287688240628537,4,TEMP,AVG
2017,Persist,21.63831177182994,4,TEMP,AVG
2017,Ridge,1.6247493963516333,4,TEMP,AVG
2017,RF,2.4912166517915546,4,TEMP,AVG
2017,HGB,2.5445293537646068,4,TEMP,AVG
2018,GlobalClim,22.059018183508535,4,TEMP,AVG
2018,DeptClim,22.73403380857788,4,TEMP,AVG
2018,Persist,23.11378080827408,4,TEMP,AVG
2018,Ridge,2.644471383915778,4,TEMP,AVG
2018,RF,2.859084145777057,4,TEMP,AVG
2018,HGB,2.9228830733429407,4,TEMP,AVG
2019,GlobalClim,20.49027952860109,4,TEMP,AVG
2019,DeptClim,21.528765699239308,4,TEMP,AVG
2019,Persist,22.133309190497766,4,TEMP,AVG
2019,Ridge,3.449429067206389,4,TEMP,AVG
2019,RF,3.826764983484074,4,TEMP,AVG
2019,HGB,4.455479566497169,4,TEMP,AVG
2020,GlobalClim,20.464788311340918,4,TEMP,AVG
2020,DeptClim,21.371739765702454,4,TEMP,AVG
2020,Persist,22.886284320032846,4,TEMP,AVG
2020,Ridge,1.426890162435323,4,TEMP,AVG
2020,RF,3.0328877384474824,4,TEMP,AVG
2020,HGB,3.0868635596444896,4,TEMP,AVG
2021,GlobalClim,21.059625027680937,4,TEMP,AVG
2021,DeptClim,21.83268258569897,4,TEMP,AVG
2021,Persist,21.95734661249768,4,TEMP,AVG
2021,Ridge,2.5371429110207577,4,TEMP,AVG
2021,RF,3.013308189140956,4,TEMP,AVG
2021,HGB,3.1859989603336385,4,TEMP,AVG
2022,GlobalClim,22.37364353897662,4,TEMP,AVG
2022,DeptClim,23.1023815152337,4,TEMP,AVG
2022,Persist,23.889021548943475,4,TEMP,AVG
2022,Ridge,2.7997398153755544,4,TEMP,AVG
2022,RF,2.0377930992096602,4,TEMP,AVG
2022,HGB,2.347002697180682,4,TEMP,AVG
2023,GlobalClim,21.79533584706052,4,TEMP,AVG
2023,DeptClim,22.11300026684443,4,TEMP,AVG
2023,Persist,22.410551636914928,4,TEMP,AVG
2023,Ridge,2.820345690650566,4,TEMP,AVG
2023,RF,2.711070655657855,4,TEMP,AVG
2023,HGB,2.2446130535607174,4,TEMP,AVG
2024,GlobalClim,19.979036163309424,4,TEMP,AVG
2024,DeptClim,20.79977489334565,4,TEMP,AVG
2024,Persist,23.04977249712566,4,TEMP,AVG
2024,Ridge,2.7719373420653812,4,TEMP,AVG
2024,RF,2.8005729092295235,4,TEMP,AVG
2024,HGB,2.9045499402119352,4,TEMP,AVG
2001,GlobalClim,25.46778046038341,5,TEMP,AVG
2001,DeptClim,19.23800189253337,5,TEMP,AVG
2001,Persist,4.34195818296962,5,TEMP,AVG
2001,Ridge,2.210101878751116,5,TEMP,AVG
2001,RF,1.403259485553729,5,TEMP,AVG
2001,HGB,1.3673965893455122,5,TEMP,AVG
2002,GlobalClim,27.161804101844382,5,TEMP,AVG
2002,DeptClim,20.767237707743046,5,TEMP,AVG
2002,Persist,18.23977742724048,5,TEMP,AVG
2002,Ridge,6.904216027567639,5,TEMP,AVG
2002,RF,4.8416929568412215,5,TEMP,AVG
2002,HGB,5.229974837407516,5,TEMP,AVG
2003,GlobalClim,31.085599146760284,5,TEMP,AVG
2003,DeptClim,27.3470652109826,5,TEMP,AVG
2003,Persist,11.468834070505427,5,TEMP,AVG
2003,Ridge,3.2680940125824036,5,TEMP,AVG
2003,RF,0.8174790358096514,5,TEMP,AVG
2003,HGB,2.600118604642442,5,TEMP,AVG
2004,GlobalClim,29.508001204468783,5,TEMP,AVG
2004,DeptClim,24.664885057292103,5,TEMP,AVG
2004,Persist,12.02348032570785,5,TEMP,AVG
2004,Ridge,3.7085963519664547,5,TEMP,AVG
2004,RF,2.4307086510303724,5,TEMP,AVG
2004,HGB,3.136251247564725,5,TEMP,AVG
2005,GlobalClim,23.539972437601588,5,TEMP,AVG
2005,DeptClim,23.037859371173187,5,TEMP,AVG
2005,Persist,18.81667332508943,5,TEMP,AVG
2005,Ridge,7.6862915092271225,5,TEMP,AVG
2005,RF,8.536548671507203,5,TEMP,AVG
2005,HGB,8.163921782347929,5,TEMP,AVG
2006,GlobalClim,19.096512888679072,5,TEMP,AVG
2006,DeptClim,19.643037385663593,5,TEMP,AVG
2006,Persist,19.767728680079404,5,TEMP,AVG
2006,Ridge,3.3608889299578446,5,TEMP,AVG
2006,RF,3.6519130423786965,5,TEMP,AVG
2006,HGB,3.6127689532146183,5,TEMP,AVG
2007,GlobalClim,19.82124774585007,5,TEMP,AVG
2007,DeptClim,21.0015032537542,5,TEMP,AVG
2007,Persist,20.59548735145649,5,TEMP,AVG
2007,Ridge,3.3604457228448985,5,TEMP,AVG
2007,RF,3.737649334014674,5,TEMP,AVG
2007,HGB,4.0197339042887545,5,TEMP,AVG
2008,GlobalClim,20.19650067301734,5,TEMP,AVG
2008,DeptClim,20.58377679790161,5,TEMP,AVG
2008,Persist,20.904200707587574,5,TEMP,AVG
2008,Ridge,3.038081257683674,5,TEMP,AVG
2008,RF,2.7007471790077364,5,TEMP,AVG
2008,HGB,2.786592875812799,5,TEMP,AVG
2009,GlobalClim,20.2159259433186,5,TEMP,AVG
2009,DeptClim,20.614442103465528,5,TEMP,AVG
2009,Persist,21.035474858535878,5,TEMP,AVG
2009,Ridge,2.4932276216107545,5,TEMP,AVG
2009,RF,2.41953667514249,5,TEMP,AVG
2009,HGB,2.542805246590863,5,TEMP,AVG
2010,GlobalClim,20.110378211448047,5,TEMP,AVG
2010,DeptClim,20.783910907022964,5,TEMP,AVG
2010,Persist,21.086064304647856,5,TEMP,AVG
2010,Ridge,2.596250245368712,5,TEMP,AVG
2010,RF,2.5391077177752224,5,TEMP,AVG
2010,HGB,2.8030176238325835,5,TEMP,AVG
2011,GlobalClim,22.320745757409988,5,TEMP,AVG
2011,DeptClim,22.76316170062005,5,TEMP,AVG
2011,Persist,21.142082443240437,5,TEMP,AVG
2011,Ridge,2.437650982185634,5,TEMP,AVG
2011,RF,2.894952400332146,5,TEMP,AVG
2011,HGB,2.555360191386427,5,TEMP,AVG
2012,GlobalClim,24.00038337085274,5,TEMP,AVG
2012,DeptClim,24.643538469476464,5,TEMP,AVG
2012,Persist,21.53765644526689,5,TEMP,AVG
2012,Ridge,5.753840532768404,5,TEMP,AVG
2012,RF,5.662536867295746,5,TEMP,AVG
2012,HGB,5.766058069679648,5,TEMP,AVG
2013,GlobalClim,21.64217836057574,5,TEMP,AVG
2013,DeptClim,22.556709379093736,5,TEMP,AVG
2013,Persist,22.22933338073654,5,TEMP,AVG
2013,Ridge,2.6801797692663585,5,TEMP,AVG
2013,RF,2.8087816547525226,5,TEMP,AVG
2013,HGB,3.223517283698443,5,TEMP,AVG
2014,GlobalClim,23.220601844157216,5,TEMP,AVG
2014,DeptClim,24.06292644350666,5,TEMP,AVG
2014,Persist,22.469841441844004,5,TEMP,AVG
2014,Ridge,3.918837201970278,5,TEMP,AVG
2014,RF,4.467136103660323,5,TEMP,AVG
2014,HGB,4.539597193765611,5,TEMP,AVG
2015,GlobalClim,20.55743121814273,5,TEMP,AVG
2015,DeptClim,21.35451745481767,5,TEMP,AVG
2015,Persist,21.714303065049243,5,TEMP,AVG
2015,Ridge,2.025237410777164,5,TEMP,AVG
2015,RF,2.004667442689602,5,TEMP,AVG
2015,HGB,2.076397799581609,5,TEMP,AVG
2016,GlobalClim,23.09587183272693,5,TEMP,AVG
2016,DeptClim,23.48552386346422,5,TEMP,AVG
2016,Persist,22.67955323882667,5,TEMP,AVG
2016,Ridge,6.382342948281546,5,TEMP,AVG
2016,RF,6.737760203250647,5,TEMP,AVG
2016,HGB,6.3814955281347565,5,TEMP,AVG
2017,GlobalClim,20.52044347037149,5,TEMP,AVG
2017,DeptClim,21.461441382727664,5,TEMP,AVG
2017,Persist,22.10122176600568,5,TEMP,AVG
2017,Ridge,4.241500028286548,5,TEMP,AVG
2017,RF,3.840696123757699,5,TEMP,AVG
2017,HGB,4.450303231214416,5,TEMP,AVG
2018,GlobalClim,22.16278845108847,5,TEMP,AVG
2018,DeptClim,22.818489640454533,5,TEMP,AVG
2018,Persist,22.371897733412556,5,TEMP,AVG
2018,Ridge,3.2543422862624825,5,TEMP,AVG
2018,RF,3.2303977123215906,5,TEMP,AVG
2018,HGB,3.5539750205728473,5,TEMP,AVG
2019,GlobalClim,20.634898779562572,5,TEMP,AVG
2019,DeptClim,21.573212320532594,5,TEMP,AVG
2019,Persist,22.434015442521577,5,TEMP,AVG
2019,Ridge,3.3989155358134626,5,TEMP,AVG
2019,RF,3.479566992646052,5,TEMP,AVG
2019,HGB,3.675098407655697,5,TEMP,AVG
2020,GlobalClim,21.293332940425508,5,TEMP,AVG
2020,DeptClim,22.216553499543352,5,TEMP,AVG
2020,Persist,23.163273191349667,5,TEMP,AVG
2020,Ridge,2.8051117692284513,5,TEMP,AVG
2020,RF,4.00279063545833,5,TEMP,AVG
2020,HGB,4.309238259977642,5,TEMP,AVG
2021,GlobalClim,21.33223987459293,5,TEMP,AVG
2021,DeptClim,21.76141844966725,5,TEMP,AVG
2021,Persist,22.711827866783008,5,TEMP,AVG
2021,Ridge,2.9393472428842187,5,TEMP,AVG
2021,RF,2.1726277163658714,5,TEMP,AVG
2021,HGB,2.305063398824814,5,TEMP,AVG
2022,GlobalClim,22.275327032768242,5,TEMP,AVG
2022,DeptClim,22.963129821639992,5,TEMP,AVG
2022,Persist,23.08689120437169,5,TEMP,AVG
2022,Ridge,2.9206071626984227,5,TEMP,AVG
2022,RF,2.3261717855572197,5,TEMP,AVG
2022,HGB,2.5775235878078084,5,TEMP,AVG
2023,GlobalClim,20.64211072840077,5,TEMP,AVG
2023,DeptClim,21.08940732640439,5,TEMP,AVG
2023,Persist,22.167855987142865,5,TEMP,AVG
2023,Ridge,2.794350620104846,5,TEMP,AVG
2023,RF,2.378380958564462,5,TEMP,AVG
2023,HGB,2.3936523968941077,5,TEMP,AVG
2024,GlobalClim,20.18095123608484,5,TEMP,AVG
2024,DeptClim,21.058612499465482,5,TEMP,AVG
2024,Persist,23.49208606700622,5,TEMP,AVG
2024,Ridge,2.7276927243882887,5,TEMP,AVG
2024,RF,3.0421691309260352,5,TEMP,AVG
2024,HGB,3.3622858502643305,5,TEMP,AVG
2001,GlobalClim,27.00664068758971,6,TEMP,AVG
2001,DeptClim,21.782695624703557,6,TEMP,AVG
2001,Persist,6.06243005387978,6,TEMP,AVG
2001,Ridge,0.08163233801607461,6,TEMP,AVG
2001,RF,0.025382393709659112,6,TEMP,AVG
2001,HGB,0.39213232564350964,6,TEMP,AVG
2002,GlobalClim,27.34836260257943,6,TEMP,AVG
2002,DeptClim,21.400069809123355,6,TEMP,AVG
2002,Persist,8.725967799818424,6,TEMP,AVG
2002,Ridge,1.399269842969536,6,TEMP,AVG
2002,RF,1.8412195810522543,6,TEMP,AVG
2002,HGB,1.023885055216401,6,TEMP,AVG
2003,GlobalClim,32.89581392263209,6,TEMP,AVG
2003,DeptClim,29.885414414471683,6,TEMP,AVG
2003,Persist,12.318981875550715,6,TEMP,AVG
2003,Ridge,5.91131421970651,6,TEMP,AVG
2003,RF,2.499258011683507,6,TEMP,AVG
2003,HGB,4.03383843820649,6,TEMP,AVG
2004,GlobalClim,30.74059036524415,6,TEMP,AVG
2004,DeptClim,26.36395127325793,6,TEMP,AVG
2004,Persist,13.54862010376558,6,TEMP,AVG
2004,Ridge,5.429421169113971,6,TEMP,AVG
2004,RF,2.8347546794853686,6,TEMP,AVG
2004,HGB,3.9051681854214797,6,TEMP,AVG
2005,GlobalClim,24.211441802482,6,TEMP,AVG
2005,DeptClim,24.31598141595426,6,TEMP,AVG
2005,Persist,20.540474895290373,6,TEMP,AVG
2005,Ridge,9.31644688453994,6,TEMP,AVG
2005,RF,9.85914138967872,6,TEMP,AVG
2005,HGB,9.508262751488203,6,TEMP,AVG
2006,GlobalClim,20.120626770691587,6,TEMP,AVG
2006,DeptClim,20.448191158963514,6,TEMP,AVG
2006,Persist,21.57522008044253,6,TEMP,AVG
2006,Ridge,4.57839238157524,6,TEMP,AVG
2006,RF,4.6124963712069755,6,TEMP,AVG
2006,HGB,4.744952173051666,6,TEMP,AVG
2007,GlobalClim,19.8008160935782,6,TEMP,AVG
2007,DeptClim,20.71198121217805,6,TEMP,AVG
2007,Persist,21.074345983958832,6,TEMP,AVG
2007,Ridge,3.3467940101653735,6,TEMP,AVG
2007,RF,3.5864401123311413,6,TEMP,AVG
2007,HGB,3.7554819113491136,6,TEMP,AVG
2008,GlobalClim,19.12117396975355,6,TEMP,AVG
2008,DeptClim,19.367455195493683,6,TEMP,AVG
2008,Persist,19.775286260220543,6,TEMP,AVG
2008,Ridge,2.7279914772737626,6,TEMP,AVG
2008,RF,2.397246848272368,6,TEMP,AVG
2008,HGB,2.9784763888209125,6,TEMP,AVG
2009,GlobalClim,20.242890843543492,6,TEMP,AVG
2009,DeptClim,20.754166438076886,6,TEMP,AVG
2009,Persist,21.371078552821565,6,TEMP,AVG
2009,Ridge,2.1592775426901087,6,TEMP,AVG
2009,RF,2.3127179242407694,6,TEMP,AVG
2009,HGB,2.802730114246167,6,TEMP,AVG
2010,GlobalClim,20.655528998604797,6,TEMP,AVG
2010,DeptClim,21.27126449783002,6,TEMP,AVG
2010,Persist,22.07431229995125,6,TEMP,AVG
2010,Ridge,2.2119497679431817,6,TEMP,AVG
2010,RF,2.195318514623122,6,TEMP,AVG
2010,HGB,2.234814218647554,6,TEMP,AVG
2011,GlobalClim,21.610164421944802,6,TEMP,AVG
2011,DeptClim,22.024982980488826,6,TEMP,AVG
2011,Persist,20.93244755910881,6,TEMP,AVG
2011,Ridge,2.1169635255229946,6,TEMP,AVG
2011,RF,2.7461580390867644,6,TEMP,AVG
2011,HGB,2.677750058696179,6,TEMP,AVG
2012,GlobalClim,22.958699556447048,6,TEMP,AVG
2012,DeptClim,23.720689728486697,6,TEMP,AVG
2012,Persist,20.964796078629004,6,TEMP,AVG
2012,Ridge,4.931856294102456,6,TEMP,AVG
2012,RF,5.058009109268631,6,TEMP,AVG
2012,HGB,4.876642063064592,6,TEMP,AVG
2013,GlobalClim,21.14441553411967,6,TEMP,AVG
2013,DeptClim,21.77929144149687,6,TEMP,AVG
2013,Persist,21.38118852330966,6,TEMP,AVG
2013,Ridge,2.896057551040801,6,TEMP,AVG
2013,RF,2.8966862313233266,6,TEMP,AVG
2013,HGB,3.333762004089035,6,TEMP,AVG
2014,GlobalClim,22.67903211806118,6,TEMP,AVG
2014,DeptClim,23.590078059568306,6,TEMP,AVG
2014,Persist,22.02370244213537,6,TEMP,AVG
2014,Ridge,3.6529282936528333,6,TEMP,AVG
2014,RF,3.6432315535078756,6,TEMP,AVG
2014,HGB,4.387769333691468,6,TEMP,AVG
2015,GlobalClim,20.256282422925793,6,TEMP,AVG
2015,DeptClim,20.931165386207102,6,TEMP,AVG
2015,Persist,21.913027112149088,6,TEMP,AVG
2015,Ridge,2.223877342124288,6,TEMP,AVG
2015,RF,2.163286276317249,6,TEMP,AVG
2015,HGB,2.3781758179346637,6,TEMP,AVG
2016,GlobalClim,22.70095022904384,6,TEMP,AVG
2016,DeptClim,23.43192240530746,6,TEMP,AVG
2016,Persist,22.542571255276027,6,TEMP,AVG
2016,Ridge,6.553404965384326,6,TEMP,AVG
2016,RF,7.094617707207874,6,TEMP,AVG
2016,HGB,6.631573197345865,6,TEMP,AVG
2017,GlobalClim,19.68737674273951,6,TEMP,AVG
2017,DeptClim,20.840031220048537,6,TEMP,AVG
2017,Persist,21.238894729334824,6,TEMP,AVG
2017,Ridge,6.271762909307995,6,TEMP,AVG
2017,RF,6.448992003631112,6,TEMP,AVG
2017,HGB,6.683838623748271,6,TEMP,AVG
2018,GlobalClim,21.642308390316316,6,TEMP,AVG
2018,DeptClim,22.363534970866315,6,TEMP,AVG
2018,Persist,21.967095344825285,6,TEMP,AVG
2018,Ridge,3.084884768073577,6,TEMP,AVG
2018,RF,3.013302223042164,6,TEMP,AVG
2018,HGB,3.3818603884512415,6,TEMP,AVG
2019,GlobalClim,20.134404260503896,6,TEMP,AVG
2019,DeptClim,20.946846916906516,6,TEMP,AVG
2019,Persist,21.988791811754133,6,TEMP,AVG
2019,Ridge,2.2990115136558433,6,TEMP,AVG
2019,RF,2.084294471969603,6,TEMP,AVG
2019,HGB,2.8734089955792363,6,TEMP,AVG
2020,GlobalClim,21.850431481254407,6,TEMP,AVG
2020,DeptClim,22.615650201873013,6,TEMP,AVG
2020,Persist,23.014523587760547,6,TEMP,AVG
2020,Ridge,4.107480775685558,6,TEMP,AVG
2020,RF,4.459723568868882,6,TEMP,AVG
2020,HGB,4.7086241297493885,6,TEMP,AVG
2021,GlobalClim,22.05368496983107,6,TEMP,AVG
2021,DeptClim,22.482781081201594,6,TEMP,AVG
2021,Persist,23.46744276926173,6,TEMP,AVG
2021,Ridge,3.675596925019313,6,TEMP,AVG
2021,RF,3.219310280582548,6,TEMP,AVG
2021,HGB,3.344358207957032,6,TEMP,AVG
2022,GlobalClim,22.74489623674864,6,TEMP,AVG
2022,DeptClim,23.27099237463323,6,TEMP,AVG
2022,Persist,23.604948593036557,6,TEMP,AVG
2022,Ridge,3.2071474553988866,6,TEMP,AVG
2022,RF,2.775343912828529,6,TEMP,AVG
2022,HGB,3.6549560687718565,6,TEMP,AVG
2023,GlobalClim,20.423035280403514,6,TEMP,AVG
2023,DeptClim,20.764782639268816,6,TEMP,AVG
2023,Persist,22.397790840030073,6,TEMP,AVG
2023,Ridge,3.0471664475059317,6,TEMP,AVG
2023,RF,2.023159619551507,6,TEMP,AVG
2023,HGB,2.408432047984851,6,TEMP,AVG
2024,GlobalClim,20.264791691268115,6,TEMP,AVG
2024,DeptClim,21.309469460529254,6,TEMP,AVG
2024,Persist,23.600909261842126,6,TEMP,AVG
2024,Ridge,3.4680051255950346,6,TEMP,AVG
2024,RF,2.8685163872118076,6,TEMP,AVG
2024,HGB,3.6634757169507512,6,TEMP,AVG
2001,GlobalClim,26.924968234364496,7,TEMP,AVG
2001,DeptClim,21.83628467562494,7,TEMP,AVG
2001,Persist,5.9853566843617045,7,TEMP,AVG
2001,Ridge,0.47885095999689575,7,TEMP,AVG
2001,RF,0.9384037875314926,7,TEMP,AVG
2001,HGB,1.318663322348673,7,TEMP,AVG
2002,GlobalClim,29.975783765775322,7,TEMP,AVG
2002,DeptClim,24.292012697681063,7,TEMP,AVG
2002,Persist,12.1614279219283,7,TEMP,AVG
2002,Ridge,4.634846131789772,7,TEMP,AVG
2002,RF,5.2465333894671256,7,TEMP,AVG
2002,HGB,3.7663192347228556,7,TEMP,AVG
2003,GlobalClim,33.23115987900252,7,TEMP,AVG
2003,DeptClim,30.520823689335675,7,TEMP,AVG
2003,Persist,12.92028019792421,7,TEMP,AVG
2003,Ridge,5.406207538370541,7,TEMP,AVG
2003,RF,4.342165896825216,7,TEMP,AVG
2003,HGB,6.030655688033144,7,TEMP,AVG
2004,GlobalClim,30.862589593941074,7,TEMP,AVG
2004,DeptClim,27.5774838573111,7,TEMP,AVG
2004,Persist,14.53179599076188,7,TEMP,AVG
2004,Ridge,5.795860984555558,7,TEMP,AVG
2004,RF,4.642760125091542,7,TEMP,AVG
2004,HGB,6.0148238458549255,7,TEMP,AVG
2005,GlobalClim,24.1287377610236,7,TEMP,AVG
2005,DeptClim,24.850927479754436,7,TEMP,AVG
2005,Persist,16.74899673715282,7,TEMP,AVG
2005,Ridge,9.607467110070528,7,TEMP,AVG
2005,RF,10.448491333572816,7,TEMP,AVG
2005,HGB,9.92948689025035,7,TEMP,AVG
2006,GlobalClim,21.616466514237235,7,TEMP,AVG
2006,DeptClim,21.96816783814267,7,TEMP,AVG
2006,Persist,21.610067966899397,7,TEMP,AVG
2006,Ridge,6.523470140016011,7,TEMP,AVG
2006,RF,6.369438596398774,7,TEMP,AVG
2006,HGB,6.239759832181807,7,TEMP,AVG
2007,GlobalClim,18.832593234089373,7,TEMP,AVG
2007,DeptClim,19.654597999456698,7,TEMP,AVG
2007,Persist,19.907872304501783,7,TEMP,AVG
2007,Ridge,4.28358881811829,7,TEMP,AVG
2007,RF,4.064824068595431,7,TEMP,AVG
2007,HGB,4.429176421573296,7,TEMP,AVG
2008,GlobalClim,18.881119176876826,7,TEMP,AVG
2008,DeptClim,19.487037136369104,7,TEMP,AVG
2008,Persist,20.226404027612492,7,TEMP,AVG
2008,Ridge,3.338840114288742,7,TEMP,AVG
2008,RF,2.9822008582823996,7,TEMP,AVG
2008,HGB,3.337059256507155,7,TEMP,AVG
2009,GlobalClim,20.240493916701006,7,TEMP,AVG
2009,DeptClim,21.029550126081233,7,TEMP,AVG
2009,Persist,20.535766112093114,7,TEMP,AVG
2009,Ridge,2.6053695954762417,7,TEMP,AVG
2009,RF,2.495007169590808,7,TEMP,AVG
2009,HGB,2.8641237531339616,7,TEMP,AVG
2010,GlobalClim,21.30173099797298,7,TEMP,AVG
2010,DeptClim,21.957826624249154,7,TEMP,AVG
2010,Persist,21.89848856814089,7,TEMP,AVG
2010,Ridge,2.497972464990979,7,TEMP,AVG
2010,RF,2.267217823048798,7,TEMP,AVG
2010,HGB,2.32732739703852,7,TEMP,AVG
2011,GlobalClim,22.49222794080607,7,TEMP,AVG
2011,DeptClim,22.94034925002713,7,TEMP,AVG
2011,Persist,21.897799428512887,7,TEMP,AVG
2011,Ridge,3.8970995264245643,7,TEMP,AVG
2011,RF,4.392723401099853,7,TEMP,AVG
2011,HGB,4.557204732761118,7,TEMP,AVG
2012,GlobalClim,22.155109614613377,7,TEMP,AVG
2012,DeptClim,22.67856984824722,7,TEMP,AVG
2012,Persist,20.868622962761638,7,TEMP,AVG
2012,Ridge,3.1949547823058184,7,TEMP,AVG
2012,RF,3.150536582072512,7,TEMP,AVG
2012,HGB,3.1181282928440717,7,TEMP,AVG
2013,GlobalClim,21.818353661942613,7,TEMP,AVG
2013,DeptClim,22.483703816001462,7,TEMP,AVG
2013,Persist,22.21070104933036,7,TEMP,AVG
2013,Ridge,4.16412288790912,7,TEMP,AVG
2013,RF,3.734371014361083,7,TEMP,AVG
2013,HGB,4.1591655474785085,7,TEMP,AVG
2014,GlobalClim,22.16659799627386,7,TEMP,AVG
2014,DeptClim,22.885397765641788,7,TEMP,AVG
2014,Persist,21.347132417991656,7,TEMP,AVG
2014,Ridge,3.2517042111225245,7,TEMP,AVG
2014,RF,3.061866324879023,7,TEMP,AVG
2014,HGB,3.9534231946613727,7,TEMP,AVG
2015,GlobalClim,20.676518788566934,7,TEMP,AVG
2015,DeptClim,21.086531766756536,7,TEMP,AVG
2015,Persist,22.213284569450412,7,TEMP,AVG
2015,Ridge,2.588074574072332,7,TEMP,AVG
2015,RF,2.165723087914495,7,TEMP,AVG
2015,HGB,2.4286980348405707,7,TEMP,AVG
2016,GlobalClim,22.003962600049615,7,TEMP,AVG
2016,DeptClim,22.757955604758262,7,TEMP,AVG
2016,Persist,21.781202211414524,7,TEMP,AVG
2016,Ridge,5.725404699218421,7,TEMP,AVG
2016,RF,5.657558987519699,7,TEMP,AVG
2016,HGB,5.876491631524462,7,TEMP,AVG
2017,GlobalClim,20.006802868768016,7,TEMP,AVG
2017,DeptClim,20.748416469460906,7,TEMP,AVG
2017,Persist,22.3981418810762,7,TEMP,AVG
2017,Ridge,3.7492667730397544,7,TEMP,AVG
2017,RF,3.772537818040484,7,TEMP,AVG
2017,HGB,3.928003644404884,7,TEMP,AVG
2018,GlobalClim,21.204274227607886,7,TEMP,AVG
2018,DeptClim,21.850130057035695,7,TEMP,AVG
2018,Persist,21.823336410681957,7,TEMP,AVG
2018,Ridge,2.3672501378700397,7,TEMP,AVG
2018,RF,2.65098572456439,7,TEMP,AVG
2018,HGB,2.87373055105194,7,TEMP,AVG
2019,GlobalClim,20.54780755986759,7,TEMP,AVG
2019,DeptClim,21.213281264491254,7,TEMP,AVG
2019,Persist,22.348087377730348,7,TEMP,AVG
2019,Ridge,2.3925550303460694,7,TEMP,AVG
2019,RF,2.949342966265167,7,TEMP,AVG
2019,HGB,3.2728936912317392,7,TEMP,AVG
2020,GlobalClim,22.385998810618908,7,TEMP,AVG
2020,DeptClim,22.995912233949046,7,TEMP,AVG
2020,Persist,22.758860604921317,7,TEMP,AVG
2020,Ridge,4.271496079646129,7,TEMP,AVG
2020,RF,4.198786806950805,7,TEMP,AVG
2020,HGB,4.525475234489647,7,TEMP,AVG
2021,GlobalClim,21.206126348607558,7,TEMP,AVG
2021,DeptClim,21.86949892643078,7,TEMP,AVG
2021,Persist,22.00876875892698,7,TEMP,AVG
2021,Ridge,2.6416132563056296,7,TEMP,AVG
2021,RF,2.550440618998193,7,TEMP,AVG
2021,HGB,2.9585918152985475,7,TEMP,AVG
2022,GlobalClim,21.82063131976001,7,TEMP,AVG
2022,DeptClim,22.422314320095083,7,TEMP,AVG
2022,Persist,22.39111128972977,7,TEMP,AVG
2022,Ridge,2.4981884961660423,7,TEMP,AVG
2022,RF,2.591228510810041,7,TEMP,AVG
2022,HGB,2.4082008894907956,7,TEMP,AVG
2023,GlobalClim,20.84236181040395,7,TEMP,AVG
2023,DeptClim,21.444142258984968,7,TEMP,AVG
2023,Persist,22.914010579966636,7,TEMP,AVG
2023,Ridge,3.2755770071175476,7,TEMP,AVG
2023,RF,3.197361920208165,7,TEMP,AVG
2023,HGB,3.182693305367431,7,TEMP,AVG
2024,GlobalClim,20.285552624845415,7,TEMP,AVG
2024,DeptClim,20.85205378385186,7,TEMP,AVG
2024,Persist,22.750385298866455,7,TEMP,AVG
2024,Ridge,3.1828584567606355,7,TEMP,AVG
2024,RF,3.0660203893734708,7,TEMP,AVG
2024,HGB,2.9434109092746477,7,TEMP,AVG
2001,GlobalClim,26.908132714307744,8,TEMP,AVG
2001,DeptClim,21.49208469504063,8,TEMP,AVG
2001,Persist,5.887294630331553,8,TEMP,AVG
2001,Ridge,0.4346629154482491,8,TEMP,AVG
2001,RF,1.3400184150838408,8,TEMP,AVG
2001,HGB,0.20451810560139805,8,TEMP,AVG
2002,GlobalClim,26.024460909494632,8,TEMP,AVG
2002,DeptClim,20.228048166682235,8,TEMP,AVG
2002,Persist,6.763896934660352,8,TEMP,AVG
2002,Ridge,4.447731309945411,8,TEMP,AVG
2002,RF,3.3341058099569367,8,TEMP,AVG
2002,HGB,3.067106249319626,8,TEMP,AVG
2003,GlobalClim,33.00471350627586,8,TEMP,AVG
2003,DeptClim,30.10845745002163,8,TEMP,AVG
2003,Persist,12.751394111202144,8,TEMP,AVG
2003,Ridge,11.867911434388006,8,TEMP,AVG
2003,RF,11.38433432211681,8,TEMP,AVG
2003,HGB,9.463546918695664,8,TEMP,AVG
2004,GlobalClim,30.92810583600889,8,TEMP,AVG
2004,DeptClim,27.504300545938868,8,TEMP,AVG
2004,Persist,13.84608608871279,8,TEMP,AVG
2004,Ridge,5.893148554830827,8,TEMP,AVG
2004,RF,6.063043642402323,8,TEMP,AVG
2004,HGB,6.33532055193942,8,TEMP,AVG
2005,GlobalClim,23.876185435202213,8,TEMP,AVG
2005,DeptClim,24.677043068185156,8,TEMP,AVG
2005,Persist,18.584291794355835,8,TEMP,AVG
2005,Ridge,9.143449941063547,8,TEMP,AVG
2005,RF,9.878525306588479,8,TEMP,AVG
2005,HGB,9.359752929885738,8,TEMP,AVG
2006,GlobalClim,18.577174655118263,8,TEMP,AVG
2006,DeptClim,19.068560969619124,8,TEMP,AVG
2006,Persist,18.7179734637734,8,TEMP,AVG
2006,Ridge,3.6521012432647866,8,TEMP,AVG
2006,RF,3.9497750993270024,8,TEMP,AVG
2006,HGB,3.999363537226708,8,TEMP,AVG
2007,GlobalClim,19.451502197446988,8,TEMP,AVG
2007,DeptClim,20.10522499750197,8,TEMP,AVG
2007,Persist,20.88044056690582,8,TEMP,AVG
2007,Ridge,3.553743689571132,8,TEMP,AVG
2007,RF,3.400341947345127,8,TEMP,AVG
2007,HGB,3.2465750233010957,8,TEMP,AVG
2008,GlobalClim,19.331887010423312,8,TEMP,AVG
2008,DeptClim,19.90715776619681,8,TEMP,AVG
2008,Persist,20.797149424119343,8,TEMP,AVG
2008,Ridge,3.033608826280795,8,TEMP,AVG
2008,RF,2.708431610092549,8,TEMP,AVG
2008,HGB,3.0806999684434113,8,TEMP,AVG
2009,GlobalClim,20.191397340933424,8,TEMP,AVG
2009,DeptClim,20.919000035922004,8,TEMP,AVG
2009,Persist,20.920711681114188,8,TEMP,AVG
2009,Ridge,2.944760241566137,8,TEMP,AVG
2009,RF,2.7002171616934234,8,TEMP,AVG
2009,HGB,3.116768642925226,8,TEMP,AVG
2010,GlobalClim,21.466998249968363,8,TEMP,AVG
2010,DeptClim,21.948658126342238,8,TEMP,AVG
2010,Persist,20.964202520899356,8,TEMP,AVG
2010,Ridge,2.80188900292843,8,TEMP,AVG
2010,RF,2.9842394374903978,8,TEMP,AVG
2010,HGB,3.119796455067117,8,TEMP,AVG
2011,GlobalClim,22.780974522098447,8,TEMP,AVG
2011,DeptClim,23.23990043309994,8,TEMP,AVG
2011,Persist,21.3194224734033,8,TEMP,AVG
2011,Ridge,4.273373264289144,8,TEMP,AVG
2011,RF,4.581374537490748,8,TEMP,AVG
2011,HGB,4.841302441969994,8,TEMP,AVG
2012,GlobalClim,24.90430766374309,8,TEMP,AVG
2012,DeptClim,25.542522017241257,8,TEMP,AVG
2012,Persist,23.889969650733587,8,TEMP,AVG
2012,Ridge,4.9312973658141575,8,TEMP,AVG
2012,RF,5.813707069022447,8,TEMP,AVG
2012,HGB,6.529058268429995,8,TEMP,AVG
2013,GlobalClim,22.560077004138215,8,TEMP,AVG
2013,DeptClim,23.218881762599374,8,TEMP,AVG
2013,Persist,22.290732679851924,8,TEMP,AVG
2013,Ridge,4.3982674852234505,8,TEMP,AVG
2013,RF,4.395151099208717,8,TEMP,AVG
2013,HGB,4.72139673227164,8,TEMP,AVG
2014,GlobalClim,22.752164142467638,8,TEMP,AVG
2014,DeptClim,23.387434197021285,8,TEMP,AVG
2014,Persist,22.322828110729603,8,TEMP,AVG
2014,Ridge,3.4621645338768245,8,TEMP,AVG
2014,RF,3.277381170760435,8,TEMP,AVG
2014,HGB,4.006196931642002,8,TEMP,AVG
2015,GlobalClim,20.578916580263712,8,TEMP,AVG
2015,DeptClim,20.833314384902398,8,TEMP,AVG
2015,Persist,21.201224835037966,8,TEMP,AVG
2015,Ridge,3.8725054555548284,8,TEMP,AVG
2015,RF,3.3801749942328003,8,TEMP,AVG
2015,HGB,3.303297263809262,8,TEMP,AVG
2016,GlobalClim,21.67711299990011,8,TEMP,AVG
2016,DeptClim,22.39391662284163,8,TEMP,AVG
2016,Persist,21.070067412772854,8,TEMP,AVG
2016,Ridge,5.669259367995147,8,TEMP,AVG
2016,RF,5.843351990683549,8,TEMP,AVG
2016,HGB,5.838623891949801,8,TEMP,AVG
2017,GlobalClim,19.89079931700282,8,TEMP,AVG
2017,DeptClim,20.911248463542755,8,TEMP,AVG
2017,Persist,21.386200905508147,8,TEMP,AVG
2017,Ridge,5.1988684029718515,8,TEMP,AVG
2017,RF,5.202716993464467,8,TEMP,AVG
2017,HGB,5.134868601523241,8,TEMP,AVG
2018,GlobalClim,21.246367499943617,8,TEMP,AVG
2018,DeptClim,21.88354099290608,8,TEMP,AVG
2018,Persist,21.780080969205816,8,TEMP,AVG
2018,Ridge,3.1611727017511018,8,TEMP,AVG
2018,RF,3.212779909429598,8,TEMP,AVG
2018,HGB,3.1783157313069568,8,TEMP,AVG
2019,GlobalClim,20.475372654061598,8,TEMP,AVG
2019,DeptClim,21.188750430224147,8,TEMP,AVG
2019,Persist,21.836965823189026,8,TEMP,AVG
2019,Ridge,3.045474807273599,8,TEMP,AVG
2019,RF,2.8528609276774013,8,TEMP,AVG
2019,HGB,3.518559536995764,8,TEMP,AVG
2020,GlobalClim,22.255095470395954,8,TEMP,AVG
2020,DeptClim,22.958326333225205,8,TEMP,AVG
2020,Persist,22.143901678434645,8,TEMP,AVG
2020,Ridge,4.127010762902664,8,TEMP,AVG
2020,RF,4.52414475054081,8,TEMP,AVG
2020,HGB,4.412603014302279,8,TEMP,AVG
2021,GlobalClim,21.25624338059122,8,TEMP,AVG
2021,DeptClim,21.92296039170489,8,TEMP,AVG
2021,Persist,22.417024362425128,8,TEMP,AVG
2021,Ridge,2.790281020230664,8,TEMP,AVG
2021,RF,2.55080251306941,8,TEMP,AVG
2021,HGB,3.0817935365218325,8,TEMP,AVG
2022,GlobalClim,22.627589217064543,8,TEMP,AVG
2022,DeptClim,23.15008898471265,8,TEMP,AVG
2022,Persist,23.015689319854143,8,TEMP,AVG
2022,Ridge,2.850349797513725,8,TEMP,AVG
2022,RF,3.220066724417427,8,TEMP,AVG
2022,HGB,2.7546381023558664,8,TEMP,AVG
2023,GlobalClim,20.12756789181874,8,TEMP,AVG
2023,DeptClim,20.596863384071984,8,TEMP,AVG
2023,Persist,22.223224122365902,8,TEMP,AVG
2023,Ridge,3.1836099747792836,8,TEMP,AVG
2023,RF,2.324860353267928,8,TEMP,AVG
2023,HGB,2.590170121018744,8,TEMP,AVG
2024,GlobalClim,20.308496183281875,8,TEMP,AVG
2024,DeptClim,20.880649182765406,8,TEMP,AVG
2024,Persist,23.122122286143977,8,TEMP,AVG
2024,Ridge,3.5860622405301044,8,TEMP,AVG
2024,RF,3.5377684011483255,8,TEMP,AVG
2024,HGB,3.5426715383268896,8,TEMP,AVG
2001,GlobalClim,25.666250062150812,9,TEMP,AVG
2001,DeptClim,19.548164805997125,9,TEMP,AVG
2001,Persist,5.413826942709875,9,TEMP,AVG
2001,Ridge,4.088004330540117,9,TEMP,AVG
2001,RF,3.704783950095258,9,TEMP,AVG
2001,HGB,3.280143451176208,9,TEMP,AVG
2002,GlobalClim,30.83502969933329,9,TEMP,AVG
2002,DeptClim,27.065264322806236,9,TEMP,AVG
2002,Persist,6.329542496338718,9,TEMP,AVG
2002,Ridge,10.154304378136308,9,TEMP,AVG
2002,RF,9.564446600861308,9,TEMP,AVG
2002,HGB,7.465463053526493,9,TEMP,AVG
2003,GlobalClim,32.00618154435955,9,TEMP,AVG
2003,DeptClim,27.173109971021347,9,TEMP,AVG
2003,Persist,10.900636825813727,9,TEMP,AVG
2003,Ridge,9.184558109708224,9,TEMP,AVG
2003,RF,7.522122317792462,9,TEMP,AVG
2003,HGB,7.697044860065776,9,TEMP,AVG
2004,GlobalClim,27.12246441426719,9,TEMP,AVG
2004,DeptClim,22.719937904811815,9,TEMP,AVG
2004,Persist,12.646644908175439,9,TEMP,AVG
2004,Ridge,5.190298171199939,9,TEMP,AVG
2004,RF,4.30171676863102,9,TEMP,AVG
2004,HGB,5.239558939125408,9,TEMP,AVG
2005,GlobalClim,22.863864718626967,9,TEMP,AVG
2005,DeptClim,23.5114592778506,9,TEMP,AVG
2005,Persist,18.631161502846684,9,TEMP,AVG
2005,Ridge,8.53646323716993,9,TEMP,AVG
2005,RF,9.137058458505408,9,TEMP,AVG
2005,HGB,8.629994956597422,9,TEMP,AVG
2006,GlobalClim,18.69797977547761,9,TEMP,AVG
2006,DeptClim,19.275595989268265,9,TEMP,AVG
2006,Persist,20.16950673506271,9,TEMP,AVG
2006,Ridge,4.022854410281725,9,TEMP,AVG
2006,RF,4.080291167753537,9,TEMP,AVG
2006,HGB,4.3320866002438,9,TEMP,AVG
2007,GlobalClim,19.25795170128026,9,TEMP,AVG
2007,DeptClim,19.978558873631176,9,TEMP,AVG
2007,Persist,20.103916119685856,9,TEMP,AVG
2007,Ridge,3.495777048475747,9,TEMP,AVG
2007,RF,3.4974526175412666,9,TEMP,AVG
2007,HGB,3.5685357974354424,9,TEMP,AVG
2008,GlobalClim,19.756810360248917,9,TEMP,AVG
2008,DeptClim,20.59009700797629,9,TEMP,AVG
2008,Persist,21.220770463592817,9,TEMP,AVG
2008,Ridge,2.916547495858123,9,TEMP,AVG
2008,RF,2.895670179441533,9,TEMP,AVG
2008,HGB,3.255692026690721,9,TEMP,AVG
2009,GlobalClim,19.636212344290243,9,TEMP,AVG
2009,DeptClim,20.095710296731404,9,TEMP,AVG
2009,Persist,20.50011540019839,9,TEMP,AVG
2009,Ridge,2.4970802651332202,9,TEMP,AVG
2009,RF,2.197801147405437,9,TEMP,AVG
2009,HGB,2.539480399190847,9,TEMP,AVG
2010,GlobalClim,22.057455100571776,9,TEMP,AVG
2010,DeptClim,22.596092121510615,9,TEMP,AVG
2010,Persist,21.70781491056209,9,TEMP,AVG
2010,Ridge,3.1756829752798947,9,TEMP,AVG
2010,RF,2.9409687714254855,9,TEMP,AVG
2010,HGB,3.4349272812505,9,TEMP,AVG
2011,GlobalClim,22.170029829144614,9,TEMP,AVG
2011,DeptClim,22.90050342317197,9,TEMP,AVG
2011,Persist,20.901846604331524,9,TEMP,AVG
2011,Ridge,2.8810725600034632,9,TEMP,AVG
2011,RF,2.662876797123084,9,TEMP,AVG
2011,HGB,2.7981197018833712,9,TEMP,AVG
2012,GlobalClim,24.4392487157608,9,TEMP,AVG
2012,DeptClim,25.324508916909945,9,TEMP,AVG
2012,Persist,21.495824721854575,9,TEMP,AVG
2012,Ridge,4.553749366283572,9,TEMP,AVG
2012,RF,5.462530425736405,9,TEMP,AVG
2012,HGB,5.539847469619306,9,TEMP,AVG
2013,GlobalClim,23.875921077838797,9,TEMP,AVG
2013,DeptClim,24.7549902593702,9,TEMP,AVG
2013,Persist,22.81026908838441,9,TEMP,AVG
2013,Ridge,5.84183669080431,9,TEMP,AVG
2013,RF,5.746191540120255,9,TEMP,AVG
2013,HGB,6.277285177672228,9,TEMP,AVG
2014,GlobalClim,22.367735733778893,9,TEMP,AVG
2014,DeptClim,23.174116950632115,9,TEMP,AVG
2014,Persist,22.145168910551078,9,TEMP,AVG
2014,Ridge,3.377531520225235,9,TEMP,AVG
2014,RF,3.6118134516136653,9,TEMP,AVG
2014,HGB,3.523019754684034,9,TEMP,AVG
2015,GlobalClim,20.266302600043872,9,TEMP,AVG
2015,DeptClim,20.81896431327571,9,TEMP,AVG
2015,Persist,21.7033463376467,9,TEMP,AVG
2015,Ridge,2.8507711023184092,9,TEMP,AVG
2015,RF,2.574777701738193,9,TEMP,AVG
2015,HGB,2.9630915093859467,9,TEMP,AVG
2016,GlobalClim,20.618603919811083,9,TEMP,AVG
2016,DeptClim,21.056180784570596,9,TEMP,AVG
2016,Persist,21.813101191815818,9,TEMP,AVG
2016,Ridge,2.698638448825406,9,TEMP,AVG
2016,RF,2.723646779396094,9,TEMP,AVG
2016,HGB,2.837745309175848,9,TEMP,AVG
2017,GlobalClim,20.561777764101198,9,TEMP,AVG
2017,DeptClim,21.187723438804316,9,TEMP,AVG
2017,Persist,22.33806772540664,9,TEMP,AVG
2017,Ridge,2.584961837365113,9,TEMP,AVG
2017,RF,2.8782622442670087,9,TEMP,AVG
2017,HGB,3.026239933596227,9,TEMP,AVG
2018,GlobalClim,21.176275801484067,9,TEMP,AVG
2018,DeptClim,22.08657010900662,9,TEMP,AVG
2018,Persist,22.03178715539703,9,TEMP,AVG
2018,Ridge,2.454722972546719,9,TEMP,AVG
2018,RF,2.632287745511269,9,TEMP,AVG
2018,HGB,2.5250670452956854,9,TEMP,AVG
2019,GlobalClim,20.77317511118769,9,TEMP,AVG
2019,DeptClim,21.693603458339332,9,TEMP,AVG
2019,Persist,22.245054579126347,9,TEMP,AVG
2019,Ridge,2.928677202833371,9,TEMP,AVG
2019,RF,3.072566778371167,9,TEMP,AVG
2019,HGB,3.2308102402436316,9,TEMP,AVG
2020,GlobalClim,22.374581849066885,9,TEMP,AVG
2020,DeptClim,23.181828281945908,9,TEMP,AVG
2020,Persist,22.28118104820955,9,TEMP,AVG
2020,Ridge,4.049411008748206,9,TEMP,AVG
2020,RF,4.510706934548939,9,TEMP,AVG
2020,HGB,4.780966015655236,9,TEMP,AVG
2021,GlobalClim,21.27799674687673,9,TEMP,AVG
2021,DeptClim,22.250053516135843,9,TEMP,AVG
2021,Persist,22.20100381128364,9,TEMP,AVG
2021,Ridge,2.442343406483813,9,TEMP,AVG
2021,RF,2.339650210812766,9,TEMP,AVG
2021,HGB,2.5757448295857626,9,TEMP,AVG
2022,GlobalClim,22.847597555806338,9,TEMP,AVG
2022,DeptClim,23.462131180637154,9,TEMP,AVG
2022,Persist,22.902765356610583,9,TEMP,AVG
2022,Ridge,2.9056411459308147,9,TEMP,AVG
2022,RF,3.128216821453121,9,TEMP,AVG
2022,HGB,3.145418339335299,9,TEMP,AVG
2023,GlobalClim,20.346194480851757,9,TEMP,AVG
2023,DeptClim,20.78972081748223,9,TEMP,AVG
2023,Persist,22.539388972024835,9,TEMP,AVG
2023,Ridge,3.8461008548889217,9,TEMP,AVG
2023,RF,3.3431558840819635,9,TEMP,AVG
2023,HGB,3.635569172655303,9,TEMP,AVG
2024,GlobalClim,20.060840403527532,9,TEMP,AVG
2024,DeptClim,20.77047988935296,9,TEMP,AVG
2024,Persist,22.82367013554476,9,TEMP,AVG
2024,Ridge,3.3380609340930087,9,TEMP,AVG
2024,RF,3.3097346105072782,9,TEMP,AVG
2024,HGB,3.4405273349068866,9,TEMP,AVG
2001,GlobalClim,26.08959138755908,10,TEMP,AVG
2001,DeptClim,19.832773126973727,10,TEMP,AVG
2001,Persist,5.090403205820849,10,TEMP,AVG
2001,Ridge,1.2990561914815268,10,TEMP,AVG
2001,RF,0.8143424518346407,10,TEMP,AVG
2001,HGB,1.1934154766089633,10,TEMP,AVG
2002,GlobalClim,30.49513507456342,10,TEMP,AVG
2002,DeptClim,26.39898908164438,10,TEMP,AVG
2002,Persist,10.325591482406942,10,TEMP,AVG
2002,Ridge,10.041075287759302,10,TEMP,AVG
2002,RF,8.408232666386363,10,TEMP,AVG
2002,HGB,6.1150482216735655,10,TEMP,AVG
2003,GlobalClim,31.34298828761807,10,TEMP,AVG
2003,DeptClim,26.326553911838847,10,TEMP,AVG
2003,Persist,11.225507292306913,10,TEMP,AVG
2003,Ridge,9.235124570412998,10,TEMP,AVG
2003,RF,7.684720864375574,10,TEMP,AVG
2003,HGB,5.823043486811054,10,TEMP,AVG
2004,GlobalClim,27.504504829729832,10,TEMP,AVG
2004,DeptClim,22.5797022914654,10,TEMP,AVG
2004,Persist,11.857039523070751,10,TEMP,AVG
2004,Ridge,5.461393305130873,10,TEMP,AVG
2004,RF,4.63460599990532,10,TEMP,AVG
2004,HGB,5.614715031156642,10,TEMP,AVG
2005,GlobalClim,22.25486258315948,10,TEMP,AVG
2005,DeptClim,23.164449764152636,10,TEMP,AVG
2005,Persist,19.36385142487824,10,TEMP,AVG
2005,Ridge,7.676440313292064,10,TEMP,AVG
2005,RF,8.001083802304008,10,TEMP,AVG
2005,HGB,7.644451631581994,10,TEMP,AVG
2006,GlobalClim,19.101863272786154,10,TEMP,AVG
2006,DeptClim,20.03633642183258,10,TEMP,AVG
2006,Persist,20.976526675984253,10,TEMP,AVG
2006,Ridge,4.528650049687717,10,TEMP,AVG
2006,RF,4.400464863537072,10,TEMP,AVG
2006,HGB,4.569683827763073,10,TEMP,AVG
2007,GlobalClim,19.604212535958183,10,TEMP,AVG
2007,DeptClim,20.369252294967076,10,TEMP,AVG
2007,Persist,21.151251784830368,10,TEMP,AVG
2007,Ridge,3.383853380551031,10,TEMP,AVG
2007,RF,3.3071197757003303,10,TEMP,AVG
2007,HGB,3.746599669537003,10,TEMP,AVG
2008,GlobalClim,19.677019546607458,10,TEMP,AVG
2008,DeptClim,20.457052698440744,10,TEMP,AVG
2008,Persist,21.246569785502622,10,TEMP,AVG
2008,Ridge,2.676678601227389,10,TEMP,AVG
2008,RF,2.617176638194047,10,TEMP,AVG
2008,HGB,2.5073012790904547,10,TEMP,AVG
2009,GlobalClim,19.663018760232763,10,TEMP,AVG
2009,DeptClim,20.36249043744566,10,TEMP,AVG
2009,Persist,21.511574837436374,10,TEMP,AVG
2009,Ridge,2.2565442927410992,10,TEMP,AVG
2009,RF,2.072178095246394,10,TEMP,AVG
2009,HGB,2.197488221390217,10,TEMP,AVG
2010,GlobalClim,21.233177065844213,10,TEMP,AVG
2010,DeptClim,21.769283245318842,10,TEMP,AVG
2010,Persist,20.748273896022834,10,TEMP,AVG
2010,Ridge,2.5072101438624967,10,TEMP,AVG
2010,RF,2.2325500458488903,10,TEMP,AVG
2010,HGB,2.62352495192994,10,TEMP,AVG
2011,GlobalClim,22.75607233935346,10,TEMP,AVG
2011,DeptClim,23.06893293597602,10,TEMP,AVG
2011,Persist,22.05839641461881,10,TEMP,AVG
2011,Ridge,3.0842617545554276,10,TEMP,AVG
2011,RF,3.0683243928206565,10,TEMP,AVG
2011,HGB,3.328318324419623,10,TEMP,AVG
2012,GlobalClim,23.392464394946675,10,TEMP,AVG
2012,DeptClim,24.2008069213251,10,TEMP,AVG
2012,Persist,21.13253464989156,10,TEMP,AVG
2012,Ridge,4.719141052605796,10,TEMP,AVG
2012,RF,5.243528823631163,10,TEMP,AVG
2012,HGB,5.040144501745879,10,TEMP,AVG
2013,GlobalClim,23.636528773073124,10,TEMP,AVG
2013,DeptClim,24.500809303193442,10,TEMP,AVG
2013,Persist,22.23033993490773,10,TEMP,AVG
2013,Ridge,5.857767881371089,10,TEMP,AVG
2013,RF,5.738943804121212,10,TEMP,AVG
2013,HGB,6.135349270831583,10,TEMP,AVG
2014,GlobalClim,21.660782413443012,10,TEMP,AVG
2014,DeptClim,22.448850188102554,10,TEMP,AVG
2014,Persist,21.901239119583927,10,TEMP,AVG
2014,Ridge,3.0411153269156324,10,TEMP,AVG
2014,RF,3.149950932287798,10,TEMP,AVG
2014,HGB,2.885334989928926,10,TEMP,AVG
2015,GlobalClim,20.26164414977999,10,TEMP,AVG
2015,DeptClim,20.784239560484465,10,TEMP,AVG
2015,Persist,22.14281193543159,10,TEMP,AVG
2015,Ridge,2.923393115020187,10,TEMP,AVG
2015,RF,2.686658928802527,10,TEMP,AVG
2015,HGB,2.6947916619457977,10,TEMP,AVG
2016,GlobalClim,20.7101416403522,10,TEMP,AVG
2016,DeptClim,20.79777369475196,10,TEMP,AVG
2016,Persist,21.895384203370273,10,TEMP,AVG
2016,Ridge,1.732442603123806,10,TEMP,AVG
2016,RF,1.6084265366920574,10,TEMP,AVG
2016,HGB,1.71655320594425,10,TEMP,AVG
2017,GlobalClim,20.63264871854364,10,TEMP,AVG
2017,DeptClim,21.18816600776382,10,TEMP,AVG
2017,Persist,21.90578735653707,10,TEMP,AVG
2017,Ridge,2.427621542660139,10,TEMP,AVG
2017,RF,2.5297110989288525,10,TEMP,AVG
2017,HGB,2.5713838633535784,10,TEMP,AVG
2018,GlobalClim,21.031218145476576,10,TEMP,AVG
2018,DeptClim,21.976123239342208,10,TEMP,AVG
2018,Persist,22.344429368476355,10,TEMP,AVG
2018,Ridge,2.151027089145365,10,TEMP,AVG
2018,RF,2.2744505360862717,10,TEMP,AVG
2018,HGB,2.3734232294796613,10,TEMP,AVG
2019,GlobalClim,21.27113336639668,10,TEMP,AVG
2019,DeptClim,22.237456602892305,10,TEMP,AVG
2019,Persist,23.005242518711718,10,TEMP,AVG
2019,Ridge,3.504596658569755,10,TEMP,AVG
2019,RF,3.6590523783811175,10,TEMP,AVG
2019,HGB,4.154792802005709,10,TEMP,AVG
2020,GlobalClim,20.561762641190022,10,TEMP,AVG
2020,DeptClim,21.401639663142056,10,TEMP,AVG
2020,Persist,21.525595376487242,10,TEMP,AVG
2020,Ridge,1.9169025786218359,10,TEMP,AVG
2020,RF,2.4582108704997654,10,TEMP,AVG
2020,HGB,2.6293486805874973,10,TEMP,AVG
2021,GlobalClim,20.83967676440948,10,TEMP,AVG
2021,DeptClim,21.961520137564996,10,TEMP,AVG
2021,Persist,22.33030423983174,10,TEMP,AVG
2021,Ridge,2.1410142222383177,10,TEMP,AVG
2021,RF,2.165540161742573,10,TEMP,AVG
2021,HGB,2.509849230540918,10,TEMP,AVG
2022,GlobalClim,22.373566483832285,10,TEMP,AVG
2022,DeptClim,23.076523582108976,10,TEMP,AVG
2022,Persist,22.889170196133417,10,TEMP,AVG
2022,Ridge,2.3227324976258976,10,TEMP,AVG
2022,RF,2.4472626978682186,10,TEMP,AVG
2022,HGB,2.6289825090163736,10,TEMP,AVG
2023,GlobalClim,20.660845357057553,10,TEMP,AVG
2023,DeptClim,21.403529404787463,10,TEMP,AVG
2023,Persist,23.570552295532586,10,TEMP,AVG
2023,Ridge,3.049219165341073,10,TEMP,AVG
2023,RF,2.964844230964693,10,TEMP,AVG
2023,HGB,2.757350015122214,10,TEMP,AVG
2024,GlobalClim,20.82220487840639,10,TEMP,AVG
2024,DeptClim,21.469431104262416,10,TEMP,AVG
2024,Persist,23.87288552471578,10,TEMP,AVG
2024,Ridge,2.6864765357218987,10,TEMP,AVG
2024,RF,2.6824170199786734,10,TEMP,AVG
2024,HGB,2.523175154665352,10,TEMP,AVG
2001,GlobalClim,25.13496643528824,11,TEMP,AVG
2001,DeptClim,18.253827702200695,11,TEMP,AVG
2001,Persist,4.144096081192174,11,TEMP,AVG
2001,Ridge,0.760533171083575,11,TEMP,AVG
2001,RF,0.8572247214205362,11,TEMP,AVG
2001,HGB,1.300050537899864,11,TEMP,AVG
2002,GlobalClim,29.88293770860845,11,TEMP,AVG
2002,DeptClim,25.453562058953107,11,TEMP,AVG
2002,Persist,9.753740156601976,11,TEMP,AVG
2002,Ridge,9.534402169071255,11,TEMP,AVG
2002,RF,9.431827336631507,11,TEMP,AVG
2002,HGB,9.477267056704404,11,TEMP,AVG
2003,GlobalClim,31.87065944514566,11,TEMP,AVG
2003,DeptClim,26.89238239155523,11,TEMP,AVG
2003,Persist,12.445900506174159,11,TEMP,AVG
2003,Ridge,9.881946652424196,11,TEMP,AVG
2003,RF,10.324149351068927,11,TEMP,AVG
2003,HGB,9.590877434740614,11,TEMP,AVG
2004,GlobalClim,27.35094436893997,11,TEMP,AVG
2004,DeptClim,22.840547919758617,11,TEMP,AVG
2004,Persist,12.146614427227188,11,TEMP,AVG
2004,Ridge,5.783622082087101,11,TEMP,AVG
2004,RF,6.462903989623872,11,TEMP,AVG
2004,HGB,6.5373445044266605,11,TEMP,AVG
2005,GlobalClim,21.052836182910738,11,TEMP,AVG
2005,DeptClim,21.77524445108546,11,TEMP,AVG
2005,Persist,19.310610933667913,11,TEMP,AVG
2005,Ridge,8.616004894074546,11,TEMP,AVG
2005,RF,8.524597448339058,11,TEMP,AVG
2005,HGB,8.19264856162999,11,TEMP,AVG
2006,GlobalClim,18.98910183087329,11,TEMP,AVG
2006,DeptClim,19.73565140634369,11,TEMP,AVG
2006,Persist,20.30997647579971,11,TEMP,AVG
2006,Ridge,3.440809752610428,11,TEMP,AVG
2006,RF,3.3531892498903098,11,TEMP,AVG
2006,HGB,3.5430474873006053,11,TEMP,AVG
2007,GlobalClim,19.236026807463755,11,TEMP,AVG
2007,DeptClim,19.367156699159125,11,TEMP,AVG
2007,Persist,19.677225755330003,11,TEMP,AVG
2007,Ridge,3.5016346715130156,11,TEMP,AVG
2007,RF,3.359929633790438,11,TEMP,AVG
2007,HGB,3.81385537366796,11,TEMP,AVG
2008,GlobalClim,20.565656968498143,11,TEMP,AVG
2008,DeptClim,21.58727956483909,11,TEMP,AVG
2008,Persist,21.79909803035321,11,TEMP,AVG
2008,Ridge,2.622491727027557,11,TEMP,AVG
2008,RF,2.2698161957884184,11,TEMP,AVG
2008,HGB,2.4641914262090396,11,TEMP,AVG
2009,GlobalClim,20.039992613367748,11,TEMP,AVG
2009,DeptClim,20.89331129309069,11,TEMP,AVG
2009,Persist,21.360516439590118,11,TEMP,AVG
2009,Ridge,2.606730540767798,11,TEMP,AVG
2009,RF,2.5383687078487984,11,TEMP,AVG
2009,HGB,2.3521602536406894,11,TEMP,AVG
2010,GlobalClim,22.284500751617877,11,TEMP,AVG
2010,DeptClim,23.021383044927084,11,TEMP,AVG
2010,Persist,22.26665581681746,11,TEMP,AVG
2010,Ridge,2.759177390681736,11,TEMP,AVG
2010,RF,2.4265375611227986,11,TEMP,AVG
2010,HGB,2.96016800265783,11,TEMP,AVG
2011,GlobalClim,22.42186399878311,11,TEMP,AVG
2011,DeptClim,23.203814063325794,11,TEMP,AVG
2011,Persist,21.314651547749925,11,TEMP,AVG
2011,Ridge,3.5715660976981503,11,TEMP,AVG
2011,RF,3.2759521625405115,11,TEMP,AVG
2011,HGB,3.600186032261989,11,TEMP,AVG
2012,GlobalClim,22.020858031131546,11,TEMP,AVG
2012,DeptClim,22.98159536195848,11,TEMP,AVG
2012,Persist,21.177197394796984,11,TEMP,AVG
2012,Ridge,2.936542408030831,11,TEMP,AVG
2012,RF,2.5563467028159446,11,TEMP,AVG
2012,HGB,2.555526949752269,11,TEMP,AVG
2013,GlobalClim,23.656247640613522,11,TEMP,AVG
2013,DeptClim,24.668410522621524,11,TEMP,AVG
2013,Persist,22.29722145324802,11,TEMP,AVG
2013,Ridge,5.3496087309381695,11,TEMP,AVG
2013,RF,4.9643617463786684,11,TEMP,AVG
2013,HGB,5.28895867989563,11,TEMP,AVG
2014,GlobalClim,21.40791203593868,11,TEMP,AVG
2014,DeptClim,22.26670986346523,11,TEMP,AVG
2014,Persist,21.83078882954701,11,TEMP,AVG
2014,Ridge,3.0318503845769467,11,TEMP,AVG
2014,RF,3.540513070615179,11,TEMP,AVG
2014,HGB,3.216346431917441,11,TEMP,AVG
2015,GlobalClim,20.503048933190403,11,TEMP,AVG
2015,DeptClim,21.164236870600206,11,TEMP,AVG
2015,Persist,22.093913161392834,11,TEMP,AVG
2015,Ridge,2.253845083133157,11,TEMP,AVG
2015,RF,2.5228321820419604,11,TEMP,AVG
2015,HGB,2.0903121798378934,11,TEMP,AVG
2016,GlobalClim,21.047444908826222,11,TEMP,AVG
2016,DeptClim,21.466952486993744,11,TEMP,AVG
2016,Persist,21.334640911709823,11,TEMP,AVG
2016,Ridge,2.219724302743267,11,TEMP,AVG
2016,RF,1.9346630513050962,11,TEMP,AVG
2016,HGB,2.4595110776232607,11,TEMP,AVG
2017,GlobalClim,20.58327380749234,11,TEMP,AVG
2017,DeptClim,21.136761854219824,11,TEMP,AVG
2017,Persist,21.65136717094372,11,TEMP,AVG
2017,Ridge,2.439049460405621,11,TEMP,AVG
2017,RF,2.6290778408373323,11,TEMP,AVG
2017,HGB,2.689631783484455,11,TEMP,AVG
2018,GlobalClim,20.73740006339415,11,TEMP,AVG
2018,DeptClim,21.506626139399547,11,TEMP,AVG
2018,Persist,21.649770953481287,11,TEMP,AVG
2018,Ridge,2.174131578209948,11,TEMP,AVG
2018,RF,2.1804952390294425,11,TEMP,AVG
2018,HGB,2.3065416817723965,11,TEMP,AVG
2019,GlobalClim,20.65910326371864,11,TEMP,AVG
2019,DeptClim,21.821537400445422,11,TEMP,AVG
2019,Persist,21.707961789926685,11,TEMP,AVG
2019,Ridge,3.937779580971677,11,TEMP,AVG
2019,RF,4.051633259451042,11,TEMP,AVG
2019,HGB,4.6911526395482515,11,TEMP,AVG
2020,GlobalClim,20.794247139829135,11,TEMP,AVG
2020,DeptClim,21.62197594654096,11,TEMP,AVG
2020,Persist,22.54464873397448,11,TEMP,AVG
2020,Ridge,2.0467754561819143,11,TEMP,AVG
2020,RF,2.091697903223518,11,TEMP,AVG
2020,HGB,2.591502733592499,11,TEMP,AVG
2021,GlobalClim,20.856769350002356,11,TEMP,AVG
2021,DeptClim,21.516737083715512,11,TEMP,AVG
2021,Persist,22.308674341112685,11,TEMP,AVG
2021,Ridge,3.1841015340094327,11,TEMP,AVG
2021,RF,2.8263704190098102,11,TEMP,AVG
2021,HGB,2.928362615355055,11,TEMP,AVG
2022,GlobalClim,22.58574864177494,11,TEMP,AVG
2022,DeptClim,23.207679251710648,11,TEMP,AVG
2022,Persist,23.06369724917899,11,TEMP,AVG
2022,Ridge,2.8105576445494544,11,TEMP,AVG
2022,RF,2.95237228819945,11,TEMP,AVG
2022,HGB,2.8146342595668647,11,TEMP,AVG
2023,GlobalClim,20.570750118065014,11,TEMP,AVG
2023,DeptClim,21.24511079480148,11,TEMP,AVG
2023,Persist,22.680699835193447,11,TEMP,AVG
2023,Ridge,3.1515970162184757,11,TEMP,AVG
2023,RF,2.970087677711143,11,TEMP,AVG
2023,HGB,2.9477868709964077,11,TEMP,AVG
2024,GlobalClim,20.68357835204357,11,TEMP,AVG
2024,DeptClim,21.427901447970598,11,TEMP,AVG
2024,Persist,23.278762863178525,11,TEMP,AVG
2024,Ridge,2.760602167327485,11,TEMP,AVG
2024,RF,3.004365755126193,11,TEMP,AVG
2024,HGB,2.8149026860515662,11,TEMP,AVG
2001,GlobalClim,23.32090331019271,12,TEMP,AVG
2001,DeptClim,16.198755972467378,12,TEMP,AVG
2001,Persist,5.511325254278199,12,TEMP,AVG
2001,Ridge,1.9448699846638375,12,TEMP,AVG
2001,RF,2.1571570972585175,12,TEMP,AVG
2001,HGB,1.433477272800328,12,TEMP,AVG
2002,GlobalClim,29.153790408330153,12,TEMP,AVG
2002,DeptClim,25.004830368606157,12,TEMP,AVG
2002,Persist,9.389304315254329,12,TEMP,AVG
2002,Ridge,8.879686837756713,12,TEMP,AVG
2002,RF,8.459043562115808,12,TEMP,AVG
2002,HGB,8.096094334172141,12,TEMP,AVG
2003,GlobalClim,31.300813558727317,12,TEMP,AVG
2003,DeptClim,26.535799640125546,12,TEMP,AVG
2003,Persist,11.41530994572016,12,TEMP,AVG
2003,Ridge,9.591865460148398,12,TEMP,AVG
2003,RF,9.18878904637236,12,TEMP,AVG
2003,HGB,9.453508647616882,12,TEMP,AVG
2004,GlobalClim,26.757728388020233,12,TEMP,AVG
2004,DeptClim,22.548257436750344,12,TEMP,AVG
2004,Persist,13.78939008720592,12,TEMP,AVG
2004,Ridge,5.640336500104817,12,TEMP,AVG
2004,RF,5.787211466749426,12,TEMP,AVG
2004,HGB,6.331728641573186,12,TEMP,AVG
2005,GlobalClim,19.34921330622385,12,TEMP,AVG
2005,DeptClim,20.140493926000726,12,TEMP,AVG
2005,Persist,20.662845959213683,12,TEMP,AVG
2005,Ridge,6.194521156861968,12,TEMP,AVG
2005,RF,6.3484997171133974,12,TEMP,AVG
2005,HGB,5.974102284792201,12,TEMP,AVG
2006,GlobalClim,18.500552717672562,12,TEMP,AVG
2006,DeptClim,19.540931834296195,12,TEMP,AVG
2006,Persist,20.32144700708328,12,TEMP,AVG
2006,Ridge,3.942526985199782,12,TEMP,AVG
2006,RF,3.7633731510101915,12,TEMP,AVG
2006,HGB,3.842144390236007,12,TEMP,AVG
2007,GlobalClim,19.95040695857707,12,TEMP,AVG
2007,DeptClim,20.68663783543746,12,TEMP,AVG
2007,Persist,21.22433016418713,12,TEMP,AVG
2007,Ridge,3.365788091133259,12,TEMP,AVG
2007,RF,3.084399051143035,12,TEMP,AVG
2007,HGB,3.543854927443147,12,TEMP,AVG
2008,GlobalClim,19.522221711483187,12,TEMP,AVG
2008,DeptClim,20.289145237848917,12,TEMP,AVG
2008,Persist,20.534518579402196,12,TEMP,AVG
2008,Ridge,3.1430408968291874,12,TEMP,AVG
2008,RF,2.898436347815169,12,TEMP,AVG
2008,HGB,2.766237659681362,12,TEMP,AVG
2009,GlobalClim,21.955242639930002,12,TEMP,AVG
2009,DeptClim,22.681713116394018,12,TEMP,AVG
2009,Persist,23.352235091717265,12,TEMP,AVG
2009,Ridge,3.61683073016767,12,TEMP,AVG
2009,RF,3.9373059850344427,12,TEMP,AVG
2009,HGB,4.055969243378015,12,TEMP,AVG
2010,GlobalClim,21.210392083874645,12,TEMP,AVG
2010,DeptClim,21.80065028203205,12,TEMP,AVG
2010,Persist,20.520043800410352,12,TEMP,AVG
2010,Ridge,2.3373216759218463,12,TEMP,AVG
2010,RF,2.5699116824737183,12,TEMP,AVG
2010,HGB,2.530323833984098,12,TEMP,AVG
2011,GlobalClim,23.946173418509755,12,TEMP,AVG
2011,DeptClim,24.811937632061305,12,TEMP,AVG
2011,Persist,23.484011535843905,12,TEMP,AVG
2011,Ridge,6.175893434811071,12,TEMP,AVG
2011,RF,6.180889252243613,12,TEMP,AVG
2011,HGB,6.047852720649051,12,TEMP,AVG
2012,GlobalClim,21.707954531270563,12,TEMP,AVG
2012,DeptClim,22.308992241242247,12,TEMP,AVG
2012,Persist,21.43973042483118,12,TEMP,AVG
2012,Ridge,2.9621938830984895,12,TEMP,AVG
2012,RF,2.6328572095477636,12,TEMP,AVG
2012,HGB,2.5066374294492477,12,TEMP,AVG
2013,GlobalClim,22.95675320272336,12,TEMP,AVG
2013,DeptClim,23.85867719844122,12,TEMP,AVG
2013,Persist,21.512912438733885,12,TEMP,AVG
2013,Ridge,5.118746939180195,12,TEMP,AVG
2013,RF,4.729940973722206,12,TEMP,AVG
2013,HGB,5.212877484440605,12,TEMP,AVG
2014,GlobalClim,21.098495305823597,12,TEMP,AVG
2014,DeptClim,21.91373955064525,12,TEMP,AVG
2014,Persist,21.94578402418265,12,TEMP,AVG
2014,Ridge,3.006047792957587,12,TEMP,AVG
2014,RF,2.979204801923486,12,TEMP,AVG
2014,HGB,2.8379301063648548,12,TEMP,AVG
2015,GlobalClim,19.63245454962416,12,TEMP,AVG
2015,DeptClim,20.061208342129596,12,TEMP,AVG
2015,Persist,20.79513914121527,12,TEMP,AVG
2015,Ridge,2.7393571739180573,12,TEMP,AVG
2015,RF,2.776093536617623,12,TEMP,AVG
2015,HGB,2.8638943251618136,12,TEMP,AVG
2016,GlobalClim,20.889553227832415,12,TEMP,AVG
2016,DeptClim,20.98878765388653,12,TEMP,AVG
2016,Persist,21.641933089382313,12,TEMP,AVG
2016,Ridge,1.7860265306631646,12,TEMP,AVG
2016,RF,1.2913689440536735,12,TEMP,AVG
2016,HGB,1.6459336110634633,12,TEMP,AVG
2017,GlobalClim,20.56929779764142,12,TEMP,AVG
2017,DeptClim,21.46546364402297,12,TEMP,AVG
2017,Persist,22.35339661253081,12,TEMP,AVG
2017,Ridge,2.3116531255019903,12,TEMP,AVG
2017,RF,2.60628847217625,12,TEMP,AVG
2017,HGB,2.6012202939334137,12,TEMP,AVG
2018,GlobalClim,20.80884540836532,12,TEMP,AVG
2018,DeptClim,21.70302251485706,12,TEMP,AVG
2018,Persist,22.1923922647992,12,TEMP,AVG
2018,Ridge,2.3370187564643676,12,TEMP,AVG
2018,RF,2.481255014546505,12,TEMP,AVG
2018,HGB,2.4695252233970413,12,TEMP,AVG
2019,GlobalClim,20.538924377359095,12,TEMP,AVG
2019,DeptClim,21.93594414041092,12,TEMP,AVG
2019,Persist,22.13874443325407,12,TEMP,AVG
2019,Ridge,4.170641224212243,12,TEMP,AVG
2019,RF,4.392711879680232,12,TEMP,AVG
2019,HGB,4.657036916013483,12,TEMP,AVG
2020,GlobalClim,20.641810921480634,12,TEMP,AVG
2020,DeptClim,21.54160005302259,12,TEMP,AVG
2020,Persist,22.139467717095638,12,TEMP,AVG
2020,Ridge,2.0894071248214448,12,TEMP,AVG
2020,RF,2.1460572352327185,12,TEMP,AVG
2020,HGB,2.76437975434713,12,TEMP,AVG
2021,GlobalClim,21.208630943125776,12,TEMP,AVG
2021,DeptClim,21.938658972984456,12,TEMP,AVG
2021,Persist,22.405456129851725,12,TEMP,AVG
2021,Ridge,2.2378877167804285,12,TEMP,AVG
2021,RF,2.1975511701771953,12,TEMP,AVG
2021,HGB,1.7781318731721105,12,TEMP,AVG
2022,GlobalClim,22.18479402378605,12,TEMP,AVG
2022,DeptClim,22.73647396642892,12,TEMP,AVG
2022,Persist,22.133276042329992,12,TEMP,AVG
2022,Ridge,2.3098671022421273,12,TEMP,AVG
2022,RF,2.4051878492961376,12,TEMP,AVG
2022,HGB,2.4268604484551886,12,TEMP,AVG
2023,GlobalClim,19.922311499412597,12,TEMP,AVG
2023,DeptClim,20.86876688129475,12,TEMP,AVG
2023,Persist,22.532849044938814,12,TEMP,AVG
2023,Ridge,2.7704245224961688,12,TEMP,AVG
2023,RF,2.6224293653776782,12,TEMP,AVG
2023,HGB,2.8016755917205853,12,TEMP,AVG
2024,GlobalClim,20.393411339979252,12,TEMP,AVG
2024,DeptClim,20.93103787562066,12,TEMP,AVG
2024,Persist,22.41555152208183,12,TEMP,AVG
2024,Ridge,2.5128890509233783,12,TEMP,AVG
2024,RF,2.7272998241263773,12,TEMP,AVG
2024,HGB,2.658574414060732,12,TEMP,AVG
2001,GlobalClim,24.836178503676546,2,TEMP,PRIMARY+SECONDARY
2001,DeptClim,18.366528955813358,2,TEMP,PRIMARY+SECONDARY
2001,Persist,3.453280117603981,2,TEMP,PRIMARY+SECONDARY
2001,Ridge,5.2101254473967895,2,TEMP,PRIMARY+SECONDARY
2001,RF,2.860292847551052,2,TEMP,PRIMARY+SECONDARY
2001,HGB,1.4249972790298697,2,TEMP,PRIMARY+SECONDARY
2002,GlobalClim,27.516132769768685,2,TEMP,PRIMARY+SECONDARY
2002,DeptClim,20.99097183912399,2,TEMP,PRIMARY+SECONDARY
2002,Persist,11.826097299041562,2,TEMP,PRIMARY+SECONDARY
2002,Ridge,8.295134197499431,2,TEMP,PRIMARY+SECONDARY
2002,RF,5.433124496600144,2,TEMP,PRIMARY+SECONDARY
2002,HGB,4.785632899746855,2,TEMP,PRIMARY+SECONDARY
2003,GlobalClim,30.113490238508053,2,TEMP,PRIMARY+SECONDARY
2003,DeptClim,26.168888136182606,2,TEMP,PRIMARY+SECONDARY
2003,Persist,9.400120719787097,2,TEMP,PRIMARY+SECONDARY
2003,Ridge,2.344139158763098,2,TEMP,PRIMARY+SECONDARY
2003,RF,0.6511852592516506,2,TEMP,PRIMARY+SECONDARY
2003,HGB,2.5051380297839336,2,TEMP,PRIMARY+SECONDARY
2004,GlobalClim,29.91786554227016,2,TEMP,PRIMARY+SECONDARY
2004,DeptClim,24.970437757079992,2,TEMP,PRIMARY+SECONDARY
2004,Persist,11.701666733576689,2,TEMP,PRIMARY+SECONDARY
2004,Ridge,7.756989046962331,2,TEMP,PRIMARY+SECONDARY
2004,RF,5.643089817960732,2,TEMP,PRIMARY+SECONDARY
2004,HGB,6.261133583357664,2,TEMP,PRIMARY+SECONDARY
2005,GlobalClim,25.725946309372112,2,TEMP,PRIMARY+SECONDARY
2005,DeptClim,25.207285530099437,2,TEMP,PRIMARY+SECONDARY
2005,Persist,19.099001263973275,2,TEMP,PRIMARY+SECONDARY
2005,Ridge,7.099309540193317,2,TEMP,PRIMARY+SECONDARY
2005,RF,7.704787120157666,2,TEMP,PRIMARY+SECONDARY
2005,HGB,7.965720443638302,2,TEMP,PRIMARY+SECONDARY
2006,GlobalClim,19.013345394794154,2,TEMP,PRIMARY+SECONDARY
2006,DeptClim,20.004197210927288,2,TEMP,PRIMARY+SECONDARY
2006,Persist,19.956524446091827,2,TEMP,PRIMARY+SECONDARY
2006,Ridge,3.2728306731018897,2,TEMP,PRIMARY+SECONDARY
2006,RF,4.713350761420462,2,TEMP,PRIMARY+SECONDARY
2006,HGB,4.678917712124274,2,TEMP,PRIMARY+SECONDARY
2007,GlobalClim,18.933242278144508,2,TEMP,PRIMARY+SECONDARY
2007,DeptClim,19.918797540590433,2,TEMP,PRIMARY+SECONDARY
2007,Persist,20.63790664357851,2,TEMP,PRIMARY+SECONDARY
2007,Ridge,3.441992624725673,2,TEMP,PRIMARY+SECONDARY
2007,RF,3.5984738654876267,2,TEMP,PRIMARY+SECONDARY
2007,HGB,3.9079985413024865,2,TEMP,PRIMARY+SECONDARY
2008,GlobalClim,20.11705142940062,2,TEMP,PRIMARY+SECONDARY
2008,DeptClim,20.09748253782639,2,TEMP,PRIMARY+SECONDARY
2008,Persist,19.989792328099337,2,TEMP,PRIMARY+SECONDARY
2008,Ridge,2.5907210186429945,2,TEMP,PRIMARY+SECONDARY
2008,RF,2.706700346400404,2,TEMP,PRIMARY+SECONDARY
2008,HGB,2.8208872724415817,2,TEMP,PRIMARY+SECONDARY
2009,GlobalClim,20.423643318980016,2,TEMP,PRIMARY+SECONDARY
2009,DeptClim,21.151662410047912,2,TEMP,PRIMARY+SECONDARY
2009,Persist,21.031772612089103,2,TEMP,PRIMARY+SECONDARY
2009,Ridge,2.3286906515862844,2,TEMP,PRIMARY+SECONDARY
2009,RF,2.3601125575605573,2,TEMP,PRIMARY+SECONDARY
2009,HGB,2.4905036799084637,2,TEMP,PRIMARY+SECONDARY
2010,GlobalClim,21.193754127830633,2,TEMP,PRIMARY+SECONDARY
2010,DeptClim,22.33573483596036,2,TEMP,PRIMARY+SECONDARY
2010,Persist,21.77676416439257,2,TEMP,PRIMARY+SECONDARY
2010,Ridge,2.93664590574557,2,TEMP,PRIMARY+SECONDARY
2010,RF,3.2310322031827656,2,TEMP,PRIMARY+SECONDARY
2010,HGB,3.253628704538699,2,TEMP,PRIMARY+SECONDARY
2011,GlobalClim,22.396234822061274,2,TEMP,PRIMARY+SECONDARY
2011,DeptClim,23.025588394689517,2,TEMP,PRIMARY+SECONDARY
2011,Persist,21.28046272070568,2,TEMP,PRIMARY+SECONDARY
2011,Ridge,2.3463524169556944,2,TEMP,PRIMARY+SECONDARY
2011,RF,2.9170403484701035,2,TEMP,PRIMARY+SECONDARY
2011,HGB,3.1471556285386892,2,TEMP,PRIMARY+SECONDARY
2012,GlobalClim,24.828491668505695,2,TEMP,PRIMARY+SECONDARY
2012,DeptClim,25.418738706355324,2,TEMP,PRIMARY+SECONDARY
2012,Persist,22.15080094789737,2,TEMP,PRIMARY+SECONDARY
2012,Ridge,4.327856306781931,2,TEMP,PRIMARY+SECONDARY
2012,RF,5.029647570475848,2,TEMP,PRIMARY+SECONDARY
2012,HGB,4.896479302692012,2,TEMP,PRIMARY+SECONDARY
2013,GlobalClim,22.65961321691972,2,TEMP,PRIMARY+SECONDARY
2013,DeptClim,23.480444085970632,2,TEMP,PRIMARY+SECONDARY
2013,Persist,22.50429465606241,2,TEMP,PRIMARY+SECONDARY
2013,Ridge,2.709684533913755,2,TEMP,PRIMARY+SECONDARY
2013,RF,2.5220352408503293,2,TEMP,PRIMARY+SECONDARY
2013,HGB,2.8607579501918736,2,TEMP,PRIMARY+SECONDARY
2014,GlobalClim,23.01782973654543,2,TEMP,PRIMARY+SECONDARY
2014,DeptClim,24.08536549549369,2,TEMP,PRIMARY+SECONDARY
2014,Persist,21.803812699243544,2,TEMP,PRIMARY+SECONDARY
2014,Ridge,2.4588648167499834,2,TEMP,PRIMARY+SECONDARY
2014,RF,4.020281306496702,2,TEMP,PRIMARY+SECONDARY
2014,HGB,3.9528186334940316,2,TEMP,PRIMARY+SECONDARY
2015,GlobalClim,22.160924423821513,2,TEMP,PRIMARY+SECONDARY
2015,DeptClim,23.32888871899737,2,TEMP,PRIMARY+SECONDARY
2015,Persist,22.357058927191442,2,TEMP,PRIMARY+SECONDARY
2015,Ridge,1.9908859345242702,2,TEMP,PRIMARY+SECONDARY
2015,RF,2.3156835613213507,2,TEMP,PRIMARY+SECONDARY
2015,HGB,2.305498730400086,2,TEMP,PRIMARY+SECONDARY
2016,GlobalClim,20.571638469635182,2,TEMP,PRIMARY+SECONDARY
2016,DeptClim,20.95867773638728,2,TEMP,PRIMARY+SECONDARY
2016,Persist,22.022545279395825,2,TEMP,PRIMARY+SECONDARY
2016,Ridge,1.558890480565644,2,TEMP,PRIMARY+SECONDARY
2016,RF,1.9084241085144755,2,TEMP,PRIMARY+SECONDARY
2016,HGB,2.108756862562527,2,TEMP,PRIMARY+SECONDARY
2017,GlobalClim,21.510238015502082,2,TEMP,PRIMARY+SECONDARY
2017,DeptClim,21.953963236364228,2,TEMP,PRIMARY+SECONDARY
2017,Persist,21.429805501750877,2,TEMP,PRIMARY+SECONDARY
2017,Ridge,1.4209974637060836,2,TEMP,PRIMARY+SECONDARY
2017,RF,1.334308978905641,2,TEMP,PRIMARY+SECONDARY
2017,HGB,1.7214951008804733,2,TEMP,PRIMARY+SECONDARY
2018,GlobalClim,21.750877372961316,2,TEMP,PRIMARY+SECONDARY
2018,DeptClim,22.494718851488308,2,TEMP,PRIMARY+SECONDARY
2018,Persist,22.328212970696036,2,TEMP,PRIMARY+SECONDARY
2018,Ridge,2.0556769591020307,2,TEMP,PRIMARY+SECONDARY
2018,RF,2.402735790626947,2,TEMP,PRIMARY+SECONDARY
2018,HGB,2.900426103542212,2,TEMP,PRIMARY+SECONDARY
2019,GlobalClim,21.24863797685772,2,TEMP,PRIMARY+SECONDARY
2019,DeptClim,21.946506898123857,2,TEMP,PRIMARY+SECONDARY
2019,Persist,21.979129404032946,2,TEMP,PRIMARY+SECONDARY
2019,Ridge,1.3570465756434595,2,TEMP,PRIMARY+SECONDARY
2019,RF,2.222657796354029,2,TEMP,PRIMARY+SECONDARY
2019,HGB,2.456533293867369,2,TEMP,PRIMARY+SECONDARY
2020,GlobalClim,20.509298395626324,2,TEMP,PRIMARY+SECONDARY
2020,DeptClim,21.618811605029126,2,TEMP,PRIMARY+SECONDARY
2020,Persist,21.81889351583719,2,TEMP,PRIMARY+SECONDARY
2020,Ridge,1.5575994194689209,2,TEMP,PRIMARY+SECONDARY
2020,RF,3.5023890181715527,2,TEMP,PRIMARY+SECONDARY
2020,HGB,3.754446075033124,2,TEMP,PRIMARY+SECONDARY
2021,GlobalClim,21.38628294283085,2,TEMP,PRIMARY+SECONDARY
2021,DeptClim,22.414120500567957,2,TEMP,PRIMARY+SECONDARY
2021,Persist,22.459587806680176,2,TEMP,PRIMARY+SECONDARY
2021,Ridge,2.3987257866259193,2,TEMP,PRIMARY+SECONDARY
2021,RF,3.259246322644024,2,TEMP,PRIMARY+SECONDARY
2021,HGB,2.97273526086598,2,TEMP,PRIMARY+SECONDARY
2022,GlobalClim,21.874125712322684,2,TEMP,PRIMARY+SECONDARY
2022,DeptClim,22.46139534920416,2,TEMP,PRIMARY+SECONDARY
2022,Persist,21.95313216142473,2,TEMP,PRIMARY+SECONDARY
2022,Ridge,4.0988651363707005,2,TEMP,PRIMARY+SECONDARY
2022,RF,3.3132650289660917,2,TEMP,PRIMARY+SECONDARY
2022,HGB,3.3989645001481046,2,TEMP,PRIMARY+SECONDARY
2023,GlobalClim,22.130648366925197,2,TEMP,PRIMARY+SECONDARY
2023,DeptClim,22.62675014089169,2,TEMP,PRIMARY+SECONDARY
2023,Persist,22.576562777656306,2,TEMP,PRIMARY+SECONDARY
2023,Ridge,2.5195893996344494,2,TEMP,PRIMARY+SECONDARY
2023,RF,2.1501457422352623,2,TEMP,PRIMARY+SECONDARY
2023,HGB,2.6130423177482194,2,TEMP,PRIMARY+SECONDARY
2024,GlobalClim,20.922529365740324,2,TEMP,PRIMARY+SECONDARY
2024,DeptClim,21.53047140475813,2,TEMP,PRIMARY+SECONDARY
2024,Persist,23.662263357528275,2,TEMP,PRIMARY+SECONDARY
2024,Ridge,2.397956547465787,2,TEMP,PRIMARY+SECONDARY
2024,RF,2.9248245606666607,2,TEMP,PRIMARY+SECONDARY
2024,HGB,2.9605412037241847,2,TEMP,PRIMARY+SECONDARY
2025,GlobalClim,21.102429049271386,2,TEMP,PRIMARY+SECONDARY
2025,DeptClim,21.384086617996093,2,TEMP,PRIMARY+SECONDARY
2025,Persist,22.635894198222346,2,TEMP,PRIMARY+SECONDARY
2025,Ridge,2.7485258341584164,2,TEMP,PRIMARY+SECONDARY
2025,RF,2.940607242359269,2,TEMP,PRIMARY+SECONDARY
2025,HGB,2.519132712974811,2,TEMP,PRIMARY+SECONDARY
2001,GlobalClim,24.67387271053345,3,TEMP,PRIMARY+SECONDARY
2001,DeptClim,18.11732145756966,3,TEMP,PRIMARY+SECONDARY
2001,Persist,3.360495747901723,3,TEMP,PRIMARY+SECONDARY
2001,Ridge,4.092139813769044,3,TEMP,PRIMARY+SECONDARY
2001,RF,2.9469124406884326,3,TEMP,PRIMARY+SECONDARY
2001,HGB,2.661864397472745,3,TEMP,PRIMARY+SECONDARY
2002,GlobalClim,20.680965104293165,3,TEMP,PRIMARY+SECONDARY
2002,DeptClim,14.600799087184178,3,TEMP,PRIMARY+SECONDARY
2002,Persist,4.106385584290681,3,TEMP,PRIMARY+SECONDARY
2002,Ridge,10.557238481868167,3,TEMP,PRIMARY+SECONDARY
2002,RF,13.760318447102328,3,TEMP,PRIMARY+SECONDARY
2002,HGB,9.587182850939625,3,TEMP,PRIMARY+SECONDARY
2003,GlobalClim,30.55778853558725,3,TEMP,PRIMARY+SECONDARY
2003,DeptClim,26.580911730269335,3,TEMP,PRIMARY+SECONDARY
2003,Persist,10.161225907909861,3,TEMP,PRIMARY+SECONDARY
2003,Ridge,9.880135285474925,3,TEMP,PRIMARY+SECONDARY
2003,RF,7.900946411499452,3,TEMP,PRIMARY+SECONDARY
2003,HGB,6.358984326600812,3,TEMP,PRIMARY+SECONDARY
2004,GlobalClim,31.308114502731357,3,TEMP,PRIMARY+SECONDARY
2004,DeptClim,26.671092141914432,3,TEMP,PRIMARY+SECONDARY
2004,Persist,13.274008804169485,3,TEMP,PRIMARY+SECONDARY
2004,Ridge,5.348135764792206,3,TEMP,PRIMARY+SECONDARY
2004,RF,5.4754825130248115,3,TEMP,PRIMARY+SECONDARY
2004,HGB,6.758209264778768,3,TEMP,PRIMARY+SECONDARY
2005,GlobalClim,26.00319147745989,3,TEMP,PRIMARY+SECONDARY
2005,DeptClim,25.29166256090165,3,TEMP,PRIMARY+SECONDARY
2005,Persist,18.64852730661639,3,TEMP,PRIMARY+SECONDARY
2005,Ridge,8.13724095434986,3,TEMP,PRIMARY+SECONDARY
2005,RF,8.294173203089002,3,TEMP,PRIMARY+SECONDARY
2005,HGB,8.023907681435006,3,TEMP,PRIMARY+SECONDARY
2006,GlobalClim,19.46878709640829,3,TEMP,PRIMARY+SECONDARY
2006,DeptClim,20.245995150047474,3,TEMP,PRIMARY+SECONDARY
2006,Persist,20.752974518547088,3,TEMP,PRIMARY+SECONDARY
2006,Ridge,3.414058797550439,3,TEMP,PRIMARY+SECONDARY
2006,RF,3.569256404153646,3,TEMP,PRIMARY+SECONDARY
2006,HGB,3.8491875442613055,3,TEMP,PRIMARY+SECONDARY
2007,GlobalClim,19.41895229942981,3,TEMP,PRIMARY+SECONDARY
2007,DeptClim,20.26560564084272,3,TEMP,PRIMARY+SECONDARY
2007,Persist,21.273017201738096,3,TEMP,PRIMARY+SECONDARY
2007,Ridge,3.14083629781814,3,TEMP,PRIMARY+SECONDARY
2007,RF,3.172327499043095,3,TEMP,PRIMARY+SECONDARY
2007,HGB,3.607813744474006,3,TEMP,PRIMARY+SECONDARY
2008,GlobalClim,20.141224501486917,3,TEMP,PRIMARY+SECONDARY
2008,DeptClim,20.37173935230233,3,TEMP,PRIMARY+SECONDARY
2008,Persist,20.553716353868406,3,TEMP,PRIMARY+SECONDARY
2008,Ridge,3.0048940647387883,3,TEMP,PRIMARY+SECONDARY
2008,RF,2.9297558849929435,3,TEMP,PRIMARY+SECONDARY
2008,HGB,3.2991660958465006,3,TEMP,PRIMARY+SECONDARY
2009,GlobalClim,20.948099815722486,3,TEMP,PRIMARY+SECONDARY
2009,DeptClim,21.631249771228642,3,TEMP,PRIMARY+SECONDARY
2009,Persist,21.917415296687082,3,TEMP,PRIMARY+SECONDARY
2009,Ridge,2.1418112184584306,3,TEMP,PRIMARY+SECONDARY
2009,RF,2.1886456074978113,3,TEMP,PRIMARY+SECONDARY
2009,HGB,2.378045473556894,3,TEMP,PRIMARY+SECONDARY
2010,GlobalClim,20.090485558735647,3,TEMP,PRIMARY+SECONDARY
2010,DeptClim,20.55386694712066,3,TEMP,PRIMARY+SECONDARY
2010,Persist,20.973223362969836,3,TEMP,PRIMARY+SECONDARY
2010,Ridge,3.8318046423128815,3,TEMP,PRIMARY+SECONDARY
2010,RF,3.7158240610947724,3,TEMP,PRIMARY+SECONDARY
2010,HGB,3.827042540111705,3,TEMP,PRIMARY+SECONDARY
2011,GlobalClim,23.76093661181403,3,TEMP,PRIMARY+SECONDARY
2011,DeptClim,24.6984941003338,3,TEMP,PRIMARY+SECONDARY
2011,Persist,23.67948740771976,3,TEMP,PRIMARY+SECONDARY
2011,Ridge,5.301196061682671,3,TEMP,PRIMARY+SECONDARY
2011,RF,5.551583446599903,3,TEMP,PRIMARY+SECONDARY
2011,HGB,5.36058687794368,3,TEMP,PRIMARY+SECONDARY
2012,GlobalClim,24.239746876682997,3,TEMP,PRIMARY+SECONDARY
2012,DeptClim,24.759651498933987,3,TEMP,PRIMARY+SECONDARY
2012,Persist,21.19161127064937,3,TEMP,PRIMARY+SECONDARY
2012,Ridge,5.597115211472352,3,TEMP,PRIMARY+SECONDARY
2012,RF,5.694408154052947,3,TEMP,PRIMARY+SECONDARY
2012,HGB,5.5942826313895635,3,TEMP,PRIMARY+SECONDARY
2013,GlobalClim,21.80842084603398,3,TEMP,PRIMARY+SECONDARY
2013,DeptClim,22.65182541025309,3,TEMP,PRIMARY+SECONDARY
2013,Persist,21.431984167380268,3,TEMP,PRIMARY+SECONDARY
2013,Ridge,2.2139005675734493,3,TEMP,PRIMARY+SECONDARY
2013,RF,2.2046957732305823,3,TEMP,PRIMARY+SECONDARY
2013,HGB,2.7303461739350614,3,TEMP,PRIMARY+SECONDARY
2014,GlobalClim,22.748230687873445,3,TEMP,PRIMARY+SECONDARY
2014,DeptClim,23.393939142847945,3,TEMP,PRIMARY+SECONDARY
2014,Persist,22.089553931021452,3,TEMP,PRIMARY+SECONDARY
2014,Ridge,3.1316161582036073,3,TEMP,PRIMARY+SECONDARY
2014,RF,3.6218546049368414,3,TEMP,PRIMARY+SECONDARY
2014,HGB,4.246687663632195,3,TEMP,PRIMARY+SECONDARY
2015,GlobalClim,21.32923605483792,3,TEMP,PRIMARY+SECONDARY
2015,DeptClim,22.10636708762984,3,TEMP,PRIMARY+SECONDARY
2015,Persist,21.905994115905514,3,TEMP,PRIMARY+SECONDARY
2015,Ridge,2.4250114937015157,3,TEMP,PRIMARY+SECONDARY
2015,RF,2.3993289436494543,3,TEMP,PRIMARY+SECONDARY
2015,HGB,2.6234209699180813,3,TEMP,PRIMARY+SECONDARY
2016,GlobalClim,21.039964104430627,3,TEMP,PRIMARY+SECONDARY
2016,DeptClim,21.373573185990182,3,TEMP,PRIMARY+SECONDARY
2016,Persist,22.167295174255518,3,TEMP,PRIMARY+SECONDARY
2016,Ridge,3.584945781218543,3,TEMP,PRIMARY+SECONDARY
2016,RF,3.7748119232930955,3,TEMP,PRIMARY+SECONDARY
2016,HGB,3.601219926275286,3,TEMP,PRIMARY+SECONDARY
2017,GlobalClim,21.40695100457799,3,TEMP,PRIMARY+SECONDARY
2017,DeptClim,22.372363838309756,3,TEMP,PRIMARY+SECONDARY
2017,Persist,22.660570656731107,3,TEMP,PRIMARY+SECONDARY
2017,Ridge,2.8722346920449207,3,TEMP,PRIMARY+SECONDARY
2017,RF,2.954583927802374,3,TEMP,PRIMARY+SECONDARY
2017,HGB,3.5038270848184294,3,TEMP,PRIMARY+SECONDARY
2018,GlobalClim,21.566241199868763,3,TEMP,PRIMARY+SECONDARY
2018,DeptClim,22.319860393324813,3,TEMP,PRIMARY+SECONDARY
2018,Persist,21.982416789343684,3,TEMP,PRIMARY+SECONDARY
2018,Ridge,2.718751628373532,3,TEMP,PRIMARY+SECONDARY
2018,RF,3.24364550147455,3,TEMP,PRIMARY+SECONDARY
2018,HGB,2.717846163512027,3,TEMP,PRIMARY+SECONDARY
2019,GlobalClim,21.107785529474217,3,TEMP,PRIMARY+SECONDARY
2019,DeptClim,22.180801981668637,3,TEMP,PRIMARY+SECONDARY
2019,Persist,22.75330660525656,3,TEMP,PRIMARY+SECONDARY
2019,Ridge,2.9268695784891547,3,TEMP,PRIMARY+SECONDARY
2019,RF,3.616121025434533,3,TEMP,PRIMARY+SECONDARY
2019,HGB,4.364942411962084,3,TEMP,PRIMARY+SECONDARY
2020,GlobalClim,20.253085289291967,3,TEMP,PRIMARY+SECONDARY
2020,DeptClim,21.23276874589577,3,TEMP,PRIMARY+SECONDARY
2020,Persist,22.313290840194757,3,TEMP,PRIMARY+SECONDARY
2020,Ridge,1.82347598221584,3,TEMP,PRIMARY+SECONDARY
2020,RF,3.3366298769961897,3,TEMP,PRIMARY+SECONDARY
2020,HGB,3.522905600695027,3,TEMP,PRIMARY+SECONDARY
2021,GlobalClim,22.19192488456505,3,TEMP,PRIMARY+SECONDARY
2021,DeptClim,22.974381168859946,3,TEMP,PRIMARY+SECONDARY
2021,Persist,23.931125348208944,3,TEMP,PRIMARY+SECONDARY
2021,Ridge,2.472441313446045,3,TEMP,PRIMARY+SECONDARY
2021,RF,2.411166576689719,3,TEMP,PRIMARY+SECONDARY
2021,HGB,2.6505125313250084,3,TEMP,PRIMARY+SECONDARY
2022,GlobalClim,22.671822180629025,3,TEMP,PRIMARY+SECONDARY
2022,DeptClim,23.071990215147217,3,TEMP,PRIMARY+SECONDARY
2022,Persist,23.65632261923113,3,TEMP,PRIMARY+SECONDARY
2022,Ridge,4.038300989890554,3,TEMP,PRIMARY+SECONDARY
2022,RF,3.8983513887477645,3,TEMP,PRIMARY+SECONDARY
2022,HGB,3.787833832177938,3,TEMP,PRIMARY+SECONDARY
2023,GlobalClim,22.20838457719592,3,TEMP,PRIMARY+SECONDARY
2023,DeptClim,22.698185108500795,3,TEMP,PRIMARY+SECONDARY
2023,Persist,23.073813288233403,3,TEMP,PRIMARY+SECONDARY
2023,Ridge,2.9332996463181695,3,TEMP,PRIMARY+SECONDARY
2023,RF,2.558257610699755,3,TEMP,PRIMARY+SECONDARY
2023,HGB,2.58206723158199,3,TEMP,PRIMARY+SECONDARY
2024,GlobalClim,20.069857441572992,3,TEMP,PRIMARY+SECONDARY
2024,DeptClim,20.971244562517658,3,TEMP,PRIMARY+SECONDARY
2024,Persist,22.618221424606826,3,TEMP,PRIMARY+SECONDARY
2024,Ridge,2.3043608202154866,3,TEMP,PRIMARY+SECONDARY
2024,RF,2.58708538466777,3,TEMP,PRIMARY+SECONDARY
2024,HGB,2.7953816450909112,3,TEMP,PRIMARY+SECONDARY
2025,GlobalClim,21.447069194636303,3,TEMP,PRIMARY+SECONDARY
2025,DeptClim,21.89048849429249,3,TEMP,PRIMARY+SECONDARY
2025,Persist,23.55092668144032,3,TEMP,PRIMARY+SECONDARY
2025,Ridge,2.6469391258577915,3,TEMP,PRIMARY+SECONDARY
2025,RF,2.301480797895974,3,TEMP,PRIMARY+SECONDARY
2025,HGB,2.395090390252446,3,TEMP,PRIMARY+SECONDARY
2001,GlobalClim,23.688864113606698,4,TEMP,PRIMARY+SECONDARY
2001,DeptClim,16.626998630498324,4,TEMP,PRIMARY+SECONDARY
2001,Persist,2.532774284873767,4,TEMP,PRIMARY+SECONDARY
2001,Ridge,4.503514188393396,4,TEMP,PRIMARY+SECONDARY
2001,RF,3.012409453627706,4,TEMP,PRIMARY+SECONDARY
2001,HGB,3.0769001184369023,4,TEMP,PRIMARY+SECONDARY
2002,GlobalClim,20.22152584378871,4,TEMP,PRIMARY+SECONDARY
2002,DeptClim,13.679842789457085,4,TEMP,PRIMARY+SECONDARY
2002,Persist,9.289523844464455,4,TEMP,PRIMARY+SECONDARY
2002,Ridge,2.783453788748228,4,TEMP,PRIMARY+SECONDARY
2002,RF,4.782215252614151,4,TEMP,PRIMARY+SECONDARY
2002,HGB,4.315913783322942,4,TEMP,PRIMARY+SECONDARY
2003,GlobalClim,29.293354814165493,4,TEMP,PRIMARY+SECONDARY
2003,DeptClim,25.181736455034653,4,TEMP,PRIMARY+SECONDARY
2003,Persist,8.960674624929995,4,TEMP,PRIMARY+SECONDARY
2003,Ridge,8.933669110504463,4,TEMP,PRIMARY+SECONDARY
2003,RF,7.708230501896368,4,TEMP,PRIMARY+SECONDARY
2003,HGB,7.386061908561847,4,TEMP,PRIMARY+SECONDARY
2004,GlobalClim,30.42062030774305,4,TEMP,PRIMARY+SECONDARY
2004,DeptClim,25.601653564536754,4,TEMP,PRIMARY+SECONDARY
2004,Persist,12.536227568606574,4,TEMP,PRIMARY+SECONDARY
2004,Ridge,4.735006585937596,4,TEMP,PRIMARY+SECONDARY
2004,RF,4.176305828761762,4,TEMP,PRIMARY+SECONDARY
2004,HGB,4.918360719116226,4,TEMP,PRIMARY+SECONDARY
2005,GlobalClim,25.135412601078553,4,TEMP,PRIMARY+SECONDARY
2005,DeptClim,24.856724323613403,4,TEMP,PRIMARY+SECONDARY
2005,Persist,17.57986299262354,4,TEMP,PRIMARY+SECONDARY
2005,Ridge,7.712070514590397,4,TEMP,PRIMARY+SECONDARY
2005,RF,8.179577031161523,4,TEMP,PRIMARY+SECONDARY
2005,HGB,7.719563362149289,4,TEMP,PRIMARY+SECONDARY
2006,GlobalClim,19.938500628497856,4,TEMP,PRIMARY+SECONDARY
2006,DeptClim,20.52346774708936,4,TEMP,PRIMARY+SECONDARY
2006,Persist,21.056056247734023,4,TEMP,PRIMARY+SECONDARY
2006,Ridge,3.4809510043058456,4,TEMP,PRIMARY+SECONDARY
2006,RF,3.6065913859338585,4,TEMP,PRIMARY+SECONDARY
2006,HGB,3.825506027957312,4,TEMP,PRIMARY+SECONDARY
2007,GlobalClim,19.31469397485753,4,TEMP,PRIMARY+SECONDARY
2007,DeptClim,20.102687748603586,4,TEMP,PRIMARY+SECONDARY
2007,Persist,20.802323138361345,4,TEMP,PRIMARY+SECONDARY
2007,Ridge,3.3986565992601996,4,TEMP,PRIMARY+SECONDARY
2007,RF,3.4311918982940806,4,TEMP,PRIMARY+SECONDARY
2007,HGB,3.8713180358103694,4,TEMP,PRIMARY+SECONDARY
2008,GlobalClim,19.526214884040265,4,TEMP,PRIMARY+SECONDARY
2008,DeptClim,19.994104265691682,4,TEMP,PRIMARY+SECONDARY
2008,Persist,19.98087557894497,4,TEMP,PRIMARY+SECONDARY
2008,Ridge,3.971828764622167,4,TEMP,PRIMARY+SECONDARY
2008,RF,3.9485316196259324,4,TEMP,PRIMARY+SECONDARY
2008,HGB,4.013594900545395,4,TEMP,PRIMARY+SECONDARY
2009,GlobalClim,20.377846660630198,4,TEMP,PRIMARY+SECONDARY
2009,DeptClim,20.823476145646477,4,TEMP,PRIMARY+SECONDARY
2009,Persist,20.703097770203854,4,TEMP,PRIMARY+SECONDARY
2009,Ridge,2.713671780523403,4,TEMP,PRIMARY+SECONDARY
2009,RF,2.6217682197221737,4,TEMP,PRIMARY+SECONDARY
2009,HGB,2.59257565516798,4,TEMP,PRIMARY+SECONDARY
2010,GlobalClim,20.552625314884793,4,TEMP,PRIMARY+SECONDARY
2010,DeptClim,21.307514783362137,4,TEMP,PRIMARY+SECONDARY
2010,Persist,21.82526238371858,4,TEMP,PRIMARY+SECONDARY
2010,Ridge,2.5348650775704837,4,TEMP,PRIMARY+SECONDARY
2010,RF,2.1670596162236797,4,TEMP,PRIMARY+SECONDARY
2010,HGB,2.4581320622417553,4,TEMP,PRIMARY+SECONDARY
2011,GlobalClim,22.798165662751007,4,TEMP,PRIMARY+SECONDARY
2011,DeptClim,23.296633413012984,4,TEMP,PRIMARY+SECONDARY
2011,Persist,22.098073535153397,4,TEMP,PRIMARY+SECONDARY
2011,Ridge,2.8347754737096693,4,TEMP,PRIMARY+SECONDARY
2011,RF,3.4588524549531665,4,TEMP,PRIMARY+SECONDARY
2011,HGB,3.4248998461926896,4,TEMP,PRIMARY+SECONDARY
2012,GlobalClim,24.074470776214763,4,TEMP,PRIMARY+SECONDARY
2012,DeptClim,24.716860439893996,4,TEMP,PRIMARY+SECONDARY
2012,Persist,21.71503833912008,4,TEMP,PRIMARY+SECONDARY
2012,Ridge,5.598255602033685,4,TEMP,PRIMARY+SECONDARY
2012,RF,5.632500352413289,4,TEMP,PRIMARY+SECONDARY
2012,HGB,5.658741123908435,4,TEMP,PRIMARY+SECONDARY
2013,GlobalClim,21.296116271523697,4,TEMP,PRIMARY+SECONDARY
2013,DeptClim,22.12758225414301,4,TEMP,PRIMARY+SECONDARY
2013,Persist,21.67114071717135,4,TEMP,PRIMARY+SECONDARY
2013,Ridge,2.8984049866923725,4,TEMP,PRIMARY+SECONDARY
2013,RF,2.4568832760667334,4,TEMP,PRIMARY+SECONDARY
2013,HGB,2.846781314848137,4,TEMP,PRIMARY+SECONDARY
2014,GlobalClim,22.822963948331285,4,TEMP,PRIMARY+SECONDARY
2014,DeptClim,23.754276732970347,4,TEMP,PRIMARY+SECONDARY
2014,Persist,22.196612943809708,4,TEMP,PRIMARY+SECONDARY
2014,Ridge,3.2694990837750812,4,TEMP,PRIMARY+SECONDARY
2014,RF,4.445781300750266,4,TEMP,PRIMARY+SECONDARY
2014,HGB,4.797989628774418,4,TEMP,PRIMARY+SECONDARY
2015,GlobalClim,21.058683304244333,4,TEMP,PRIMARY+SECONDARY
2015,DeptClim,21.962581065752403,4,TEMP,PRIMARY+SECONDARY
2015,Persist,22.17021644562544,4,TEMP,PRIMARY+SECONDARY
2015,Ridge,1.8060747238935169,4,TEMP,PRIMARY+SECONDARY
2015,RF,1.8432007125176872,4,TEMP,PRIMARY+SECONDARY
2015,HGB,1.9622326985272804,4,TEMP,PRIMARY+SECONDARY
2016,GlobalClim,22.315147113630875,4,TEMP,PRIMARY+SECONDARY
2016,DeptClim,22.770974999438263,4,TEMP,PRIMARY+SECONDARY
2016,Persist,23.90240556744774,4,TEMP,PRIMARY+SECONDARY
2016,Ridge,4.880893088969337,4,TEMP,PRIMARY+SECONDARY
2016,RF,4.816399977518343,4,TEMP,PRIMARY+SECONDARY
2016,HGB,4.99850155262501,4,TEMP,PRIMARY+SECONDARY
2017,GlobalClim,20.864315112923972,4,TEMP,PRIMARY+SECONDARY
2017,DeptClim,21.287688240628537,4,TEMP,PRIMARY+SECONDARY
2017,Persist,21.63831177182994,4,TEMP,PRIMARY+SECONDARY
2017,Ridge,1.676596064430864,4,TEMP,PRIMARY+SECONDARY
2017,RF,2.302820652031032,4,TEMP,PRIMARY+SECONDARY
2017,HGB,2.3697692052769614,4,TEMP,PRIMARY+SECONDARY
2018,GlobalClim,22.059018183508535,4,TEMP,PRIMARY+SECONDARY
2018,DeptClim,22.73403380857788,4,TEMP,PRIMARY+SECONDARY
2018,Persist,23.11378080827408,4,TEMP,PRIMARY+SECONDARY
2018,Ridge,2.696047796001928,4,TEMP,PRIMARY+SECONDARY
2018,RF,2.9382776396427763,4,TEMP,PRIMARY+SECONDARY
2018,HGB,2.9893041696976157,4,TEMP,PRIMARY+SECONDARY
2019,GlobalClim,20.49027952860109,4,TEMP,PRIMARY+SECONDARY
2019,DeptClim,21.528765699239308,4,TEMP,PRIMARY+SECONDARY
2019,Persist,22.133309190497766,4,TEMP,PRIMARY+SECONDARY
2019,Ridge,3.4479161704663013,4,TEMP,PRIMARY+SECONDARY
2019,RF,4.0498038640127465,4,TEMP,PRIMARY+SECONDARY
2019,HGB,4.5147824742752265,4,TEMP,PRIMARY+SECONDARY
2020,GlobalClim,20.464788311340918,4,TEMP,PRIMARY+SECONDARY
2020,DeptClim,21.371739765702454,4,TEMP,PRIMARY+SECONDARY
2020,Persist,22.886284320032846,4,TEMP,PRIMARY+SECONDARY
2020,Ridge,1.4320715167692646,4,TEMP,PRIMARY+SECONDARY
2020,RF,3.0978994429984206,4,TEMP,PRIMARY+SECONDARY
2020,HGB,3.6907953722504185,4,TEMP,PRIMARY+SECONDARY
2021,GlobalClim,21.059625027680937,4,TEMP,PRIMARY+SECONDARY
2021,DeptClim,21.83268258569897,4,TEMP,PRIMARY+SECONDARY
2021,Persist,21.95734661249768,4,TEMP,PRIMARY+SECONDARY
2021,Ridge,2.807064854921196,4,TEMP,PRIMARY+SECONDARY
2021,RF,2.6838058192173015,4,TEMP,PRIMARY+SECONDARY
2021,HGB,2.943347066736964,4,TEMP,PRIMARY+SECONDARY
2022,GlobalClim,22.37364353897662,4,TEMP,PRIMARY+SECONDARY
2022,DeptClim,23.1023815152337,4,TEMP,PRIMARY+SECONDARY
2022,Persist,23.889021548943475,4,TEMP,PRIMARY+SECONDARY
2022,Ridge,2.8104071985239867,4,TEMP,PRIMARY+SECONDARY
2022,RF,2.157173550805459,4,TEMP,PRIMARY+SECONDARY
2022,HGB,2.2873593137544614,4,TEMP,PRIMARY+SECONDARY
2023,GlobalClim,21.79533584706052,4,TEMP,PRIMARY+SECONDARY
2023,DeptClim,22.11300026684443,4,TEMP,PRIMARY+SECONDARY
2023,Persist,22.410551636914928,4,TEMP,PRIMARY+SECONDARY
2023,Ridge,2.8131158571858927,4,TEMP,PRIMARY+SECONDARY
2023,RF,2.5893189332496913,4,TEMP,PRIMARY+SECONDARY
2023,HGB,2.4619703524462424,4,TEMP,PRIMARY+SECONDARY
2024,GlobalClim,19.979036163309424,4,TEMP,PRIMARY+SECONDARY
2024,DeptClim,20.79977489334565,4,TEMP,PRIMARY+SECONDARY
2024,Persist,23.04977249712566,4,TEMP,PRIMARY+SECONDARY
2024,Ridge,2.9560846195817025,4,TEMP,PRIMARY+SECONDARY
2024,RF,2.821509278836233,4,TEMP,PRIMARY+SECONDARY
2024,HGB,2.7832723599768765,4,TEMP,PRIMARY+SECONDARY
2001,GlobalClim,25.46778046038341,5,TEMP,PRIMARY+SECONDARY
2001,DeptClim,19.23800189253337,5,TEMP,PRIMARY+SECONDARY
2001,Persist,4.34195818296962,5,TEMP,PRIMARY+SECONDARY
2001,Ridge,2.262336130356849,5,TEMP,PRIMARY+SECONDARY
2001,RF,1.5432174927622446,5,TEMP,PRIMARY+SECONDARY
2001,HGB,0.9369594047837877,5,TEMP,PRIMARY+SECONDARY
2002,GlobalClim,27.161804101844382,5,TEMP,PRIMARY+SECONDARY
2002,DeptClim,20.767237707743046,5,TEMP,PRIMARY+SECONDARY
2002,Persist,18.23977742724048,5,TEMP,PRIMARY+SECONDARY
2002,Ridge,6.913533349891768,5,TEMP,PRIMARY+SECONDARY
2002,RF,4.821961364446279,5,TEMP,PRIMARY+SECONDARY
2002,HGB,4.522284954410654,5,TEMP,PRIMARY+SECONDARY
2003,GlobalClim,31.085599146760284,5,TEMP,PRIMARY+SECONDARY
2003,DeptClim,27.3470652109826,5,TEMP,PRIMARY+SECONDARY
2003,Persist,11.468834070505427,5,TEMP,PRIMARY+SECONDARY
2003,Ridge,3.2603051530661897,5,TEMP,PRIMARY+SECONDARY
2003,RF,0.3889839308460736,5,TEMP,PRIMARY+SECONDARY
2003,HGB,2.3042961522557164,5,TEMP,PRIMARY+SECONDARY
2004,GlobalClim,29.508001204468783,5,TEMP,PRIMARY+SECONDARY
2004,DeptClim,24.664885057292103,5,TEMP,PRIMARY+SECONDARY
2004,Persist,12.02348032570785,5,TEMP,PRIMARY+SECONDARY
2004,Ridge,3.740858333118855,5,TEMP,PRIMARY+SECONDARY
2004,RF,2.467145743003657,5,TEMP,PRIMARY+SECONDARY
2004,HGB,3.130354291695825,5,TEMP,PRIMARY+SECONDARY
2005,GlobalClim,23.539972437601588,5,TEMP,PRIMARY+SECONDARY
2005,DeptClim,23.037859371173187,5,TEMP,PRIMARY+SECONDARY
2005,Persist,18.81667332508943,5,TEMP,PRIMARY+SECONDARY
2005,Ridge,7.692717090698052,5,TEMP,PRIMARY+SECONDARY
2005,RF,8.683196641251158,5,TEMP,PRIMARY+SECONDARY
2005,HGB,8.102605696793857,5,TEMP,PRIMARY+SECONDARY
2006,GlobalClim,19.096512888679072,5,TEMP,PRIMARY+SECONDARY
2006,DeptClim,19.643037385663593,5,TEMP,PRIMARY+SECONDARY
2006,Persist,19.767728680079404,5,TEMP,PRIMARY+SECONDARY
2006,Ridge,3.5413675095245427,5,TEMP,PRIMARY+SECONDARY
2006,RF,3.5762284449209325,5,TEMP,PRIMARY+SECONDARY
2006,HGB,3.67542877798888,5,TEMP,PRIMARY+SECONDARY
2007,GlobalClim,19.82124774585007,5,TEMP,PRIMARY+SECONDARY
2007,DeptClim,21.0015032537542,5,TEMP,PRIMARY+SECONDARY
2007,Persist,20.59548735145649,5,TEMP,PRIMARY+SECONDARY
2007,Ridge,3.358460663661077,5,TEMP,PRIMARY+SECONDARY
2007,RF,3.744580462676629,5,TEMP,PRIMARY+SECONDARY
2007,HGB,4.123713931481371,5,TEMP,PRIMARY+SECONDARY
2008,GlobalClim,20.19650067301734,5,TEMP,PRIMARY+SECONDARY
2008,DeptClim,20.58377679790161,5,TEMP,PRIMARY+SECONDARY
2008,Persist,20.904200707587574,5,TEMP,PRIMARY+SECONDARY
2008,Ridge,3.0385318840263,5,TEMP,PRIMARY+SECONDARY
2008,RF,2.6294286882347127,5,TEMP,PRIMARY+SECONDARY
2008,HGB,2.8030309728810994,5,TEMP,PRIMARY+SECONDARY
2009,GlobalClim,20.2159259433186,5,TEMP,PRIMARY+SECONDARY
2009,DeptClim,20.614442103465528,5,TEMP,PRIMARY+SECONDARY
2009,Persist,21.035474858535878,5,TEMP,PRIMARY+SECONDARY
2009,Ridge,2.490531266449227,5,TEMP,PRIMARY+SECONDARY
2009,RF,2.3975336679431236,5,TEMP,PRIMARY+SECONDARY
2009,HGB,2.5162815346062835,5,TEMP,PRIMARY+SECONDARY
2010,GlobalClim,20.110378211448047,5,TEMP,PRIMARY+SECONDARY
2010,DeptClim,20.783910907022964,5,TEMP,PRIMARY+SECONDARY
2010,Persist,21.086064304647856,5,TEMP,PRIMARY+SECONDARY
2010,Ridge,2.6061269325582623,5,TEMP,PRIMARY+SECONDARY
2010,RF,2.511655100261677,5,TEMP,PRIMARY+SECONDARY
2010,HGB,2.6892669031607164,5,TEMP,PRIMARY+SECONDARY
2011,GlobalClim,22.320745757409988,5,TEMP,PRIMARY+SECONDARY
2011,DeptClim,22.76316170062005,5,TEMP,PRIMARY+SECONDARY
2011,Persist,21.142082443240437,5,TEMP,PRIMARY+SECONDARY
2011,Ridge,2.414613648199319,5,TEMP,PRIMARY+SECONDARY
2011,RF,3.0200549542840687,5,TEMP,PRIMARY+SECONDARY
2011,HGB,2.961131985045984,5,TEMP,PRIMARY+SECONDARY
2012,GlobalClim,24.00038337085274,5,TEMP,PRIMARY+SECONDARY
2012,DeptClim,24.643538469476464,5,TEMP,PRIMARY+SECONDARY
2012,Persist,21.53765644526689,5,TEMP,PRIMARY+SECONDARY
2012,Ridge,5.788893615427784,5,TEMP,PRIMARY+SECONDARY
2012,RF,5.695445711687529,5,TEMP,PRIMARY+SECONDARY
2012,HGB,5.701495225298645,5,TEMP,PRIMARY+SECONDARY
2013,GlobalClim,21.64217836057574,5,TEMP,PRIMARY+SECONDARY
2013,DeptClim,22.556709379093736,5,TEMP,PRIMARY+SECONDARY
2013,Persist,22.22933338073654,5,TEMP,PRIMARY+SECONDARY
2013,Ridge,2.6900671046756197,5,TEMP,PRIMARY+SECONDARY
2013,RF,2.893901912133161,5,TEMP,PRIMARY+SECONDARY
2013,HGB,3.1943996130984966,5,TEMP,PRIMARY+SECONDARY
2014,GlobalClim,23.220601844157216,5,TEMP,PRIMARY+SECONDARY
2014,DeptClim,24.06292644350666,5,TEMP,PRIMARY+SECONDARY
2014,Persist,22.469841441844004,5,TEMP,PRIMARY+SECONDARY
2014,Ridge,3.931948223068547,5,TEMP,PRIMARY+SECONDARY
2014,RF,4.308981658330528,5,TEMP,PRIMARY+SECONDARY
2014,HGB,4.875255975212192,5,TEMP,PRIMARY+SECONDARY
2015,GlobalClim,20.55743121814273,5,TEMP,PRIMARY+SECONDARY
2015,DeptClim,21.35451745481767,5,TEMP,PRIMARY+SECONDARY
2015,Persist,21.714303065049243,5,TEMP,PRIMARY+SECONDARY
2015,Ridge,2.045684379133968,5,TEMP,PRIMARY+SECONDARY
2015,RF,2.0183286791910224,5,TEMP,PRIMARY+SECONDARY
2015,HGB,2.486078606243288,5,TEMP,PRIMARY+SECONDARY
2016,GlobalClim,23.09587183272693,5,TEMP,PRIMARY+SECONDARY
2016,DeptClim,23.48552386346422,5,TEMP,PRIMARY+SECONDARY
2016,Persist,22.67955323882667,5,TEMP,PRIMARY+SECONDARY
2016,Ridge,6.437367802587682,5,TEMP,PRIMARY+SECONDARY
2016,RF,6.770623394840978,5,TEMP,PRIMARY+SECONDARY
2016,HGB,6.201682890930812,5,TEMP,PRIMARY+SECONDARY
2017,GlobalClim,20.52044347037149,5,TEMP,PRIMARY+SECONDARY
2017,DeptClim,21.461441382727664,5,TEMP,PRIMARY+SECONDARY
2017,Persist,22.10122176600568,5,TEMP,PRIMARY+SECONDARY
2017,Ridge,4.265912068384124,5,TEMP,PRIMARY+SECONDARY
2017,RF,3.844371871373522,5,TEMP,PRIMARY+SECONDARY
2017,HGB,4.757915540278506,5,TEMP,PRIMARY+SECONDARY
2018,GlobalClim,22.16278845108847,5,TEMP,PRIMARY+SECONDARY
2018,DeptClim,22.818489640454533,5,TEMP,PRIMARY+SECONDARY
2018,Persist,22.371897733412556,5,TEMP,PRIMARY+SECONDARY
2018,Ridge,3.3160946075554056,5,TEMP,PRIMARY+SECONDARY
2018,RF,2.8247192520733946,5,TEMP,PRIMARY+SECONDARY
2018,HGB,3.1401921853557933,5,TEMP,PRIMARY+SECONDARY
2019,GlobalClim,20.634898779562572,5,TEMP,PRIMARY+SECONDARY
2019,DeptClim,21.573212320532594,5,TEMP,PRIMARY+SECONDARY
2019,Persist,22.434015442521577,5,TEMP,PRIMARY+SECONDARY
2019,Ridge,3.403897562299472,5,TEMP,PRIMARY+SECONDARY
2019,RF,2.556522329436046,5,TEMP,PRIMARY+SECONDARY
2019,HGB,3.4415897211193176,5,TEMP,PRIMARY+SECONDARY
2020,GlobalClim,21.293332940425508,5,TEMP,PRIMARY+SECONDARY
2020,DeptClim,22.216553499543352,5,TEMP,PRIMARY+SECONDARY
2020,Persist,23.163273191349667,5,TEMP,PRIMARY+SECONDARY
2020,Ridge,2.825744474285754,5,TEMP,PRIMARY+SECONDARY
2020,RF,4.0433179121088765,5,TEMP,PRIMARY+SECONDARY
2020,HGB,4.206337212502118,5,TEMP,PRIMARY+SECONDARY
2021,GlobalClim,21.33223987459293,5,TEMP,PRIMARY+SECONDARY
2021,DeptClim,21.76141844966725,5,TEMP,PRIMARY+SECONDARY
2021,Persist,22.711827866783008,5,TEMP,PRIMARY+SECONDARY
2021,Ridge,2.9265179588344488,5,TEMP,PRIMARY+SECONDARY
2021,RF,2.1320231208894453,5,TEMP,PRIMARY+SECONDARY
2021,HGB,2.3810073559692104,5,TEMP,PRIMARY+SECONDARY
2022,GlobalClim,22.275327032768242,5,TEMP,PRIMARY+SECONDARY
2022,DeptClim,22.963129821639992,5,TEMP,PRIMARY+SECONDARY
2022,Persist,23.08689120437169,5,TEMP,PRIMARY+SECONDARY
2022,Ridge,2.96507795721684,5,TEMP,PRIMARY+SECONDARY
2022,RF,2.314156358746207,5,TEMP,PRIMARY+SECONDARY
2022,HGB,2.3291966300864906,5,TEMP,PRIMARY+SECONDARY
2023,GlobalClim,20.64211072840077,5,TEMP,PRIMARY+SECONDARY
2023,DeptClim,21.08940732640439,5,TEMP,PRIMARY+SECONDARY
2023,Persist,22.167855987142865,5,TEMP,PRIMARY+SECONDARY
2023,Ridge,2.8157247585613856,5,TEMP,PRIMARY+SECONDARY
2023,RF,2.37198435583462,5,TEMP,PRIMARY+SECONDARY
2023,HGB,2.3335641141418106,5,TEMP,PRIMARY+SECONDARY
2024,GlobalClim,20.18095123608484,5,TEMP,PRIMARY+SECONDARY
2024,DeptClim,21.058612499465482,5,TEMP,PRIMARY+SECONDARY
2024,Persist,23.49208606700622,5,TEMP,PRIMARY+SECONDARY
2024,Ridge,2.7582628733018875,5,TEMP,PRIMARY+SECONDARY
2024,RF,3.110847962478992,5,TEMP,PRIMARY+SECONDARY
2024,HGB,3.283601159372399,5,TEMP,PRIMARY+SECONDARY
2001,GlobalClim,27.00664068758971,6,TEMP,PRIMARY+SECONDARY
2001,DeptClim,21.782695624703557,6,TEMP,PRIMARY+SECONDARY
2001,Persist,6.06243005387978,6,TEMP,PRIMARY+SECONDARY
2001,Ridge,0.101917104094011,6,TEMP,PRIMARY+SECONDARY
2001,RF,0.26279296316189527,6,TEMP,PRIMARY+SECONDARY
2001,HGB,0.9159172185237363,6,TEMP,PRIMARY+SECONDARY
2002,GlobalClim,27.34836260257943,6,TEMP,PRIMARY+SECONDARY
2002,DeptClim,21.400069809123355,6,TEMP,PRIMARY+SECONDARY
2002,Persist,8.725967799818424,6,TEMP,PRIMARY+SECONDARY
2002,Ridge,1.33217273284848,6,TEMP,PRIMARY+SECONDARY
2002,RF,2.9352217877143865,6,TEMP,PRIMARY+SECONDARY
2002,HGB,0.9591827306214861,6,TEMP,PRIMARY+SECONDARY
2003,GlobalClim,32.89581392263209,6,TEMP,PRIMARY+SECONDARY
2003,DeptClim,29.885414414471683,6,TEMP,PRIMARY+SECONDARY
2003,Persist,12.318981875550715,6,TEMP,PRIMARY+SECONDARY
2003,Ridge,5.446943295553565,6,TEMP,PRIMARY+SECONDARY
2003,RF,2.1533444112387237,6,TEMP,PRIMARY+SECONDARY
2003,HGB,3.9575917622116643,6,TEMP,PRIMARY+SECONDARY
2004,GlobalClim,30.74059036524415,6,TEMP,PRIMARY+SECONDARY
2004,DeptClim,26.36395127325793,6,TEMP,PRIMARY+SECONDARY
2004,Persist,13.54862010376558,6,TEMP,PRIMARY+SECONDARY
2004,Ridge,5.375372070959556,6,TEMP,PRIMARY+SECONDARY
2004,RF,3.9458782412054325,6,TEMP,PRIMARY+SECONDARY
2004,HGB,4.295357114383713,6,TEMP,PRIMARY+SECONDARY
2005,GlobalClim,24.211441802482,6,TEMP,PRIMARY+SECONDARY
2005,DeptClim,24.31598141595426,6,TEMP,PRIMARY+SECONDARY
2005,Persist,20.540474895290373,6,TEMP,PRIMARY+SECONDARY
2005,Ridge,9.286287182561797,6,TEMP,PRIMARY+SECONDARY
2005,RF,10.132946349922292,6,TEMP,PRIMARY+SECONDARY
2005,HGB,9.896258380773538,6,TEMP,PRIMARY+SECONDARY
2006,GlobalClim,20.120626770691587,6,TEMP,PRIMARY+SECONDARY
2006,DeptClim,20.448191158963514,6,TEMP,PRIMARY+SECONDARY
2006,Persist,21.57522008044253,6,TEMP,PRIMARY+SECONDARY
2006,Ridge,4.6292102772336845,6,TEMP,PRIMARY+SECONDARY
2006,RF,4.567614637729709,6,TEMP,PRIMARY+SECONDARY
2006,HGB,4.727373103605422,6,TEMP,PRIMARY+SECONDARY
2007,GlobalClim,19.8008160935782,6,TEMP,PRIMARY+SECONDARY
2007,DeptClim,20.71198121217805,6,TEMP,PRIMARY+SECONDARY
2007,Persist,21.074345983958832,6,TEMP,PRIMARY+SECONDARY
2007,Ridge,3.2426678345346804,6,TEMP,PRIMARY+SECONDARY
2007,RF,3.4803569369314937,6,TEMP,PRIMARY+SECONDARY
2007,HGB,3.6911572327474884,6,TEMP,PRIMARY+SECONDARY
2008,GlobalClim,19.12117396975355,6,TEMP,PRIMARY+SECONDARY
2008,DeptClim,19.367455195493683,6,TEMP,PRIMARY+SECONDARY
2008,Persist,19.775286260220543,6,TEMP,PRIMARY+SECONDARY
2008,Ridge,2.728555918605842,6,TEMP,PRIMARY+SECONDARY
2008,RF,2.322297216363415,6,TEMP,PRIMARY+SECONDARY
2008,HGB,2.5897048940022938,6,TEMP,PRIMARY+SECONDARY
2009,GlobalClim,20.242890843543492,6,TEMP,PRIMARY+SECONDARY
2009,DeptClim,20.754166438076886,6,TEMP,PRIMARY+SECONDARY
2009,Persist,21.371078552821565,6,TEMP,PRIMARY+SECONDARY
2009,Ridge,2.1284027190526116,6,TEMP,PRIMARY+SECONDARY
2009,RF,2.1227155015904327,6,TEMP,PRIMARY+SECONDARY
2009,HGB,2.3253520459944865,6,TEMP,PRIMARY+SECONDARY
2010,GlobalClim,20.655528998604797,6,TEMP,PRIMARY+SECONDARY
2010,DeptClim,21.27126449783002,6,TEMP,PRIMARY+SECONDARY
2010,Persist,22.07431229995125,6,TEMP,PRIMARY+SECONDARY
2010,Ridge,2.322507110951586,6,TEMP,PRIMARY+SECONDARY
2010,RF,2.1811127892182762,6,TEMP,PRIMARY+SECONDARY
2010,HGB,2.5968466569145705,6,TEMP,PRIMARY+SECONDARY
2011,GlobalClim,21.610164421944802,6,TEMP,PRIMARY+SECONDARY
2011,DeptClim,22.024982980488826,6,TEMP,PRIMARY+SECONDARY
2011,Persist,20.93244755910881,6,TEMP,PRIMARY+SECONDARY
2011,Ridge,2.0416914164606452,6,TEMP,PRIMARY+SECONDARY
2011,RF,2.8818019793894734,6,TEMP,PRIMARY+SECONDARY
2011,HGB,3.039938290046807,6,TEMP,PRIMARY+SECONDARY
2012,GlobalClim,22.958699556447048,6,TEMP,PRIMARY+SECONDARY
2012,DeptClim,23.720689728486697,6,TEMP,PRIMARY+SECONDARY
2012,Persist,20.964796078629004,6,TEMP,PRIMARY+SECONDARY
2012,Ridge,5.066957312691064,6,TEMP,PRIMARY+SECONDARY
2012,RF,4.897683356450127,6,TEMP,PRIMARY+SECONDARY
2012,HGB,4.803711584764325,6,TEMP,PRIMARY+SECONDARY
2013,GlobalClim,21.14441553411967,6,TEMP,PRIMARY+SECONDARY
2013,DeptClim,21.77929144149687,6,TEMP,PRIMARY+SECONDARY
2013,Persist,21.38118852330966,6,TEMP,PRIMARY+SECONDARY
2013,Ridge,2.9223712112617317,6,TEMP,PRIMARY+SECONDARY
2013,RF,2.88732643974023,6,TEMP,PRIMARY+SECONDARY
2013,HGB,3.374017939091285,6,TEMP,PRIMARY+SECONDARY
2014,GlobalClim,22.67903211806118,6,TEMP,PRIMARY+SECONDARY
2014,DeptClim,23.590078059568306,6,TEMP,PRIMARY+SECONDARY
2014,Persist,22.02370244213537,6,TEMP,PRIMARY+SECONDARY
2014,Ridge,3.5808214893003303,6,TEMP,PRIMARY+SECONDARY
2014,RF,3.7443883688596324,6,TEMP,PRIMARY+SECONDARY
2014,HGB,4.20104081725068,6,TEMP,PRIMARY+SECONDARY
2015,GlobalClim,20.256282422925793,6,TEMP,PRIMARY+SECONDARY
2015,DeptClim,20.931165386207102,6,TEMP,PRIMARY+SECONDARY
2015,Persist,21.913027112149088,6,TEMP,PRIMARY+SECONDARY
2015,Ridge,2.3937162935466048,6,TEMP,PRIMARY+SECONDARY
2015,RF,2.1154235825478924,6,TEMP,PRIMARY+SECONDARY
2015,HGB,2.1179071829733114,6,TEMP,PRIMARY+SECONDARY
2016,GlobalClim,22.70095022904384,6,TEMP,PRIMARY+SECONDARY
2016,DeptClim,23.43192240530746,6,TEMP,PRIMARY+SECONDARY
2016,Persist,22.542571255276027,6,TEMP,PRIMARY+SECONDARY
2016,Ridge,6.732748205087019,6,TEMP,PRIMARY+SECONDARY
2016,RF,7.209707787553384,6,TEMP,PRIMARY+SECONDARY
2016,HGB,6.588354098010579,6,TEMP,PRIMARY+SECONDARY
2017,GlobalClim,19.68737674273951,6,TEMP,PRIMARY+SECONDARY
2017,DeptClim,20.840031220048537,6,TEMP,PRIMARY+SECONDARY
2017,Persist,21.238894729334824,6,TEMP,PRIMARY+SECONDARY
2017,Ridge,6.321295303797504,6,TEMP,PRIMARY+SECONDARY
2017,RF,6.818484127645182,6,TEMP,PRIMARY+SECONDARY
2017,HGB,6.865804676475478,6,TEMP,PRIMARY+SECONDARY
2018,GlobalClim,21.642308390316316,6,TEMP,PRIMARY+SECONDARY
2018,DeptClim,22.363534970866315,6,TEMP,PRIMARY+SECONDARY
2018,Persist,21.967095344825285,6,TEMP,PRIMARY+SECONDARY
2018,Ridge,3.167579377506945,6,TEMP,PRIMARY+SECONDARY
2018,RF,3.076398080208685,6,TEMP,PRIMARY+SECONDARY
2018,HGB,3.2826309730144536,6,TEMP,PRIMARY+SECONDARY
2019,GlobalClim,20.134404260503896,6,TEMP,PRIMARY+SECONDARY
2019,DeptClim,20.946846916906516,6,TEMP,PRIMARY+SECONDARY
2019,Persist,21.988791811754133,6,TEMP,PRIMARY+SECONDARY
2019,Ridge,4.105648672634291,6,TEMP,PRIMARY+SECONDARY
2019,RF,1.9904796249235426,6,TEMP,PRIMARY+SECONDARY
2019,HGB,2.653985014939268,6,TEMP,PRIMARY+SECONDARY
2020,GlobalClim,21.850431481254407,6,TEMP,PRIMARY+SECONDARY
2020,DeptClim,22.615650201873013,6,TEMP,PRIMARY+SECONDARY
2020,Persist,23.014523587760547,6,TEMP,PRIMARY+SECONDARY
2020,Ridge,4.035962255264478,6,TEMP,PRIMARY+SECONDARY
2020,RF,4.326408537135108,6,TEMP,PRIMARY+SECONDARY
2020,HGB,4.434406174878222,6,TEMP,PRIMARY+SECONDARY
2021,GlobalClim,22.05368496983107,6,TEMP,PRIMARY+SECONDARY
2021,DeptClim,22.482781081201594,6,TEMP,PRIMARY+SECONDARY
2021,Persist,23.46744276926173,6,TEMP,PRIMARY+SECONDARY
2021,Ridge,3.6867987401034465,6,TEMP,PRIMARY+SECONDARY
2021,RF,3.159302001381294,6,TEMP,PRIMARY+SECONDARY
2021,HGB,3.5627868864326886,6,TEMP,PRIMARY+SECONDARY
2022,GlobalClim,22.74489623674864,6,TEMP,PRIMARY+SECONDARY
2022,DeptClim,23.27099237463323,6,TEMP,PRIMARY+SECONDARY
2022,Persist,23.604948593036557,6,TEMP,PRIMARY+SECONDARY
2022,Ridge,3.0496338362644786,6,TEMP,PRIMARY+SECONDARY
2022,RF,2.50191044606007,6,TEMP,PRIMARY+SECONDARY
2022,HGB,3.242037159214293,6,TEMP,PRIMARY+SECONDARY
2023,GlobalClim,20.423035280403514,6,TEMP,PRIMARY+SECONDARY
2023,DeptClim,20.764782639268816,6,TEMP,PRIMARY+SECONDARY
2023,Persist,22.397790840030073,6,TEMP,PRIMARY+SECONDARY
2023,Ridge,3.025390944681008,6,TEMP,PRIMARY+SECONDARY
2023,RF,2.1271682028768653,6,TEMP,PRIMARY+SECONDARY
2023,HGB,2.4983250761784745,6,TEMP,PRIMARY+SECONDARY
2024,GlobalClim,20.264791691268115,6,TEMP,PRIMARY+SECONDARY
2024,DeptClim,21.309469460529254,6,TEMP,PRIMARY+SECONDARY
2024,Persist,23.600909261842126,6,TEMP,PRIMARY+SECONDARY
2024,Ridge,3.534603003261009,6,TEMP,PRIMARY+SECONDARY
2024,RF,2.9885160074712593,6,TEMP,PRIMARY+SECONDARY
2024,HGB,3.621662320432827,6,TEMP,PRIMARY+SECONDARY
2001,GlobalClim,26.924968234364496,7,TEMP,PRIMARY+SECONDARY
2001,DeptClim,21.83628467562494,7,TEMP,PRIMARY+SECONDARY
2001,Persist,5.9853566843617045,7,TEMP,PRIMARY+SECONDARY
2001,Ridge,0.5291041856348295,7,TEMP,PRIMARY+SECONDARY
2001,RF,0.8833113595154165,7,TEMP,PRIMARY+SECONDARY
2001,HGB,0.2521292291982977,7,TEMP,PRIMARY+SECONDARY
2002,GlobalClim,29.975783765775322,7,TEMP,PRIMARY+SECONDARY
2002,DeptClim,24.292012697681063,7,TEMP,PRIMARY+SECONDARY
2002,Persist,12.1614279219283,7,TEMP,PRIMARY+SECONDARY
2002,Ridge,4.589001237207268,7,TEMP,PRIMARY+SECONDARY
2002,RF,5.0819628773754415,7,TEMP,PRIMARY+SECONDARY
2002,HGB,3.5116716286590486,7,TEMP,PRIMARY+SECONDARY
2003,GlobalClim,33.23115987900252,7,TEMP,PRIMARY+SECONDARY
2003,DeptClim,30.520823689335675,7,TEMP,PRIMARY+SECONDARY
2003,Persist,12.92028019792421,7,TEMP,PRIMARY+SECONDARY
2003,Ridge,5.1828508555252055,7,TEMP,PRIMARY+SECONDARY
2003,RF,3.896969529505485,7,TEMP,PRIMARY+SECONDARY
2003,HGB,4.864835932438318,7,TEMP,PRIMARY+SECONDARY
2004,GlobalClim,30.862589593941074,7,TEMP,PRIMARY+SECONDARY
2004,DeptClim,27.5774838573111,7,TEMP,PRIMARY+SECONDARY
2004,Persist,14.53179599076188,7,TEMP,PRIMARY+SECONDARY
2004,Ridge,5.735638870112742,7,TEMP,PRIMARY+SECONDARY
2004,RF,4.662649755096353,7,TEMP,PRIMARY+SECONDARY
2004,HGB,4.688651455366318,7,TEMP,PRIMARY+SECONDARY
2005,GlobalClim,24.1287377610236,7,TEMP,PRIMARY+SECONDARY
2005,DeptClim,24.850927479754436,7,TEMP,PRIMARY+SECONDARY
2005,Persist,16.74899673715282,7,TEMP,PRIMARY+SECONDARY
2005,Ridge,9.512888362463345,7,TEMP,PRIMARY+SECONDARY
2005,RF,10.511387304092914,7,TEMP,PRIMARY+SECONDARY
2005,HGB,10.028811235365389,7,TEMP,PRIMARY+SECONDARY
2006,GlobalClim,21.616466514237235,7,TEMP,PRIMARY+SECONDARY
2006,DeptClim,21.96816783814267,7,TEMP,PRIMARY+SECONDARY
2006,Persist,21.610067966899397,7,TEMP,PRIMARY+SECONDARY
2006,Ridge,6.632773706780641,7,TEMP,PRIMARY+SECONDARY
2006,RF,6.452183396165611,7,TEMP,PRIMARY+SECONDARY
2006,HGB,6.409944587651737,7,TEMP,PRIMARY+SECONDARY
2007,GlobalClim,18.832593234089373,7,TEMP,PRIMARY+SECONDARY
2007,DeptClim,19.654597999456698,7,TEMP,PRIMARY+SECONDARY
2007,Persist,19.907872304501783,7,TEMP,PRIMARY+SECONDARY
2007,Ridge,4.24986606034966,7,TEMP,PRIMARY+SECONDARY
2007,RF,4.062626125831886,7,TEMP,PRIMARY+SECONDARY
2007,HGB,4.031225751647628,7,TEMP,PRIMARY+SECONDARY
2008,GlobalClim,18.881119176876826,7,TEMP,PRIMARY+SECONDARY
2008,DeptClim,19.487037136369104,7,TEMP,PRIMARY+SECONDARY
2008,Persist,20.226404027612492,7,TEMP,PRIMARY+SECONDARY
2008,Ridge,3.4064526166258,7,TEMP,PRIMARY+SECONDARY
2008,RF,2.9957866488246956,7,TEMP,PRIMARY+SECONDARY
2008,HGB,3.367510163969829,7,TEMP,PRIMARY+SECONDARY
2009,GlobalClim,20.240493916701006,7,TEMP,PRIMARY+SECONDARY
2009,DeptClim,21.029550126081233,7,TEMP,PRIMARY+SECONDARY
2009,Persist,20.535766112093114,7,TEMP,PRIMARY+SECONDARY
2009,Ridge,2.515117550221756,7,TEMP,PRIMARY+SECONDARY
2009,RF,2.647093967684255,7,TEMP,PRIMARY+SECONDARY
2009,HGB,3.017465691598314,7,TEMP,PRIMARY+SECONDARY
2010,GlobalClim,21.30173099797298,7,TEMP,PRIMARY+SECONDARY
2010,DeptClim,21.957826624249154,7,TEMP,PRIMARY+SECONDARY
2010,Persist,21.89848856814089,7,TEMP,PRIMARY+SECONDARY
2010,Ridge,2.662779738792746,7,TEMP,PRIMARY+SECONDARY
2010,RF,2.4510151425297835,7,TEMP,PRIMARY+SECONDARY
2010,HGB,2.348599794616455,7,TEMP,PRIMARY+SECONDARY
2011,GlobalClim,22.49222794080607,7,TEMP,PRIMARY+SECONDARY
2011,DeptClim,22.94034925002713,7,TEMP,PRIMARY+SECONDARY
2011,Persist,21.897799428512887,7,TEMP,PRIMARY+SECONDARY
2011,Ridge,3.7550657394419966,7,TEMP,PRIMARY+SECONDARY
2011,RF,4.289126603502216,7,TEMP,PRIMARY+SECONDARY
2011,HGB,4.522369955639337,7,TEMP,PRIMARY+SECONDARY
2012,GlobalClim,22.155109614613377,7,TEMP,PRIMARY+SECONDARY
2012,DeptClim,22.67856984824722,7,TEMP,PRIMARY+SECONDARY
2012,Persist,20.868622962761638,7,TEMP,PRIMARY+SECONDARY
2012,Ridge,3.5975378935950304,7,TEMP,PRIMARY+SECONDARY
2012,RF,3.4384299799349636,7,TEMP,PRIMARY+SECONDARY
2012,HGB,3.389240588055428,7,TEMP,PRIMARY+SECONDARY
2013,GlobalClim,21.818353661942613,7,TEMP,PRIMARY+SECONDARY
2013,DeptClim,22.483703816001462,7,TEMP,PRIMARY+SECONDARY
2013,Persist,22.21070104933036,7,TEMP,PRIMARY+SECONDARY
2013,Ridge,3.928804612495514,7,TEMP,PRIMARY+SECONDARY
2013,RF,3.7118232741245034,7,TEMP,PRIMARY+SECONDARY
2013,HGB,4.141186785516127,7,TEMP,PRIMARY+SECONDARY
2014,GlobalClim,22.16659799627386,7,TEMP,PRIMARY+SECONDARY
2014,DeptClim,22.885397765641788,7,TEMP,PRIMARY+SECONDARY
2014,Persist,21.347132417991656,7,TEMP,PRIMARY+SECONDARY
2014,Ridge,3.161321856588526,7,TEMP,PRIMARY+SECONDARY
2014,RF,3.283316105898191,7,TEMP,PRIMARY+SECONDARY
2014,HGB,3.7941741415598855,7,TEMP,PRIMARY+SECONDARY
2015,GlobalClim,20.676518788566934,7,TEMP,PRIMARY+SECONDARY
2015,DeptClim,21.086531766756536,7,TEMP,PRIMARY+SECONDARY
2015,Persist,22.213284569450412,7,TEMP,PRIMARY+SECONDARY
2015,Ridge,2.647154774404067,7,TEMP,PRIMARY+SECONDARY
2015,RF,2.0310624008427935,7,TEMP,PRIMARY+SECONDARY
2015,HGB,2.3299265704433227,7,TEMP,PRIMARY+SECONDARY
2016,GlobalClim,22.003962600049615,7,TEMP,PRIMARY+SECONDARY
2016,DeptClim,22.757955604758262,7,TEMP,PRIMARY+SECONDARY
2016,Persist,21.781202211414524,7,TEMP,PRIMARY+SECONDARY
2016,Ridge,5.713647317757465,7,TEMP,PRIMARY+SECONDARY
2016,RF,5.371624375074682,7,TEMP,PRIMARY+SECONDARY
2016,HGB,5.844703655874776,7,TEMP,PRIMARY+SECONDARY
2017,GlobalClim,20.006802868768016,7,TEMP,PRIMARY+SECONDARY
2017,DeptClim,20.748416469460906,7,TEMP,PRIMARY+SECONDARY
2017,Persist,22.3981418810762,7,TEMP,PRIMARY+SECONDARY
2017,Ridge,3.7261178406640294,7,TEMP,PRIMARY+SECONDARY
2017,RF,3.9404574250858357,7,TEMP,PRIMARY+SECONDARY
2017,HGB,4.150528245423608,7,TEMP,PRIMARY+SECONDARY
2018,GlobalClim,21.204274227607886,7,TEMP,PRIMARY+SECONDARY
2018,DeptClim,21.850130057035695,7,TEMP,PRIMARY+SECONDARY
2018,Persist,21.823336410681957,7,TEMP,PRIMARY+SECONDARY
2018,Ridge,2.264656234973309,7,TEMP,PRIMARY+SECONDARY
2018,RF,2.7003367949305805,7,TEMP,PRIMARY+SECONDARY
2018,HGB,2.898546267489241,7,TEMP,PRIMARY+SECONDARY
2019,GlobalClim,20.54780755986759,7,TEMP,PRIMARY+SECONDARY
2019,DeptClim,21.213281264491254,7,TEMP,PRIMARY+SECONDARY
2019,Persist,22.348087377730348,7,TEMP,PRIMARY+SECONDARY
2019,Ridge,3.6391942197462037,7,TEMP,PRIMARY+SECONDARY
2019,RF,2.6005599766440475,7,TEMP,PRIMARY+SECONDARY
2019,HGB,3.064013961643427,7,TEMP,PRIMARY+SECONDARY
2020,GlobalClim,22.385998810618908,7,TEMP,PRIMARY+SECONDARY
2020,DeptClim,22.995912233949046,7,TEMP,PRIMARY+SECONDARY
2020,Persist,22.758860604921317,7,TEMP,PRIMARY+SECONDARY
2020,Ridge,4.027734379190486,7,TEMP,PRIMARY+SECONDARY
2020,RF,4.180137870845809,7,TEMP,PRIMARY+SECONDARY
2020,HGB,4.229378623373505,7,TEMP,PRIMARY+SECONDARY
2021,GlobalClim,21.206126348607558,7,TEMP,PRIMARY+SECONDARY
2021,DeptClim,21.86949892643078,7,TEMP,PRIMARY+SECONDARY
2021,Persist,22.00876875892698,7,TEMP,PRIMARY+SECONDARY
2021,Ridge,2.6480363091615566,7,TEMP,PRIMARY+SECONDARY
2021,RF,2.4892839083399236,7,TEMP,PRIMARY+SECONDARY
2021,HGB,2.807112962309333,7,TEMP,PRIMARY+SECONDARY
2022,GlobalClim,21.82063131976001,7,TEMP,PRIMARY+SECONDARY
2022,DeptClim,22.422314320095083,7,TEMP,PRIMARY+SECONDARY
2022,Persist,22.39111128972977,7,TEMP,PRIMARY+SECONDARY
2022,Ridge,2.342658904780824,7,TEMP,PRIMARY+SECONDARY
2022,RF,2.1881319730202553,7,TEMP,PRIMARY+SECONDARY
2022,HGB,2.5559567631661966,7,TEMP,PRIMARY+SECONDARY
2023,GlobalClim,20.84236181040395,7,TEMP,PRIMARY+SECONDARY
2023,DeptClim,21.444142258984968,7,TEMP,PRIMARY+SECONDARY
2023,Persist,22.914010579966636,7,TEMP,PRIMARY+SECONDARY
2023,Ridge,3.2394120807297173,7,TEMP,PRIMARY+SECONDARY
2023,RF,3.6669740229461087,7,TEMP,PRIMARY+SECONDARY
2023,HGB,3.3110533279348746,7,TEMP,PRIMARY+SECONDARY
2024,GlobalClim,20.285552624845415,7,TEMP,PRIMARY+SECONDARY
2024,DeptClim,20.85205378385186,7,TEMP,PRIMARY+SECONDARY
2024,Persist,22.750385298866455,7,TEMP,PRIMARY+SECONDARY
2024,Ridge,3.198802044379987,7,TEMP,PRIMARY+SECONDARY
2024,RF,3.4136508280472837,7,TEMP,PRIMARY+SECONDARY
2024,HGB,3.2964413760912348,7,TEMP,PRIMARY+SECONDARY
2001,GlobalClim,26.908132714307744,8,TEMP,PRIMARY+SECONDARY
2001,DeptClim,21.49208469504063,8,TEMP,PRIMARY+SECONDARY
2001,Persist,5.887294630331553,8,TEMP,PRIMARY+SECONDARY
2001,Ridge,0.5767127594923087,8,TEMP,PRIMARY+SECONDARY
2001,RF,0.22010188772486838,8,TEMP,PRIMARY+SECONDARY
2001,HGB,0.8807379848053687,8,TEMP,PRIMARY+SECONDARY
2002,GlobalClim,26.024460909494632,8,TEMP,PRIMARY+SECONDARY
2002,DeptClim,20.228048166682235,8,TEMP,PRIMARY+SECONDARY
2002,Persist,6.763896934660352,8,TEMP,PRIMARY+SECONDARY
2002,Ridge,4.41534557949103,8,TEMP,PRIMARY+SECONDARY
2002,RF,2.7302675346888763,8,TEMP,PRIMARY+SECONDARY
2002,HGB,2.4912005346249617,8,TEMP,PRIMARY+SECONDARY
2003,GlobalClim,33.00471350627586,8,TEMP,PRIMARY+SECONDARY
2003,DeptClim,30.10845745002163,8,TEMP,PRIMARY+SECONDARY
2003,Persist,12.751394111202144,8,TEMP,PRIMARY+SECONDARY
2003,Ridge,11.93516592092809,8,TEMP,PRIMARY+SECONDARY
2003,RF,11.205821309475171,8,TEMP,PRIMARY+SECONDARY
2003,HGB,10.94272718978808,8,TEMP,PRIMARY+SECONDARY
2004,GlobalClim,30.92810583600889,8,TEMP,PRIMARY+SECONDARY
2004,DeptClim,27.504300545938868,8,TEMP,PRIMARY+SECONDARY
2004,Persist,13.84608608871279,8,TEMP,PRIMARY+SECONDARY
2004,Ridge,5.86530977782906,8,TEMP,PRIMARY+SECONDARY
2004,RF,5.898319817327307,8,TEMP,PRIMARY+SECONDARY
2004,HGB,5.094291613805895,8,TEMP,PRIMARY+SECONDARY
2005,GlobalClim,23.876185435202213,8,TEMP,PRIMARY+SECONDARY
2005,DeptClim,24.677043068185156,8,TEMP,PRIMARY+SECONDARY
2005,Persist,18.584291794355835,8,TEMP,PRIMARY+SECONDARY
2005,Ridge,9.213944591192622,8,TEMP,PRIMARY+SECONDARY
2005,RF,9.849431206834156,8,TEMP,PRIMARY+SECONDARY
2005,HGB,9.2916565065899,8,TEMP,PRIMARY+SECONDARY
2006,GlobalClim,18.577174655118263,8,TEMP,PRIMARY+SECONDARY
2006,DeptClim,19.068560969619124,8,TEMP,PRIMARY+SECONDARY
2006,Persist,18.7179734637734,8,TEMP,PRIMARY+SECONDARY
2006,Ridge,3.708317634753576,8,TEMP,PRIMARY+SECONDARY
2006,RF,3.9811869783378717,8,TEMP,PRIMARY+SECONDARY
2006,HGB,3.8443876208478684,8,TEMP,PRIMARY+SECONDARY
2007,GlobalClim,19.451502197446988,8,TEMP,PRIMARY+SECONDARY
2007,DeptClim,20.10522499750197,8,TEMP,PRIMARY+SECONDARY
2007,Persist,20.88044056690582,8,TEMP,PRIMARY+SECONDARY
2007,Ridge,3.585717493035489,8,TEMP,PRIMARY+SECONDARY
2007,RF,3.192375423337088,8,TEMP,PRIMARY+SECONDARY
2007,HGB,3.1072005771927644,8,TEMP,PRIMARY+SECONDARY
2008,GlobalClim,19.331887010423312,8,TEMP,PRIMARY+SECONDARY
2008,DeptClim,19.90715776619681,8,TEMP,PRIMARY+SECONDARY
2008,Persist,20.797149424119343,8,TEMP,PRIMARY+SECONDARY
2008,Ridge,3.0295361943395025,8,TEMP,PRIMARY+SECONDARY
2008,RF,2.639796328392222,8,TEMP,PRIMARY+SECONDARY
2008,HGB,2.900859315272903,8,TEMP,PRIMARY+SECONDARY
2009,GlobalClim,20.191397340933424,8,TEMP,PRIMARY+SECONDARY
2009,DeptClim,20.919000035922004,8,TEMP,PRIMARY+SECONDARY
2009,Persist,20.920711681114188,8,TEMP,PRIMARY+SECONDARY
2009,Ridge,2.8414048862426577,8,TEMP,PRIMARY+SECONDARY
2009,RF,2.6943350664059347,8,TEMP,PRIMARY+SECONDARY
2009,HGB,3.157529384888715,8,TEMP,PRIMARY+SECONDARY
2010,GlobalClim,21.466998249968363,8,TEMP,PRIMARY+SECONDARY
2010,DeptClim,21.948658126342238,8,TEMP,PRIMARY+SECONDARY
2010,Persist,20.964202520899356,8,TEMP,PRIMARY+SECONDARY
2010,Ridge,2.743879259918987,8,TEMP,PRIMARY+SECONDARY
2010,RF,3.076561547725634,8,TEMP,PRIMARY+SECONDARY
2010,HGB,3.1587465240068187,8,TEMP,PRIMARY+SECONDARY
2011,GlobalClim,22.780974522098447,8,TEMP,PRIMARY+SECONDARY
2011,DeptClim,23.23990043309994,8,TEMP,PRIMARY+SECONDARY
2011,Persist,21.3194224734033,8,TEMP,PRIMARY+SECONDARY
2011,Ridge,4.236667039549173,8,TEMP,PRIMARY+SECONDARY
2011,RF,4.50390742000228,8,TEMP,PRIMARY+SECONDARY
2011,HGB,4.711554383701183,8,TEMP,PRIMARY+SECONDARY
2012,GlobalClim,24.90430766374309,8,TEMP,PRIMARY+SECONDARY
2012,DeptClim,25.542522017241257,8,TEMP,PRIMARY+SECONDARY
2012,Persist,23.889969650733587,8,TEMP,PRIMARY+SECONDARY
2012,Ridge,5.138657126004204,8,TEMP,PRIMARY+SECONDARY
2012,RF,5.626225066408616,8,TEMP,PRIMARY+SECONDARY
2012,HGB,6.070132592677223,8,TEMP,PRIMARY+SECONDARY
2013,GlobalClim,22.560077004138215,8,TEMP,PRIMARY+SECONDARY
2013,DeptClim,23.218881762599374,8,TEMP,PRIMARY+SECONDARY
2013,Persist,22.290732679851924,8,TEMP,PRIMARY+SECONDARY
2013,Ridge,4.50253864834609,8,TEMP,PRIMARY+SECONDARY
2013,RF,4.486166868960872,8,TEMP,PRIMARY+SECONDARY
2013,HGB,4.620003555419294,8,TEMP,PRIMARY+SECONDARY
2014,GlobalClim,22.752164142467638,8,TEMP,PRIMARY+SECONDARY
2014,DeptClim,23.387434197021285,8,TEMP,PRIMARY+SECONDARY
2014,Persist,22.322828110729603,8,TEMP,PRIMARY+SECONDARY
2014,Ridge,3.3496358408840288,8,TEMP,PRIMARY+SECONDARY
2014,RF,3.3103332582261378,8,TEMP,PRIMARY+SECONDARY
2014,HGB,3.9648368855616734,8,TEMP,PRIMARY+SECONDARY
2015,GlobalClim,20.578916580263712,8,TEMP,PRIMARY+SECONDARY
2015,DeptClim,20.833314384902398,8,TEMP,PRIMARY+SECONDARY
2015,Persist,21.201224835037966,8,TEMP,PRIMARY+SECONDARY
2015,Ridge,3.8240638297427205,8,TEMP,PRIMARY+SECONDARY
2015,RF,3.3194369345411445,8,TEMP,PRIMARY+SECONDARY
2015,HGB,3.636437616948305,8,TEMP,PRIMARY+SECONDARY
2016,GlobalClim,21.67711299990011,8,TEMP,PRIMARY+SECONDARY
2016,DeptClim,22.39391662284163,8,TEMP,PRIMARY+SECONDARY
2016,Persist,21.070067412772854,8,TEMP,PRIMARY+SECONDARY
2016,Ridge,5.656340213654901,8,TEMP,PRIMARY+SECONDARY
2016,RF,5.525195386848409,8,TEMP,PRIMARY+SECONDARY
2016,HGB,5.543165547706236,8,TEMP,PRIMARY+SECONDARY
2017,GlobalClim,19.89079931700282,8,TEMP,PRIMARY+SECONDARY
2017,DeptClim,20.911248463542755,8,TEMP,PRIMARY+SECONDARY
2017,Persist,21.386200905508147,8,TEMP,PRIMARY+SECONDARY
2017,Ridge,5.203942248198359,8,TEMP,PRIMARY+SECONDARY
2017,RF,4.827796079166147,8,TEMP,PRIMARY+SECONDARY
2017,HGB,5.4910752140028185,8,TEMP,PRIMARY+SECONDARY
2018,GlobalClim,21.246367499943617,8,TEMP,PRIMARY+SECONDARY
2018,DeptClim,21.88354099290608,8,TEMP,PRIMARY+SECONDARY
2018,Persist,21.780080969205816,8,TEMP,PRIMARY+SECONDARY
2018,Ridge,3.1392900812707616,8,TEMP,PRIMARY+SECONDARY
2018,RF,3.120714136274747,8,TEMP,PRIMARY+SECONDARY
2018,HGB,3.244963853317806,8,TEMP,PRIMARY+SECONDARY
2019,GlobalClim,20.475372654061598,8,TEMP,PRIMARY+SECONDARY
2019,DeptClim,21.188750430224147,8,TEMP,PRIMARY+SECONDARY
2019,Persist,21.836965823189026,8,TEMP,PRIMARY+SECONDARY
2019,Ridge,2.855763607191922,8,TEMP,PRIMARY+SECONDARY
2019,RF,2.665305017148746,8,TEMP,PRIMARY+SECONDARY
2019,HGB,3.4750653414703274,8,TEMP,PRIMARY+SECONDARY
2020,GlobalClim,22.255095470395954,8,TEMP,PRIMARY+SECONDARY
2020,DeptClim,22.958326333225205,8,TEMP,PRIMARY+SECONDARY
2020,Persist,22.143901678434645,8,TEMP,PRIMARY+SECONDARY
2020,Ridge,4.16231336430613,8,TEMP,PRIMARY+SECONDARY
2020,RF,4.458282810451713,8,TEMP,PRIMARY+SECONDARY
2020,HGB,4.7753780887613235,8,TEMP,PRIMARY+SECONDARY
2021,GlobalClim,21.25624338059122,8,TEMP,PRIMARY+SECONDARY
2021,DeptClim,21.92296039170489,8,TEMP,PRIMARY+SECONDARY
2021,Persist,22.417024362425128,8,TEMP,PRIMARY+SECONDARY
2021,Ridge,2.7760183473623923,8,TEMP,PRIMARY+SECONDARY
2021,RF,2.625657840778929,8,TEMP,PRIMARY+SECONDARY
2021,HGB,2.589504412110457,8,TEMP,PRIMARY+SECONDARY
2022,GlobalClim,22.627589217064543,8,TEMP,PRIMARY+SECONDARY
2022,DeptClim,23.15008898471265,8,TEMP,PRIMARY+SECONDARY
2022,Persist,23.015689319854143,8,TEMP,PRIMARY+SECONDARY
2022,Ridge,2.8957597688713235,8,TEMP,PRIMARY+SECONDARY
2022,RF,2.572113706066386,8,TEMP,PRIMARY+SECONDARY
2022,HGB,2.3060709835010416,8,TEMP,PRIMARY+SECONDARY
2023,GlobalClim,20.12756789181874,8,TEMP,PRIMARY+SECONDARY
2023,DeptClim,20.596863384071984,8,TEMP,PRIMARY+SECONDARY
2023,Persist,22.223224122365902,8,TEMP,PRIMARY+SECONDARY
2023,Ridge,3.158607295320798,8,TEMP,PRIMARY+SECONDARY
2023,RF,2.392901882706553,8,TEMP,PRIMARY+SECONDARY
2023,HGB,2.8892017149745852,8,TEMP,PRIMARY+SECONDARY
2024,GlobalClim,20.308496183281875,8,TEMP,PRIMARY+SECONDARY
2024,DeptClim,20.880649182765406,8,TEMP,PRIMARY+SECONDARY
2024,Persist,23.122122286143977,8,TEMP,PRIMARY+SECONDARY
2024,Ridge,3.546674218574287,8,TEMP,PRIMARY+SECONDARY
2024,RF,3.272677251800841,8,TEMP,PRIMARY+SECONDARY
2024,HGB,3.2966150399095633,8,TEMP,PRIMARY+SECONDARY
2001,GlobalClim,25.666250062150812,9,TEMP,PRIMARY+SECONDARY
2001,DeptClim,19.548164805997125,9,TEMP,PRIMARY+SECONDARY
2001,Persist,5.413826942709875,9,TEMP,PRIMARY+SECONDARY
2001,Ridge,4.095762826118019,9,TEMP,PRIMARY+SECONDARY
2001,RF,3.020476713923479,9,TEMP,PRIMARY+SECONDARY
2001,HGB,3.724495948809358,9,TEMP,PRIMARY+SECONDARY
2002,GlobalClim,30.83502969933329,9,TEMP,PRIMARY+SECONDARY
2002,DeptClim,27.065264322806236,9,TEMP,PRIMARY+SECONDARY
2002,Persist,6.329542496338718,9,TEMP,PRIMARY+SECONDARY
2002,Ridge,10.109181638878749,9,TEMP,PRIMARY+SECONDARY
2002,RF,8.810024865015444,9,TEMP,PRIMARY+SECONDARY
2002,HGB,8.427981600015556,9,TEMP,PRIMARY+SECONDARY
2003,GlobalClim,32.00618154435955,9,TEMP,PRIMARY+SECONDARY
2003,DeptClim,27.173109971021347,9,TEMP,PRIMARY+SECONDARY
2003,Persist,10.900636825813727,9,TEMP,PRIMARY+SECONDARY
2003,Ridge,9.14169009130137,9,TEMP,PRIMARY+SECONDARY
2003,RF,7.372100137052718,9,TEMP,PRIMARY+SECONDARY
2003,HGB,6.239984634613474,9,TEMP,PRIMARY+SECONDARY
2004,GlobalClim,27.12246441426719,9,TEMP,PRIMARY+SECONDARY
2004,DeptClim,22.719937904811815,9,TEMP,PRIMARY+SECONDARY
2004,Persist,12.646644908175439,9,TEMP,PRIMARY+SECONDARY
2004,Ridge,5.10968793865617,9,TEMP,PRIMARY+SECONDARY
2004,RF,3.2550400469221548,9,TEMP,PRIMARY+SECONDARY
2004,HGB,5.053573937739945,9,TEMP,PRIMARY+SECONDARY
2005,GlobalClim,22.863864718626967,9,TEMP,PRIMARY+SECONDARY
2005,DeptClim,23.5114592778506,9,TEMP,PRIMARY+SECONDARY
2005,Persist,18.631161502846684,9,TEMP,PRIMARY+SECONDARY
2005,Ridge,8.55121788231112,9,TEMP,PRIMARY+SECONDARY
2005,RF,8.79025941717053,9,TEMP,PRIMARY+SECONDARY
2005,HGB,8.814710420136237,9,TEMP,PRIMARY+SECONDARY
2006,GlobalClim,18.69797977547761,9,TEMP,PRIMARY+SECONDARY
2006,DeptClim,19.275595989268265,9,TEMP,PRIMARY+SECONDARY
2006,Persist,20.16950673506271,9,TEMP,PRIMARY+SECONDARY
2006,Ridge,4.049890934047913,9,TEMP,PRIMARY+SECONDARY
2006,RF,3.9769645651413543,9,TEMP,PRIMARY+SECONDARY
2006,HGB,3.8879628834635285,9,TEMP,PRIMARY+SECONDARY
2007,GlobalClim,19.25795170128026,9,TEMP,PRIMARY+SECONDARY
2007,DeptClim,19.978558873631176,9,TEMP,PRIMARY+SECONDARY
2007,Persist,20.103916119685856,9,TEMP,PRIMARY+SECONDARY
2007,Ridge,3.5197918470622898,9,TEMP,PRIMARY+SECONDARY
2007,RF,3.3161825160000755,9,TEMP,PRIMARY+SECONDARY
2007,HGB,3.3198134634781162,9,TEMP,PRIMARY+SECONDARY
2008,GlobalClim,19.756810360248917,9,TEMP,PRIMARY+SECONDARY
2008,DeptClim,20.59009700797629,9,TEMP,PRIMARY+SECONDARY
2008,Persist,21.220770463592817,9,TEMP,PRIMARY+SECONDARY
2008,Ridge,2.9307625331985094,9,TEMP,PRIMARY+SECONDARY
2008,RF,2.8745059023562565,9,TEMP,PRIMARY+SECONDARY
2008,HGB,2.943220334487258,9,TEMP,PRIMARY+SECONDARY
2009,GlobalClim,19.636212344290243,9,TEMP,PRIMARY+SECONDARY
2009,DeptClim,20.095710296731404,9,TEMP,PRIMARY+SECONDARY
2009,Persist,20.50011540019839,9,TEMP,PRIMARY+SECONDARY
2009,Ridge,2.53948153513443,9,TEMP,PRIMARY+SECONDARY
2009,RF,2.213849160565216,9,TEMP,PRIMARY+SECONDARY
2009,HGB,2.6290809626274547,9,TEMP,PRIMARY+SECONDARY
2010,GlobalClim,22.057455100571776,9,TEMP,PRIMARY+SECONDARY
2010,DeptClim,22.596092121510615,9,TEMP,PRIMARY+SECONDARY
2010,Persist,21.70781491056209,9,TEMP,PRIMARY+SECONDARY
2010,Ridge,3.5424022482321376,9,TEMP,PRIMARY+SECONDARY
2010,RF,3.2114441842627017,9,TEMP,PRIMARY+SECONDARY
2010,HGB,3.059202359825884,9,TEMP,PRIMARY+SECONDARY
2011,GlobalClim,22.170029829144614,9,TEMP,PRIMARY+SECONDARY
2011,DeptClim,22.90050342317197,9,TEMP,PRIMARY+SECONDARY
2011,Persist,20.901846604331524,9,TEMP,PRIMARY+SECONDARY
2011,Ridge,2.9117422494448655,9,TEMP,PRIMARY+SECONDARY
2011,RF,2.838143644333683,9,TEMP,PRIMARY+SECONDARY
2011,HGB,3.187034856251745,9,TEMP,PRIMARY+SECONDARY
2012,GlobalClim,24.4392487157608,9,TEMP,PRIMARY+SECONDARY
2012,DeptClim,25.324508916909945,9,TEMP,PRIMARY+SECONDARY
2012,Persist,21.495824721854575,9,TEMP,PRIMARY+SECONDARY
2012,Ridge,4.531119010638051,9,TEMP,PRIMARY+SECONDARY
2012,RF,5.371804530542836,9,TEMP,PRIMARY+SECONDARY
2012,HGB,5.580793145011113,9,TEMP,PRIMARY+SECONDARY
2013,GlobalClim,23.875921077838797,9,TEMP,PRIMARY+SECONDARY
2013,DeptClim,24.7549902593702,9,TEMP,PRIMARY+SECONDARY
2013,Persist,22.81026908838441,9,TEMP,PRIMARY+SECONDARY
2013,Ridge,5.840758822276246,9,TEMP,PRIMARY+SECONDARY
2013,RF,5.58384208752501,9,TEMP,PRIMARY+SECONDARY
2013,HGB,5.598573311872571,9,TEMP,PRIMARY+SECONDARY
2014,GlobalClim,22.367735733778893,9,TEMP,PRIMARY+SECONDARY
2014,DeptClim,23.174116950632115,9,TEMP,PRIMARY+SECONDARY
2014,Persist,22.145168910551078,9,TEMP,PRIMARY+SECONDARY
2014,Ridge,3.4100974622455746,9,TEMP,PRIMARY+SECONDARY
2014,RF,3.602127899217942,9,TEMP,PRIMARY+SECONDARY
2014,HGB,3.4465553499336514,9,TEMP,PRIMARY+SECONDARY
2015,GlobalClim,20.266302600043872,9,TEMP,PRIMARY+SECONDARY
2015,DeptClim,20.81896431327571,9,TEMP,PRIMARY+SECONDARY
2015,Persist,21.7033463376467,9,TEMP,PRIMARY+SECONDARY
2015,Ridge,2.8627598827515537,9,TEMP,PRIMARY+SECONDARY
2015,RF,2.751925953875964,9,TEMP,PRIMARY+SECONDARY
2015,HGB,3.07107933040608,9,TEMP,PRIMARY+SECONDARY
2016,GlobalClim,20.618603919811083,9,TEMP,PRIMARY+SECONDARY
2016,DeptClim,21.056180784570596,9,TEMP,PRIMARY+SECONDARY
2016,Persist,21.813101191815818,9,TEMP,PRIMARY+SECONDARY
2016,Ridge,2.717220425167484,9,TEMP,PRIMARY+SECONDARY
2016,RF,2.560376422484551,9,TEMP,PRIMARY+SECONDARY
2016,HGB,2.323350716549978,9,TEMP,PRIMARY+SECONDARY
2017,GlobalClim,20.561777764101198,9,TEMP,PRIMARY+SECONDARY
2017,DeptClim,21.187723438804316,9,TEMP,PRIMARY+SECONDARY
2017,Persist,22.33806772540664,9,TEMP,PRIMARY+SECONDARY
2017,Ridge,2.613770408193048,9,TEMP,PRIMARY+SECONDARY
2017,RF,2.800752001578122,9,TEMP,PRIMARY+SECONDARY
2017,HGB,2.8743661542232166,9,TEMP,PRIMARY+SECONDARY
2018,GlobalClim,21.176275801484067,9,TEMP,PRIMARY+SECONDARY
2018,DeptClim,22.08657010900662,9,TEMP,PRIMARY+SECONDARY
2018,Persist,22.03178715539703,9,TEMP,PRIMARY+SECONDARY
2018,Ridge,2.4861954583797785,9,TEMP,PRIMARY+SECONDARY
2018,RF,2.5657036669504083,9,TEMP,PRIMARY+SECONDARY
2018,HGB,2.733882209005834,9,TEMP,PRIMARY+SECONDARY
2019,GlobalClim,20.77317511118769,9,TEMP,PRIMARY+SECONDARY
2019,DeptClim,21.693603458339332,9,TEMP,PRIMARY+SECONDARY
2019,Persist,22.245054579126347,9,TEMP,PRIMARY+SECONDARY
2019,Ridge,3.194270807903791,9,TEMP,PRIMARY+SECONDARY
2019,RF,2.8929594138173225,9,TEMP,PRIMARY+SECONDARY
2019,HGB,3.187566980223602,9,TEMP,PRIMARY+SECONDARY
2020,GlobalClim,22.374581849066885,9,TEMP,PRIMARY+SECONDARY
2020,DeptClim,23.181828281945908,9,TEMP,PRIMARY+SECONDARY
2020,Persist,22.28118104820955,9,TEMP,PRIMARY+SECONDARY
2020,Ridge,4.013749310349791,9,TEMP,PRIMARY+SECONDARY
2020,RF,4.3619665277341735,9,TEMP,PRIMARY+SECONDARY
2020,HGB,4.594304725000199,9,TEMP,PRIMARY+SECONDARY
2021,GlobalClim,21.27799674687673,9,TEMP,PRIMARY+SECONDARY
2021,DeptClim,22.250053516135843,9,TEMP,PRIMARY+SECONDARY
2021,Persist,22.20100381128364,9,TEMP,PRIMARY+SECONDARY
2021,Ridge,2.4102246528526763,9,TEMP,PRIMARY+SECONDARY
2021,RF,2.3597094774202683,9,TEMP,PRIMARY+SECONDARY
2021,HGB,2.610579163997418,9,TEMP,PRIMARY+SECONDARY
2022,GlobalClim,22.847597555806338,9,TEMP,PRIMARY+SECONDARY
2022,DeptClim,23.462131180637154,9,TEMP,PRIMARY+SECONDARY
2022,Persist,22.902765356610583,9,TEMP,PRIMARY+SECONDARY
2022,Ridge,2.9849715366276306,9,TEMP,PRIMARY+SECONDARY
2022,RF,2.8641666294327357,9,TEMP,PRIMARY+SECONDARY
2022,HGB,2.9403210398101565,9,TEMP,PRIMARY+SECONDARY
2023,GlobalClim,20.346194480851757,9,TEMP,PRIMARY+SECONDARY
2023,DeptClim,20.78972081748223,9,TEMP,PRIMARY+SECONDARY
2023,Persist,22.539388972024835,9,TEMP,PRIMARY+SECONDARY
2023,Ridge,3.903904309768374,9,TEMP,PRIMARY+SECONDARY
2023,RF,3.43949627385639,9,TEMP,PRIMARY+SECONDARY
2023,HGB,3.3576649736830646,9,TEMP,PRIMARY+SECONDARY
2024,GlobalClim,20.060840403527532,9,TEMP,PRIMARY+SECONDARY
2024,DeptClim,20.77047988935296,9,TEMP,PRIMARY+SECONDARY
2024,Persist,22.82367013554476,9,TEMP,PRIMARY+SECONDARY
2024,Ridge,3.348169147819379,9,TEMP,PRIMARY+SECONDARY
2024,RF,3.4690089656563567,9,TEMP,PRIMARY+SECONDARY
2024,HGB,3.3059590871351574,9,TEMP,PRIMARY+SECONDARY
2001,GlobalClim,26.08959138755908,10,TEMP,PRIMARY+SECONDARY
2001,DeptClim,19.832773126973727,10,TEMP,PRIMARY+SECONDARY
2001,Persist,5.090403205820849,10,TEMP,PRIMARY+SECONDARY
2001,Ridge,1.2740098459526732,10,TEMP,PRIMARY+SECONDARY
2001,RF,0.21944827671126887,10,TEMP,PRIMARY+SECONDARY
2001,HGB,1.1981170900428348,10,TEMP,PRIMARY+SECONDARY
2002,GlobalClim,30.49513507456342,10,TEMP,PRIMARY+SECONDARY
2002,DeptClim,26.39898908164438,10,TEMP,PRIMARY+SECONDARY
2002,Persist,10.325591482406942,10,TEMP,PRIMARY+SECONDARY
2002,Ridge,10.00898339880892,10,TEMP,PRIMARY+SECONDARY
2002,RF,8.906980913507647,10,TEMP,PRIMARY+SECONDARY
2002,HGB,7.116444963080968,10,TEMP,PRIMARY+SECONDARY
2003,GlobalClim,31.34298828761807,10,TEMP,PRIMARY+SECONDARY
2003,DeptClim,26.326553911838847,10,TEMP,PRIMARY+SECONDARY
2003,Persist,11.225507292306913,10,TEMP,PRIMARY+SECONDARY
2003,Ridge,9.266384485986611,10,TEMP,PRIMARY+SECONDARY
2003,RF,7.612593466163516,10,TEMP,PRIMARY+SECONDARY
2003,HGB,6.894363019948127,10,TEMP,PRIMARY+SECONDARY
2004,GlobalClim,27.504504829729832,10,TEMP,PRIMARY+SECONDARY
2004,DeptClim,22.5797022914654,10,TEMP,PRIMARY+SECONDARY
2004,Persist,11.857039523070751,10,TEMP,PRIMARY+SECONDARY
2004,Ridge,5.450792120423608,10,TEMP,PRIMARY+SECONDARY
2004,RF,3.3570069337887714,10,TEMP,PRIMARY+SECONDARY
2004,HGB,5.921203350772497,10,TEMP,PRIMARY+SECONDARY
2005,GlobalClim,22.25486258315948,10,TEMP,PRIMARY+SECONDARY
2005,DeptClim,23.164449764152636,10,TEMP,PRIMARY+SECONDARY
2005,Persist,19.36385142487824,10,TEMP,PRIMARY+SECONDARY
2005,Ridge,7.678211155835832,10,TEMP,PRIMARY+SECONDARY
2005,RF,7.682979623214742,10,TEMP,PRIMARY+SECONDARY
2005,HGB,7.882059557623811,10,TEMP,PRIMARY+SECONDARY
2006,GlobalClim,19.101863272786154,10,TEMP,PRIMARY+SECONDARY
2006,DeptClim,20.03633642183258,10,TEMP,PRIMARY+SECONDARY
2006,Persist,20.976526675984253,10,TEMP,PRIMARY+SECONDARY
2006,Ridge,4.524182543173808,10,TEMP,PRIMARY+SECONDARY
2006,RF,4.389089663294632,10,TEMP,PRIMARY+SECONDARY
2006,HGB,4.510734357038499,10,TEMP,PRIMARY+SECONDARY
2007,GlobalClim,19.604212535958183,10,TEMP,PRIMARY+SECONDARY
2007,DeptClim,20.369252294967076,10,TEMP,PRIMARY+SECONDARY
2007,Persist,21.151251784830368,10,TEMP,PRIMARY+SECONDARY
2007,Ridge,3.3835871917539113,10,TEMP,PRIMARY+SECONDARY
2007,RF,3.244287444324182,10,TEMP,PRIMARY+SECONDARY
2007,HGB,3.6582609757566495,10,TEMP,PRIMARY+SECONDARY
2008,GlobalClim,19.677019546607458,10,TEMP,PRIMARY+SECONDARY
2008,DeptClim,20.457052698440744,10,TEMP,PRIMARY+SECONDARY
2008,Persist,21.246569785502622,10,TEMP,PRIMARY+SECONDARY
2008,Ridge,2.6991948741211838,10,TEMP,PRIMARY+SECONDARY
2008,RF,2.50868341358805,10,TEMP,PRIMARY+SECONDARY
2008,HGB,2.7735785951572134,10,TEMP,PRIMARY+SECONDARY
2009,GlobalClim,19.663018760232763,10,TEMP,PRIMARY+SECONDARY
2009,DeptClim,20.36249043744566,10,TEMP,PRIMARY+SECONDARY
2009,Persist,21.511574837436374,10,TEMP,PRIMARY+SECONDARY
2009,Ridge,2.2549640094705263,10,TEMP,PRIMARY+SECONDARY
2009,RF,2.1186335376372116,10,TEMP,PRIMARY+SECONDARY
2009,HGB,2.1887096867737905,10,TEMP,PRIMARY+SECONDARY
2010,GlobalClim,21.233177065844213,10,TEMP,PRIMARY+SECONDARY
2010,DeptClim,21.769283245318842,10,TEMP,PRIMARY+SECONDARY
2010,Persist,20.748273896022834,10,TEMP,PRIMARY+SECONDARY
2010,Ridge,2.9298586551095385,10,TEMP,PRIMARY+SECONDARY
2010,RF,2.4105359467652194,10,TEMP,PRIMARY+SECONDARY
2010,HGB,2.684062489148572,10,TEMP,PRIMARY+SECONDARY
2011,GlobalClim,22.75607233935346,10,TEMP,PRIMARY+SECONDARY
2011,DeptClim,23.06893293597602,10,TEMP,PRIMARY+SECONDARY
2011,Persist,22.05839641461881,10,TEMP,PRIMARY+SECONDARY
2011,Ridge,3.086716975167396,10,TEMP,PRIMARY+SECONDARY
2011,RF,3.1020243846357283,10,TEMP,PRIMARY+SECONDARY
2011,HGB,3.187856382956606,10,TEMP,PRIMARY+SECONDARY
2012,GlobalClim,23.392464394946675,10,TEMP,PRIMARY+SECONDARY
2012,DeptClim,24.2008069213251,10,TEMP,PRIMARY+SECONDARY
2012,Persist,21.13253464989156,10,TEMP,PRIMARY+SECONDARY
2012,Ridge,4.73584655191938,10,TEMP,PRIMARY+SECONDARY
2012,RF,5.235797579047666,10,TEMP,PRIMARY+SECONDARY
2012,HGB,5.515393344886664,10,TEMP,PRIMARY+SECONDARY
2013,GlobalClim,23.636528773073124,10,TEMP,PRIMARY+SECONDARY
2013,DeptClim,24.500809303193442,10,TEMP,PRIMARY+SECONDARY
2013,Persist,22.23033993490773,10,TEMP,PRIMARY+SECONDARY
2013,Ridge,5.936947654909747,10,TEMP,PRIMARY+SECONDARY
2013,RF,5.987936848381646,10,TEMP,PRIMARY+SECONDARY
2013,HGB,6.180156405623588,10,TEMP,PRIMARY+SECONDARY
2014,GlobalClim,21.660782413443012,10,TEMP,PRIMARY+SECONDARY
2014,DeptClim,22.448850188102554,10,TEMP,PRIMARY+SECONDARY
2014,Persist,21.901239119583927,10,TEMP,PRIMARY+SECONDARY
2014,Ridge,3.0418314849237507,10,TEMP,PRIMARY+SECONDARY
2014,RF,3.120549050675669,10,TEMP,PRIMARY+SECONDARY
2014,HGB,2.999973367928734,10,TEMP,PRIMARY+SECONDARY
2015,GlobalClim,20.26164414977999,10,TEMP,PRIMARY+SECONDARY
2015,DeptClim,20.784239560484465,10,TEMP,PRIMARY+SECONDARY
2015,Persist,22.14281193543159,10,TEMP,PRIMARY+SECONDARY
2015,Ridge,2.915377368041345,10,TEMP,PRIMARY+SECONDARY
2015,RF,2.892385001341938,10,TEMP,PRIMARY+SECONDARY
2015,HGB,2.972867875092789,10,TEMP,PRIMARY+SECONDARY
2016,GlobalClim,20.7101416403522,10,TEMP,PRIMARY+SECONDARY
2016,DeptClim,20.79777369475196,10,TEMP,PRIMARY+SECONDARY
2016,Persist,21.895384203370273,10,TEMP,PRIMARY+SECONDARY
2016,Ridge,1.7292550454144007,10,TEMP,PRIMARY+SECONDARY
2016,RF,1.6151594048759828,10,TEMP,PRIMARY+SECONDARY
2016,HGB,1.990672600894057,10,TEMP,PRIMARY+SECONDARY
2017,GlobalClim,20.63264871854364,10,TEMP,PRIMARY+SECONDARY
2017,DeptClim,21.18816600776382,10,TEMP,PRIMARY+SECONDARY
2017,Persist,21.90578735653707,10,TEMP,PRIMARY+SECONDARY
2017,Ridge,2.4291697406185646,10,TEMP,PRIMARY+SECONDARY
2017,RF,2.5526948092511574,10,TEMP,PRIMARY+SECONDARY
2017,HGB,2.4604978245288227,10,TEMP,PRIMARY+SECONDARY
2018,GlobalClim,21.031218145476576,10,TEMP,PRIMARY+SECONDARY
2018,DeptClim,21.976123239342208,10,TEMP,PRIMARY+SECONDARY
2018,Persist,22.344429368476355,10,TEMP,PRIMARY+SECONDARY
2018,Ridge,2.1485094884709177,10,TEMP,PRIMARY+SECONDARY
2018,RF,2.3409621038719908,10,TEMP,PRIMARY+SECONDARY
2018,HGB,2.6452787597210987,10,TEMP,PRIMARY+SECONDARY
2019,GlobalClim,21.27113336639668,10,TEMP,PRIMARY+SECONDARY
2019,DeptClim,22.237456602892305,10,TEMP,PRIMARY+SECONDARY
2019,Persist,23.005242518711718,10,TEMP,PRIMARY+SECONDARY
2019,Ridge,3.7119342447365566,10,TEMP,PRIMARY+SECONDARY
2019,RF,3.6575259529714983,10,TEMP,PRIMARY+SECONDARY
2019,HGB,4.159436434438637,10,TEMP,PRIMARY+SECONDARY
2020,GlobalClim,20.561762641190022,10,TEMP,PRIMARY+SECONDARY
2020,DeptClim,21.401639663142056,10,TEMP,PRIMARY+SECONDARY
2020,Persist,21.525595376487242,10,TEMP,PRIMARY+SECONDARY
2020,Ridge,1.9471548000016334,10,TEMP,PRIMARY+SECONDARY
2020,RF,2.5203583947677357,10,TEMP,PRIMARY+SECONDARY
2020,HGB,2.570766557252791,10,TEMP,PRIMARY+SECONDARY
2021,GlobalClim,20.83967676440948,10,TEMP,PRIMARY+SECONDARY
2021,DeptClim,21.961520137564996,10,TEMP,PRIMARY+SECONDARY
2021,Persist,22.33030423983174,10,TEMP,PRIMARY+SECONDARY
2021,Ridge,2.1449440372226944,10,TEMP,PRIMARY+SECONDARY
2021,RF,2.1821185970802204,10,TEMP,PRIMARY+SECONDARY
2021,HGB,2.5350986521061762,10,TEMP,PRIMARY+SECONDARY
2022,GlobalClim,22.373566483832285,10,TEMP,PRIMARY+SECONDARY
2022,DeptClim,23.076523582108976,10,TEMP,PRIMARY+SECONDARY
2022,Persist,22.889170196133417,10,TEMP,PRIMARY+SECONDARY
2022,Ridge,2.374748174235395,10,TEMP,PRIMARY+SECONDARY
2022,RF,2.3780944826438652,10,TEMP,PRIMARY+SECONDARY
2022,HGB,2.5179903285735215,10,TEMP,PRIMARY+SECONDARY
2023,GlobalClim,20.660845357057553,10,TEMP,PRIMARY+SECONDARY
2023,DeptClim,21.403529404787463,10,TEMP,PRIMARY+SECONDARY
2023,Persist,23.570552295532586,10,TEMP,PRIMARY+SECONDARY
2023,Ridge,3.0475336479089186,10,TEMP,PRIMARY+SECONDARY
2023,RF,3.048922827179516,10,TEMP,PRIMARY+SECONDARY
2023,HGB,3.1236313745732995,10,TEMP,PRIMARY+SECONDARY
2024,GlobalClim,20.82220487840639,10,TEMP,PRIMARY+SECONDARY
2024,DeptClim,21.469431104262416,10,TEMP,PRIMARY+SECONDARY
2024,Persist,23.87288552471578,10,TEMP,PRIMARY+SECONDARY
2024,Ridge,2.678831117863494,10,TEMP,PRIMARY+SECONDARY
2024,RF,2.6160522192597253,10,TEMP,PRIMARY+SECONDARY
2024,HGB,2.6717744723108194,10,TEMP,PRIMARY+SECONDARY
2001,GlobalClim,25.13496643528824,11,TEMP,PRIMARY+SECONDARY
2001,DeptClim,18.253827702200695,11,TEMP,PRIMARY+SECONDARY
2001,Persist,4.144096081192174,11,TEMP,PRIMARY+SECONDARY
2001,Ridge,0.6355728514218182,11,TEMP,PRIMARY+SECONDARY
2001,RF,0.6634176611330975,11,TEMP,PRIMARY+SECONDARY
2001,HGB,0.31915623783809766,11,TEMP,PRIMARY+SECONDARY
2002,GlobalClim,29.88293770860845,11,TEMP,PRIMARY+SECONDARY
2002,DeptClim,25.453562058953107,11,TEMP,PRIMARY+SECONDARY
2002,Persist,9.753740156601976,11,TEMP,PRIMARY+SECONDARY
2002,Ridge,9.51758945840426,11,TEMP,PRIMARY+SECONDARY
2002,RF,8.837955204087569,11,TEMP,PRIMARY+SECONDARY
2002,HGB,8.783733261358972,11,TEMP,PRIMARY+SECONDARY
2003,GlobalClim,31.87065944514566,11,TEMP,PRIMARY+SECONDARY
2003,DeptClim,26.89238239155523,11,TEMP,PRIMARY+SECONDARY
2003,Persist,12.445900506174159,11,TEMP,PRIMARY+SECONDARY
2003,Ridge,9.876497390358134,11,TEMP,PRIMARY+SECONDARY
2003,RF,10.193047016341072,11,TEMP,PRIMARY+SECONDARY
2003,HGB,9.027043563349174,11,TEMP,PRIMARY+SECONDARY
2004,GlobalClim,27.35094436893997,11,TEMP,PRIMARY+SECONDARY
2004,DeptClim,22.840547919758617,11,TEMP,PRIMARY+SECONDARY
2004,Persist,12.146614427227188,11,TEMP,PRIMARY+SECONDARY
2004,Ridge,5.750519170473108,11,TEMP,PRIMARY+SECONDARY
2004,RF,5.555748980654506,11,TEMP,PRIMARY+SECONDARY
2004,HGB,6.09451667439235,11,TEMP,PRIMARY+SECONDARY
2005,GlobalClim,21.052836182910738,11,TEMP,PRIMARY+SECONDARY
2005,DeptClim,21.77524445108546,11,TEMP,PRIMARY+SECONDARY
2005,Persist,19.310610933667913,11,TEMP,PRIMARY+SECONDARY
2005,Ridge,8.634899141398837,11,TEMP,PRIMARY+SECONDARY
2005,RF,8.406959224019138,11,TEMP,PRIMARY+SECONDARY
2005,HGB,8.230227754141394,11,TEMP,PRIMARY+SECONDARY
2006,GlobalClim,18.98910183087329,11,TEMP,PRIMARY+SECONDARY
2006,DeptClim,19.73565140634369,11,TEMP,PRIMARY+SECONDARY
2006,Persist,20.30997647579971,11,TEMP,PRIMARY+SECONDARY
2006,Ridge,3.4303943855071752,11,TEMP,PRIMARY+SECONDARY
2006,RF,3.3592231874386353,11,TEMP,PRIMARY+SECONDARY
2006,HGB,3.5230637669133515,11,TEMP,PRIMARY+SECONDARY
2007,GlobalClim,19.236026807463755,11,TEMP,PRIMARY+SECONDARY
2007,DeptClim,19.367156699159125,11,TEMP,PRIMARY+SECONDARY
2007,Persist,19.677225755330003,11,TEMP,PRIMARY+SECONDARY
2007,Ridge,3.539056065948384,11,TEMP,PRIMARY+SECONDARY
2007,RF,3.2957796689214103,11,TEMP,PRIMARY+SECONDARY
2007,HGB,3.790160747335364,11,TEMP,PRIMARY+SECONDARY
2008,GlobalClim,20.565656968498143,11,TEMP,PRIMARY+SECONDARY
2008,DeptClim,21.58727956483909,11,TEMP,PRIMARY+SECONDARY
2008,Persist,21.79909803035321,11,TEMP,PRIMARY+SECONDARY
2008,Ridge,2.61822569338097,11,TEMP,PRIMARY+SECONDARY
2008,RF,2.2828878475891874,11,TEMP,PRIMARY+SECONDARY
2008,HGB,2.5481293303795893,11,TEMP,PRIMARY+SECONDARY
2009,GlobalClim,20.039992613367748,11,TEMP,PRIMARY+SECONDARY
2009,DeptClim,20.89331129309069,11,TEMP,PRIMARY+SECONDARY
2009,Persist,21.360516439590118,11,TEMP,PRIMARY+SECONDARY
2009,Ridge,2.6138256375458235,11,TEMP,PRIMARY+SECONDARY
2009,RF,2.6336441961114936,11,TEMP,PRIMARY+SECONDARY
2009,HGB,2.346730588453039,11,TEMP,PRIMARY+SECONDARY
2010,GlobalClim,22.284500751617877,11,TEMP,PRIMARY+SECONDARY
2010,DeptClim,23.021383044927084,11,TEMP,PRIMARY+SECONDARY
2010,Persist,22.26665581681746,11,TEMP,PRIMARY+SECONDARY
2010,Ridge,2.8796551270228976,11,TEMP,PRIMARY+SECONDARY
2010,RF,2.57714515037419,11,TEMP,PRIMARY+SECONDARY
2010,HGB,2.8777008935790795,11,TEMP,PRIMARY+SECONDARY
2011,GlobalClim,22.42186399878311,11,TEMP,PRIMARY+SECONDARY
2011,DeptClim,23.203814063325794,11,TEMP,PRIMARY+SECONDARY
2011,Persist,21.314651547749925,11,TEMP,PRIMARY+SECONDARY
2011,Ridge,3.566237597835785,11,TEMP,PRIMARY+SECONDARY
2011,RF,3.063620058356664,11,TEMP,PRIMARY+SECONDARY
2011,HGB,3.026931811986421,11,TEMP,PRIMARY+SECONDARY
2012,GlobalClim,22.020858031131546,11,TEMP,PRIMARY+SECONDARY
2012,DeptClim,22.98159536195848,11,TEMP,PRIMARY+SECONDARY
2012,Persist,21.177197394796984,11,TEMP,PRIMARY+SECONDARY
2012,Ridge,2.9224601404647546,11,TEMP,PRIMARY+SECONDARY
2012,RF,2.536600858495556,11,TEMP,PRIMARY+SECONDARY
2012,HGB,2.320837154759972,11,TEMP,PRIMARY+SECONDARY
2013,GlobalClim,23.656247640613522,11,TEMP,PRIMARY+SECONDARY
2013,DeptClim,24.668410522621524,11,TEMP,PRIMARY+SECONDARY
2013,Persist,22.29722145324802,11,TEMP,PRIMARY+SECONDARY
2013,Ridge,5.356155881898729,11,TEMP,PRIMARY+SECONDARY
2013,RF,4.9913186424271,11,TEMP,PRIMARY+SECONDARY
2013,HGB,5.560029605467113,11,TEMP,PRIMARY+SECONDARY
2014,GlobalClim,21.40791203593868,11,TEMP,PRIMARY+SECONDARY
2014,DeptClim,22.26670986346523,11,TEMP,PRIMARY+SECONDARY
2014,Persist,21.83078882954701,11,TEMP,PRIMARY+SECONDARY
2014,Ridge,3.0688161574681705,11,TEMP,PRIMARY+SECONDARY
2014,RF,3.357469550907391,11,TEMP,PRIMARY+SECONDARY
2014,HGB,2.978524630520402,11,TEMP,PRIMARY+SECONDARY
2015,GlobalClim,20.503048933190403,11,TEMP,PRIMARY+SECONDARY
2015,DeptClim,21.164236870600206,11,TEMP,PRIMARY+SECONDARY
2015,Persist,22.093913161392834,11,TEMP,PRIMARY+SECONDARY
2015,Ridge,2.283802287710528,11,TEMP,PRIMARY+SECONDARY
2015,RF,2.4788561164212353,11,TEMP,PRIMARY+SECONDARY
2015,HGB,2.3237093684301056,11,TEMP,PRIMARY+SECONDARY
2016,GlobalClim,21.047444908826222,11,TEMP,PRIMARY+SECONDARY
2016,DeptClim,21.466952486993744,11,TEMP,PRIMARY+SECONDARY
2016,Persist,21.334640911709823,11,TEMP,PRIMARY+SECONDARY
2016,Ridge,2.2123826852955633,11,TEMP,PRIMARY+SECONDARY
2016,RF,2.149697396877995,11,TEMP,PRIMARY+SECONDARY
2016,HGB,2.3663350945843917,11,TEMP,PRIMARY+SECONDARY
2017,GlobalClim,20.58327380749234,11,TEMP,PRIMARY+SECONDARY
2017,DeptClim,21.136761854219824,11,TEMP,PRIMARY+SECONDARY
2017,Persist,21.65136717094372,11,TEMP,PRIMARY+SECONDARY
2017,Ridge,2.452512454294888,11,TEMP,PRIMARY+SECONDARY
2017,RF,2.706836151786715,11,TEMP,PRIMARY+SECONDARY
2017,HGB,2.847281203336556,11,TEMP,PRIMARY+SECONDARY
2018,GlobalClim,20.73740006339415,11,TEMP,PRIMARY+SECONDARY
2018,DeptClim,21.506626139399547,11,TEMP,PRIMARY+SECONDARY
2018,Persist,21.649770953481287,11,TEMP,PRIMARY+SECONDARY
2018,Ridge,2.173688020681935,11,TEMP,PRIMARY+SECONDARY
2018,RF,2.1406132739437567,11,TEMP,PRIMARY+SECONDARY
2018,HGB,2.2937104772643604,11,TEMP,PRIMARY+SECONDARY
2019,GlobalClim,20.65910326371864,11,TEMP,PRIMARY+SECONDARY
2019,DeptClim,21.821537400445422,11,TEMP,PRIMARY+SECONDARY
2019,Persist,21.707961789926685,11,TEMP,PRIMARY+SECONDARY
2019,Ridge,3.8926024110755875,11,TEMP,PRIMARY+SECONDARY
2019,RF,4.0839074198348975,11,TEMP,PRIMARY+SECONDARY
2019,HGB,4.425928793832579,11,TEMP,PRIMARY+SECONDARY
2020,GlobalClim,20.794247139829135,11,TEMP,PRIMARY+SECONDARY
2020,DeptClim,21.62197594654096,11,TEMP,PRIMARY+SECONDARY
2020,Persist,22.54464873397448,11,TEMP,PRIMARY+SECONDARY
2020,Ridge,2.0217717552622516,11,TEMP,PRIMARY+SECONDARY
2020,RF,2.131749913091582,11,TEMP,PRIMARY+SECONDARY
2020,HGB,2.926468592595623,11,TEMP,PRIMARY+SECONDARY
2021,GlobalClim,20.856769350002356,11,TEMP,PRIMARY+SECONDARY
2021,DeptClim,21.516737083715512,11,TEMP,PRIMARY+SECONDARY
2021,Persist,22.308674341112685,11,TEMP,PRIMARY+SECONDARY
2021,Ridge,3.1725392743357728,11,TEMP,PRIMARY+SECONDARY
2021,RF,2.814827077803022,11,TEMP,PRIMARY+SECONDARY
2021,HGB,3.0020737839560105,11,TEMP,PRIMARY+SECONDARY
2022,GlobalClim,22.58574864177494,11,TEMP,PRIMARY+SECONDARY
2022,DeptClim,23.207679251710648,11,TEMP,PRIMARY+SECONDARY
2022,Persist,23.06369724917899,11,TEMP,PRIMARY+SECONDARY
2022,Ridge,2.9259492191419247,11,TEMP,PRIMARY+SECONDARY
2022,RF,2.911527622313182,11,TEMP,PRIMARY+SECONDARY
2022,HGB,2.8884302970789633,11,TEMP,PRIMARY+SECONDARY
2023,GlobalClim,20.570750118065014,11,TEMP,PRIMARY+SECONDARY
2023,DeptClim,21.24511079480148,11,TEMP,PRIMARY+SECONDARY
2023,Persist,22.680699835193447,11,TEMP,PRIMARY+SECONDARY
2023,Ridge,3.1557365183857335,11,TEMP,PRIMARY+SECONDARY
2023,RF,2.9728959417231877,11,TEMP,PRIMARY+SECONDARY
2023,HGB,2.958392745363045,11,TEMP,PRIMARY+SECONDARY
2024,GlobalClim,20.68357835204357,11,TEMP,PRIMARY+SECONDARY
2024,DeptClim,21.427901447970598,11,TEMP,PRIMARY+SECONDARY
2024,Persist,23.278762863178525,11,TEMP,PRIMARY+SECONDARY
2024,Ridge,2.8245212937645197,11,TEMP,PRIMARY+SECONDARY
2024,RF,2.7866811779144784,11,TEMP,PRIMARY+SECONDARY
2024,HGB,2.6618953727332024,11,TEMP,PRIMARY+SECONDARY
2001,GlobalClim,23.32090331019271,12,TEMP,PRIMARY+SECONDARY
2001,DeptClim,16.198755972467378,12,TEMP,PRIMARY+SECONDARY
2001,Persist,5.511325254278199,12,TEMP,PRIMARY+SECONDARY
2001,Ridge,1.9639608367851362,12,TEMP,PRIMARY+SECONDARY
2001,RF,2.4588835942263874,12,TEMP,PRIMARY+SECONDARY
2001,HGB,0.35395880360812865,12,TEMP,PRIMARY+SECONDARY
2002,GlobalClim,29.153790408330153,12,TEMP,PRIMARY+SECONDARY
2002,DeptClim,25.004830368606157,12,TEMP,PRIMARY+SECONDARY
2002,Persist,9.389304315254329,12,TEMP,PRIMARY+SECONDARY
2002,Ridge,8.823342389178107,12,TEMP,PRIMARY+SECONDARY
2002,RF,8.471982417118344,12,TEMP,PRIMARY+SECONDARY
2002,HGB,9.002492063200634,12,TEMP,PRIMARY+SECONDARY
2003,GlobalClim,31.300813558727317,12,TEMP,PRIMARY+SECONDARY
2003,DeptClim,26.535799640125546,12,TEMP,PRIMARY+SECONDARY
2003,Persist,11.41530994572016,12,TEMP,PRIMARY+SECONDARY
2003,Ridge,9.597280905146146,12,TEMP,PRIMARY+SECONDARY
2003,RF,9.019439760106806,12,TEMP,PRIMARY+SECONDARY
2003,HGB,9.044081729888099,12,TEMP,PRIMARY+SECONDARY
2004,GlobalClim,26.757728388020233,12,TEMP,PRIMARY+SECONDARY
2004,DeptClim,22.548257436750344,12,TEMP,PRIMARY+SECONDARY
2004,Persist,13.78939008720592,12,TEMP,PRIMARY+SECONDARY
2004,Ridge,5.616910338101238,12,TEMP,PRIMARY+SECONDARY
2004,RF,6.227583369573735,12,TEMP,PRIMARY+SECONDARY
2004,HGB,5.825579520953499,12,TEMP,PRIMARY+SECONDARY
2005,GlobalClim,19.34921330622385,12,TEMP,PRIMARY+SECONDARY
2005,DeptClim,20.140493926000726,12,TEMP,PRIMARY+SECONDARY
2005,Persist,20.662845959213683,12,TEMP,PRIMARY+SECONDARY
2005,Ridge,6.11200965941923,12,TEMP,PRIMARY+SECONDARY
2005,RF,6.1781776266962325,12,TEMP,PRIMARY+SECONDARY
2005,HGB,6.361466098241141,12,TEMP,PRIMARY+SECONDARY
2006,GlobalClim,18.500552717672562,12,TEMP,PRIMARY+SECONDARY
2006,DeptClim,19.540931834296195,12,TEMP,PRIMARY+SECONDARY
2006,Persist,20.32144700708328,12,TEMP,PRIMARY+SECONDARY
2006,Ridge,3.979429053655783,12,TEMP,PRIMARY+SECONDARY
2006,RF,3.631323349403415,12,TEMP,PRIMARY+SECONDARY
2006,HGB,3.733827120038171,12,TEMP,PRIMARY+SECONDARY
2007,GlobalClim,19.95040695857707,12,TEMP,PRIMARY+SECONDARY
2007,DeptClim,20.68663783543746,12,TEMP,PRIMARY+SECONDARY
2007,Persist,21.22433016418713,12,TEMP,PRIMARY+SECONDARY
2007,Ridge,3.385518863504997,12,TEMP,PRIMARY+SECONDARY
2007,RF,3.2193112741771497,12,TEMP,PRIMARY+SECONDARY
2007,HGB,3.630301897943484,12,TEMP,PRIMARY+SECONDARY
2008,GlobalClim,19.522221711483187,12,TEMP,PRIMARY+SECONDARY
2008,DeptClim,20.289145237848917,12,TEMP,PRIMARY+SECONDARY
2008,Persist,20.534518579402196,12,TEMP,PRIMARY+SECONDARY
2008,Ridge,3.1726107690851983,12,TEMP,PRIMARY+SECONDARY
2008,RF,2.9120732546695605,12,TEMP,PRIMARY+SECONDARY
2008,HGB,2.9231137488449894,12,TEMP,PRIMARY+SECONDARY
2009,GlobalClim,21.955242639930002,12,TEMP,PRIMARY+SECONDARY
2009,DeptClim,22.681713116394018,12,TEMP,PRIMARY+SECONDARY
2009,Persist,23.352235091717265,12,TEMP,PRIMARY+SECONDARY
2009,Ridge,3.537599238452913,12,TEMP,PRIMARY+SECONDARY
2009,RF,4.065569163200474,12,TEMP,PRIMARY+SECONDARY
2009,HGB,4.1050483589690545,12,TEMP,PRIMARY+SECONDARY
2010,GlobalClim,21.210392083874645,12,TEMP,PRIMARY+SECONDARY
2010,DeptClim,21.80065028203205,12,TEMP,PRIMARY+SECONDARY
2010,Persist,20.520043800410352,12,TEMP,PRIMARY+SECONDARY
2010,Ridge,2.2990116669788336,12,TEMP,PRIMARY+SECONDARY
2010,RF,2.796836567358933,12,TEMP,PRIMARY+SECONDARY
2010,HGB,2.948982134159459,12,TEMP,PRIMARY+SECONDARY
2011,GlobalClim,23.946173418509755,12,TEMP,PRIMARY+SECONDARY
2011,DeptClim,24.811937632061305,12,TEMP,PRIMARY+SECONDARY
2011,Persist,23.484011535843905,12,TEMP,PRIMARY+SECONDARY
2011,Ridge,6.1704670652919225,12,TEMP,PRIMARY+SECONDARY
2011,RF,6.130002678944847,12,TEMP,PRIMARY+SECONDARY
2011,HGB,6.162830607043121,12,TEMP,PRIMARY+SECONDARY
2012,GlobalClim,21.707954531270563,12,TEMP,PRIMARY+SECONDARY
2012,DeptClim,22.308992241242247,12,TEMP,PRIMARY+SECONDARY
2012,Persist,21.43973042483118,12,TEMP,PRIMARY+SECONDARY
2012,Ridge,3.006149455493589,12,TEMP,PRIMARY+SECONDARY
2012,RF,2.6745067540350145,12,TEMP,PRIMARY+SECONDARY
2012,HGB,2.581683643841456,12,TEMP,PRIMARY+SECONDARY
2013,GlobalClim,22.95675320272336,12,TEMP,PRIMARY+SECONDARY
2013,DeptClim,23.85867719844122,12,TEMP,PRIMARY+SECONDARY
2013,Persist,21.512912438733885,12,TEMP,PRIMARY+SECONDARY
2013,Ridge,5.087193783111265,12,TEMP,PRIMARY+SECONDARY
2013,RF,4.804285346964921,12,TEMP,PRIMARY+SECONDARY
2013,HGB,5.18701447059299,12,TEMP,PRIMARY+SECONDARY
2014,GlobalClim,21.098495305823597,12,TEMP,PRIMARY+SECONDARY
2014,DeptClim,21.91373955064525,12,TEMP,PRIMARY+SECONDARY
2014,Persist,21.94578402418265,12,TEMP,PRIMARY+SECONDARY
2014,Ridge,2.9833047421203327,12,TEMP,PRIMARY+SECONDARY
2014,RF,3.038045632860179,12,TEMP,PRIMARY+SECONDARY
2014,HGB,3.2966260773143556,12,TEMP,PRIMARY+SECONDARY
2015,GlobalClim,19.63245454962416,12,TEMP,PRIMARY+SECONDARY
2015,DeptClim,20.061208342129596,12,TEMP,PRIMARY+SECONDARY
2015,Persist,20.79513914121527,12,TEMP,PRIMARY+SECONDARY
2015,Ridge,2.654272041538321,12,TEMP,PRIMARY+SECONDARY
2015,RF,2.8228545215574257,12,TEMP,PRIMARY+SECONDARY
2015,HGB,2.9283693519988003,12,TEMP,PRIMARY+SECONDARY
2016,GlobalClim,20.889553227832415,12,TEMP,PRIMARY+SECONDARY
2016,DeptClim,20.98878765388653,12,TEMP,PRIMARY+SECONDARY
2016,Persist,21.641933089382313,12,TEMP,PRIMARY+SECONDARY
2016,Ridge,1.707931210074989,12,TEMP,PRIMARY+SECONDARY
2016,RF,1.4873204769886152,12,TEMP,PRIMARY+SECONDARY
2016,HGB,1.7320234531447476,12,TEMP,PRIMARY+SECONDARY
2017,GlobalClim,20.56929779764142,12,TEMP,PRIMARY+SECONDARY
2017,DeptClim,21.46546364402297,12,TEMP,PRIMARY+SECONDARY
2017,Persist,22.35339661253081,12,TEMP,PRIMARY+SECONDARY
2017,Ridge,2.3045927606956766,12,TEMP,PRIMARY+SECONDARY
2017,RF,2.54176507610484,12,TEMP,PRIMARY+SECONDARY
2017,HGB,2.675333995973254,12,TEMP,PRIMARY+SECONDARY
2018,GlobalClim,20.80884540836532,12,TEMP,PRIMARY+SECONDARY
2018,DeptClim,21.70302251485706,12,TEMP,PRIMARY+SECONDARY
2018,Persist,22.1923922647992,12,TEMP,PRIMARY+SECONDARY
2018,Ridge,2.240532028448687,12,TEMP,PRIMARY+SECONDARY
2018,RF,2.451212282719466,12,TEMP,PRIMARY+SECONDARY
2018,HGB,2.8342658132452945,12,TEMP,PRIMARY+SECONDARY
2019,GlobalClim,20.538924377359095,12,TEMP,PRIMARY+SECONDARY
2019,DeptClim,21.93594414041092,12,TEMP,PRIMARY+SECONDARY
2019,Persist,22.13874443325407,12,TEMP,PRIMARY+SECONDARY
2019,Ridge,4.23803266799438,12,TEMP,PRIMARY+SECONDARY
2019,RF,4.480948954259908,12,TEMP,PRIMARY+SECONDARY
2019,HGB,4.646756005674946,12,TEMP,PRIMARY+SECONDARY
2020,GlobalClim,20.641810921480634,12,TEMP,PRIMARY+SECONDARY
2020,DeptClim,21.54160005302259,12,TEMP,PRIMARY+SECONDARY
2020,Persist,22.139467717095638,12,TEMP,PRIMARY+SECONDARY
2020,Ridge,2.100421601650174,12,TEMP,PRIMARY+SECONDARY
2020,RF,2.1851248419258855,12,TEMP,PRIMARY+SECONDARY
2020,HGB,2.7380239569705576,12,TEMP,PRIMARY+SECONDARY
2021,GlobalClim,21.208630943125776,12,TEMP,PRIMARY+SECONDARY
2021,DeptClim,21.938658972984456,12,TEMP,PRIMARY+SECONDARY
2021,Persist,22.405456129851725,12,TEMP,PRIMARY+SECONDARY
2021,Ridge,2.215221772710216,12,TEMP,PRIMARY+SECONDARY
2021,RF,2.150613068459152,12,TEMP,PRIMARY+SECONDARY
2021,HGB,1.8138535060973489,12,TEMP,PRIMARY+SECONDARY
2022,GlobalClim,22.18479402378605,12,TEMP,PRIMARY+SECONDARY
2022,DeptClim,22.73647396642892,12,TEMP,PRIMARY+SECONDARY
2022,Persist,22.133276042329992,12,TEMP,PRIMARY+SECONDARY
2022,Ridge,2.4912082235045565,12,TEMP,PRIMARY+SECONDARY
2022,RF,2.322920971119015,12,TEMP,PRIMARY+SECONDARY
2022,HGB,2.454249637122395,12,TEMP,PRIMARY+SECONDARY
2023,GlobalClim,19.922311499412597,12,TEMP,PRIMARY+SECONDARY
2023,DeptClim,20.86876688129475,12,TEMP,PRIMARY+SECONDARY
2023,Persist,22.532849044938814,12,TEMP,PRIMARY+SECONDARY
2023,Ridge,2.9262688942810966,12,TEMP,PRIMARY+SECONDARY
2023,RF,2.6357155242931016,12,TEMP,PRIMARY+SECONDARY
2023,HGB,2.8096991978120047,12,TEMP,PRIMARY+SECONDARY
2024,GlobalClim,20.393411339979252,12,TEMP,PRIMARY+SECONDARY
2024,DeptClim,20.93103787562066,12,TEMP,PRIMARY+SECONDARY
2024,Persist,22.41555152208183,12,TEMP,PRIMARY+SECONDARY
2024,Ridge,2.51051685274075,12,TEMP,PRIMARY+SECONDARY
2024,RF,2.6185449460398402,12,TEMP,PRIMARY+SECONDARY
2024,HGB,2.4567260012361265,12,TEMP,PRIMARY+SECONDARY
2001,GlobalClim,117.86102849479452,2,HUMI,PRIMARY_1_12
2001,DeptClim,117.72542717415179,2,HUMI,PRIMARY_1_12
2001,Persist,61.28619970252976,2,HUMI,PRIMARY_1_12
2001,Ridge,45.204757911915586,2,HUMI,PRIMARY_1_12
2001,RF,28.94014027872423,2,HUMI,PRIMARY_1_12
2001,HGB,36.92959743569842,2,HUMI,PRIMARY_1_12
2002,GlobalClim,92.04156801833427,2,HUMI,PRIMARY_1_12
2002,DeptClim,88.95627002480269,2,HUMI,PRIMARY_1_12
2002,Persist,74.95603914075282,2,HUMI,PRIMARY_1_12
2002,Ridge,18.984626596972646,2,HUMI,PRIMARY_1_12
2002,RF,14.99927590322575,2,HUMI,PRIMARY_1_12
2002,HGB,14.376620984110124,2,HUMI,PRIMARY_1_12
2003,GlobalClim,94.28827301560766,2,HUMI,PRIMARY_1_12
2003,DeptClim,92.25481146127798,2,HUMI,PRIMARY_1_12
2003,Persist,58.11195933089285,2,HUMI,PRIMARY_1_12
2003,Ridge,20.91403058172396,2,HUMI,PRIMARY_1_12
2003,RF,6.989562329771145,2,HUMI,PRIMARY_1_12
2003,HGB,16.46920979126727,2,HUMI,PRIMARY_1_12
2004,GlobalClim,104.04781852015736,2,HUMI,PRIMARY_1_12
2004,DeptClim,102.49378050353208,2,HUMI,PRIMARY_1_12
2004,Persist,68.92081931296603,2,HUMI,PRIMARY_1_12
2004,Ridge,33.54522707889868,2,HUMI,PRIMARY_1_12
2004,RF,27.855794683980463,2,HUMI,PRIMARY_1_12
2004,HGB,29.63205620529928,2,HUMI,PRIMARY_1_12
2005,GlobalClim,68.80972157774558,2,HUMI,PRIMARY_1_12
2005,DeptClim,68.50323809290067,2,HUMI,PRIMARY_1_12
2005,Persist,64.18664483964413,2,HUMI,PRIMARY_1_12
2005,Ridge,7.509929295195379,2,HUMI,PRIMARY_1_12
2005,RF,12.845486939279104,2,HUMI,PRIMARY_1_12
2005,HGB,9.29737498715546,2,HUMI,PRIMARY_1_12
2006,GlobalClim,67.87127566862651,2,HUMI,PRIMARY_1_12
2006,DeptClim,68.34890051120236,2,HUMI,PRIMARY_1_12
2006,Persist,72.82371741684855,2,HUMI,PRIMARY_1_12
2006,Ridge,10.267050641079846,2,HUMI,PRIMARY_1_12
2006,RF,9.775419779690607,2,HUMI,PRIMARY_1_12
2006,HGB,10.596472076448588,2,HUMI,PRIMARY_1_12
2007,GlobalClim,71.05818631378914,2,HUMI,PRIMARY_1_12
2007,DeptClim,71.2195427776674,2,HUMI,PRIMARY_1_12
2007,Persist,73.23748029627589,2,HUMI,PRIMARY_1_12
2007,Ridge,8.085436516959088,2,HUMI,PRIMARY_1_12
2007,RF,7.902848359064282,2,HUMI,PRIMARY_1_12
2007,HGB,8.960770276230889,2,HUMI,PRIMARY_1_12
2008,GlobalClim,67.40522413879006,2,HUMI,PRIMARY_1_12
2008,DeptClim,67.98768176438661,2,HUMI,PRIMARY_1_12
2008,Persist,69.68070632035705,2,HUMI,PRIMARY_1_12
2008,Ridge,8.736930255857594,2,HUMI,PRIMARY_1_12
2008,RF,8.742325733839905,2,HUMI,PRIMARY_1_12
2008,HGB,7.750374540387012,2,HUMI,PRIMARY_1_12
2009,GlobalClim,69.9236707399619,2,HUMI,PRIMARY_1_12
2009,DeptClim,70.3905991846641,2,HUMI,PRIMARY_1_12
2009,Persist,71.70902941685537,2,HUMI,PRIMARY_1_12
2009,Ridge,8.479741526881822,2,HUMI,PRIMARY_1_12
2009,RF,7.8568873270287485,2,HUMI,PRIMARY_1_12
2009,HGB,8.081321859507593,2,HUMI,PRIMARY_1_12
2010,GlobalClim,75.38759366149684,2,HUMI,PRIMARY_1_12
2010,DeptClim,75.2151115442486,2,HUMI,PRIMARY_1_12
2010,Persist,68.77659999696391,2,HUMI,PRIMARY_1_12
2010,Ridge,7.31895671463904,2,HUMI,PRIMARY_1_12
2010,RF,5.711179561997781,2,HUMI,PRIMARY_1_12
2010,HGB,5.968775034872304,2,HUMI,PRIMARY_1_12
2011,GlobalClim,74.5187653109421,2,HUMI,PRIMARY_1_12
2011,DeptClim,74.81986718061427,2,HUMI,PRIMARY_1_12
2011,Persist,71.60289703096348,2,HUMI,PRIMARY_1_12
2011,Ridge,9.637598916994596,2,HUMI,PRIMARY_1_12
2011,RF,7.580001558380951,2,HUMI,PRIMARY_1_12
2011,HGB,9.573883940057868,2,HUMI,PRIMARY_1_12
2012,GlobalClim,76.01880922519295,2,HUMI,PRIMARY_1_12
2012,DeptClim,75.82424594716996,2,HUMI,PRIMARY_1_12
2012,Persist,70.14412127793383,2,HUMI,PRIMARY_1_12
2012,Ridge,7.183833889479111,2,HUMI,PRIMARY_1_12
2012,RF,5.642289414250683,2,HUMI,PRIMARY_1_12
2012,HGB,8.726930279780289,2,HUMI,PRIMARY_1_12
2013,GlobalClim,75.19053506115014,2,HUMI,PRIMARY_1_12
2013,DeptClim,75.72287202404416,2,HUMI,PRIMARY_1_12
2013,Persist,69.70482647563291,2,HUMI,PRIMARY_1_12
2013,Ridge,7.486376249200466,2,HUMI,PRIMARY_1_12
2013,RF,6.0395428997031955,2,HUMI,PRIMARY_1_12
2013,HGB,8.843216128408518,2,HUMI,PRIMARY_1_12
2014,GlobalClim,78.89692531859248,2,HUMI,PRIMARY_1_12
2014,DeptClim,79.38507743229489,2,HUMI,PRIMARY_1_12
2014,Persist,73.15971091562562,2,HUMI,PRIMARY_1_12
2014,Ridge,9.358445545252067,2,HUMI,PRIMARY_1_12
2014,RF,8.708363460966572,2,HUMI,PRIMARY_1_12
2014,HGB,7.693217956895379,2,HUMI,PRIMARY_1_12
2015,GlobalClim,74.45938169714577,2,HUMI,PRIMARY_1_12
2015,DeptClim,74.6676717659933,2,HUMI,PRIMARY_1_12
2015,Persist,71.96232011429298,2,HUMI,PRIMARY_1_12
2015,Ridge,5.840865968951032,2,HUMI,PRIMARY_1_12
2015,RF,5.897927276438321,2,HUMI,PRIMARY_1_12
2015,HGB,6.408348825902962,2,HUMI,PRIMARY_1_12
2016,GlobalClim,72.88461730732918,2,HUMI,PRIMARY_1_12
2016,DeptClim,73.1988786980424,2,HUMI,PRIMARY_1_12
2016,Persist,73.74293596507768,2,HUMI,PRIMARY_1_12
2016,Ridge,7.7384561822488696,2,HUMI,PRIMARY_1_12
2016,RF,8.452541154494849,2,HUMI,PRIMARY_1_12
2016,HGB,9.248324822996793,2,HUMI,PRIMARY_1_12
2017,GlobalClim,70.58691598235795,2,HUMI,PRIMARY_1_12
2017,DeptClim,70.77134438760675,2,HUMI,PRIMARY_1_12
2017,Persist,73.45830082160191,2,HUMI,PRIMARY_1_12
2017,Ridge,5.074948083215799,2,HUMI,PRIMARY_1_12
2017,RF,5.043905445217606,2,HUMI,PRIMARY_1_12
2017,HGB,4.6514356057313995,2,HUMI,PRIMARY_1_12
2018,GlobalClim,71.14436355380117,2,HUMI,PRIMARY_1_12
2018,DeptClim,71.46272171862343,2,HUMI,PRIMARY_1_12
2018,Persist,75.4196790505962,2,HUMI,PRIMARY_1_12
2018,Ridge,5.205303175792533,2,HUMI,PRIMARY_1_12
2018,RF,3.5169070642400726,2,HUMI,PRIMARY_1_12
2018,HGB,3.936360267274031,2,HUMI,PRIMARY_1_12
2019,GlobalClim,71.58252043407893,2,HUMI,PRIMARY_1_12
2019,DeptClim,71.84756370598616,2,HUMI,PRIMARY_1_12
2019,Persist,73.88653435288151,2,HUMI,PRIMARY_1_12
2019,Ridge,8.737543809431298,2,HUMI,PRIMARY_1_12
2019,RF,8.094963942659808,2,HUMI,PRIMARY_1_12
2019,HGB,8.443173892104557,2,HUMI,PRIMARY_1_12
2020,GlobalClim,73.4200581240562,2,HUMI,PRIMARY_1_12
2020,DeptClim,73.67979157331978,2,HUMI,PRIMARY_1_12
2020,Persist,76.2850324715166,2,HUMI,PRIMARY_1_12
2020,Ridge,5.632110185480015,2,HUMI,PRIMARY_1_12
2020,RF,4.311766198207921,2,HUMI,PRIMARY_1_12
2020,HGB,4.237792065683315,2,HUMI,PRIMARY_1_12
2021,GlobalClim,69.5199045741963,2,HUMI,PRIMARY_1_12
2021,DeptClim,70.04505355081814,2,HUMI,PRIMARY_1_12
2021,Persist,73.72954109432138,2,HUMI,PRIMARY_1_12
2021,Ridge,4.5086210479879725,2,HUMI,PRIMARY_1_12
2021,RF,5.4506176552945975,2,HUMI,PRIMARY_1_12
2021,HGB,5.203375339571002,2,HUMI,PRIMARY_1_12
2022,GlobalClim,71.9580306315286,2,HUMI,PRIMARY_1_12
2022,DeptClim,72.08989755976339,2,HUMI,PRIMARY_1_12
2022,Persist,76.18256836905118,2,HUMI,PRIMARY_1_12
2022,Ridge,7.3760429259942475,2,HUMI,PRIMARY_1_12
2022,RF,6.635447924231238,2,HUMI,PRIMARY_1_12
2022,HGB,6.931767576280396,2,HUMI,PRIMARY_1_12
2023,GlobalClim,73.60131578649863,2,HUMI,PRIMARY_1_12
2023,DeptClim,73.96567608562663,2,HUMI,PRIMARY_1_12
2023,Persist,77.45966885487078,2,HUMI,PRIMARY_1_12
2023,Ridge,8.04894395645471,2,HUMI,PRIMARY_1_12
2023,RF,7.396582828034849,2,HUMI,PRIMARY_1_12
2023,HGB,7.176079083340002,2,HUMI,PRIMARY_1_12
2024,GlobalClim,78.02761153100555,2,HUMI,PRIMARY_1_12
2024,DeptClim,78.3218529718551,2,HUMI,PRIMARY_1_12
2024,Persist,74.85638915353698,2,HUMI,PRIMARY_1_12
2024,Ridge,9.157034646664185,2,HUMI,PRIMARY_1_12
2024,RF,9.597733832839841,2,HUMI,PRIMARY_1_12
2024,HGB,9.069631724848978,2,HUMI,PRIMARY_1_12
2025,GlobalClim,72.41685311486698,2,HUMI,PRIMARY_1_12
2025,DeptClim,72.65343904322062,2,HUMI,PRIMARY_1_12
2025,Persist,76.30994237867424,2,HUMI,PRIMARY_1_12
2025,Ridge,7.147382517903783,2,HUMI,PRIMARY_1_12
2025,RF,7.123572112212491,2,HUMI,PRIMARY_1_12
2025,HGB,8.426313186733019,2,HUMI,PRIMARY_1_12
2001,GlobalClim,117.83295968191366,3,HUMI,PRIMARY_1_12
2001,DeptClim,116.74708673745735,3,HUMI,PRIMARY_1_12
2001,Persist,60.424579389704604,3,HUMI,PRIMARY_1_12
2001,Ridge,38.85482015312481,3,HUMI,PRIMARY_1_12
2001,RF,27.617830150225934,3,HUMI,PRIMARY_1_12
2001,HGB,30.69871735958892,3,HUMI,PRIMARY_1_12
2002,GlobalClim,103.71376791206526,3,HUMI,PRIMARY_1_12
2002,DeptClim,102.58327309604643,3,HUMI,PRIMARY_1_12
2002,Persist,68.621259079635,3,HUMI,PRIMARY_1_12
2002,Ridge,26.77111738424325,3,HUMI,PRIMARY_1_12
2002,RF,11.77543586699939,3,HUMI,PRIMARY_1_12
2002,HGB,24.03751356976232,3,HUMI,PRIMARY_1_12
2003,GlobalClim,76.86788349308036,3,HUMI,PRIMARY_1_12
2003,DeptClim,74.51343408984795,3,HUMI,PRIMARY_1_12
2003,Persist,43.33550747714123,3,HUMI,PRIMARY_1_12
2003,Ridge,11.435171560594242,3,HUMI,PRIMARY_1_12
2003,RF,8.132319474288979,3,HUMI,PRIMARY_1_12
2003,HGB,8.420238765844621,3,HUMI,PRIMARY_1_12
2004,GlobalClim,106.68147236573665,3,HUMI,PRIMARY_1_12
2004,DeptClim,106.50985090988704,3,HUMI,PRIMARY_1_12
2004,Persist,66.40677731860465,3,HUMI,PRIMARY_1_12
2004,Ridge,31.186931057321924,3,HUMI,PRIMARY_1_12
2004,RF,21.101275738658032,3,HUMI,PRIMARY_1_12
2004,HGB,27.03847292675309,3,HUMI,PRIMARY_1_12
2005,GlobalClim,74.91593068871144,3,HUMI,PRIMARY_1_12
2005,DeptClim,75.1151066850142,3,HUMI,PRIMARY_1_12
2005,Persist,73.37723787401444,3,HUMI,PRIMARY_1_12
2005,Ridge,8.462484336567936,3,HUMI,PRIMARY_1_12
2005,RF,9.945776060929875,3,HUMI,PRIMARY_1_12
2005,HGB,8.938893630926973,3,HUMI,PRIMARY_1_12
2006,GlobalClim,67.29005639243258,3,HUMI,PRIMARY_1_12
2006,DeptClim,68.0627364751548,3,HUMI,PRIMARY_1_12
2006,Persist,69.16322763042177,3,HUMI,PRIMARY_1_12
2006,Ridge,9.948021232015092,3,HUMI,PRIMARY_1_12
2006,RF,9.662697417318213,3,HUMI,PRIMARY_1_12
2006,HGB,9.498205393647616,3,HUMI,PRIMARY_1_12
2007,GlobalClim,67.48376748794729,3,HUMI,PRIMARY_1_12
2007,DeptClim,68.01875457082217,3,HUMI,PRIMARY_1_12
2007,Persist,66.3026048620807,3,HUMI,PRIMARY_1_12
2007,Ridge,9.609028603523084,3,HUMI,PRIMARY_1_12
2007,RF,9.934851062166759,3,HUMI,PRIMARY_1_12
2007,HGB,9.791232649119333,3,HUMI,PRIMARY_1_12
2008,GlobalClim,68.9130837776567,3,HUMI,PRIMARY_1_12
2008,DeptClim,69.3436616361519,3,HUMI,PRIMARY_1_12
2008,Persist,71.13558596375569,3,HUMI,PRIMARY_1_12
2008,Ridge,8.859257681217102,3,HUMI,PRIMARY_1_12
2008,RF,8.229666423890457,3,HUMI,PRIMARY_1_12
2008,HGB,8.396820836737156,3,HUMI,PRIMARY_1_12
2009,GlobalClim,71.99796212821444,3,HUMI,PRIMARY_1_12
2009,DeptClim,72.48133436329589,3,HUMI,PRIMARY_1_12
2009,Persist,72.08380158403288,3,HUMI,PRIMARY_1_12
2009,Ridge,9.340481167733305,3,HUMI,PRIMARY_1_12
2009,RF,9.632114310818293,3,HUMI,PRIMARY_1_12
2009,HGB,9.897597369181927,3,HUMI,PRIMARY_1_12
2010,GlobalClim,75.09243119010524,3,HUMI,PRIMARY_1_12
2010,DeptClim,75.31029706957598,3,HUMI,PRIMARY_1_12
2010,Persist,69.79306072926198,3,HUMI,PRIMARY_1_12
2010,Ridge,10.746738809422055,3,HUMI,PRIMARY_1_12
2010,RF,8.665553536953782,3,HUMI,PRIMARY_1_12
2010,HGB,10.46795890853422,3,HUMI,PRIMARY_1_12
2011,GlobalClim,75.28792525955951,3,HUMI,PRIMARY_1_12
2011,DeptClim,75.67622865227952,3,HUMI,PRIMARY_1_12
2011,Persist,71.72247194411162,3,HUMI,PRIMARY_1_12
2011,Ridge,11.611744791433841,3,HUMI,PRIMARY_1_12
2011,RF,8.492903142832509,3,HUMI,PRIMARY_1_12
2011,HGB,11.28230925395932,3,HUMI,PRIMARY_1_12
2012,GlobalClim,82.68190892347704,3,HUMI,PRIMARY_1_12
2012,DeptClim,82.71002275557849,3,HUMI,PRIMARY_1_12
2012,Persist,78.48555215175764,3,HUMI,PRIMARY_1_12
2012,Ridge,14.820494549253752,3,HUMI,PRIMARY_1_12
2012,RF,16.002082358509515,3,HUMI,PRIMARY_1_12
2012,HGB,15.636494876810259,3,HUMI,PRIMARY_1_12
2013,GlobalClim,77.25393087099664,3,HUMI,PRIMARY_1_12
2013,DeptClim,77.63212941990993,3,HUMI,PRIMARY_1_12
2013,Persist,74.2985962741685,3,HUMI,PRIMARY_1_12
2013,Ridge,7.669932220348627,3,HUMI,PRIMARY_1_12
2013,RF,7.452254678815632,3,HUMI,PRIMARY_1_12
2013,HGB,7.926358272659817,3,HUMI,PRIMARY_1_12
2014,GlobalClim,80.04860454233688,3,HUMI,PRIMARY_1_12
2014,DeptClim,80.39031484333688,3,HUMI,PRIMARY_1_12
2014,Persist,73.09452098459285,3,HUMI,PRIMARY_1_12
2014,Ridge,9.41754265411228,3,HUMI,PRIMARY_1_12
2014,RF,8.939223484866016,3,HUMI,PRIMARY_1_12
2014,HGB,8.35899717003662,3,HUMI,PRIMARY_1_12
2015,GlobalClim,76.26870253217639,3,HUMI,PRIMARY_1_12
2015,DeptClim,76.63588499537751,3,HUMI,PRIMARY_1_12
2015,Persist,73.99321312935781,3,HUMI,PRIMARY_1_12
2015,Ridge,7.483302479301788,3,HUMI,PRIMARY_1_12
2015,RF,6.7315476551368265,3,HUMI,PRIMARY_1_12
2015,HGB,6.401335718382898,3,HUMI,PRIMARY_1_12
2016,GlobalClim,71.23154400580128,3,HUMI,PRIMARY_1_12
2016,DeptClim,71.32170487308046,3,HUMI,PRIMARY_1_12
2016,Persist,71.0533640139454,3,HUMI,PRIMARY_1_12
2016,Ridge,5.930235001377988,3,HUMI,PRIMARY_1_12
2016,RF,7.591694007166541,3,HUMI,PRIMARY_1_12
2016,HGB,7.847790273184824,3,HUMI,PRIMARY_1_12
2017,GlobalClim,72.5819306842535,3,HUMI,PRIMARY_1_12
2017,DeptClim,73.03900892309814,3,HUMI,PRIMARY_1_12
2017,Persist,74.50773215949712,3,HUMI,PRIMARY_1_12
2017,Ridge,14.106405282182125,3,HUMI,PRIMARY_1_12
2017,RF,14.973353310762114,3,HUMI,PRIMARY_1_12
2017,HGB,14.195315035066244,3,HUMI,PRIMARY_1_12
2018,GlobalClim,70.42049604666568,3,HUMI,PRIMARY_1_12
2018,DeptClim,70.60100620652868,3,HUMI,PRIMARY_1_12
2018,Persist,72.12536095747096,3,HUMI,PRIMARY_1_12
2018,Ridge,6.079559458322289,3,HUMI,PRIMARY_1_12
2018,RF,8.936134263823009,3,HUMI,PRIMARY_1_12
2018,HGB,8.985075194629538,3,HUMI,PRIMARY_1_12
2019,GlobalClim,70.3012229535077,3,HUMI,PRIMARY_1_12
2019,DeptClim,70.4596787101136,3,HUMI,PRIMARY_1_12
2019,Persist,71.86594086041664,3,HUMI,PRIMARY_1_12
2019,Ridge,7.101061532173985,3,HUMI,PRIMARY_1_12
2019,RF,7.6649850961020904,3,HUMI,PRIMARY_1_12
2019,HGB,9.84815570903907,3,HUMI,PRIMARY_1_12
2020,GlobalClim,76.11524599338304,3,HUMI,PRIMARY_1_12
2020,DeptClim,76.16088779879912,3,HUMI,PRIMARY_1_12
2020,Persist,76.17807566535444,3,HUMI,PRIMARY_1_12
2020,Ridge,7.02012625995841,3,HUMI,PRIMARY_1_12
2020,RF,6.222757374324977,3,HUMI,PRIMARY_1_12
2020,HGB,5.745779196913076,3,HUMI,PRIMARY_1_12
2021,GlobalClim,71.70742906631237,3,HUMI,PRIMARY_1_12
2021,DeptClim,71.93442728222287,3,HUMI,PRIMARY_1_12
2021,Persist,76.22536979273443,3,HUMI,PRIMARY_1_12
2021,Ridge,8.558622564929316,3,HUMI,PRIMARY_1_12
2021,RF,8.227071611386329,3,HUMI,PRIMARY_1_12
2021,HGB,8.255688168774453,3,HUMI,PRIMARY_1_12
2022,GlobalClim,76.26046982225756,3,HUMI,PRIMARY_1_12
2022,DeptClim,76.42917361833119,3,HUMI,PRIMARY_1_12
2022,Persist,78.06172465330832,3,HUMI,PRIMARY_1_12
2022,Ridge,15.659937346780186,3,HUMI,PRIMARY_1_12
2022,RF,14.629504652164737,3,HUMI,PRIMARY_1_12
2022,HGB,14.55977980821639,3,HUMI,PRIMARY_1_12
2023,GlobalClim,72.47465012094618,3,HUMI,PRIMARY_1_12
2023,DeptClim,72.68814341076202,3,HUMI,PRIMARY_1_12
2023,Persist,73.39490879290707,3,HUMI,PRIMARY_1_12
2023,Ridge,5.3566723140719334,3,HUMI,PRIMARY_1_12
2023,RF,5.192423222319247,3,HUMI,PRIMARY_1_12
2023,HGB,6.334152651274159,3,HUMI,PRIMARY_1_12
2024,GlobalClim,78.79328157992762,3,HUMI,PRIMARY_1_12
2024,DeptClim,78.4194841629938,3,HUMI,PRIMARY_1_12
2024,Persist,76.87986643566592,3,HUMI,PRIMARY_1_12
2024,Ridge,12.870323464473612,3,HUMI,PRIMARY_1_12
2024,RF,12.751598797656955,3,HUMI,PRIMARY_1_12
2024,HGB,12.84935162717521,3,HUMI,PRIMARY_1_12
2025,GlobalClim,72.70347498038073,3,HUMI,PRIMARY_1_12
2025,DeptClim,72.65250613215778,3,HUMI,PRIMARY_1_12
2025,Persist,75.79217472563789,3,HUMI,PRIMARY_1_12
2025,Ridge,7.63488229409489,3,HUMI,PRIMARY_1_12
2025,RF,7.420335206687453,3,HUMI,PRIMARY_1_12
2025,HGB,8.291044037478983,3,HUMI,PRIMARY_1_12
2001,GlobalClim,119.63241749366011,4,HUMI,PRIMARY_1_12
2001,DeptClim,117.16804491939888,4,HUMI,PRIMARY_1_12
2001,Persist,60.189628454034576,4,HUMI,PRIMARY_1_12
2001,Ridge,38.255797371250736,4,HUMI,PRIMARY_1_12
2001,RF,25.355218612581787,4,HUMI,PRIMARY_1_12
2001,HGB,30.91840867590947,4,HUMI,PRIMARY_1_12
2002,GlobalClim,97.10000916958224,4,HUMI,PRIMARY_1_12
2002,DeptClim,96.05639859812236,4,HUMI,PRIMARY_1_12
2002,Persist,54.23775236492045,4,HUMI,PRIMARY_1_12
2002,Ridge,24.392307943159317,4,HUMI,PRIMARY_1_12
2002,RF,21.29962341942798,4,HUMI,PRIMARY_1_12
2002,HGB,21.63145722911986,4,HUMI,PRIMARY_1_12
2003,GlobalClim,95.30263674369823,4,HUMI,PRIMARY_1_12
2003,DeptClim,91.25827011878728,4,HUMI,PRIMARY_1_12
2003,Persist,77.58993108839358,4,HUMI,PRIMARY_1_12
2003,Ridge,19.655835775252196,4,HUMI,PRIMARY_1_12
2003,RF,18.019839092759348,4,HUMI,PRIMARY_1_12
2003,HGB,18.344014752952205,4,HUMI,PRIMARY_1_12
2004,GlobalClim,109.08082075432822,4,HUMI,PRIMARY_1_12
2004,DeptClim,108.31784144565759,4,HUMI,PRIMARY_1_12
2004,Persist,67.67173475088408,4,HUMI,PRIMARY_1_12
2004,Ridge,30.880992588859485,4,HUMI,PRIMARY_1_12
2004,RF,23.319516823831375,4,HUMI,PRIMARY_1_12
2004,HGB,29.48004654970306,4,HUMI,PRIMARY_1_12
2005,GlobalClim,74.68910598834151,4,HUMI,PRIMARY_1_12
2005,DeptClim,74.39370381912484,4,HUMI,PRIMARY_1_12
2005,Persist,68.7929256375719,4,HUMI,PRIMARY_1_12
2005,Ridge,8.695597552084436,4,HUMI,PRIMARY_1_12
2005,RF,11.526960579587156,4,HUMI,PRIMARY_1_12
2005,HGB,10.326526561461794,4,HUMI,PRIMARY_1_12
2006,GlobalClim,68.38424666267441,4,HUMI,PRIMARY_1_12
2006,DeptClim,69.34041271656571,4,HUMI,PRIMARY_1_12
2006,Persist,70.91209414290326,4,HUMI,PRIMARY_1_12
2006,Ridge,9.885108448468385,4,HUMI,PRIMARY_1_12
2006,RF,10.097658930088919,4,HUMI,PRIMARY_1_12
2006,HGB,9.98582041004269,4,HUMI,PRIMARY_1_12
2007,GlobalClim,69.3029634120973,4,HUMI,PRIMARY_1_12
2007,DeptClim,69.99298216912644,4,HUMI,PRIMARY_1_12
2007,Persist,71.66380955611587,4,HUMI,PRIMARY_1_12
2007,Ridge,9.473757355559204,4,HUMI,PRIMARY_1_12
2007,RF,9.43535579827425,4,HUMI,PRIMARY_1_12
2007,HGB,10.802280007948003,4,HUMI,PRIMARY_1_12
2008,GlobalClim,68.8041146728164,4,HUMI,PRIMARY_1_12
2008,DeptClim,69.32559897902864,4,HUMI,PRIMARY_1_12
2008,Persist,70.86069314596372,4,HUMI,PRIMARY_1_12
2008,Ridge,13.817141275097352,4,HUMI,PRIMARY_1_12
2008,RF,12.613086121010156,4,HUMI,PRIMARY_1_12
2008,HGB,14.208495257802703,4,HUMI,PRIMARY_1_12
2009,GlobalClim,79.0376176765548,4,HUMI,PRIMARY_1_12
2009,DeptClim,79.2495862107903,4,HUMI,PRIMARY_1_12
2009,Persist,76.11081474817564,4,HUMI,PRIMARY_1_12
2009,Ridge,15.686432043734893,4,HUMI,PRIMARY_1_12
2009,RF,17.370833573509554,4,HUMI,PRIMARY_1_12
2009,HGB,15.882226420698176,4,HUMI,PRIMARY_1_12
2010,GlobalClim,76.84311903426442,4,HUMI,PRIMARY_1_12
2010,DeptClim,77.39379543402298,4,HUMI,PRIMARY_1_12
2010,Persist,71.84744399438314,4,HUMI,PRIMARY_1_12
2010,Ridge,12.505599076654818,4,HUMI,PRIMARY_1_12
2010,RF,9.228583068705461,4,HUMI,PRIMARY_1_12
2010,HGB,12.565773476827301,4,HUMI,PRIMARY_1_12
2011,GlobalClim,77.87081773703557,4,HUMI,PRIMARY_1_12
2011,DeptClim,78.31322640452179,4,HUMI,PRIMARY_1_12
2011,Persist,72.56430221943889,4,HUMI,PRIMARY_1_12
2011,Ridge,13.1509918579764,4,HUMI,PRIMARY_1_12
2011,RF,10.404913511856671,4,HUMI,PRIMARY_1_12
2011,HGB,12.721414872473174,4,HUMI,PRIMARY_1_12
2012,GlobalClim,85.81184089567792,4,HUMI,PRIMARY_1_12
2012,DeptClim,85.80304693392924,4,HUMI,PRIMARY_1_12
2012,Persist,73.84944580306221,4,HUMI,PRIMARY_1_12
2012,Ridge,20.134700779347035,4,HUMI,PRIMARY_1_12
2012,RF,21.092018013343083,4,HUMI,PRIMARY_1_12
2012,HGB,19.837876237085837,4,HUMI,PRIMARY_1_12
2013,GlobalClim,80.01368669979676,4,HUMI,PRIMARY_1_12
2013,DeptClim,80.24107102809037,4,HUMI,PRIMARY_1_12
2013,Persist,74.33581335520148,4,HUMI,PRIMARY_1_12
2013,Ridge,13.714135063447747,4,HUMI,PRIMARY_1_12
2013,RF,13.926657084553858,4,HUMI,PRIMARY_1_12
2013,HGB,14.230115395126175,4,HUMI,PRIMARY_1_12
2014,GlobalClim,80.56162230795883,4,HUMI,PRIMARY_1_12
2014,DeptClim,80.62321697768877,4,HUMI,PRIMARY_1_12
2014,Persist,72.26310237466913,4,HUMI,PRIMARY_1_12
2014,Ridge,10.479213930601226,4,HUMI,PRIMARY_1_12
2014,RF,9.579922284852056,4,HUMI,PRIMARY_1_12
2014,HGB,8.861403791598047,4,HUMI,PRIMARY_1_12
2015,GlobalClim,77.57048459349997,4,HUMI,PRIMARY_1_12
2015,DeptClim,78.16316169031201,4,HUMI,PRIMARY_1_12
2015,Persist,73.30672189293992,4,HUMI,PRIMARY_1_12
2015,Ridge,9.5472545077381,4,HUMI,PRIMARY_1_12
2015,RF,8.164618890624947,4,HUMI,PRIMARY_1_12
2015,HGB,9.630657778351104,4,HUMI,PRIMARY_1_12
2016,GlobalClim,73.64110007778298,4,HUMI,PRIMARY_1_12
2016,DeptClim,73.93985343312798,4,HUMI,PRIMARY_1_12
2016,Persist,73.68769872627121,4,HUMI,PRIMARY_1_12
2016,Ridge,9.280312014817158,4,HUMI,PRIMARY_1_12
2016,RF,10.011269663894844,4,HUMI,PRIMARY_1_12
2016,HGB,12.728121032288874,4,HUMI,PRIMARY_1_12
2017,GlobalClim,77.057991600707,4,HUMI,PRIMARY_1_12
2017,DeptClim,77.73060786136473,4,HUMI,PRIMARY_1_12
2017,Persist,76.13461284239364,4,HUMI,PRIMARY_1_12
2017,Ridge,20.207365600263078,4,HUMI,PRIMARY_1_12
2017,RF,16.178387324223756,4,HUMI,PRIMARY_1_12
2017,HGB,16.587131370848198,4,HUMI,PRIMARY_1_12
2018,GlobalClim,71.92827249936019,4,HUMI,PRIMARY_1_12
2018,DeptClim,72.07922562680815,4,HUMI,PRIMARY_1_12
2018,Persist,73.33548367561005,4,HUMI,PRIMARY_1_12
2018,Ridge,7.102073626608023,4,HUMI,PRIMARY_1_12
2018,RF,7.669092512433438,4,HUMI,PRIMARY_1_12
2018,HGB,8.676053934177945,4,HUMI,PRIMARY_1_12
2019,GlobalClim,73.5750464136726,4,HUMI,PRIMARY_1_12
2019,DeptClim,73.73184847164733,4,HUMI,PRIMARY_1_12
2019,Persist,75.50390480842682,4,HUMI,PRIMARY_1_12
2019,Ridge,5.858096805607074,4,HUMI,PRIMARY_1_12
2019,RF,5.068703083692872,4,HUMI,PRIMARY_1_12
2019,HGB,7.159246563632388,4,HUMI,PRIMARY_1_12
2020,GlobalClim,75.79204975871768,4,HUMI,PRIMARY_1_12
2020,DeptClim,75.86132318784152,4,HUMI,PRIMARY_1_12
2020,Persist,72.89331007723601,4,HUMI,PRIMARY_1_12
2020,Ridge,7.154777894580602,4,HUMI,PRIMARY_1_12
2020,RF,5.130111302621618,4,HUMI,PRIMARY_1_12
2020,HGB,5.163960747845541,4,HUMI,PRIMARY_1_12
2021,GlobalClim,76.93677593694476,4,HUMI,PRIMARY_1_12
2021,DeptClim,76.98270969901887,4,HUMI,PRIMARY_1_12
2021,Persist,78.19549141456564,4,HUMI,PRIMARY_1_12
2021,Ridge,13.41531754192741,4,HUMI,PRIMARY_1_12
2021,RF,11.962082009678074,4,HUMI,PRIMARY_1_12
2021,HGB,10.47557895541678,4,HUMI,PRIMARY_1_12
2022,GlobalClim,72.8557531300694,4,HUMI,PRIMARY_1_12
2022,DeptClim,73.12848627651638,4,HUMI,PRIMARY_1_12
2022,Persist,73.6823156565939,4,HUMI,PRIMARY_1_12
2022,Ridge,9.414503695603385,4,HUMI,PRIMARY_1_12
2022,RF,7.254772399857629,4,HUMI,PRIMARY_1_12
2022,HGB,6.901673281063984,4,HUMI,PRIMARY_1_12
2023,GlobalClim,75.71740295449652,4,HUMI,PRIMARY_1_12
2023,DeptClim,76.14406554620832,4,HUMI,PRIMARY_1_12
2023,Persist,77.0774280438646,4,HUMI,PRIMARY_1_12
2023,Ridge,7.335911081336104,4,HUMI,PRIMARY_1_12
2023,RF,8.460080864284805,4,HUMI,PRIMARY_1_12
2023,HGB,8.588811317527828,4,HUMI,PRIMARY_1_12
2024,GlobalClim,80.4455659555118,4,HUMI,PRIMARY_1_12
2024,DeptClim,79.99566939531493,4,HUMI,PRIMARY_1_12
2024,Persist,77.33191271406758,4,HUMI,PRIMARY_1_12
2024,Ridge,12.582707186692298,4,HUMI,PRIMARY_1_12
2024,RF,11.807710052664644,4,HUMI,PRIMARY_1_12
2024,HGB,12.91925887339619,4,HUMI,PRIMARY_1_12
2001,GlobalClim,123.60929533025724,5,HUMI,PRIMARY_1_12
2001,DeptClim,121.28819570381306,5,HUMI,PRIMARY_1_12
2001,Persist,63.25825306483102,5,HUMI,PRIMARY_1_12
2001,Ridge,41.94580075967821,5,HUMI,PRIMARY_1_12
2001,RF,25.645174544834067,5,HUMI,PRIMARY_1_12
2001,HGB,31.61524114819366,5,HUMI,PRIMARY_1_12
2002,GlobalClim,94.78291796001955,5,HUMI,PRIMARY_1_12
2002,DeptClim,93.9180055919862,5,HUMI,PRIMARY_1_12
2002,Persist,61.889568827013505,5,HUMI,PRIMARY_1_12
2002,Ridge,17.821854207654845,5,HUMI,PRIMARY_1_12
2002,RF,14.391711485727173,5,HUMI,PRIMARY_1_12
2002,HGB,12.789146898282217,5,HUMI,PRIMARY_1_12
2003,GlobalClim,101.92470959173677,5,HUMI,PRIMARY_1_12
2003,DeptClim,96.0747225952157,5,HUMI,PRIMARY_1_12
2003,Persist,62.16943954591546,5,HUMI,PRIMARY_1_12
2003,Ridge,19.091434514463707,5,HUMI,PRIMARY_1_12
2003,RF,10.145202952763933,5,HUMI,PRIMARY_1_12
2003,HGB,14.508455409459815,5,HUMI,PRIMARY_1_12
2004,GlobalClim,106.25247586504793,5,HUMI,PRIMARY_1_12
2004,DeptClim,104.27909978125636,5,HUMI,PRIMARY_1_12
2004,Persist,65.40484595420833,5,HUMI,PRIMARY_1_12
2004,Ridge,26.849778685584997,5,HUMI,PRIMARY_1_12
2004,RF,17.58758432257639,5,HUMI,PRIMARY_1_12
2004,HGB,20.38058698836313,5,HUMI,PRIMARY_1_12
2005,GlobalClim,75.57283274729124,5,HUMI,PRIMARY_1_12
2005,DeptClim,76.21866256258217,5,HUMI,PRIMARY_1_12
2005,Persist,72.01764054563442,5,HUMI,PRIMARY_1_12
2005,Ridge,9.939976799083041,5,HUMI,PRIMARY_1_12
2005,RF,12.981327024166694,5,HUMI,PRIMARY_1_12
2005,HGB,10.155251325135676,5,HUMI,PRIMARY_1_12
2006,GlobalClim,70.48057516587541,5,HUMI,PRIMARY_1_12
2006,DeptClim,71.38043514412081,5,HUMI,PRIMARY_1_12
2006,Persist,76.12300394508254,5,HUMI,PRIMARY_1_12
2006,Ridge,10.662502416704928,5,HUMI,PRIMARY_1_12
2006,RF,10.20091153631293,5,HUMI,PRIMARY_1_12
2006,HGB,9.90820109768724,5,HUMI,PRIMARY_1_12
2007,GlobalClim,70.15079128278596,5,HUMI,PRIMARY_1_12
2007,DeptClim,70.39410528712001,5,HUMI,PRIMARY_1_12
2007,Persist,74.56201998989026,5,HUMI,PRIMARY_1_12
2007,Ridge,9.8170562561476,5,HUMI,PRIMARY_1_12
2007,RF,9.444409332621635,5,HUMI,PRIMARY_1_12
2007,HGB,11.262982289511218,5,HUMI,PRIMARY_1_12
2008,GlobalClim,71.0777590525942,5,HUMI,PRIMARY_1_12
2008,DeptClim,71.59727767306609,5,HUMI,PRIMARY_1_12
2008,Persist,74.9069597946333,5,HUMI,PRIMARY_1_12
2008,Ridge,11.342173818164758,5,HUMI,PRIMARY_1_12
2008,RF,11.303151335181704,5,HUMI,PRIMARY_1_12
2008,HGB,11.107159427715823,5,HUMI,PRIMARY_1_12
2009,GlobalClim,79.47488807773907,5,HUMI,PRIMARY_1_12
2009,DeptClim,79.56510419743051,5,HUMI,PRIMARY_1_12
2009,Persist,75.26141048762561,5,HUMI,PRIMARY_1_12
2009,Ridge,15.713369643182352,5,HUMI,PRIMARY_1_12
2009,RF,17.508123326582187,5,HUMI,PRIMARY_1_12
2009,HGB,16.27108812579779,5,HUMI,PRIMARY_1_12
2010,GlobalClim,77.7132294716071,5,HUMI,PRIMARY_1_12
2010,DeptClim,78.19887803572828,5,HUMI,PRIMARY_1_12
2010,Persist,75.65630935095739,5,HUMI,PRIMARY_1_12
2010,Ridge,11.03456071446188,5,HUMI,PRIMARY_1_12
2010,RF,8.672234842870417,5,HUMI,PRIMARY_1_12
2010,HGB,10.768199912863704,5,HUMI,PRIMARY_1_12
2011,GlobalClim,76.61825905446892,5,HUMI,PRIMARY_1_12
2011,DeptClim,77.13846040292914,5,HUMI,PRIMARY_1_12
2011,Persist,73.42324958048196,5,HUMI,PRIMARY_1_12
2011,Ridge,12.818238612452477,5,HUMI,PRIMARY_1_12
2011,RF,10.45947547626496,5,HUMI,PRIMARY_1_12
2011,HGB,11.847049674623161,5,HUMI,PRIMARY_1_12
2012,GlobalClim,86.4222164351632,5,HUMI,PRIMARY_1_12
2012,DeptClim,86.55606440105271,5,HUMI,PRIMARY_1_12
2012,Persist,76.28447918869152,5,HUMI,PRIMARY_1_12
2012,Ridge,17.938651437650705,5,HUMI,PRIMARY_1_12
2012,RF,17.191580036154882,5,HUMI,PRIMARY_1_12
2012,HGB,17.293247392853203,5,HUMI,PRIMARY_1_12
2013,GlobalClim,77.58343010111524,5,HUMI,PRIMARY_1_12
2013,DeptClim,77.84947837554768,5,HUMI,PRIMARY_1_12
2013,Persist,72.82088002018213,5,HUMI,PRIMARY_1_12
2013,Ridge,11.620911002101561,5,HUMI,PRIMARY_1_12
2013,RF,11.205394161474185,5,HUMI,PRIMARY_1_12
2013,HGB,11.773611689519146,5,HUMI,PRIMARY_1_12
2014,GlobalClim,80.52180623938358,5,HUMI,PRIMARY_1_12
2014,DeptClim,80.57053774222835,5,HUMI,PRIMARY_1_12
2014,Persist,75.11452472765595,5,HUMI,PRIMARY_1_12
2014,Ridge,9.596224168433471,5,HUMI,PRIMARY_1_12
2014,RF,10.38409005630189,5,HUMI,PRIMARY_1_12
2014,HGB,10.049998106666559,5,HUMI,PRIMARY_1_12
2015,GlobalClim,79.15774411293354,5,HUMI,PRIMARY_1_12
2015,DeptClim,79.57421251479701,5,HUMI,PRIMARY_1_12
2015,Persist,76.80855792204125,5,HUMI,PRIMARY_1_12
2015,Ridge,9.344432457535989,5,HUMI,PRIMARY_1_12
2015,RF,7.850496181034353,5,HUMI,PRIMARY_1_12
2015,HGB,9.435635244388314,5,HUMI,PRIMARY_1_12
2016,GlobalClim,73.68507775902175,5,HUMI,PRIMARY_1_12
2016,DeptClim,73.98146004286788,5,HUMI,PRIMARY_1_12
2016,Persist,74.3615992463457,5,HUMI,PRIMARY_1_12
2016,Ridge,10.243359217847843,5,HUMI,PRIMARY_1_12
2016,RF,14.314155333224196,5,HUMI,PRIMARY_1_12
2016,HGB,12.410970467106909,5,HUMI,PRIMARY_1_12
2017,GlobalClim,78.1595815547248,5,HUMI,PRIMARY_1_12
2017,DeptClim,79.0205482819357,5,HUMI,PRIMARY_1_12
2017,Persist,76.42811825951935,5,HUMI,PRIMARY_1_12
2017,Ridge,16.621795172798507,5,HUMI,PRIMARY_1_12
2017,RF,17.325550287511202,5,HUMI,PRIMARY_1_12
2017,HGB,16.478375691337444,5,HUMI,PRIMARY_1_12
2018,GlobalClim,72.93001618741073,5,HUMI,PRIMARY_1_12
2018,DeptClim,73.11020956121237,5,HUMI,PRIMARY_1_12
2018,Persist,75.96614117288581,5,HUMI,PRIMARY_1_12
2018,Ridge,6.68668921083332,5,HUMI,PRIMARY_1_12
2018,RF,7.27294497352532,5,HUMI,PRIMARY_1_12
2018,HGB,9.18256123536681,5,HUMI,PRIMARY_1_12
2019,GlobalClim,74.5098773031516,5,HUMI,PRIMARY_1_12
2019,DeptClim,74.69384915213462,5,HUMI,PRIMARY_1_12
2019,Persist,76.30899375854413,5,HUMI,PRIMARY_1_12
2019,Ridge,7.128431366397122,5,HUMI,PRIMARY_1_12
2019,RF,8.129330726757662,5,HUMI,PRIMARY_1_12
2019,HGB,9.084447408239084,5,HUMI,PRIMARY_1_12
2020,GlobalClim,78.82278535696264,5,HUMI,PRIMARY_1_12
2020,DeptClim,79.0084035270756,5,HUMI,PRIMARY_1_12
2020,Persist,78.4943410440249,5,HUMI,PRIMARY_1_12
2020,Ridge,11.564837604973613,5,HUMI,PRIMARY_1_12
2020,RF,11.058860840213308,5,HUMI,PRIMARY_1_12
2020,HGB,11.324659286140431,5,HUMI,PRIMARY_1_12
2021,GlobalClim,79.35179904996278,5,HUMI,PRIMARY_1_12
2021,DeptClim,79.54594107134555,5,HUMI,PRIMARY_1_12
2021,Persist,78.40330408981634,5,HUMI,PRIMARY_1_12
2021,Ridge,15.038646184186236,5,HUMI,PRIMARY_1_12
2021,RF,13.940519874353749,5,HUMI,PRIMARY_1_12
2021,HGB,14.225700791269912,5,HUMI,PRIMARY_1_12
2022,GlobalClim,73.5941046384625,5,HUMI,PRIMARY_1_12
2022,DeptClim,73.88935909302583,5,HUMI,PRIMARY_1_12
2022,Persist,76.96002927200058,5,HUMI,PRIMARY_1_12
2022,Ridge,7.348641479165532,5,HUMI,PRIMARY_1_12
2022,RF,7.221147879576961,5,HUMI,PRIMARY_1_12
2022,HGB,7.814978182187601,5,HUMI,PRIMARY_1_12
2023,GlobalClim,78.15778740507584,5,HUMI,PRIMARY_1_12
2023,DeptClim,78.76988758225006,5,HUMI,PRIMARY_1_12
2023,Persist,80.0460015617342,5,HUMI,PRIMARY_1_12
2023,Ridge,10.58355694262788,5,HUMI,PRIMARY_1_12
2023,RF,9.279133216774255,5,HUMI,PRIMARY_1_12
2023,HGB,9.33312463708236,5,HUMI,PRIMARY_1_12
2024,GlobalClim,78.23799863180656,5,HUMI,PRIMARY_1_12
2024,DeptClim,77.5121192853056,5,HUMI,PRIMARY_1_12
2024,Persist,76.74238787019408,5,HUMI,PRIMARY_1_12
2024,Ridge,12.913786735104921,5,HUMI,PRIMARY_1_12
2024,RF,11.376997066338904,5,HUMI,PRIMARY_1_12
2024,HGB,14.033388645668994,5,HUMI,PRIMARY_1_12
2001,GlobalClim,118.73707292643974,6,HUMI,PRIMARY_1_12
2001,DeptClim,114.81930023677678,6,HUMI,PRIMARY_1_12
2001,Persist,58.56165470913311,6,HUMI,PRIMARY_1_12
2001,Ridge,36.08265567006206,6,HUMI,PRIMARY_1_12
2001,RF,22.902013139591002,6,HUMI,PRIMARY_1_12
2001,HGB,24.73638127531212,6,HUMI,PRIMARY_1_12
2002,GlobalClim,92.18893492383022,6,HUMI,PRIMARY_1_12
2002,DeptClim,90.742408234718,6,HUMI,PRIMARY_1_12
2002,Persist,63.11512148012387,6,HUMI,PRIMARY_1_12
2002,Ridge,10.698989298339555,6,HUMI,PRIMARY_1_12
2002,RF,7.868541501589421,6,HUMI,PRIMARY_1_12
2002,HGB,7.7953201202349875,6,HUMI,PRIMARY_1_12
2003,GlobalClim,105.31875558053545,6,HUMI,PRIMARY_1_12
2003,DeptClim,100.37612027123568,6,HUMI,PRIMARY_1_12
2003,Persist,56.97905440482826,6,HUMI,PRIMARY_1_12
2003,Ridge,23.61318706669828,6,HUMI,PRIMARY_1_12
2003,RF,12.491831404302284,6,HUMI,PRIMARY_1_12
2003,HGB,15.584498180468163,6,HUMI,PRIMARY_1_12
2004,GlobalClim,106.18571348149533,6,HUMI,PRIMARY_1_12
2004,DeptClim,104.86229814516346,6,HUMI,PRIMARY_1_12
2004,Persist,66.09293282684847,6,HUMI,PRIMARY_1_12
2004,Ridge,26.945023631181336,6,HUMI,PRIMARY_1_12
2004,RF,22.253949660151957,6,HUMI,PRIMARY_1_12
2004,HGB,21.01972547890117,6,HUMI,PRIMARY_1_12
2005,GlobalClim,77.07091402272219,6,HUMI,PRIMARY_1_12
2005,DeptClim,77.28304254808893,6,HUMI,PRIMARY_1_12
2005,Persist,76.80596476114555,6,HUMI,PRIMARY_1_12
2005,Ridge,9.459456989795507,6,HUMI,PRIMARY_1_12
2005,RF,11.283538848748082,6,HUMI,PRIMARY_1_12
2005,HGB,10.085912040335717,6,HUMI,PRIMARY_1_12
2006,GlobalClim,70.55472299582955,6,HUMI,PRIMARY_1_12
2006,DeptClim,71.22780056921663,6,HUMI,PRIMARY_1_12
2006,Persist,75.85930405416765,6,HUMI,PRIMARY_1_12
2006,Ridge,11.69932488719037,6,HUMI,PRIMARY_1_12
2006,RF,12.023886931322371,6,HUMI,PRIMARY_1_12
2006,HGB,10.799722297668355,6,HUMI,PRIMARY_1_12
2007,GlobalClim,70.03639337420793,6,HUMI,PRIMARY_1_12
2007,DeptClim,70.35760069119084,6,HUMI,PRIMARY_1_12
2007,Persist,74.33026959419345,6,HUMI,PRIMARY_1_12
2007,Ridge,10.789649647628218,6,HUMI,PRIMARY_1_12
2007,RF,9.615511533551595,6,HUMI,PRIMARY_1_12
2007,HGB,10.85801402362968,6,HUMI,PRIMARY_1_12
2008,GlobalClim,70.32897799178866,6,HUMI,PRIMARY_1_12
2008,DeptClim,70.74570884015654,6,HUMI,PRIMARY_1_12
2008,Persist,74.64115480152381,6,HUMI,PRIMARY_1_12
2008,Ridge,12.851206129608578,6,HUMI,PRIMARY_1_12
2008,RF,11.598205174461043,6,HUMI,PRIMARY_1_12
2008,HGB,12.832734793759673,6,HUMI,PRIMARY_1_12
2009,GlobalClim,78.90490790243564,6,HUMI,PRIMARY_1_12
2009,DeptClim,78.75950833411873,6,HUMI,PRIMARY_1_12
2009,Persist,75.2160061445664,6,HUMI,PRIMARY_1_12
2009,Ridge,16.574567605912733,6,HUMI,PRIMARY_1_12
2009,RF,18.23784791929261,6,HUMI,PRIMARY_1_12
2009,HGB,16.866640977598966,6,HUMI,PRIMARY_1_12
2010,GlobalClim,74.12095934450801,6,HUMI,PRIMARY_1_12
2010,DeptClim,74.41601617018995,6,HUMI,PRIMARY_1_12
2010,Persist,72.79815352904514,6,HUMI,PRIMARY_1_12
2010,Ridge,11.130241743880273,6,HUMI,PRIMARY_1_12
2010,RF,10.844397369368211,6,HUMI,PRIMARY_1_12
2010,HGB,10.094171289755286,6,HUMI,PRIMARY_1_12
2011,GlobalClim,82.14083167545346,6,HUMI,PRIMARY_1_12
2011,DeptClim,82.54068964106564,6,HUMI,PRIMARY_1_12
2011,Persist,81.96307445132905,6,HUMI,PRIMARY_1_12
2011,Ridge,17.359374432034564,6,HUMI,PRIMARY_1_12
2011,RF,15.240845414793128,6,HUMI,PRIMARY_1_12
2011,HGB,17.2878255629035,6,HUMI,PRIMARY_1_12
2012,GlobalClim,84.33612571789367,6,HUMI,PRIMARY_1_12
2012,DeptClim,84.26351639026512,6,HUMI,PRIMARY_1_12
2012,Persist,75.63542924602326,6,HUMI,PRIMARY_1_12
2012,Ridge,15.939976327612962,6,HUMI,PRIMARY_1_12
2012,RF,17.092627504378278,6,HUMI,PRIMARY_1_12
2012,HGB,16.994526580156105,6,HUMI,PRIMARY_1_12
2013,GlobalClim,81.27261139515853,6,HUMI,PRIMARY_1_12
2013,DeptClim,81.64131655644736,6,HUMI,PRIMARY_1_12
2013,Persist,79.22098176298667,6,HUMI,PRIMARY_1_12
2013,Ridge,17.78796502366972,6,HUMI,PRIMARY_1_12
2013,RF,19.208417943461967,6,HUMI,PRIMARY_1_12
2013,HGB,19.14217302967873,6,HUMI,PRIMARY_1_12
2014,GlobalClim,78.15430834716457,6,HUMI,PRIMARY_1_12
2014,DeptClim,78.10746645720863,6,HUMI,PRIMARY_1_12
2014,Persist,74.60847064296765,6,HUMI,PRIMARY_1_12
2014,Ridge,10.62157470245763,6,HUMI,PRIMARY_1_12
2014,RF,9.311743448539946,6,HUMI,PRIMARY_1_12
2014,HGB,11.067895069946415,6,HUMI,PRIMARY_1_12
2015,GlobalClim,77.56317098432298,6,HUMI,PRIMARY_1_12
2015,DeptClim,77.76058743619646,6,HUMI,PRIMARY_1_12
2015,Persist,75.32290812340477,6,HUMI,PRIMARY_1_12
2015,Ridge,9.886557664114857,6,HUMI,PRIMARY_1_12
2015,RF,7.382544785439844,6,HUMI,PRIMARY_1_12
2015,HGB,8.142042278284507,6,HUMI,PRIMARY_1_12
2016,GlobalClim,73.31054347888755,6,HUMI,PRIMARY_1_12
2016,DeptClim,73.66407188855302,6,HUMI,PRIMARY_1_12
2016,Persist,75.77891322696867,6,HUMI,PRIMARY_1_12
2016,Ridge,9.96108501058614,6,HUMI,PRIMARY_1_12
2016,RF,13.291777066315623,6,HUMI,PRIMARY_1_12
2016,HGB,13.695522750123803,6,HUMI,PRIMARY_1_12
2017,GlobalClim,79.21392995671503,6,HUMI,PRIMARY_1_12
2017,DeptClim,80.26810808741351,6,HUMI,PRIMARY_1_12
2017,Persist,78.11138262180437,6,HUMI,PRIMARY_1_12
2017,Ridge,16.939398917608205,6,HUMI,PRIMARY_1_12
2017,RF,17.90056168000036,6,HUMI,PRIMARY_1_12
2017,HGB,16.66118041198897,6,HUMI,PRIMARY_1_12
2018,GlobalClim,74.82217006051404,6,HUMI,PRIMARY_1_12
2018,DeptClim,75.03412617552415,6,HUMI,PRIMARY_1_12
2018,Persist,78.19344442881572,6,HUMI,PRIMARY_1_12
2018,Ridge,8.878204645497528,6,HUMI,PRIMARY_1_12
2018,RF,9.645135095330712,6,HUMI,PRIMARY_1_12
2018,HGB,9.53098378921851,6,HUMI,PRIMARY_1_12
2019,GlobalClim,74.34412259670101,6,HUMI,PRIMARY_1_12
2019,DeptClim,74.5796077046986,6,HUMI,PRIMARY_1_12
2019,Persist,77.08284208937341,6,HUMI,PRIMARY_1_12
2019,Ridge,7.006553549339656,6,HUMI,PRIMARY_1_12
2019,RF,6.497461368632805,6,HUMI,PRIMARY_1_12
2019,HGB,6.1030304645365465,6,HUMI,PRIMARY_1_12
2020,GlobalClim,77.23834794314661,6,HUMI,PRIMARY_1_12
2020,DeptClim,77.59909169940092,6,HUMI,PRIMARY_1_12
2020,Persist,76.20013906453568,6,HUMI,PRIMARY_1_12
2020,Ridge,11.486381582358158,6,HUMI,PRIMARY_1_12
2020,RF,12.045970121484665,6,HUMI,PRIMARY_1_12
2020,HGB,12.882057316289629,6,HUMI,PRIMARY_1_12
2021,GlobalClim,76.78053264045411,6,HUMI,PRIMARY_1_12
2021,DeptClim,76.8518202815817,6,HUMI,PRIMARY_1_12
2021,Persist,77.55836042535752,6,HUMI,PRIMARY_1_12
2021,Ridge,11.696845903435122,6,HUMI,PRIMARY_1_12
2021,RF,10.481842709206079,6,HUMI,PRIMARY_1_12
2021,HGB,9.340957365452917,6,HUMI,PRIMARY_1_12
2022,GlobalClim,73.53503327523246,6,HUMI,PRIMARY_1_12
2022,DeptClim,73.95985173680398,6,HUMI,PRIMARY_1_12
2022,Persist,77.85574253575385,6,HUMI,PRIMARY_1_12
2022,Ridge,8.83658379465757,6,HUMI,PRIMARY_1_12
2022,RF,7.230717604649145,6,HUMI,PRIMARY_1_12
2022,HGB,8.262356154766103,6,HUMI,PRIMARY_1_12
2023,GlobalClim,79.31606504467378,6,HUMI,PRIMARY_1_12
2023,DeptClim,79.84757475373571,6,HUMI,PRIMARY_1_12
2023,Persist,80.36792385466059,6,HUMI,PRIMARY_1_12
2023,Ridge,10.911805688420667,6,HUMI,PRIMARY_1_12
2023,RF,9.770461876366735,6,HUMI,PRIMARY_1_12
2023,HGB,9.553245101123128,6,HUMI,PRIMARY_1_12
2024,GlobalClim,78.41723347987678,6,HUMI,PRIMARY_1_12
2024,DeptClim,78.44457838079522,6,HUMI,PRIMARY_1_12
2024,Persist,79.96843149193879,6,HUMI,PRIMARY_1_12
2024,Ridge,12.061655596906133,6,HUMI,PRIMARY_1_12
2024,RF,13.087619595893907,6,HUMI,PRIMARY_1_12
2024,HGB,11.143166402523335,6,HUMI,PRIMARY_1_12
2001,GlobalClim,117.59428458041481,7,HUMI,PRIMARY_1_12
2001,DeptClim,113.6421820858749,7,HUMI,PRIMARY_1_12
2001,Persist,58.02383887336964,7,HUMI,PRIMARY_1_12
2001,Ridge,34.8243353368639,7,HUMI,PRIMARY_1_12
2001,RF,21.190269094084183,7,HUMI,PRIMARY_1_12
2001,HGB,22.630747409625172,7,HUMI,PRIMARY_1_12
2002,GlobalClim,89.76838007383225,7,HUMI,PRIMARY_1_12
2002,DeptClim,89.36043245434914,7,HUMI,PRIMARY_1_12
2002,Persist,61.7239196032943,7,HUMI,PRIMARY_1_12
2002,Ridge,7.5912414200834935,7,HUMI,PRIMARY_1_12
2002,RF,14.034717876466203,7,HUMI,PRIMARY_1_12
2002,HGB,9.56928475626724,7,HUMI,PRIMARY_1_12
2003,GlobalClim,106.61354075220704,7,HUMI,PRIMARY_1_12
2003,DeptClim,103.06698780089222,7,HUMI,PRIMARY_1_12
2003,Persist,57.820533536823035,7,HUMI,PRIMARY_1_12
2003,Ridge,24.998721834169903,7,HUMI,PRIMARY_1_12
2003,RF,13.544887452310727,7,HUMI,PRIMARY_1_12
2003,HGB,20.227169012830018,7,HUMI,PRIMARY_1_12
2004,GlobalClim,109.08662539232206,7,HUMI,PRIMARY_1_12
2004,DeptClim,107.51512229805998,7,HUMI,PRIMARY_1_12
2004,Persist,67.77753739003566,7,HUMI,PRIMARY_1_12
2004,Ridge,30.93334070687854,7,HUMI,PRIMARY_1_12
2004,RF,20.58587069986827,7,HUMI,PRIMARY_1_12
2004,HGB,24.813715208431372,7,HUMI,PRIMARY_1_12
2005,GlobalClim,76.97553899132805,7,HUMI,PRIMARY_1_12
2005,DeptClim,77.59306241666228,7,HUMI,PRIMARY_1_12
2005,Persist,76.10420697332559,7,HUMI,PRIMARY_1_12
2005,Ridge,12.106478865517936,7,HUMI,PRIMARY_1_12
2005,RF,11.09454497155946,7,HUMI,PRIMARY_1_12
2005,HGB,10.348758076511302,7,HUMI,PRIMARY_1_12
2006,GlobalClim,70.48393706693439,7,HUMI,PRIMARY_1_12
2006,DeptClim,71.27553262032555,7,HUMI,PRIMARY_1_12
2006,Persist,76.03526201694635,7,HUMI,PRIMARY_1_12
2006,Ridge,9.176253933436632,7,HUMI,PRIMARY_1_12
2006,RF,9.013662028412895,7,HUMI,PRIMARY_1_12
2006,HGB,9.742048596917305,7,HUMI,PRIMARY_1_12
2007,GlobalClim,69.04908313402838,7,HUMI,PRIMARY_1_12
2007,DeptClim,69.57360546961252,7,HUMI,PRIMARY_1_12
2007,Persist,73.79390667111815,7,HUMI,PRIMARY_1_12
2007,Ridge,12.832670432093261,7,HUMI,PRIMARY_1_12
2007,RF,10.726373704291541,7,HUMI,PRIMARY_1_12
2007,HGB,12.828580308424868,7,HUMI,PRIMARY_1_12
2008,GlobalClim,69.86187603195118,7,HUMI,PRIMARY_1_12
2008,DeptClim,70.16700341358285,7,HUMI,PRIMARY_1_12
2008,Persist,74.1302622095504,7,HUMI,PRIMARY_1_12
2008,Ridge,12.511088427022134,7,HUMI,PRIMARY_1_12
2008,RF,10.34555835663491,7,HUMI,PRIMARY_1_12
2008,HGB,12.10663472201018,7,HUMI,PRIMARY_1_12
2009,GlobalClim,81.92392868783425,7,HUMI,PRIMARY_1_12
2009,DeptClim,81.5435444838065,7,HUMI,PRIMARY_1_12
2009,Persist,78.75680552938871,7,HUMI,PRIMARY_1_12
2009,Ridge,19.03874123540243,7,HUMI,PRIMARY_1_12
2009,RF,20.180298851065565,7,HUMI,PRIMARY_1_12
2009,HGB,19.413777528483124,7,HUMI,PRIMARY_1_12
2010,GlobalClim,71.6815072102273,7,HUMI,PRIMARY_1_12
2010,DeptClim,71.82580516602425,7,HUMI,PRIMARY_1_12
2010,Persist,72.76580460919592,7,HUMI,PRIMARY_1_12
2010,Ridge,12.481881048924448,7,HUMI,PRIMARY_1_12
2010,RF,9.901633235712467,7,HUMI,PRIMARY_1_12
2010,HGB,12.31299798581519,7,HUMI,PRIMARY_1_12
2011,GlobalClim,82.25013939031619,7,HUMI,PRIMARY_1_12
2011,DeptClim,82.64720630713958,7,HUMI,PRIMARY_1_12
2011,Persist,76.36452098474426,7,HUMI,PRIMARY_1_12
2011,Ridge,18.789374919789996,7,HUMI,PRIMARY_1_12
2011,RF,17.134062047151044,7,HUMI,PRIMARY_1_12
2011,HGB,18.870341321059367,7,HUMI,PRIMARY_1_12
2012,GlobalClim,83.32447291316177,7,HUMI,PRIMARY_1_12
2012,DeptClim,82.98543845255325,7,HUMI,PRIMARY_1_12
2012,Persist,76.06574634650525,7,HUMI,PRIMARY_1_12
2012,Ridge,15.53949936381295,7,HUMI,PRIMARY_1_12
2012,RF,14.67732624150006,7,HUMI,PRIMARY_1_12
2012,HGB,16.195533950272708,7,HUMI,PRIMARY_1_12
2013,GlobalClim,77.67743826590255,7,HUMI,PRIMARY_1_12
2013,DeptClim,77.77748047215657,7,HUMI,PRIMARY_1_12
2013,Persist,74.48482759134326,7,HUMI,PRIMARY_1_12
2013,Ridge,12.265353797698744,7,HUMI,PRIMARY_1_12
2013,RF,10.795362783392873,7,HUMI,PRIMARY_1_12
2013,HGB,12.946577161090312,7,HUMI,PRIMARY_1_12
2014,GlobalClim,79.77580947684812,7,HUMI,PRIMARY_1_12
2014,DeptClim,79.62748265811062,7,HUMI,PRIMARY_1_12
2014,Persist,78.55724639459586,7,HUMI,PRIMARY_1_12
2014,Ridge,9.504159741411259,7,HUMI,PRIMARY_1_12
2014,RF,14.361726631657724,7,HUMI,PRIMARY_1_12
2014,HGB,9.736614964819074,7,HUMI,PRIMARY_1_12
2015,GlobalClim,74.93777410487262,7,HUMI,PRIMARY_1_12
2015,DeptClim,75.23053428516904,7,HUMI,PRIMARY_1_12
2015,Persist,75.16262533950653,7,HUMI,PRIMARY_1_12
2015,Ridge,9.677171914063067,7,HUMI,PRIMARY_1_12
2015,RF,8.290211228517878,7,HUMI,PRIMARY_1_12
2015,HGB,9.199462528405746,7,HUMI,PRIMARY_1_12
2016,GlobalClim,72.68817613508311,7,HUMI,PRIMARY_1_12
2016,DeptClim,73.08240356797621,7,HUMI,PRIMARY_1_12
2016,Persist,75.83948185309595,7,HUMI,PRIMARY_1_12
2016,Ridge,8.063788173339647,7,HUMI,PRIMARY_1_12
2016,RF,5.797473841238735,7,HUMI,PRIMARY_1_12
2016,HGB,9.260574032952746,7,HUMI,PRIMARY_1_12
2017,GlobalClim,78.95645204825408,7,HUMI,PRIMARY_1_12
2017,DeptClim,80.04512041826062,7,HUMI,PRIMARY_1_12
2017,Persist,77.55790059918928,7,HUMI,PRIMARY_1_12
2017,Ridge,17.19115227800823,7,HUMI,PRIMARY_1_12
2017,RF,18.187080071280533,7,HUMI,PRIMARY_1_12
2017,HGB,16.673887135725103,7,HUMI,PRIMARY_1_12
2018,GlobalClim,74.97692594475869,7,HUMI,PRIMARY_1_12
2018,DeptClim,75.3155953630094,7,HUMI,PRIMARY_1_12
2018,Persist,77.4722847885727,7,HUMI,PRIMARY_1_12
2018,Ridge,6.879874510457763,7,HUMI,PRIMARY_1_12
2018,RF,6.700966277889483,7,HUMI,PRIMARY_1_12
2018,HGB,7.629174793374115,7,HUMI,PRIMARY_1_12
2019,GlobalClim,74.19610716486504,7,HUMI,PRIMARY_1_12
2019,DeptClim,74.61507868048791,7,HUMI,PRIMARY_1_12
2019,Persist,77.3970970291098,7,HUMI,PRIMARY_1_12
2019,Ridge,8.373073659203088,7,HUMI,PRIMARY_1_12
2019,RF,7.230296810616892,7,HUMI,PRIMARY_1_12
2019,HGB,7.815103164925671,7,HUMI,PRIMARY_1_12
2020,GlobalClim,74.08701161761037,7,HUMI,PRIMARY_1_12
2020,DeptClim,74.6916564598254,7,HUMI,PRIMARY_1_12
2020,Persist,75.18289873124961,7,HUMI,PRIMARY_1_12
2020,Ridge,11.919236004522022,7,HUMI,PRIMARY_1_12
2020,RF,11.669825908318506,7,HUMI,PRIMARY_1_12
2020,HGB,11.877709307956593,7,HUMI,PRIMARY_1_12
2021,GlobalClim,76.19600230654295,7,HUMI,PRIMARY_1_12
2021,DeptClim,76.29315914380953,7,HUMI,PRIMARY_1_12
2021,Persist,78.14469318718065,7,HUMI,PRIMARY_1_12
2021,Ridge,9.65083470304793,7,HUMI,PRIMARY_1_12
2021,RF,7.944138663536442,7,HUMI,PRIMARY_1_12
2021,HGB,8.08804517975027,7,HUMI,PRIMARY_1_12
2022,GlobalClim,74.7103391200663,7,HUMI,PRIMARY_1_12
2022,DeptClim,75.23363520771893,7,HUMI,PRIMARY_1_12
2022,Persist,79.31829832441548,7,HUMI,PRIMARY_1_12
2022,Ridge,6.730333135099656,7,HUMI,PRIMARY_1_12
2022,RF,5.896180479461767,7,HUMI,PRIMARY_1_12
2022,HGB,7.572748898248719,7,HUMI,PRIMARY_1_12
2023,GlobalClim,78.0989616116861,7,HUMI,PRIMARY_1_12
2023,DeptClim,78.30168461776402,7,HUMI,PRIMARY_1_12
2023,Persist,79.50983851163714,7,HUMI,PRIMARY_1_12
2023,Ridge,9.774595641142787,7,HUMI,PRIMARY_1_12
2023,RF,11.816530710914057,7,HUMI,PRIMARY_1_12
2023,HGB,9.093316365609862,7,HUMI,PRIMARY_1_12
2024,GlobalClim,76.60946053838141,7,HUMI,PRIMARY_1_12
2024,DeptClim,76.86796585775902,7,HUMI,PRIMARY_1_12
2024,Persist,80.1632641203753,7,HUMI,PRIMARY_1_12
2024,Ridge,9.7996244921813,7,HUMI,PRIMARY_1_12
2024,RF,8.643689678609434,7,HUMI,PRIMARY_1_12
2024,HGB,8.7571413833115,7,HUMI,PRIMARY_1_12
2001,GlobalClim,119.5734251906796,8,HUMI,PRIMARY_1_12
2001,DeptClim,115.89695735588272,8,HUMI,PRIMARY_1_12
2001,Persist,59.960454429741844,8,HUMI,PRIMARY_1_12
2001,Ridge,37.105867083201495,8,HUMI,PRIMARY_1_12
2001,RF,21.613208195469166,8,HUMI,PRIMARY_1_12
2001,HGB,25.633108712446248,8,HUMI,PRIMARY_1_12
2002,GlobalClim,95.95541568337231,8,HUMI,PRIMARY_1_12
2002,DeptClim,95.85392296903879,8,HUMI,PRIMARY_1_12
2002,Persist,56.822092181341425,8,HUMI,PRIMARY_1_12
2002,Ridge,19.92443188483001,8,HUMI,PRIMARY_1_12
2002,RF,18.839599982082465,8,HUMI,PRIMARY_1_12
2002,HGB,16.866856004610035,8,HUMI,PRIMARY_1_12
2003,GlobalClim,75.88461900125765,8,HUMI,PRIMARY_1_12
2003,DeptClim,70.6624166205329,8,HUMI,PRIMARY_1_12
2003,Persist,41.363313686170486,8,HUMI,PRIMARY_1_12
2003,Ridge,15.16467665757737,8,HUMI,PRIMARY_1_12
2003,RF,16.14694197064607,8,HUMI,PRIMARY_1_12
2003,HGB,12.537294803896371,8,HUMI,PRIMARY_1_12
2004,GlobalClim,109.3587543647426,8,HUMI,PRIMARY_1_12
2004,DeptClim,107.32028322248746,8,HUMI,PRIMARY_1_12
2004,Persist,67.8654931623873,8,HUMI,PRIMARY_1_12
2004,Ridge,31.331657949196693,8,HUMI,PRIMARY_1_12
2004,RF,23.251459544590936,8,HUMI,PRIMARY_1_12
2004,HGB,25.175884762063117,8,HUMI,PRIMARY_1_12
2005,GlobalClim,77.90487004675862,8,HUMI,PRIMARY_1_12
2005,DeptClim,78.50568281563946,8,HUMI,PRIMARY_1_12
2005,Persist,76.73617428547946,8,HUMI,PRIMARY_1_12
2005,Ridge,8.438139153891377,8,HUMI,PRIMARY_1_12
2005,RF,11.512111244431267,8,HUMI,PRIMARY_1_12
2005,HGB,9.122571895359393,8,HUMI,PRIMARY_1_12
2006,GlobalClim,71.82729006776025,8,HUMI,PRIMARY_1_12
2006,DeptClim,72.1952806674575,8,HUMI,PRIMARY_1_12
2006,Persist,75.99455652677453,8,HUMI,PRIMARY_1_12
2006,Ridge,9.827778570179865,8,HUMI,PRIMARY_1_12
2006,RF,9.075900150799393,8,HUMI,PRIMARY_1_12
2006,HGB,9.148324200078154,8,HUMI,PRIMARY_1_12
2007,GlobalClim,68.1924312761072,8,HUMI,PRIMARY_1_12
2007,DeptClim,68.66615967563642,8,HUMI,PRIMARY_1_12
2007,Persist,72.29261893402169,8,HUMI,PRIMARY_1_12
2007,Ridge,12.399583568658008,8,HUMI,PRIMARY_1_12
2007,RF,11.06716008027915,8,HUMI,PRIMARY_1_12
2007,HGB,12.09956318883969,8,HUMI,PRIMARY_1_12
2008,GlobalClim,73.84239941667923,8,HUMI,PRIMARY_1_12
2008,DeptClim,73.99767165884971,8,HUMI,PRIMARY_1_12
2008,Persist,77.19174770222546,8,HUMI,PRIMARY_1_12
2008,Ridge,13.766270579838762,8,HUMI,PRIMARY_1_12
2008,RF,12.98604169039201,8,HUMI,PRIMARY_1_12
2008,HGB,12.684040331145708,8,HUMI,PRIMARY_1_12
2009,GlobalClim,76.46173355306418,8,HUMI,PRIMARY_1_12
2009,DeptClim,76.54094315410156,8,HUMI,PRIMARY_1_12
2009,Persist,71.8770848711717,8,HUMI,PRIMARY_1_12
2009,Ridge,14.087412183129462,8,HUMI,PRIMARY_1_12
2009,RF,13.65135152580284,8,HUMI,PRIMARY_1_12
2009,HGB,13.796981746183896,8,HUMI,PRIMARY_1_12
2010,GlobalClim,73.5658171932007,8,HUMI,PRIMARY_1_12
2010,DeptClim,73.6102990132841,8,HUMI,PRIMARY_1_12
2010,Persist,75.7018379305522,8,HUMI,PRIMARY_1_12
2010,Ridge,12.967364830444785,8,HUMI,PRIMARY_1_12
2010,RF,9.476679613522148,8,HUMI,PRIMARY_1_12
2010,HGB,13.333703744072235,8,HUMI,PRIMARY_1_12
2011,GlobalClim,83.01781732347904,8,HUMI,PRIMARY_1_12
2011,DeptClim,83.2284571567719,8,HUMI,PRIMARY_1_12
2011,Persist,76.00132474192084,8,HUMI,PRIMARY_1_12
2011,Ridge,18.338954766427715,8,HUMI,PRIMARY_1_12
2011,RF,16.98168196194453,8,HUMI,PRIMARY_1_12
2011,HGB,17.972620759499602,8,HUMI,PRIMARY_1_12
2012,GlobalClim,84.50888609738014,8,HUMI,PRIMARY_1_12
2012,DeptClim,84.53985357306203,8,HUMI,PRIMARY_1_12
2012,Persist,77.46698791022777,8,HUMI,PRIMARY_1_12
2012,Ridge,18.728497971887897,8,HUMI,PRIMARY_1_12
2012,RF,13.275016070583622,8,HUMI,PRIMARY_1_12
2012,HGB,18.209150949512846,8,HUMI,PRIMARY_1_12
2013,GlobalClim,77.47574752469927,8,HUMI,PRIMARY_1_12
2013,DeptClim,77.95371827143562,8,HUMI,PRIMARY_1_12
2013,Persist,74.80136136103009,8,HUMI,PRIMARY_1_12
2013,Ridge,12.952764856293447,8,HUMI,PRIMARY_1_12
2013,RF,11.575298006938697,8,HUMI,PRIMARY_1_12
2013,HGB,13.943572974541032,8,HUMI,PRIMARY_1_12
2014,GlobalClim,76.16215773582056,8,HUMI,PRIMARY_1_12
2014,DeptClim,76.27826037412405,8,HUMI,PRIMARY_1_12
2014,Persist,73.68054169782336,8,HUMI,PRIMARY_1_12
2014,Ridge,9.53562049926541,8,HUMI,PRIMARY_1_12
2014,RF,6.763520996904126,8,HUMI,PRIMARY_1_12
2014,HGB,7.031363559720459,8,HUMI,PRIMARY_1_12
2015,GlobalClim,75.53310202165244,8,HUMI,PRIMARY_1_12
2015,DeptClim,75.80523507488468,8,HUMI,PRIMARY_1_12
2015,Persist,75.44023832855476,8,HUMI,PRIMARY_1_12
2015,Ridge,8.072992957656322,8,HUMI,PRIMARY_1_12
2015,RF,8.440562638518989,8,HUMI,PRIMARY_1_12
2015,HGB,9.994170571828363,8,HUMI,PRIMARY_1_12
2016,GlobalClim,73.10428308046318,8,HUMI,PRIMARY_1_12
2016,DeptClim,73.15954054190281,8,HUMI,PRIMARY_1_12
2016,Persist,75.68912346486512,8,HUMI,PRIMARY_1_12
2016,Ridge,7.356641226089918,8,HUMI,PRIMARY_1_12
2016,RF,6.374631245983817,8,HUMI,PRIMARY_1_12
2016,HGB,8.3829031341752,8,HUMI,PRIMARY_1_12
2017,GlobalClim,78.26132409756329,8,HUMI,PRIMARY_1_12
2017,DeptClim,79.11889570383887,8,HUMI,PRIMARY_1_12
2017,Persist,75.89355775569032,8,HUMI,PRIMARY_1_12
2017,Ridge,16.814040727559878,8,HUMI,PRIMARY_1_12
2017,RF,17.951806128083525,8,HUMI,PRIMARY_1_12
2017,HGB,15.360239834856879,8,HUMI,PRIMARY_1_12
2018,GlobalClim,75.51386933449389,8,HUMI,PRIMARY_1_12
2018,DeptClim,75.54642307490151,8,HUMI,PRIMARY_1_12
2018,Persist,76.65101573412099,8,HUMI,PRIMARY_1_12
2018,Ridge,5.321315750827828,8,HUMI,PRIMARY_1_12
2018,RF,5.644199414163707,8,HUMI,PRIMARY_1_12
2018,HGB,6.470879384545265,8,HUMI,PRIMARY_1_12
2019,GlobalClim,75.80440085391045,8,HUMI,PRIMARY_1_12
2019,DeptClim,75.7698292091213,8,HUMI,PRIMARY_1_12
2019,Persist,77.94089834804223,8,HUMI,PRIMARY_1_12
2019,Ridge,7.731780248761513,8,HUMI,PRIMARY_1_12
2019,RF,8.33305418646388,8,HUMI,PRIMARY_1_12
2019,HGB,7.955099450840609,8,HUMI,PRIMARY_1_12
2020,GlobalClim,76.18862278569426,8,HUMI,PRIMARY_1_12
2020,DeptClim,76.4713006461768,8,HUMI,PRIMARY_1_12
2020,Persist,78.77036236794588,8,HUMI,PRIMARY_1_12
2020,Ridge,10.403405372675197,8,HUMI,PRIMARY_1_12
2020,RF,11.223202197322209,8,HUMI,PRIMARY_1_12
2020,HGB,9.701354089152664,8,HUMI,PRIMARY_1_12
2021,GlobalClim,74.52913857044409,8,HUMI,PRIMARY_1_12
2021,DeptClim,74.66949811784825,8,HUMI,PRIMARY_1_12
2021,Persist,75.96248831174306,8,HUMI,PRIMARY_1_12
2021,Ridge,8.547522598873579,8,HUMI,PRIMARY_1_12
2021,RF,7.855889175162309,8,HUMI,PRIMARY_1_12
2021,HGB,9.044512418064997,8,HUMI,PRIMARY_1_12
2022,GlobalClim,73.87765395843023,8,HUMI,PRIMARY_1_12
2022,DeptClim,74.19890518982025,8,HUMI,PRIMARY_1_12
2022,Persist,78.20495821683747,8,HUMI,PRIMARY_1_12
2022,Ridge,6.263917955802122,8,HUMI,PRIMARY_1_12
2022,RF,6.46674582864341,8,HUMI,PRIMARY_1_12
2022,HGB,5.655599848820301,8,HUMI,PRIMARY_1_12
2023,GlobalClim,79.87305147071048,8,HUMI,PRIMARY_1_12
2023,DeptClim,80.18578946703744,8,HUMI,PRIMARY_1_12
2023,Persist,80.4032927529992,8,HUMI,PRIMARY_1_12
2023,Ridge,12.902680210373417,8,HUMI,PRIMARY_1_12
2023,RF,11.35331967241347,8,HUMI,PRIMARY_1_12
2023,HGB,10.622068847576841,8,HUMI,PRIMARY_1_12
2024,GlobalClim,74.72880172824037,8,HUMI,PRIMARY_1_12
2024,DeptClim,75.40080080088148,8,HUMI,PRIMARY_1_12
2024,Persist,78.42539674044208,8,HUMI,PRIMARY_1_12
2024,Ridge,10.24353297730219,8,HUMI,PRIMARY_1_12
2024,RF,11.822468247036495,8,HUMI,PRIMARY_1_12
2024,HGB,9.543788716441206,8,HUMI,PRIMARY_1_12
2001,GlobalClim,131.8418502369137,9,HUMI,PRIMARY_1_12
2001,DeptClim,130.57693471572966,9,HUMI,PRIMARY_1_12
2001,Persist,59.09341975136924,9,HUMI,PRIMARY_1_12
2001,Ridge,56.28007536592476,9,HUMI,PRIMARY_1_12
2001,RF,47.607878670930326,9,HUMI,PRIMARY_1_12
2001,HGB,48.964132720855744,9,HUMI,PRIMARY_1_12
2002,GlobalClim,88.25600171131423,9,HUMI,PRIMARY_1_12
2002,DeptClim,80.31067657918148,9,HUMI,PRIMARY_1_12
2002,Persist,55.86178854266058,9,HUMI,PRIMARY_1_12
2002,Ridge,12.19436610671375,9,HUMI,PRIMARY_1_12
2002,RF,9.331236562313201,9,HUMI,PRIMARY_1_12
2002,HGB,9.234895475946656,9,HUMI,PRIMARY_1_12
2003,GlobalClim,97.17966183421672,9,HUMI,PRIMARY_1_12
2003,DeptClim,92.52644909295294,9,HUMI,PRIMARY_1_12
2003,Persist,79.3930292622183,9,HUMI,PRIMARY_1_12
2003,Ridge,20.0517913669171,9,HUMI,PRIMARY_1_12
2003,RF,13.107079277658936,9,HUMI,PRIMARY_1_12
2003,HGB,13.599145169213628,9,HUMI,PRIMARY_1_12
2004,GlobalClim,112.31555827115142,9,HUMI,PRIMARY_1_12
2004,DeptClim,109.56272780183272,9,HUMI,PRIMARY_1_12
2004,Persist,60.03894346518369,9,HUMI,PRIMARY_1_12
2004,Ridge,39.38030410141717,9,HUMI,PRIMARY_1_12
2004,RF,35.16953959782749,9,HUMI,PRIMARY_1_12
2004,HGB,35.51416967189131,9,HUMI,PRIMARY_1_12
2005,GlobalClim,74.82721607193719,9,HUMI,PRIMARY_1_12
2005,DeptClim,74.84059387261148,9,HUMI,PRIMARY_1_12
2005,Persist,73.83271521906158,9,HUMI,PRIMARY_1_12
2005,Ridge,6.90889506658751,9,HUMI,PRIMARY_1_12
2005,RF,9.944505368390212,9,HUMI,PRIMARY_1_12
2005,HGB,9.802248013500117,9,HUMI,PRIMARY_1_12
2006,GlobalClim,68.85305636712663,9,HUMI,PRIMARY_1_12
2006,DeptClim,69.28559324244115,9,HUMI,PRIMARY_1_12
2006,Persist,72.49853981071517,9,HUMI,PRIMARY_1_12
2006,Ridge,8.798776929375864,9,HUMI,PRIMARY_1_12
2006,RF,9.243619314433795,9,HUMI,PRIMARY_1_12
2006,HGB,8.966247545222066,9,HUMI,PRIMARY_1_12
2007,GlobalClim,67.25147382230217,9,HUMI,PRIMARY_1_12
2007,DeptClim,67.71873321192024,9,HUMI,PRIMARY_1_12
2007,Persist,73.71679049703957,9,HUMI,PRIMARY_1_12
2007,Ridge,14.128160415378758,9,HUMI,PRIMARY_1_12
2007,RF,13.110138981586465,9,HUMI,PRIMARY_1_12
2007,HGB,13.768871374408292,9,HUMI,PRIMARY_1_12
2008,GlobalClim,72.35105734402195,9,HUMI,PRIMARY_1_12
2008,DeptClim,72.36921120497995,9,HUMI,PRIMARY_1_12
2008,Persist,73.51506772364533,9,HUMI,PRIMARY_1_12
2008,Ridge,12.900848178952243,9,HUMI,PRIMARY_1_12
2008,RF,12.082613786616482,9,HUMI,PRIMARY_1_12
2008,HGB,12.165340824733558,9,HUMI,PRIMARY_1_12
2009,GlobalClim,77.96981930848088,9,HUMI,PRIMARY_1_12
2009,DeptClim,77.76876571951559,9,HUMI,PRIMARY_1_12
2009,Persist,76.90633823047294,9,HUMI,PRIMARY_1_12
2009,Ridge,14.124701479453314,9,HUMI,PRIMARY_1_12
2009,RF,14.82701782383023,9,HUMI,PRIMARY_1_12
2009,HGB,14.0126629153072,9,HUMI,PRIMARY_1_12
2010,GlobalClim,70.67276540180971,9,HUMI,PRIMARY_1_12
2010,DeptClim,70.62213599937795,9,HUMI,PRIMARY_1_12
2010,Persist,74.22500780357123,9,HUMI,PRIMARY_1_12
2010,Ridge,11.570672967048848,9,HUMI,PRIMARY_1_12
2010,RF,15.31922988030353,9,HUMI,PRIMARY_1_12
2010,HGB,9.838538976302637,9,HUMI,PRIMARY_1_12
2011,GlobalClim,82.13432222397716,9,HUMI,PRIMARY_1_12
2011,DeptClim,82.55646264436821,9,HUMI,PRIMARY_1_12
2011,Persist,75.27672476333838,9,HUMI,PRIMARY_1_12
2011,Ridge,19.777021308526404,9,HUMI,PRIMARY_1_12
2011,RF,17.927140511063346,9,HUMI,PRIMARY_1_12
2011,HGB,19.57198356865054,9,HUMI,PRIMARY_1_12
2012,GlobalClim,83.94976061892781,9,HUMI,PRIMARY_1_12
2012,DeptClim,84.10977352453524,9,HUMI,PRIMARY_1_12
2012,Persist,75.6650136828357,9,HUMI,PRIMARY_1_12
2012,Ridge,19.617689257888955,9,HUMI,PRIMARY_1_12
2012,RF,17.76672498413549,9,HUMI,PRIMARY_1_12
2012,HGB,21.459942689856252,9,HUMI,PRIMARY_1_12
2013,GlobalClim,75.72369785605916,9,HUMI,PRIMARY_1_12
2013,DeptClim,76.26078504146568,9,HUMI,PRIMARY_1_12
2013,Persist,74.31285433391115,9,HUMI,PRIMARY_1_12
2013,Ridge,13.681044953269474,9,HUMI,PRIMARY_1_12
2013,RF,13.269996718953971,9,HUMI,PRIMARY_1_12
2013,HGB,12.643686147524916,9,HUMI,PRIMARY_1_12
2014,GlobalClim,74.5463259626389,9,HUMI,PRIMARY_1_12
2014,DeptClim,74.96375353093613,9,HUMI,PRIMARY_1_12
2014,Persist,74.51755381431381,9,HUMI,PRIMARY_1_12
2014,Ridge,9.636062141621373,9,HUMI,PRIMARY_1_12
2014,RF,7.465607922509622,9,HUMI,PRIMARY_1_12
2014,HGB,9.49765765713484,9,HUMI,PRIMARY_1_12
2015,GlobalClim,76.97321223657403,9,HUMI,PRIMARY_1_12
2015,DeptClim,77.50489908122404,9,HUMI,PRIMARY_1_12
2015,Persist,77.45711806860493,9,HUMI,PRIMARY_1_12
2015,Ridge,8.314492850525419,9,HUMI,PRIMARY_1_12
2015,RF,7.356853794024807,9,HUMI,PRIMARY_1_12
2015,HGB,8.166424822999888,9,HUMI,PRIMARY_1_12
2016,GlobalClim,71.36823491043661,9,HUMI,PRIMARY_1_12
2016,DeptClim,71.9676719569597,9,HUMI,PRIMARY_1_12
2016,Persist,74.42973066272508,9,HUMI,PRIMARY_1_12
2016,Ridge,5.396022788499451,9,HUMI,PRIMARY_1_12
2016,RF,5.45708691704453,9,HUMI,PRIMARY_1_12
2016,HGB,7.810996565308749,9,HUMI,PRIMARY_1_12
2017,GlobalClim,72.2776256071656,9,HUMI,PRIMARY_1_12
2017,DeptClim,72.84345921551746,9,HUMI,PRIMARY_1_12
2017,Persist,73.57402148321052,9,HUMI,PRIMARY_1_12
2017,Ridge,5.884457303259488,9,HUMI,PRIMARY_1_12
2017,RF,6.227726669239237,9,HUMI,PRIMARY_1_12
2017,HGB,7.846423620749735,9,HUMI,PRIMARY_1_12
2018,GlobalClim,73.65545497714686,9,HUMI,PRIMARY_1_12
2018,DeptClim,74.12581143807546,9,HUMI,PRIMARY_1_12
2018,Persist,75.09231301044302,9,HUMI,PRIMARY_1_12
2018,Ridge,4.702749802238045,9,HUMI,PRIMARY_1_12
2018,RF,5.21176845442355,9,HUMI,PRIMARY_1_12
2018,HGB,7.019125183360597,9,HUMI,PRIMARY_1_12
2019,GlobalClim,73.16246317802371,9,HUMI,PRIMARY_1_12
2019,DeptClim,73.68144281419035,9,HUMI,PRIMARY_1_12
2019,Persist,74.85860887933458,9,HUMI,PRIMARY_1_12
2019,Ridge,6.6384259000895876,9,HUMI,PRIMARY_1_12
2019,RF,5.870195204974451,9,HUMI,PRIMARY_1_12
2019,HGB,6.54820515161491,9,HUMI,PRIMARY_1_12
2020,GlobalClim,78.54876523187305,9,HUMI,PRIMARY_1_12
2020,DeptClim,79.17346320231998,9,HUMI,PRIMARY_1_12
2020,Persist,79.85394405261167,9,HUMI,PRIMARY_1_12
2020,Ridge,15.289991087245202,9,HUMI,PRIMARY_1_12
2020,RF,15.736666386782534,9,HUMI,PRIMARY_1_12
2020,HGB,15.383774145804523,9,HUMI,PRIMARY_1_12
2021,GlobalClim,73.51071437289515,9,HUMI,PRIMARY_1_12
2021,DeptClim,74.27752938122654,9,HUMI,PRIMARY_1_12
2021,Persist,76.71416471782324,9,HUMI,PRIMARY_1_12
2021,Ridge,8.264104596732267,9,HUMI,PRIMARY_1_12
2021,RF,7.926108204202286,9,HUMI,PRIMARY_1_12
2021,HGB,7.905556235224958,9,HUMI,PRIMARY_1_12
2022,GlobalClim,72.41200827855002,9,HUMI,PRIMARY_1_12
2022,DeptClim,72.95490463072665,9,HUMI,PRIMARY_1_12
2022,Persist,76.87495732479373,9,HUMI,PRIMARY_1_12
2022,Ridge,6.250702134073462,9,HUMI,PRIMARY_1_12
2022,RF,5.904808808764942,9,HUMI,PRIMARY_1_12
2022,HGB,6.689715368656058,9,HUMI,PRIMARY_1_12
2023,GlobalClim,82.62068829979678,9,HUMI,PRIMARY_1_12
2023,DeptClim,82.95035335256034,9,HUMI,PRIMARY_1_12
2023,Persist,81.439452204333,9,HUMI,PRIMARY_1_12
2023,Ridge,16.119257268404915,9,HUMI,PRIMARY_1_12
2023,RF,16.022658197333907,9,HUMI,PRIMARY_1_12
2023,HGB,16.337399086167675,9,HUMI,PRIMARY_1_12
2024,GlobalClim,76.99928878125102,9,HUMI,PRIMARY_1_12
2024,DeptClim,77.36412790624414,9,HUMI,PRIMARY_1_12
2024,Persist,81.22397313869972,9,HUMI,PRIMARY_1_12
2024,Ridge,13.747786602761911,9,HUMI,PRIMARY_1_12
2024,RF,12.709083074282594,9,HUMI,PRIMARY_1_12
2024,HGB,12.990975937923807,9,HUMI,PRIMARY_1_12
2001,GlobalClim,114.40745910863407,10,HUMI,PRIMARY_1_12
2001,DeptClim,110.47080561368345,10,HUMI,PRIMARY_1_12
2001,Persist,49.54635705506786,10,HUMI,PRIMARY_1_12
2001,Ridge,32.61970217849242,10,HUMI,PRIMARY_1_12
2001,RF,24.94060742810518,10,HUMI,PRIMARY_1_12
2001,HGB,27.632949029155654,10,HUMI,PRIMARY_1_12
2002,GlobalClim,76.64206128373142,10,HUMI,PRIMARY_1_12
2002,DeptClim,71.30798049643481,10,HUMI,PRIMARY_1_12
2002,Persist,34.78640772588291,10,HUMI,PRIMARY_1_12
2002,Ridge,5.017437308595134,10,HUMI,PRIMARY_1_12
2002,RF,7.952240073599902,10,HUMI,PRIMARY_1_12
2002,HGB,6.564230312045284,10,HUMI,PRIMARY_1_12
2003,GlobalClim,96.49154882026355,10,HUMI,PRIMARY_1_12
2003,DeptClim,93.71503572344679,10,HUMI,PRIMARY_1_12
2003,Persist,58.8523914231821,10,HUMI,PRIMARY_1_12
2003,Ridge,18.978996386039913,10,HUMI,PRIMARY_1_12
2003,RF,14.302199325452383,10,HUMI,PRIMARY_1_12
2003,HGB,16.620724022773658,10,HUMI,PRIMARY_1_12
2004,GlobalClim,110.9851596520475,10,HUMI,PRIMARY_1_12
2004,DeptClim,108.96877064322477,10,HUMI,PRIMARY_1_12
2004,Persist,65.8357582053806,10,HUMI,PRIMARY_1_12
2004,Ridge,35.824296111666136,10,HUMI,PRIMARY_1_12
2004,RF,30.454348116833472,10,HUMI,PRIMARY_1_12
2004,HGB,32.02997396203734,10,HUMI,PRIMARY_1_12
2005,GlobalClim,75.46816109301925,10,HUMI,PRIMARY_1_12
2005,DeptClim,75.60416224525464,10,HUMI,PRIMARY_1_12
2005,Persist,72.26779807844817,10,HUMI,PRIMARY_1_12
2005,Ridge,7.778185589538436,10,HUMI,PRIMARY_1_12
2005,RF,9.179110197477256,10,HUMI,PRIMARY_1_12
2005,HGB,7.057521346135257,10,HUMI,PRIMARY_1_12
2006,GlobalClim,70.09519871594776,10,HUMI,PRIMARY_1_12
2006,DeptClim,70.41772626791251,10,HUMI,PRIMARY_1_12
2006,Persist,73.89682207995257,10,HUMI,PRIMARY_1_12
2006,Ridge,10.355358182798748,10,HUMI,PRIMARY_1_12
2006,RF,10.022723615273517,10,HUMI,PRIMARY_1_12
2006,HGB,10.070308423422821,10,HUMI,PRIMARY_1_12
2007,GlobalClim,70.32933696222265,10,HUMI,PRIMARY_1_12
2007,DeptClim,70.63921971114837,10,HUMI,PRIMARY_1_12
2007,Persist,74.64556810119606,10,HUMI,PRIMARY_1_12
2007,Ridge,11.553087180431747,10,HUMI,PRIMARY_1_12
2007,RF,11.3447709762511,10,HUMI,PRIMARY_1_12
2007,HGB,11.14690523708402,10,HUMI,PRIMARY_1_12
2008,GlobalClim,72.50896933933736,10,HUMI,PRIMARY_1_12
2008,DeptClim,72.658646648477,10,HUMI,PRIMARY_1_12
2008,Persist,73.08702069870364,10,HUMI,PRIMARY_1_12
2008,Ridge,11.643393020268451,10,HUMI,PRIMARY_1_12
2008,RF,11.67236170620974,10,HUMI,PRIMARY_1_12
2008,HGB,13.590037559023529,10,HUMI,PRIMARY_1_12
2009,GlobalClim,78.65982925301684,10,HUMI,PRIMARY_1_12
2009,DeptClim,78.68882334541091,10,HUMI,PRIMARY_1_12
2009,Persist,73.82361335486327,10,HUMI,PRIMARY_1_12
2009,Ridge,14.528448052905564,10,HUMI,PRIMARY_1_12
2009,RF,14.526449216032898,10,HUMI,PRIMARY_1_12
2009,HGB,14.054882804443658,10,HUMI,PRIMARY_1_12
2010,GlobalClim,79.4524407849534,10,HUMI,PRIMARY_1_12
2010,DeptClim,79.39521968797555,10,HUMI,PRIMARY_1_12
2010,Persist,80.27122800298793,10,HUMI,PRIMARY_1_12
2010,Ridge,14.016737625971132,10,HUMI,PRIMARY_1_12
2010,RF,14.933270604518299,10,HUMI,PRIMARY_1_12
2010,HGB,12.700923901968403,10,HUMI,PRIMARY_1_12
2011,GlobalClim,81.62169299220636,10,HUMI,PRIMARY_1_12
2011,DeptClim,81.74939229514392,10,HUMI,PRIMARY_1_12
2011,Persist,73.22293302408771,10,HUMI,PRIMARY_1_12
2011,Ridge,14.213204420047354,10,HUMI,PRIMARY_1_12
2011,RF,11.95064317265147,10,HUMI,PRIMARY_1_12
2011,HGB,14.659936167152795,10,HUMI,PRIMARY_1_12
2012,GlobalClim,83.71284923341565,10,HUMI,PRIMARY_1_12
2012,DeptClim,83.81648025619762,10,HUMI,PRIMARY_1_12
2012,Persist,76.85037629351802,10,HUMI,PRIMARY_1_12
2012,Ridge,14.986439769730742,10,HUMI,PRIMARY_1_12
2012,RF,14.002874815690673,10,HUMI,PRIMARY_1_12
2012,HGB,15.987926738828007,10,HUMI,PRIMARY_1_12
2013,GlobalClim,81.17469331269402,10,HUMI,PRIMARY_1_12
2013,DeptClim,81.28999016844453,10,HUMI,PRIMARY_1_12
2013,Persist,78.54233550484359,10,HUMI,PRIMARY_1_12
2013,Ridge,14.305676076200582,10,HUMI,PRIMARY_1_12
2013,RF,15.800661110103071,10,HUMI,PRIMARY_1_12
2013,HGB,16.587189121867265,10,HUMI,PRIMARY_1_12
2014,GlobalClim,76.35939043248085,10,HUMI,PRIMARY_1_12
2014,DeptClim,76.44213487139781,10,HUMI,PRIMARY_1_12
2014,Persist,75.05582070000412,10,HUMI,PRIMARY_1_12
2014,Ridge,9.328057309771728,10,HUMI,PRIMARY_1_12
2014,RF,8.969855895899741,10,HUMI,PRIMARY_1_12
2014,HGB,11.853421009344373,10,HUMI,PRIMARY_1_12
2015,GlobalClim,76.5821765553558,10,HUMI,PRIMARY_1_12
2015,DeptClim,77.0862677246176,10,HUMI,PRIMARY_1_12
2015,Persist,74.26199483507088,10,HUMI,PRIMARY_1_12
2015,Ridge,6.019753779245111,10,HUMI,PRIMARY_1_12
2015,RF,6.186800304998691,10,HUMI,PRIMARY_1_12
2015,HGB,6.908423393106632,10,HUMI,PRIMARY_1_12
2016,GlobalClim,75.73414827609761,10,HUMI,PRIMARY_1_12
2016,DeptClim,76.2786627962401,10,HUMI,PRIMARY_1_12
2016,Persist,78.48046630276875,10,HUMI,PRIMARY_1_12
2016,Ridge,10.578591527464047,10,HUMI,PRIMARY_1_12
2016,RF,10.932530286701791,10,HUMI,PRIMARY_1_12
2016,HGB,9.752499152606495,10,HUMI,PRIMARY_1_12
2017,GlobalClim,73.47032323766899,10,HUMI,PRIMARY_1_12
2017,DeptClim,73.8859246457202,10,HUMI,PRIMARY_1_12
2017,Persist,75.593160296943,10,HUMI,PRIMARY_1_12
2017,Ridge,5.152480728061433,10,HUMI,PRIMARY_1_12
2017,RF,4.934112334238997,10,HUMI,PRIMARY_1_12
2017,HGB,7.155473231040913,10,HUMI,PRIMARY_1_12
2018,GlobalClim,74.37061310817973,10,HUMI,PRIMARY_1_12
2018,DeptClim,74.71730237156973,10,HUMI,PRIMARY_1_12
2018,Persist,75.27092435414033,10,HUMI,PRIMARY_1_12
2018,Ridge,4.983332362963858,10,HUMI,PRIMARY_1_12
2018,RF,3.772199500554928,10,HUMI,PRIMARY_1_12
2018,HGB,4.812708361457836,10,HUMI,PRIMARY_1_12
2019,GlobalClim,73.79224750161752,10,HUMI,PRIMARY_1_12
2019,DeptClim,74.21075943740895,10,HUMI,PRIMARY_1_12
2019,Persist,75.56329093141187,10,HUMI,PRIMARY_1_12
2019,Ridge,6.161385544814449,10,HUMI,PRIMARY_1_12
2019,RF,5.000526336419066,10,HUMI,PRIMARY_1_12
2019,HGB,5.371900957758751,10,HUMI,PRIMARY_1_12
2020,GlobalClim,82.11934490946228,10,HUMI,PRIMARY_1_12
2020,DeptClim,82.508738447085,10,HUMI,PRIMARY_1_12
2020,Persist,78.82503214406562,10,HUMI,PRIMARY_1_12
2020,Ridge,16.479713694441873,10,HUMI,PRIMARY_1_12
2020,RF,16.06535789322787,10,HUMI,PRIMARY_1_12
2020,HGB,16.270199460464767,10,HUMI,PRIMARY_1_12
2021,GlobalClim,74.94449145107971,10,HUMI,PRIMARY_1_12
2021,DeptClim,75.57287178118833,10,HUMI,PRIMARY_1_12
2021,Persist,76.87650290654899,10,HUMI,PRIMARY_1_12
2021,Ridge,7.420401905521111,10,HUMI,PRIMARY_1_12
2021,RF,8.849540642438573,10,HUMI,PRIMARY_1_12
2021,HGB,8.375506940706464,10,HUMI,PRIMARY_1_12
2022,GlobalClim,74.46840618128378,10,HUMI,PRIMARY_1_12
2022,DeptClim,74.92917865178686,10,HUMI,PRIMARY_1_12
2022,Persist,77.50866177938975,10,HUMI,PRIMARY_1_12
2022,Ridge,6.906402318895732,10,HUMI,PRIMARY_1_12
2022,RF,5.6524133948033475,10,HUMI,PRIMARY_1_12
2022,HGB,6.5313814015291145,10,HUMI,PRIMARY_1_12
2023,GlobalClim,82.60783289411135,10,HUMI,PRIMARY_1_12
2023,DeptClim,82.67233946366925,10,HUMI,PRIMARY_1_12
2023,Persist,77.19530890138515,10,HUMI,PRIMARY_1_12
2023,Ridge,16.385103555274956,10,HUMI,PRIMARY_1_12
2023,RF,16.783387470631805,10,HUMI,PRIMARY_1_12
2023,HGB,17.126687766015593,10,HUMI,PRIMARY_1_12
2024,GlobalClim,76.42774715217348,10,HUMI,PRIMARY_1_12
2024,DeptClim,76.67336819953344,10,HUMI,PRIMARY_1_12
2024,Persist,76.61984143779061,10,HUMI,PRIMARY_1_12
2024,Ridge,11.867912354745425,10,HUMI,PRIMARY_1_12
2024,RF,12.265915749541639,10,HUMI,PRIMARY_1_12
2024,HGB,11.516049062774204,10,HUMI,PRIMARY_1_12
2001,GlobalClim,113.9559945722734,11,HUMI,PRIMARY_1_12
2001,DeptClim,111.36611409113762,11,HUMI,PRIMARY_1_12
2001,Persist,63.48942610206811,11,HUMI,PRIMARY_1_12
2001,Ridge,31.74530336255046,11,HUMI,PRIMARY_1_12
2001,RF,21.121094106288346,11,HUMI,PRIMARY_1_12
2001,HGB,25.434628488012557,11,HUMI,PRIMARY_1_12
2002,GlobalClim,74.34002297919763,11,HUMI,PRIMARY_1_12
2002,DeptClim,68.87209689392019,11,HUMI,PRIMARY_1_12
2002,Persist,54.388559231663464,11,HUMI,PRIMARY_1_12
2002,Ridge,10.371780923562957,11,HUMI,PRIMARY_1_12
2002,RF,13.333628844978442,11,HUMI,PRIMARY_1_12
2002,HGB,13.09843868232526,11,HUMI,PRIMARY_1_12
2003,GlobalClim,103.2907464596919,11,HUMI,PRIMARY_1_12
2003,DeptClim,100.53244512500012,11,HUMI,PRIMARY_1_12
2003,Persist,74.22832187667012,11,HUMI,PRIMARY_1_12
2003,Ridge,26.066276109093725,11,HUMI,PRIMARY_1_12
2003,RF,21.044667673274844,11,HUMI,PRIMARY_1_12
2003,HGB,23.664565615460095,11,HUMI,PRIMARY_1_12
2004,GlobalClim,104.22841471382048,11,HUMI,PRIMARY_1_12
2004,DeptClim,102.9742484727249,11,HUMI,PRIMARY_1_12
2004,Persist,72.08223006137536,11,HUMI,PRIMARY_1_12
2004,Ridge,32.1551122389937,11,HUMI,PRIMARY_1_12
2004,RF,27.180021025519295,11,HUMI,PRIMARY_1_12
2004,HGB,28.12583816568525,11,HUMI,PRIMARY_1_12
2005,GlobalClim,76.4487172550818,11,HUMI,PRIMARY_1_12
2005,DeptClim,76.69283418215745,11,HUMI,PRIMARY_1_12
2005,Persist,77.34262772934001,11,HUMI,PRIMARY_1_12
2005,Ridge,7.599317308329828,11,HUMI,PRIMARY_1_12
2005,RF,9.777907513144925,11,HUMI,PRIMARY_1_12
2005,HGB,7.44629641157726,11,HUMI,PRIMARY_1_12
2006,GlobalClim,69.36466137268285,11,HUMI,PRIMARY_1_12
2006,DeptClim,69.88930366826291,11,HUMI,PRIMARY_1_12
2006,Persist,73.8638361711903,11,HUMI,PRIMARY_1_12
2006,Ridge,12.314168237715474,11,HUMI,PRIMARY_1_12
2006,RF,11.67925937311236,11,HUMI,PRIMARY_1_12
2006,HGB,12.02783377377774,11,HUMI,PRIMARY_1_12
2007,GlobalClim,74.79609330460654,11,HUMI,PRIMARY_1_12
2007,DeptClim,75.33375558866625,11,HUMI,PRIMARY_1_12
2007,Persist,78.92640148406271,11,HUMI,PRIMARY_1_12
2007,Ridge,9.649667167685367,11,HUMI,PRIMARY_1_12
2007,RF,9.89415275414944,11,HUMI,PRIMARY_1_12
2007,HGB,9.783074039782806,11,HUMI,PRIMARY_1_12
2008,GlobalClim,72.71060476907229,11,HUMI,PRIMARY_1_12
2008,DeptClim,73.01174125402825,11,HUMI,PRIMARY_1_12
2008,Persist,75.31769720083022,11,HUMI,PRIMARY_1_12
2008,Ridge,13.424229665938242,11,HUMI,PRIMARY_1_12
2008,RF,12.231377648119414,11,HUMI,PRIMARY_1_12
2008,HGB,12.965088418226395,11,HUMI,PRIMARY_1_12
2009,GlobalClim,74.57726374423243,11,HUMI,PRIMARY_1_12
2009,DeptClim,74.78828646432393,11,HUMI,PRIMARY_1_12
2009,Persist,74.93603686439161,11,HUMI,PRIMARY_1_12
2009,Ridge,6.528339895322884,11,HUMI,PRIMARY_1_12
2009,RF,6.2323098846185445,11,HUMI,PRIMARY_1_12
2009,HGB,6.500949999660054,11,HUMI,PRIMARY_1_12
2010,GlobalClim,78.32981914462867,11,HUMI,PRIMARY_1_12
2010,DeptClim,78.31011362157015,11,HUMI,PRIMARY_1_12
2010,Persist,74.89781836113552,11,HUMI,PRIMARY_1_12
2010,Ridge,16.409556266865934,11,HUMI,PRIMARY_1_12
2010,RF,15.838135936052923,11,HUMI,PRIMARY_1_12
2010,HGB,14.070757938319415,11,HUMI,PRIMARY_1_12
2011,GlobalClim,79.86044046249609,11,HUMI,PRIMARY_1_12
2011,DeptClim,79.9042975178856,11,HUMI,PRIMARY_1_12
2011,Persist,75.47416420047679,11,HUMI,PRIMARY_1_12
2011,Ridge,13.870770958987404,11,HUMI,PRIMARY_1_12
2011,RF,10.952895715538753,11,HUMI,PRIMARY_1_12
2011,HGB,13.234954139625135,11,HUMI,PRIMARY_1_12
2012,GlobalClim,85.3662843514446,11,HUMI,PRIMARY_1_12
2012,DeptClim,85.31739550397015,11,HUMI,PRIMARY_1_12
2012,Persist,75.82156983918858,11,HUMI,PRIMARY_1_12
2012,Ridge,16.76369862935575,11,HUMI,PRIMARY_1_12
2012,RF,12.126765152340145,11,HUMI,PRIMARY_1_12
2012,HGB,17.012112828377855,11,HUMI,PRIMARY_1_12
2013,GlobalClim,81.3575337250807,11,HUMI,PRIMARY_1_12
2013,DeptClim,81.5089301372986,11,HUMI,PRIMARY_1_12
2013,Persist,76.93707646937973,11,HUMI,PRIMARY_1_12
2013,Ridge,13.285751568621501,11,HUMI,PRIMARY_1_12
2013,RF,12.68187333422567,11,HUMI,PRIMARY_1_12
2013,HGB,14.991055649420412,11,HUMI,PRIMARY_1_12
2014,GlobalClim,76.8187578466532,11,HUMI,PRIMARY_1_12
2014,DeptClim,76.9610373352175,11,HUMI,PRIMARY_1_12
2014,Persist,76.37247593351128,11,HUMI,PRIMARY_1_12
2014,Ridge,10.003146172854509,11,HUMI,PRIMARY_1_12
2014,RF,11.307138799201887,11,HUMI,PRIMARY_1_12
2014,HGB,11.606214708164915,11,HUMI,PRIMARY_1_12
2015,GlobalClim,76.12810340476547,11,HUMI,PRIMARY_1_12
2015,DeptClim,76.50769753512193,11,HUMI,PRIMARY_1_12
2015,Persist,76.27148839819458,11,HUMI,PRIMARY_1_12
2015,Ridge,7.399424347794884,11,HUMI,PRIMARY_1_12
2015,RF,6.561510655010199,11,HUMI,PRIMARY_1_12
2015,HGB,6.206255495679967,11,HUMI,PRIMARY_1_12
2016,GlobalClim,75.15890374783243,11,HUMI,PRIMARY_1_12
2016,DeptClim,75.54242797935039,11,HUMI,PRIMARY_1_12
2016,Persist,76.71283567684542,11,HUMI,PRIMARY_1_12
2016,Ridge,10.804530774957469,11,HUMI,PRIMARY_1_12
2016,RF,10.720348141993663,11,HUMI,PRIMARY_1_12
2016,HGB,8.137846886758952,11,HUMI,PRIMARY_1_12
2017,GlobalClim,73.67132076966229,11,HUMI,PRIMARY_1_12
2017,DeptClim,74.03392598692713,11,HUMI,PRIMARY_1_12
2017,Persist,77.06862818850891,11,HUMI,PRIMARY_1_12
2017,Ridge,5.094643322292292,11,HUMI,PRIMARY_1_12
2017,RF,7.065685756963539,11,HUMI,PRIMARY_1_12
2017,HGB,6.792883036775957,11,HUMI,PRIMARY_1_12
2018,GlobalClim,76.1443422959687,11,HUMI,PRIMARY_1_12
2018,DeptClim,76.53870627767853,11,HUMI,PRIMARY_1_12
2018,Persist,78.63388613047071,11,HUMI,PRIMARY_1_12
2018,Ridge,5.4667748988018054,11,HUMI,PRIMARY_1_12
2018,RF,6.462921654781441,11,HUMI,PRIMARY_1_12
2018,HGB,6.983319668463916,11,HUMI,PRIMARY_1_12
2019,GlobalClim,74.6719040647133,11,HUMI,PRIMARY_1_12
2019,DeptClim,75.00925907209718,11,HUMI,PRIMARY_1_12
2019,Persist,77.82619886993581,11,HUMI,PRIMARY_1_12
2019,Ridge,6.22568924584207,11,HUMI,PRIMARY_1_12
2019,RF,5.666926987184771,11,HUMI,PRIMARY_1_12
2019,HGB,6.597889434974934,11,HUMI,PRIMARY_1_12
2020,GlobalClim,75.22513120126449,11,HUMI,PRIMARY_1_12
2020,DeptClim,75.59087786331924,11,HUMI,PRIMARY_1_12
2020,Persist,74.11641653302712,11,HUMI,PRIMARY_1_12
2020,Ridge,7.221268928823288,11,HUMI,PRIMARY_1_12
2020,RF,7.652678191519023,11,HUMI,PRIMARY_1_12
2020,HGB,7.551801884875946,11,HUMI,PRIMARY_1_12
2021,GlobalClim,77.33649557465425,11,HUMI,PRIMARY_1_12
2021,DeptClim,77.87191749712099,11,HUMI,PRIMARY_1_12
2021,Persist,79.27204831364368,11,HUMI,PRIMARY_1_12
2021,Ridge,6.314207601295567,11,HUMI,PRIMARY_1_12
2021,RF,5.551551010073822,11,HUMI,PRIMARY_1_12
2021,HGB,6.0195338911255885,11,HUMI,PRIMARY_1_12
2022,GlobalClim,77.72196469693628,11,HUMI,PRIMARY_1_12
2022,DeptClim,78.05774599790384,11,HUMI,PRIMARY_1_12
2022,Persist,80.43751258752012,11,HUMI,PRIMARY_1_12
2022,Ridge,8.600388070953262,11,HUMI,PRIMARY_1_12
2022,RF,7.547124718588485,11,HUMI,PRIMARY_1_12
2022,HGB,8.845796261381588,11,HUMI,PRIMARY_1_12
2023,GlobalClim,84.13203471285061,11,HUMI,PRIMARY_1_12
2023,DeptClim,83.94720682638845,11,HUMI,PRIMARY_1_12
2023,Persist,80.09150419964435,11,HUMI,PRIMARY_1_12
2023,Ridge,18.297479645219642,11,HUMI,PRIMARY_1_12
2023,RF,17.464674748301192,11,HUMI,PRIMARY_1_12
2023,HGB,17.879916883089024,11,HUMI,PRIMARY_1_12
2024,GlobalClim,74.46445033925623,11,HUMI,PRIMARY_1_12
2024,DeptClim,74.66935003592481,11,HUMI,PRIMARY_1_12
2024,Persist,76.71411902196411,11,HUMI,PRIMARY_1_12
2024,Ridge,9.392648780265931,11,HUMI,PRIMARY_1_12
2024,RF,8.07314395252346,11,HUMI,PRIMARY_1_12
2024,HGB,10.056358306524753,11,HUMI,PRIMARY_1_12
2001,GlobalClim,129.15724629731736,12,HUMI,PRIMARY_1_12
2001,DeptClim,131.88813088922487,12,HUMI,PRIMARY_1_12
2001,Persist,67.75253570834964,12,HUMI,PRIMARY_1_12
2001,Ridge,55.566832251238736,12,HUMI,PRIMARY_1_12
2001,RF,50.05991747458547,12,HUMI,PRIMARY_1_12
2001,HGB,50.885061161665476,12,HUMI,PRIMARY_1_12
2002,GlobalClim,74.8882910435505,12,HUMI,PRIMARY_1_12
2002,DeptClim,70.48908170204994,12,HUMI,PRIMARY_1_12
2002,Persist,56.758141349956475,12,HUMI,PRIMARY_1_12
2002,Ridge,6.867500385737284,12,HUMI,PRIMARY_1_12
2002,RF,11.330047261270508,12,HUMI,PRIMARY_1_12
2002,HGB,11.128176951140558,12,HUMI,PRIMARY_1_12
2003,GlobalClim,102.37129091100196,12,HUMI,PRIMARY_1_12
2003,DeptClim,99.45238179864147,12,HUMI,PRIMARY_1_12
2003,Persist,67.02041755235305,12,HUMI,PRIMARY_1_12
2003,Ridge,24.345043895205052,12,HUMI,PRIMARY_1_12
2003,RF,16.362548923628907,12,HUMI,PRIMARY_1_12
2003,HGB,24.19336466778277,12,HUMI,PRIMARY_1_12
2004,GlobalClim,103.19741173833084,12,HUMI,PRIMARY_1_12
2004,DeptClim,101.37257698289172,12,HUMI,PRIMARY_1_12
2004,Persist,74.42896953781911,12,HUMI,PRIMARY_1_12
2004,Ridge,31.032542022056095,12,HUMI,PRIMARY_1_12
2004,RF,26.688242313038714,12,HUMI,PRIMARY_1_12
2004,HGB,27.784375375064037,12,HUMI,PRIMARY_1_12
2005,GlobalClim,71.96799066214908,12,HUMI,PRIMARY_1_12
2005,DeptClim,71.94435376325033,12,HUMI,PRIMARY_1_12
2005,Persist,73.02574801785805,12,HUMI,PRIMARY_1_12
2005,Ridge,9.647262509426964,12,HUMI,PRIMARY_1_12
2005,RF,10.90624269372799,12,HUMI,PRIMARY_1_12
2005,HGB,10.220488118616203,12,HUMI,PRIMARY_1_12
2006,GlobalClim,68.71175626249658,12,HUMI,PRIMARY_1_12
2006,DeptClim,69.10983261449246,12,HUMI,PRIMARY_1_12
2006,Persist,75.54992587123581,12,HUMI,PRIMARY_1_12
2006,Ridge,10.215634225282503,12,HUMI,PRIMARY_1_12
2006,RF,10.440006190705864,12,HUMI,PRIMARY_1_12
2006,HGB,10.975677326405918,12,HUMI,PRIMARY_1_12
2007,GlobalClim,68.94516917478005,12,HUMI,PRIMARY_1_12
2007,DeptClim,69.56250354988025,12,HUMI,PRIMARY_1_12
2007,Persist,73.69315358284332,12,HUMI,PRIMARY_1_12
2007,Ridge,11.223893339698764,12,HUMI,PRIMARY_1_12
2007,RF,11.511527600465818,12,HUMI,PRIMARY_1_12
2007,HGB,10.81079911196048,12,HUMI,PRIMARY_1_12
2008,GlobalClim,73.8851121814011,12,HUMI,PRIMARY_1_12
2008,DeptClim,74.07941300211753,12,HUMI,PRIMARY_1_12
2008,Persist,78.57858953874378,12,HUMI,PRIMARY_1_12
2008,Ridge,10.787752159404837,12,HUMI,PRIMARY_1_12
2008,RF,11.248680370543624,12,HUMI,PRIMARY_1_12
2008,HGB,11.184263617725806,12,HUMI,PRIMARY_1_12
2009,GlobalClim,74.95828328847531,12,HUMI,PRIMARY_1_12
2009,DeptClim,75.20237820309599,12,HUMI,PRIMARY_1_12
2009,Persist,77.73961680301989,12,HUMI,PRIMARY_1_12
2009,Ridge,9.616737108357421,12,HUMI,PRIMARY_1_12
2009,RF,8.289319972385396,12,HUMI,PRIMARY_1_12
2009,HGB,8.379648795108592,12,HUMI,PRIMARY_1_12
2010,GlobalClim,74.20847542561613,12,HUMI,PRIMARY_1_12
2010,DeptClim,74.67721077800329,12,HUMI,PRIMARY_1_12
2010,Persist,74.40408387437739,12,HUMI,PRIMARY_1_12
2010,Ridge,15.284331040628704,12,HUMI,PRIMARY_1_12
2010,RF,14.715067671924139,12,HUMI,PRIMARY_1_12
2010,HGB,15.720962191167448,12,HUMI,PRIMARY_1_12
2011,GlobalClim,78.26623976205725,12,HUMI,PRIMARY_1_12
2011,DeptClim,78.24739381400008,12,HUMI,PRIMARY_1_12
2011,Persist,75.8481996325358,12,HUMI,PRIMARY_1_12
2011,Ridge,16.73131379205948,12,HUMI,PRIMARY_1_12
2011,RF,14.733283819346072,12,HUMI,PRIMARY_1_12
2011,HGB,17.50102164096582,12,HUMI,PRIMARY_1_12
2012,GlobalClim,79.98900663185614,12,HUMI,PRIMARY_1_12
2012,DeptClim,80.39608493702627,12,HUMI,PRIMARY_1_12
2012,Persist,75.15282068658945,12,HUMI,PRIMARY_1_12
2012,Ridge,10.782506106511377,12,HUMI,PRIMARY_1_12
2012,RF,10.301023836121137,12,HUMI,PRIMARY_1_12
2012,HGB,11.347848387819623,12,HUMI,PRIMARY_1_12
2013,GlobalClim,80.1001263827164,12,HUMI,PRIMARY_1_12
2013,DeptClim,80.58833832749636,12,HUMI,PRIMARY_1_12
2013,Persist,76.89076657642411,12,HUMI,PRIMARY_1_12
2013,Ridge,13.455811865307183,12,HUMI,PRIMARY_1_12
2013,RF,14.153459282378275,12,HUMI,PRIMARY_1_12
2013,HGB,14.30784624272567,12,HUMI,PRIMARY_1_12
2014,GlobalClim,76.47389646100596,12,HUMI,PRIMARY_1_12
2014,DeptClim,76.72637532234587,12,HUMI,PRIMARY_1_12
2014,Persist,77.43666223857304,12,HUMI,PRIMARY_1_12
2014,Ridge,9.03640635092576,12,HUMI,PRIMARY_1_12
2014,RF,9.162393558639453,12,HUMI,PRIMARY_1_12
2014,HGB,9.637724608734413,12,HUMI,PRIMARY_1_12
2015,GlobalClim,76.32279383522038,12,HUMI,PRIMARY_1_12
2015,DeptClim,76.55123462502364,12,HUMI,PRIMARY_1_12
2015,Persist,78.73655082178261,12,HUMI,PRIMARY_1_12
2015,Ridge,7.168715042718759,12,HUMI,PRIMARY_1_12
2015,RF,6.8318204260666695,12,HUMI,PRIMARY_1_12
2015,HGB,6.35501429348014,12,HUMI,PRIMARY_1_12
2016,GlobalClim,73.47629462553675,12,HUMI,PRIMARY_1_12
2016,DeptClim,73.67005869353916,12,HUMI,PRIMARY_1_12
2016,Persist,77.13591004256354,12,HUMI,PRIMARY_1_12
2016,Ridge,10.04648670782979,12,HUMI,PRIMARY_1_12
2016,RF,9.141822177433312,12,HUMI,PRIMARY_1_12
2016,HGB,8.852943444493008,12,HUMI,PRIMARY_1_12
2017,GlobalClim,72.99440429799309,12,HUMI,PRIMARY_1_12
2017,DeptClim,73.2393988285483,12,HUMI,PRIMARY_1_12
2017,Persist,77.72667318119547,12,HUMI,PRIMARY_1_12
2017,Ridge,4.292935302731866,12,HUMI,PRIMARY_1_12
2017,RF,4.488355698182071,12,HUMI,PRIMARY_1_12
2017,HGB,6.258263021211317,12,HUMI,PRIMARY_1_12
2018,GlobalClim,75.13971074634445,12,HUMI,PRIMARY_1_12
2018,DeptClim,75.31865805530467,12,HUMI,PRIMARY_1_12
2018,Persist,78.02912429441969,12,HUMI,PRIMARY_1_12
2018,Ridge,5.701111952930901,12,HUMI,PRIMARY_1_12
2018,RF,5.651705066960286,12,HUMI,PRIMARY_1_12
2018,HGB,6.792356465827128,12,HUMI,PRIMARY_1_12
2019,GlobalClim,71.94387934292484,12,HUMI,PRIMARY_1_12
2019,DeptClim,72.08966086217364,12,HUMI,PRIMARY_1_12
2019,Persist,76.24108813368436,12,HUMI,PRIMARY_1_12
2019,Ridge,6.085547309440374,12,HUMI,PRIMARY_1_12
2019,RF,5.085444899184467,12,HUMI,PRIMARY_1_12
2019,HGB,6.11304847463807,12,HUMI,PRIMARY_1_12
2020,GlobalClim,73.48878230094769,12,HUMI,PRIMARY_1_12
2020,DeptClim,73.75640622423242,12,HUMI,PRIMARY_1_12
2020,Persist,77.22145835857815,12,HUMI,PRIMARY_1_12
2020,Ridge,8.80913977078434,12,HUMI,PRIMARY_1_12
2020,RF,8.621544286755547,12,HUMI,PRIMARY_1_12
2020,HGB,9.295241006542854,12,HUMI,PRIMARY_1_12
2021,GlobalClim,72.5111538577859,12,HUMI,PRIMARY_1_12
2021,DeptClim,72.75665684697798,12,HUMI,PRIMARY_1_12
2021,Persist,75.30683497831761,12,HUMI,PRIMARY_1_12
2021,Ridge,5.72301821177829,12,HUMI,PRIMARY_1_12
2021,RF,6.239803297871383,12,HUMI,PRIMARY_1_12
2021,HGB,6.266389860497498,12,HUMI,PRIMARY_1_12
2022,GlobalClim,76.42554835601814,12,HUMI,PRIMARY_1_12
2022,DeptClim,76.63091873693689,12,HUMI,PRIMARY_1_12
2022,Persist,78.2452119918388,12,HUMI,PRIMARY_1_12
2022,Ridge,8.208123578227175,12,HUMI,PRIMARY_1_12
2022,RF,9.597476278867896,12,HUMI,PRIMARY_1_12
2022,HGB,9.136655331218773,12,HUMI,PRIMARY_1_12
2023,GlobalClim,86.32369249367991,12,HUMI,PRIMARY_1_12
2023,DeptClim,86.35608681541123,12,HUMI,PRIMARY_1_12
2023,Persist,83.1358462802898,12,HUMI,PRIMARY_1_12
2023,Ridge,22.259912957858536,12,HUMI,PRIMARY_1_12
2023,RF,21.426411645678478,12,HUMI,PRIMARY_1_12
2023,HGB,20.26952235962757,12,HUMI,PRIMARY_1_12
2024,GlobalClim,71.53641921982423,12,HUMI,PRIMARY_1_12
2024,DeptClim,71.67425637453461,12,HUMI,PRIMARY_1_12
2024,Persist,76.9743328470857,12,HUMI,PRIMARY_1_12
2024,Ridge,10.256683723313024,12,HUMI,PRIMARY_1_12
2024,RF,11.340020247043036,12,HUMI,PRIMARY_1_12
2024,HGB,8.986116833268817,12,HUMI,PRIMARY_1_12
2001,GlobalClim,117.86102849479452,2,HUMI,SECONDARY_13_24
2001,DeptClim,117.72542717415179,2,HUMI,SECONDARY_13_24
2001,Persist,61.28619970252976,2,HUMI,SECONDARY_13_24
2001,Ridge,45.17619656410767,2,HUMI,SECONDARY_13_24
2001,RF,28.389337831650497,2,HUMI,SECONDARY_13_24
2001,HGB,37.3235191692489,2,HUMI,SECONDARY_13_24
2002,GlobalClim,92.04156801833427,2,HUMI,SECONDARY_13_24
2002,DeptClim,88.95627002480269,2,HUMI,SECONDARY_13_24
2002,Persist,74.95603914075282,2,HUMI,SECONDARY_13_24
2002,Ridge,20.334003280742447,2,HUMI,SECONDARY_13_24
2002,RF,13.819882840412195,2,HUMI,SECONDARY_13_24
2002,HGB,13.365348730648606,2,HUMI,SECONDARY_13_24
2003,GlobalClim,94.28827301560766,2,HUMI,SECONDARY_13_24
2003,DeptClim,92.25481146127798,2,HUMI,SECONDARY_13_24
2003,Persist,58.11195933089285,2,HUMI,SECONDARY_13_24
2003,Ridge,21.11188084313804,2,HUMI,SECONDARY_13_24
2003,RF,11.966114564122806,2,HUMI,SECONDARY_13_24
2003,HGB,14.127117912869723,2,HUMI,SECONDARY_13_24
2004,GlobalClim,104.04781852015736,2,HUMI,SECONDARY_13_24
2004,DeptClim,102.49378050353208,2,HUMI,SECONDARY_13_24
2004,Persist,68.92081931296603,2,HUMI,SECONDARY_13_24
2004,Ridge,32.983180435239284,2,HUMI,SECONDARY_13_24
2004,RF,27.866658844596728,2,HUMI,SECONDARY_13_24
2004,HGB,28.661365599728615,2,HUMI,SECONDARY_13_24
2005,GlobalClim,68.80972157774558,2,HUMI,SECONDARY_13_24
2005,DeptClim,68.50323809290067,2,HUMI,SECONDARY_13_24
2005,Persist,64.18664483964413,2,HUMI,SECONDARY_13_24
2005,Ridge,7.548880416494271,2,HUMI,SECONDARY_13_24
2005,RF,12.793975502503534,2,HUMI,SECONDARY_13_24
2005,HGB,9.209641164236457,2,HUMI,SECONDARY_13_24
2006,GlobalClim,67.87127566862651,2,HUMI,SECONDARY_13_24
2006,DeptClim,68.34890051120236,2,HUMI,SECONDARY_13_24
2006,Persist,72.82371741684855,2,HUMI,SECONDARY_13_24
2006,Ridge,9.92476341593962,2,HUMI,SECONDARY_13_24
2006,RF,10.192637498500249,2,HUMI,SECONDARY_13_24
2006,HGB,10.68858942942892,2,HUMI,SECONDARY_13_24
2007,GlobalClim,71.05818631378914,2,HUMI,SECONDARY_13_24
2007,DeptClim,71.2195427776674,2,HUMI,SECONDARY_13_24
2007,Persist,73.23748029627589,2,HUMI,SECONDARY_13_24
2007,Ridge,8.186426959951959,2,HUMI,SECONDARY_13_24
2007,RF,6.818827528842988,2,HUMI,SECONDARY_13_24
2007,HGB,8.042962641014144,2,HUMI,SECONDARY_13_24
2008,GlobalClim,67.40522413879006,2,HUMI,SECONDARY_13_24
2008,DeptClim,67.98768176438661,2,HUMI,SECONDARY_13_24
2008,Persist,69.68070632035705,2,HUMI,SECONDARY_13_24
2008,Ridge,8.159547059353951,2,HUMI,SECONDARY_13_24
2008,RF,8.514714447938514,2,HUMI,SECONDARY_13_24
2008,HGB,8.23021399263537,2,HUMI,SECONDARY_13_24
2009,GlobalClim,69.9236707399619,2,HUMI,SECONDARY_13_24
2009,DeptClim,70.3905991846641,2,HUMI,SECONDARY_13_24
2009,Persist,71.70902941685537,2,HUMI,SECONDARY_13_24
2009,Ridge,7.426946393039627,2,HUMI,SECONDARY_13_24
2009,RF,7.42353381554137,2,HUMI,SECONDARY_13_24
2009,HGB,8.70080459637157,2,HUMI,SECONDARY_13_24
2010,GlobalClim,75.38759366149684,2,HUMI,SECONDARY_13_24
2010,DeptClim,75.2151115442486,2,HUMI,SECONDARY_13_24
2010,Persist,68.77659999696391,2,HUMI,SECONDARY_13_24
2010,Ridge,7.066253009620165,2,HUMI,SECONDARY_13_24
2010,RF,6.815981975735792,2,HUMI,SECONDARY_13_24
2010,HGB,7.3590534435925195,2,HUMI,SECONDARY_13_24
2011,GlobalClim,74.5187653109421,2,HUMI,SECONDARY_13_24
2011,DeptClim,74.81986718061427,2,HUMI,SECONDARY_13_24
2011,Persist,71.60289703096348,2,HUMI,SECONDARY_13_24
2011,Ridge,9.006462645842285,2,HUMI,SECONDARY_13_24
2011,RF,7.910034699861351,2,HUMI,SECONDARY_13_24
2011,HGB,11.610372526124971,2,HUMI,SECONDARY_13_24
2012,GlobalClim,76.01880922519295,2,HUMI,SECONDARY_13_24
2012,DeptClim,75.82424594716996,2,HUMI,SECONDARY_13_24
2012,Persist,70.14412127793383,2,HUMI,SECONDARY_13_24
2012,Ridge,6.60502503223346,2,HUMI,SECONDARY_13_24
2012,RF,6.14221980108415,2,HUMI,SECONDARY_13_24
2012,HGB,10.911069582605219,2,HUMI,SECONDARY_13_24
2013,GlobalClim,75.19053506115014,2,HUMI,SECONDARY_13_24
2013,DeptClim,75.72287202404416,2,HUMI,SECONDARY_13_24
2013,Persist,69.70482647563291,2,HUMI,SECONDARY_13_24
2013,Ridge,5.963504799289056,2,HUMI,SECONDARY_13_24
2013,RF,5.212014651092765,2,HUMI,SECONDARY_13_24
2013,HGB,9.21703666214916,2,HUMI,SECONDARY_13_24
2014,GlobalClim,78.89692531859248,2,HUMI,SECONDARY_13_24
2014,DeptClim,79.38507743229489,2,HUMI,SECONDARY_13_24
2014,Persist,73.15971091562562,2,HUMI,SECONDARY_13_24
2014,Ridge,8.417977176602715,2,HUMI,SECONDARY_13_24
2014,RF,7.973900414663586,2,HUMI,SECONDARY_13_24
2014,HGB,9.418525239470421,2,HUMI,SECONDARY_13_24
2015,GlobalClim,74.45938169714577,2,HUMI,SECONDARY_13_24
2015,DeptClim,74.6676717659933,2,HUMI,SECONDARY_13_24
2015,Persist,71.96232011429298,2,HUMI,SECONDARY_13_24
2015,Ridge,5.652527576270176,2,HUMI,SECONDARY_13_24
2015,RF,6.8414589182356496,2,HUMI,SECONDARY_13_24
2015,HGB,6.718818027187032,2,HUMI,SECONDARY_13_24
2016,GlobalClim,72.88461730732918,2,HUMI,SECONDARY_13_24
2016,DeptClim,73.1988786980424,2,HUMI,SECONDARY_13_24
2016,Persist,73.74293596507768,2,HUMI,SECONDARY_13_24
2016,Ridge,9.405887048521043,2,HUMI,SECONDARY_13_24
2016,RF,9.224510281480926,2,HUMI,SECONDARY_13_24
2016,HGB,10.79786348138124,2,HUMI,SECONDARY_13_24
2017,GlobalClim,70.58691598235795,2,HUMI,SECONDARY_13_24
2017,DeptClim,70.77134438760675,2,HUMI,SECONDARY_13_24
2017,Persist,73.45830082160191,2,HUMI,SECONDARY_13_24
2017,Ridge,5.4525518163942985,2,HUMI,SECONDARY_13_24
2017,RF,5.233897946519115,2,HUMI,SECONDARY_13_24
2017,HGB,4.2101032421390165,2,HUMI,SECONDARY_13_24
2018,GlobalClim,71.14436355380117,2,HUMI,SECONDARY_13_24
2018,DeptClim,71.46272171862343,2,HUMI,SECONDARY_13_24
2018,Persist,75.4196790505962,2,HUMI,SECONDARY_13_24
2018,Ridge,3.7052729198443286,2,HUMI,SECONDARY_13_24
2018,RF,3.2895962055350765,2,HUMI,SECONDARY_13_24
2018,HGB,5.423252709159609,2,HUMI,SECONDARY_13_24
2019,GlobalClim,71.58252043407893,2,HUMI,SECONDARY_13_24
2019,DeptClim,71.84756370598616,2,HUMI,SECONDARY_13_24
2019,Persist,73.88653435288151,2,HUMI,SECONDARY_13_24
2019,Ridge,7.371459925442026,2,HUMI,SECONDARY_13_24
2019,RF,8.688162539498464,2,HUMI,SECONDARY_13_24
2019,HGB,4.572730040145016,2,HUMI,SECONDARY_13_24
2020,GlobalClim,73.4200581240562,2,HUMI,SECONDARY_13_24
2020,DeptClim,73.67979157331978,2,HUMI,SECONDARY_13_24
2020,Persist,76.2850324715166,2,HUMI,SECONDARY_13_24
2020,Ridge,6.3969636428151455,2,HUMI,SECONDARY_13_24
2020,RF,4.4914733783983705,2,HUMI,SECONDARY_13_24
2020,HGB,4.788568882660295,2,HUMI,SECONDARY_13_24
2021,GlobalClim,69.5199045741963,2,HUMI,SECONDARY_13_24
2021,DeptClim,70.04505355081814,2,HUMI,SECONDARY_13_24
2021,Persist,73.72954109432138,2,HUMI,SECONDARY_13_24
2021,Ridge,4.451697736210365,2,HUMI,SECONDARY_13_24
2021,RF,6.308749564459766,2,HUMI,SECONDARY_13_24
2021,HGB,4.994617565183938,2,HUMI,SECONDARY_13_24
2022,GlobalClim,71.9580306315286,2,HUMI,SECONDARY_13_24
2022,DeptClim,72.08989755976339,2,HUMI,SECONDARY_13_24
2022,Persist,76.18256836905118,2,HUMI,SECONDARY_13_24
2022,Ridge,7.3457702771052125,2,HUMI,SECONDARY_13_24
2022,RF,7.3887351526793825,2,HUMI,SECONDARY_13_24
2022,HGB,7.952071081236853,2,HUMI,SECONDARY_13_24
2023,GlobalClim,73.60131578649863,2,HUMI,SECONDARY_13_24
2023,DeptClim,73.96567608562663,2,HUMI,SECONDARY_13_24
2023,Persist,77.45966885487078,2,HUMI,SECONDARY_13_24
2023,Ridge,7.388902383336808,2,HUMI,SECONDARY_13_24
2023,RF,6.293351326281363,2,HUMI,SECONDARY_13_24
2023,HGB,6.658438570554332,2,HUMI,SECONDARY_13_24
2024,GlobalClim,78.02761153100555,2,HUMI,SECONDARY_13_24
2024,DeptClim,78.3218529718551,2,HUMI,SECONDARY_13_24
2024,Persist,74.85638915353698,2,HUMI,SECONDARY_13_24
2024,Ridge,10.641192551631507,2,HUMI,SECONDARY_13_24
2024,RF,10.217381232685566,2,HUMI,SECONDARY_13_24
2024,HGB,13.02991850962593,2,HUMI,SECONDARY_13_24
2025,GlobalClim,72.41685311486698,2,HUMI,SECONDARY_13_24
2025,DeptClim,72.65343904322062,2,HUMI,SECONDARY_13_24
2025,Persist,76.30994237867424,2,HUMI,SECONDARY_13_24
2025,Ridge,8.78296902103824,2,HUMI,SECONDARY_13_24
2025,RF,7.041441566542005,2,HUMI,SECONDARY_13_24
2025,HGB,8.969015205809326,2,HUMI,SECONDARY_13_24
2001,GlobalClim,117.83295968191366,3,HUMI,SECONDARY_13_24
2001,DeptClim,116.74708673745735,3,HUMI,SECONDARY_13_24
2001,Persist,60.424579389704604,3,HUMI,SECONDARY_13_24
2001,Ridge,36.97992116057238,3,HUMI,SECONDARY_13_24
2001,RF,27.77470903749769,3,HUMI,SECONDARY_13_24
2001,HGB,30.714328243701477,3,HUMI,SECONDARY_13_24
2002,GlobalClim,103.71376791206526,3,HUMI,SECONDARY_13_24
2002,DeptClim,102.58327309604643,3,HUMI,SECONDARY_13_24
2002,Persist,68.621259079635,3,HUMI,SECONDARY_13_24
2002,Ridge,28.78555977261148,3,HUMI,SECONDARY_13_24
2002,RF,25.345193440326923,3,HUMI,SECONDARY_13_24
2002,HGB,22.58989257915153,3,HUMI,SECONDARY_13_24
2003,GlobalClim,76.86788349308036,3,HUMI,SECONDARY_13_24
2003,DeptClim,74.51343408984795,3,HUMI,SECONDARY_13_24
2003,Persist,43.33550747714123,3,HUMI,SECONDARY_13_24
2003,Ridge,9.754226302736726,3,HUMI,SECONDARY_13_24
2003,RF,9.49447668452055,3,HUMI,SECONDARY_13_24
2003,HGB,12.253417918933481,3,HUMI,SECONDARY_13_24
2004,GlobalClim,106.68147236573665,3,HUMI,SECONDARY_13_24
2004,DeptClim,106.50985090988704,3,HUMI,SECONDARY_13_24
2004,Persist,66.40677731860465,3,HUMI,SECONDARY_13_24
2004,Ridge,30.272698529744,3,HUMI,SECONDARY_13_24
2004,RF,21.447582478512206,3,HUMI,SECONDARY_13_24
2004,HGB,26.60192985694072,3,HUMI,SECONDARY_13_24
2005,GlobalClim,74.91593068871144,3,HUMI,SECONDARY_13_24
2005,DeptClim,75.1151066850142,3,HUMI,SECONDARY_13_24
2005,Persist,73.37723787401444,3,HUMI,SECONDARY_13_24
2005,Ridge,8.504444933568017,3,HUMI,SECONDARY_13_24
2005,RF,10.281603562014057,3,HUMI,SECONDARY_13_24
2005,HGB,9.408580696879191,3,HUMI,SECONDARY_13_24
2006,GlobalClim,67.29005639243258,3,HUMI,SECONDARY_13_24
2006,DeptClim,68.0627364751548,3,HUMI,SECONDARY_13_24
2006,Persist,69.16322763042177,3,HUMI,SECONDARY_13_24
2006,Ridge,10.20101530427714,3,HUMI,SECONDARY_13_24
2006,RF,10.51936966961329,3,HUMI,SECONDARY_13_24
2006,HGB,10.215060983180866,3,HUMI,SECONDARY_13_24
2007,GlobalClim,67.48376748794729,3,HUMI,SECONDARY_13_24
2007,DeptClim,68.01875457082217,3,HUMI,SECONDARY_13_24
2007,Persist,66.3026048620807,3,HUMI,SECONDARY_13_24
2007,Ridge,9.146016184254572,3,HUMI,SECONDARY_13_24
2007,RF,9.221036418380054,3,HUMI,SECONDARY_13_24
2007,HGB,9.54269380234039,3,HUMI,SECONDARY_13_24
2008,GlobalClim,68.9130837776567,3,HUMI,SECONDARY_13_24
2008,DeptClim,69.3436616361519,3,HUMI,SECONDARY_13_24
2008,Persist,71.13558596375569,3,HUMI,SECONDARY_13_24
2008,Ridge,7.944263365437571,3,HUMI,SECONDARY_13_24
2008,RF,8.449741650732848,3,HUMI,SECONDARY_13_24
2008,HGB,8.754995324620417,3,HUMI,SECONDARY_13_24
2009,GlobalClim,71.99796212821444,3,HUMI,SECONDARY_13_24
2009,DeptClim,72.48133436329589,3,HUMI,SECONDARY_13_24
2009,Persist,72.08380158403288,3,HUMI,SECONDARY_13_24
2009,Ridge,9.2613362308901,3,HUMI,SECONDARY_13_24
2009,RF,9.428901890768534,3,HUMI,SECONDARY_13_24
2009,HGB,9.981902514010228,3,HUMI,SECONDARY_13_24
2010,GlobalClim,75.09243119010524,3,HUMI,SECONDARY_13_24
2010,DeptClim,75.31029706957598,3,HUMI,SECONDARY_13_24
2010,Persist,69.79306072926198,3,HUMI,SECONDARY_13_24
2010,Ridge,9.873454961907994,3,HUMI,SECONDARY_13_24
2010,RF,7.731588505880638,3,HUMI,SECONDARY_13_24
2010,HGB,9.07954605288659,3,HUMI,SECONDARY_13_24
2011,GlobalClim,75.28792525955951,3,HUMI,SECONDARY_13_24
2011,DeptClim,75.67622865227952,3,HUMI,SECONDARY_13_24
2011,Persist,71.72247194411162,3,HUMI,SECONDARY_13_24
2011,Ridge,10.331790013305607,3,HUMI,SECONDARY_13_24
2011,RF,8.059401997889974,3,HUMI,SECONDARY_13_24
2011,HGB,10.489301196328086,3,HUMI,SECONDARY_13_24
2012,GlobalClim,82.68190892347704,3,HUMI,SECONDARY_13_24
2012,DeptClim,82.71002275557849,3,HUMI,SECONDARY_13_24
2012,Persist,78.48555215175764,3,HUMI,SECONDARY_13_24
2012,Ridge,14.537046151796316,3,HUMI,SECONDARY_13_24
2012,RF,15.740801507262567,3,HUMI,SECONDARY_13_24
2012,HGB,14.951289282561664,3,HUMI,SECONDARY_13_24
2013,GlobalClim,77.25393087099664,3,HUMI,SECONDARY_13_24
2013,DeptClim,77.63212941990993,3,HUMI,SECONDARY_13_24
2013,Persist,74.2985962741685,3,HUMI,SECONDARY_13_24
2013,Ridge,5.949215267086361,3,HUMI,SECONDARY_13_24
2013,RF,5.713714183843972,3,HUMI,SECONDARY_13_24
2013,HGB,6.725844460678871,3,HUMI,SECONDARY_13_24
2014,GlobalClim,80.04860454233688,3,HUMI,SECONDARY_13_24
2014,DeptClim,80.39031484333688,3,HUMI,SECONDARY_13_24
2014,Persist,73.09452098459285,3,HUMI,SECONDARY_13_24
2014,Ridge,8.406092417155099,3,HUMI,SECONDARY_13_24
2014,RF,9.960163567639041,3,HUMI,SECONDARY_13_24
2014,HGB,10.844575303756123,3,HUMI,SECONDARY_13_24
2015,GlobalClim,76.26870253217639,3,HUMI,SECONDARY_13_24
2015,DeptClim,76.63588499537751,3,HUMI,SECONDARY_13_24
2015,Persist,73.99321312935781,3,HUMI,SECONDARY_13_24
2015,Ridge,7.3555791940859425,3,HUMI,SECONDARY_13_24
2015,RF,8.08599407843526,3,HUMI,SECONDARY_13_24
2015,HGB,6.965597337520656,3,HUMI,SECONDARY_13_24
2016,GlobalClim,71.23154400580128,3,HUMI,SECONDARY_13_24
2016,DeptClim,71.32170487308046,3,HUMI,SECONDARY_13_24
2016,Persist,71.0533640139454,3,HUMI,SECONDARY_13_24
2016,Ridge,10.161291949613302,3,HUMI,SECONDARY_13_24
2016,RF,11.195136921694509,3,HUMI,SECONDARY_13_24
2016,HGB,10.429349790095252,3,HUMI,SECONDARY_13_24
2017,GlobalClim,72.5819306842535,3,HUMI,SECONDARY_13_24
2017,DeptClim,73.03900892309814,3,HUMI,SECONDARY_13_24
2017,Persist,74.50773215949712,3,HUMI,SECONDARY_13_24
2017,Ridge,15.796126374314294,3,HUMI,SECONDARY_13_24
2017,RF,16.46601467401706,3,HUMI,SECONDARY_13_24
2017,HGB,13.071448949904413,3,HUMI,SECONDARY_13_24
2018,GlobalClim,70.42049604666568,3,HUMI,SECONDARY_13_24
2018,DeptClim,70.60100620652868,3,HUMI,SECONDARY_13_24
2018,Persist,72.12536095747096,3,HUMI,SECONDARY_13_24
2018,Ridge,5.41477323178454,3,HUMI,SECONDARY_13_24
2018,RF,7.370719268007506,3,HUMI,SECONDARY_13_24
2018,HGB,9.614593339669954,3,HUMI,SECONDARY_13_24
2019,GlobalClim,70.3012229535077,3,HUMI,SECONDARY_13_24
2019,DeptClim,70.4596787101136,3,HUMI,SECONDARY_13_24
2019,Persist,71.86594086041664,3,HUMI,SECONDARY_13_24
2019,Ridge,5.497842510387072,3,HUMI,SECONDARY_13_24
2019,RF,5.056907981018264,3,HUMI,SECONDARY_13_24
2019,HGB,6.230881793381132,3,HUMI,SECONDARY_13_24
2020,GlobalClim,76.11524599338304,3,HUMI,SECONDARY_13_24
2020,DeptClim,76.16088779879912,3,HUMI,SECONDARY_13_24
2020,Persist,76.17807566535444,3,HUMI,SECONDARY_13_24
2020,Ridge,9.58383785424034,3,HUMI,SECONDARY_13_24
2020,RF,6.389836933075976,3,HUMI,SECONDARY_13_24
2020,HGB,7.577854033591692,3,HUMI,SECONDARY_13_24
2021,GlobalClim,71.70742906631237,3,HUMI,SECONDARY_13_24
2021,DeptClim,71.93442728222287,3,HUMI,SECONDARY_13_24
2021,Persist,76.22536979273443,3,HUMI,SECONDARY_13_24
2021,Ridge,7.721135091743304,3,HUMI,SECONDARY_13_24
2021,RF,7.488928161782117,3,HUMI,SECONDARY_13_24
2021,HGB,7.210500875821385,3,HUMI,SECONDARY_13_24
2022,GlobalClim,76.26046982225756,3,HUMI,SECONDARY_13_24
2022,DeptClim,76.42917361833119,3,HUMI,SECONDARY_13_24
2022,Persist,78.06172465330832,3,HUMI,SECONDARY_13_24
2022,Ridge,15.43834627685638,3,HUMI,SECONDARY_13_24
2022,RF,14.751935608656824,3,HUMI,SECONDARY_13_24
2022,HGB,15.377485381090406,3,HUMI,SECONDARY_13_24
2023,GlobalClim,72.47465012094618,3,HUMI,SECONDARY_13_24
2023,DeptClim,72.68814341076202,3,HUMI,SECONDARY_13_24
2023,Persist,73.39490879290707,3,HUMI,SECONDARY_13_24
2023,Ridge,4.745423402411742,3,HUMI,SECONDARY_13_24
2023,RF,5.952553214630516,3,HUMI,SECONDARY_13_24
2023,HGB,5.778080572335325,3,HUMI,SECONDARY_13_24
2024,GlobalClim,78.79328157992762,3,HUMI,SECONDARY_13_24
2024,DeptClim,78.4194841629938,3,HUMI,SECONDARY_13_24
2024,Persist,76.87986643566592,3,HUMI,SECONDARY_13_24
2024,Ridge,12.205336835056947,3,HUMI,SECONDARY_13_24
2024,RF,12.237320600525337,3,HUMI,SECONDARY_13_24
2024,HGB,12.092786895665196,3,HUMI,SECONDARY_13_24
2025,GlobalClim,72.70347498038073,3,HUMI,SECONDARY_13_24
2025,DeptClim,72.65250613215778,3,HUMI,SECONDARY_13_24
2025,Persist,75.79217472563789,3,HUMI,SECONDARY_13_24
2025,Ridge,7.216016324004923,3,HUMI,SECONDARY_13_24
2025,RF,5.98230268286813,3,HUMI,SECONDARY_13_24
2025,HGB,8.226364986038057,3,HUMI,SECONDARY_13_24
2001,GlobalClim,119.63241749366011,4,HUMI,SECONDARY_13_24
2001,DeptClim,117.16804491939888,4,HUMI,SECONDARY_13_24
2001,Persist,60.189628454034576,4,HUMI,SECONDARY_13_24
2001,Ridge,38.424372969104084,4,HUMI,SECONDARY_13_24
2001,RF,25.84657627352179,4,HUMI,SECONDARY_13_24
2001,HGB,28.437472602206725,4,HUMI,SECONDARY_13_24
2002,GlobalClim,97.10000916958224,4,HUMI,SECONDARY_13_24
2002,DeptClim,96.05639859812236,4,HUMI,SECONDARY_13_24
2002,Persist,54.23775236492045,4,HUMI,SECONDARY_13_24
2002,Ridge,25.20610696254107,4,HUMI,SECONDARY_13_24
2002,RF,20.658350731403353,4,HUMI,SECONDARY_13_24
2002,HGB,21.30520466360385,4,HUMI,SECONDARY_13_24
2003,GlobalClim,95.30263674369823,4,HUMI,SECONDARY_13_24
2003,DeptClim,91.25827011878728,4,HUMI,SECONDARY_13_24
2003,Persist,77.58993108839358,4,HUMI,SECONDARY_13_24
2003,Ridge,20.500191980765415,4,HUMI,SECONDARY_13_24
2003,RF,17.06757940056275,4,HUMI,SECONDARY_13_24
2003,HGB,18.483628457393806,4,HUMI,SECONDARY_13_24
2004,GlobalClim,109.08082075432822,4,HUMI,SECONDARY_13_24
2004,DeptClim,108.31784144565759,4,HUMI,SECONDARY_13_24
2004,Persist,67.67173475088408,4,HUMI,SECONDARY_13_24
2004,Ridge,31.8814203258783,4,HUMI,SECONDARY_13_24
2004,RF,26.118934302510873,4,HUMI,SECONDARY_13_24
2004,HGB,25.162857193719454,4,HUMI,SECONDARY_13_24
2005,GlobalClim,74.68910598834151,4,HUMI,SECONDARY_13_24
2005,DeptClim,74.39370381912484,4,HUMI,SECONDARY_13_24
2005,Persist,68.7929256375719,4,HUMI,SECONDARY_13_24
2005,Ridge,8.666065314710357,4,HUMI,SECONDARY_13_24
2005,RF,10.850442990378063,4,HUMI,SECONDARY_13_24
2005,HGB,10.226016824699613,4,HUMI,SECONDARY_13_24
2006,GlobalClim,68.38424666267441,4,HUMI,SECONDARY_13_24
2006,DeptClim,69.34041271656571,4,HUMI,SECONDARY_13_24
2006,Persist,70.91209414290326,4,HUMI,SECONDARY_13_24
2006,Ridge,10.200058732526717,4,HUMI,SECONDARY_13_24
2006,RF,10.522656258170908,4,HUMI,SECONDARY_13_24
2006,HGB,10.464825469123264,4,HUMI,SECONDARY_13_24
2007,GlobalClim,69.3029634120973,4,HUMI,SECONDARY_13_24
2007,DeptClim,69.99298216912644,4,HUMI,SECONDARY_13_24
2007,Persist,71.66380955611587,4,HUMI,SECONDARY_13_24
2007,Ridge,9.021595923009919,4,HUMI,SECONDARY_13_24
2007,RF,9.065354459110855,4,HUMI,SECONDARY_13_24
2007,HGB,9.48078831628437,4,HUMI,SECONDARY_13_24
2008,GlobalClim,68.8041146728164,4,HUMI,SECONDARY_13_24
2008,DeptClim,69.32559897902864,4,HUMI,SECONDARY_13_24
2008,Persist,70.86069314596372,4,HUMI,SECONDARY_13_24
2008,Ridge,14.164396778587472,4,HUMI,SECONDARY_13_24
2008,RF,14.851624964501394,4,HUMI,SECONDARY_13_24
2008,HGB,14.976854082794075,4,HUMI,SECONDARY_13_24
2009,GlobalClim,79.0376176765548,4,HUMI,SECONDARY_13_24
2009,DeptClim,79.2495862107903,4,HUMI,SECONDARY_13_24
2009,Persist,76.11081474817564,4,HUMI,SECONDARY_13_24
2009,Ridge,15.214280273205725,4,HUMI,SECONDARY_13_24
2009,RF,17.2393134217443,4,HUMI,SECONDARY_13_24
2009,HGB,16.396856065621837,4,HUMI,SECONDARY_13_24
2010,GlobalClim,76.84311903426442,4,HUMI,SECONDARY_13_24
2010,DeptClim,77.39379543402298,4,HUMI,SECONDARY_13_24
2010,Persist,71.84744399438314,4,HUMI,SECONDARY_13_24
2010,Ridge,11.887596435403516,4,HUMI,SECONDARY_13_24
2010,RF,9.347223920039475,4,HUMI,SECONDARY_13_24
2010,HGB,13.568390822789677,4,HUMI,SECONDARY_13_24
2011,GlobalClim,77.87081773703557,4,HUMI,SECONDARY_13_24
2011,DeptClim,78.31322640452179,4,HUMI,SECONDARY_13_24
2011,Persist,72.56430221943889,4,HUMI,SECONDARY_13_24
2011,Ridge,11.88367220422273,4,HUMI,SECONDARY_13_24
2011,RF,11.186165193777251,4,HUMI,SECONDARY_13_24
2011,HGB,13.116327176676105,4,HUMI,SECONDARY_13_24
2012,GlobalClim,85.81184089567792,4,HUMI,SECONDARY_13_24
2012,DeptClim,85.80304693392924,4,HUMI,SECONDARY_13_24
2012,Persist,73.84944580306221,4,HUMI,SECONDARY_13_24
2012,Ridge,19.997142583534487,4,HUMI,SECONDARY_13_24
2012,RF,20.819280592745702,4,HUMI,SECONDARY_13_24
2012,HGB,21.69976779663318,4,HUMI,SECONDARY_13_24
2013,GlobalClim,80.01368669979676,4,HUMI,SECONDARY_13_24
2013,DeptClim,80.24107102809037,4,HUMI,SECONDARY_13_24
2013,Persist,74.33581335520148,4,HUMI,SECONDARY_13_24
2013,Ridge,11.782807963493479,4,HUMI,SECONDARY_13_24
2013,RF,13.175333905212524,4,HUMI,SECONDARY_13_24
2013,HGB,12.814268914742104,4,HUMI,SECONDARY_13_24
2014,GlobalClim,80.56162230795883,4,HUMI,SECONDARY_13_24
2014,DeptClim,80.62321697768877,4,HUMI,SECONDARY_13_24
2014,Persist,72.26310237466913,4,HUMI,SECONDARY_13_24
2014,Ridge,9.128467770413643,4,HUMI,SECONDARY_13_24
2014,RF,10.587906877290553,4,HUMI,SECONDARY_13_24
2014,HGB,11.636107307173178,4,HUMI,SECONDARY_13_24
2015,GlobalClim,77.57048459349997,4,HUMI,SECONDARY_13_24
2015,DeptClim,78.16316169031201,4,HUMI,SECONDARY_13_24
2015,Persist,73.30672189293992,4,HUMI,SECONDARY_13_24
2015,Ridge,7.942428572849804,4,HUMI,SECONDARY_13_24
2015,RF,8.060699373773124,4,HUMI,SECONDARY_13_24
2015,HGB,10.044258685103395,4,HUMI,SECONDARY_13_24
2016,GlobalClim,73.64110007778298,4,HUMI,SECONDARY_13_24
2016,DeptClim,73.93985343312798,4,HUMI,SECONDARY_13_24
2016,Persist,73.68769872627121,4,HUMI,SECONDARY_13_24
2016,Ridge,13.528599281534623,4,HUMI,SECONDARY_13_24
2016,RF,13.539911553196887,4,HUMI,SECONDARY_13_24
2016,HGB,12.742332199235417,4,HUMI,SECONDARY_13_24
2017,GlobalClim,77.057991600707,4,HUMI,SECONDARY_13_24
2017,DeptClim,77.73060786136473,4,HUMI,SECONDARY_13_24
2017,Persist,76.13461284239364,4,HUMI,SECONDARY_13_24
2017,Ridge,17.611472638574387,4,HUMI,SECONDARY_13_24
2017,RF,19.178977332865667,4,HUMI,SECONDARY_13_24
2017,HGB,17.26368726161822,4,HUMI,SECONDARY_13_24
2018,GlobalClim,71.92827249936019,4,HUMI,SECONDARY_13_24
2018,DeptClim,72.07922562680815,4,HUMI,SECONDARY_13_24
2018,Persist,73.33548367561005,4,HUMI,SECONDARY_13_24
2018,Ridge,8.900100915257577,4,HUMI,SECONDARY_13_24
2018,RF,8.50459442091534,4,HUMI,SECONDARY_13_24
2018,HGB,8.316718719149508,4,HUMI,SECONDARY_13_24
2019,GlobalClim,73.5750464136726,4,HUMI,SECONDARY_13_24
2019,DeptClim,73.73184847164733,4,HUMI,SECONDARY_13_24
2019,Persist,75.50390480842682,4,HUMI,SECONDARY_13_24
2019,Ridge,4.9023608680205015,4,HUMI,SECONDARY_13_24
2019,RF,5.7189157894452505,4,HUMI,SECONDARY_13_24
2019,HGB,5.993244686013465,4,HUMI,SECONDARY_13_24
2020,GlobalClim,75.79204975871768,4,HUMI,SECONDARY_13_24
2020,DeptClim,75.86132318784152,4,HUMI,SECONDARY_13_24
2020,Persist,72.89331007723601,4,HUMI,SECONDARY_13_24
2020,Ridge,8.399906783635917,4,HUMI,SECONDARY_13_24
2020,RF,5.464872880967256,4,HUMI,SECONDARY_13_24
2020,HGB,5.723314927088109,4,HUMI,SECONDARY_13_24
2021,GlobalClim,76.93677593694476,4,HUMI,SECONDARY_13_24
2021,DeptClim,76.98270969901887,4,HUMI,SECONDARY_13_24
2021,Persist,78.19549141456564,4,HUMI,SECONDARY_13_24
2021,Ridge,11.799026084351704,4,HUMI,SECONDARY_13_24
2021,RF,11.171349324096063,4,HUMI,SECONDARY_13_24
2021,HGB,11.471464126252403,4,HUMI,SECONDARY_13_24
2022,GlobalClim,72.8557531300694,4,HUMI,SECONDARY_13_24
2022,DeptClim,73.12848627651638,4,HUMI,SECONDARY_13_24
2022,Persist,73.6823156565939,4,HUMI,SECONDARY_13_24
2022,Ridge,9.110984318789939,4,HUMI,SECONDARY_13_24
2022,RF,9.52522943793212,4,HUMI,SECONDARY_13_24
2022,HGB,6.372748267454975,4,HUMI,SECONDARY_13_24
2023,GlobalClim,75.71740295449652,4,HUMI,SECONDARY_13_24
2023,DeptClim,76.14406554620832,4,HUMI,SECONDARY_13_24
2023,Persist,77.0774280438646,4,HUMI,SECONDARY_13_24
2023,Ridge,8.07305748121129,4,HUMI,SECONDARY_13_24
2023,RF,7.717773090991938,4,HUMI,SECONDARY_13_24
2023,HGB,8.674398993625555,4,HUMI,SECONDARY_13_24
2024,GlobalClim,80.4455659555118,4,HUMI,SECONDARY_13_24
2024,DeptClim,79.99566939531493,4,HUMI,SECONDARY_13_24
2024,Persist,77.33191271406758,4,HUMI,SECONDARY_13_24
2024,Ridge,13.011535668055494,4,HUMI,SECONDARY_13_24
2024,RF,12.57312164029961,4,HUMI,SECONDARY_13_24
2024,HGB,12.676599600550388,4,HUMI,SECONDARY_13_24
2001,GlobalClim,123.60929533025724,5,HUMI,SECONDARY_13_24
2001,DeptClim,121.28819570381306,5,HUMI,SECONDARY_13_24
2001,Persist,63.25825306483102,5,HUMI,SECONDARY_13_24
2001,Ridge,39.85412645188416,5,HUMI,SECONDARY_13_24
2001,RF,24.68144324570841,5,HUMI,SECONDARY_13_24
2001,HGB,30.518774516024056,5,HUMI,SECONDARY_13_24
2002,GlobalClim,94.78291796001955,5,HUMI,SECONDARY_13_24
2002,DeptClim,93.9180055919862,5,HUMI,SECONDARY_13_24
2002,Persist,61.889568827013505,5,HUMI,SECONDARY_13_24
2002,Ridge,18.199907604388315,5,HUMI,SECONDARY_13_24
2002,RF,14.203017651843655,5,HUMI,SECONDARY_13_24
2002,HGB,13.898300969901836,5,HUMI,SECONDARY_13_24
2003,GlobalClim,101.92470959173677,5,HUMI,SECONDARY_13_24
2003,DeptClim,96.0747225952157,5,HUMI,SECONDARY_13_24
2003,Persist,62.16943954591546,5,HUMI,SECONDARY_13_24
2003,Ridge,17.35834272241502,5,HUMI,SECONDARY_13_24
2003,RF,7.5825824978257605,5,HUMI,SECONDARY_13_24
2003,HGB,10.802263586029136,5,HUMI,SECONDARY_13_24
2004,GlobalClim,106.25247586504793,5,HUMI,SECONDARY_13_24
2004,DeptClim,104.27909978125636,5,HUMI,SECONDARY_13_24
2004,Persist,65.40484595420833,5,HUMI,SECONDARY_13_24
2004,Ridge,26.69976465310874,5,HUMI,SECONDARY_13_24
2004,RF,18.22469522742815,5,HUMI,SECONDARY_13_24
2004,HGB,20.1015208051719,5,HUMI,SECONDARY_13_24
2005,GlobalClim,75.57283274729124,5,HUMI,SECONDARY_13_24
2005,DeptClim,76.21866256258217,5,HUMI,SECONDARY_13_24
2005,Persist,72.01764054563442,5,HUMI,SECONDARY_13_24
2005,Ridge,9.543035002459538,5,HUMI,SECONDARY_13_24
2005,RF,12.297623757700563,5,HUMI,SECONDARY_13_24
2005,HGB,10.977500699364043,5,HUMI,SECONDARY_13_24
2006,GlobalClim,70.48057516587541,5,HUMI,SECONDARY_13_24
2006,DeptClim,71.38043514412081,5,HUMI,SECONDARY_13_24
2006,Persist,76.12300394508254,5,HUMI,SECONDARY_13_24
2006,Ridge,10.734632803705589,5,HUMI,SECONDARY_13_24
2006,RF,11.215283537740705,5,HUMI,SECONDARY_13_24
2006,HGB,11.294220110729194,5,HUMI,SECONDARY_13_24
2007,GlobalClim,70.15079128278596,5,HUMI,SECONDARY_13_24
2007,DeptClim,70.39410528712001,5,HUMI,SECONDARY_13_24
2007,Persist,74.56201998989026,5,HUMI,SECONDARY_13_24
2007,Ridge,9.774104392620549,5,HUMI,SECONDARY_13_24
2007,RF,9.132953350783549,5,HUMI,SECONDARY_13_24
2007,HGB,11.378913388102065,5,HUMI,SECONDARY_13_24
2008,GlobalClim,71.0777590525942,5,HUMI,SECONDARY_13_24
2008,DeptClim,71.59727767306609,5,HUMI,SECONDARY_13_24
2008,Persist,74.9069597946333,5,HUMI,SECONDARY_13_24
2008,Ridge,11.615272152495514,5,HUMI,SECONDARY_13_24
2008,RF,10.703821886923066,5,HUMI,SECONDARY_13_24
2008,HGB,10.787215247471666,5,HUMI,SECONDARY_13_24
2009,GlobalClim,79.47488807773907,5,HUMI,SECONDARY_13_24
2009,DeptClim,79.56510419743051,5,HUMI,SECONDARY_13_24
2009,Persist,75.26141048762561,5,HUMI,SECONDARY_13_24
2009,Ridge,15.665628016771613,5,HUMI,SECONDARY_13_24
2009,RF,17.446756695421954,5,HUMI,SECONDARY_13_24
2009,HGB,17.53196677334052,5,HUMI,SECONDARY_13_24
2010,GlobalClim,77.7132294716071,5,HUMI,SECONDARY_13_24
2010,DeptClim,78.19887803572828,5,HUMI,SECONDARY_13_24
2010,Persist,75.65630935095739,5,HUMI,SECONDARY_13_24
2010,Ridge,10.78442775151564,5,HUMI,SECONDARY_13_24
2010,RF,9.788856794132787,5,HUMI,SECONDARY_13_24
2010,HGB,11.087745846688938,5,HUMI,SECONDARY_13_24
2011,GlobalClim,76.61825905446892,5,HUMI,SECONDARY_13_24
2011,DeptClim,77.13846040292914,5,HUMI,SECONDARY_13_24
2011,Persist,73.42324958048196,5,HUMI,SECONDARY_13_24
2011,Ridge,12.56507673384989,5,HUMI,SECONDARY_13_24
2011,RF,10.46223050728934,5,HUMI,SECONDARY_13_24
2011,HGB,13.299303113014163,5,HUMI,SECONDARY_13_24
2012,GlobalClim,86.4222164351632,5,HUMI,SECONDARY_13_24
2012,DeptClim,86.55606440105271,5,HUMI,SECONDARY_13_24
2012,Persist,76.28447918869152,5,HUMI,SECONDARY_13_24
2012,Ridge,17.570984494068014,5,HUMI,SECONDARY_13_24
2012,RF,18.41110146012399,5,HUMI,SECONDARY_13_24
2012,HGB,17.764373057555698,5,HUMI,SECONDARY_13_24
2013,GlobalClim,77.58343010111524,5,HUMI,SECONDARY_13_24
2013,DeptClim,77.84947837554768,5,HUMI,SECONDARY_13_24
2013,Persist,72.82088002018213,5,HUMI,SECONDARY_13_24
2013,Ridge,10.974461301696211,5,HUMI,SECONDARY_13_24
2013,RF,10.805523134457411,5,HUMI,SECONDARY_13_24
2013,HGB,10.862049235594613,5,HUMI,SECONDARY_13_24
2014,GlobalClim,80.52180623938358,5,HUMI,SECONDARY_13_24
2014,DeptClim,80.57053774222835,5,HUMI,SECONDARY_13_24
2014,Persist,75.11452472765595,5,HUMI,SECONDARY_13_24
2014,Ridge,8.101865410661471,5,HUMI,SECONDARY_13_24
2014,RF,7.716457375763768,5,HUMI,SECONDARY_13_24
2014,HGB,10.725823745415735,5,HUMI,SECONDARY_13_24
2015,GlobalClim,79.15774411293354,5,HUMI,SECONDARY_13_24
2015,DeptClim,79.57421251479701,5,HUMI,SECONDARY_13_24
2015,Persist,76.80855792204125,5,HUMI,SECONDARY_13_24
2015,Ridge,8.77983998737525,5,HUMI,SECONDARY_13_24
2015,RF,8.646338929955043,5,HUMI,SECONDARY_13_24
2015,HGB,9.490322700701533,5,HUMI,SECONDARY_13_24
2016,GlobalClim,73.68507775902175,5,HUMI,SECONDARY_13_24
2016,DeptClim,73.98146004286788,5,HUMI,SECONDARY_13_24
2016,Persist,74.3615992463457,5,HUMI,SECONDARY_13_24
2016,Ridge,14.128384883092433,5,HUMI,SECONDARY_13_24
2016,RF,12.03456591831435,5,HUMI,SECONDARY_13_24
2016,HGB,11.874250766461103,5,HUMI,SECONDARY_13_24
2017,GlobalClim,78.1595815547248,5,HUMI,SECONDARY_13_24
2017,DeptClim,79.0205482819357,5,HUMI,SECONDARY_13_24
2017,Persist,76.42811825951935,5,HUMI,SECONDARY_13_24
2017,Ridge,16.838612473463574,5,HUMI,SECONDARY_13_24
2017,RF,18.374014200551265,5,HUMI,SECONDARY_13_24
2017,HGB,17.952159753266024,5,HUMI,SECONDARY_13_24
2018,GlobalClim,72.93001618741073,5,HUMI,SECONDARY_13_24
2018,DeptClim,73.11020956121237,5,HUMI,SECONDARY_13_24
2018,Persist,75.96614117288581,5,HUMI,SECONDARY_13_24
2018,Ridge,6.7399373569316445,5,HUMI,SECONDARY_13_24
2018,RF,7.553356116089467,5,HUMI,SECONDARY_13_24
2018,HGB,9.691977266986573,5,HUMI,SECONDARY_13_24
2019,GlobalClim,74.5098773031516,5,HUMI,SECONDARY_13_24
2019,DeptClim,74.69384915213462,5,HUMI,SECONDARY_13_24
2019,Persist,76.30899375854413,5,HUMI,SECONDARY_13_24
2019,Ridge,7.069326654412856,5,HUMI,SECONDARY_13_24
2019,RF,6.815822929812053,5,HUMI,SECONDARY_13_24
2019,HGB,7.652450645626353,5,HUMI,SECONDARY_13_24
2020,GlobalClim,78.82278535696264,5,HUMI,SECONDARY_13_24
2020,DeptClim,79.0084035270756,5,HUMI,SECONDARY_13_24
2020,Persist,78.4943410440249,5,HUMI,SECONDARY_13_24
2020,Ridge,12.33198167168907,5,HUMI,SECONDARY_13_24
2020,RF,11.798218202796454,5,HUMI,SECONDARY_13_24
2020,HGB,11.896667878741306,5,HUMI,SECONDARY_13_24
2021,GlobalClim,79.35179904996278,5,HUMI,SECONDARY_13_24
2021,DeptClim,79.54594107134555,5,HUMI,SECONDARY_13_24
2021,Persist,78.40330408981634,5,HUMI,SECONDARY_13_24
2021,Ridge,14.984580537579319,5,HUMI,SECONDARY_13_24
2021,RF,14.560744343700637,5,HUMI,SECONDARY_13_24
2021,HGB,15.097587573386036,5,HUMI,SECONDARY_13_24
2022,GlobalClim,73.5941046384625,5,HUMI,SECONDARY_13_24
2022,DeptClim,73.88935909302583,5,HUMI,SECONDARY_13_24
2022,Persist,76.96002927200058,5,HUMI,SECONDARY_13_24
2022,Ridge,7.64599034123779,5,HUMI,SECONDARY_13_24
2022,RF,6.986107099918206,5,HUMI,SECONDARY_13_24
2022,HGB,7.392321083433616,5,HUMI,SECONDARY_13_24
2023,GlobalClim,78.15778740507584,5,HUMI,SECONDARY_13_24
2023,DeptClim,78.76988758225006,5,HUMI,SECONDARY_13_24
2023,Persist,80.0460015617342,5,HUMI,SECONDARY_13_24
2023,Ridge,9.724945815433985,5,HUMI,SECONDARY_13_24
2023,RF,8.954142983882026,5,HUMI,SECONDARY_13_24
2023,HGB,9.981245260596198,5,HUMI,SECONDARY_13_24
2024,GlobalClim,78.23799863180656,5,HUMI,SECONDARY_13_24
2024,DeptClim,77.5121192853056,5,HUMI,SECONDARY_13_24
2024,Persist,76.74238787019408,5,HUMI,SECONDARY_13_24
2024,Ridge,12.888473186522434,5,HUMI,SECONDARY_13_24
2024,RF,11.70386639926748,5,HUMI,SECONDARY_13_24
2024,HGB,14.986774477316334,5,HUMI,SECONDARY_13_24
2001,GlobalClim,118.73707292643974,6,HUMI,SECONDARY_13_24
2001,DeptClim,114.81930023677678,6,HUMI,SECONDARY_13_24
2001,Persist,58.56165470913311,6,HUMI,SECONDARY_13_24
2001,Ridge,33.521678976339906,6,HUMI,SECONDARY_13_24
2001,RF,24.464117234916458,6,HUMI,SECONDARY_13_24
2001,HGB,25.675977107701424,6,HUMI,SECONDARY_13_24
2002,GlobalClim,92.18893492383022,6,HUMI,SECONDARY_13_24
2002,DeptClim,90.742408234718,6,HUMI,SECONDARY_13_24
2002,Persist,63.11512148012387,6,HUMI,SECONDARY_13_24
2002,Ridge,9.842463783786824,6,HUMI,SECONDARY_13_24
2002,RF,15.154986854034961,6,HUMI,SECONDARY_13_24
2002,HGB,5.890580901415433,6,HUMI,SECONDARY_13_24
2003,GlobalClim,105.31875558053545,6,HUMI,SECONDARY_13_24
2003,DeptClim,100.37612027123568,6,HUMI,SECONDARY_13_24
2003,Persist,56.97905440482826,6,HUMI,SECONDARY_13_24
2003,Ridge,22.24085149074978,6,HUMI,SECONDARY_13_24
2003,RF,17.229329223920043,6,HUMI,SECONDARY_13_24
2003,HGB,16.4456782862578,6,HUMI,SECONDARY_13_24
2004,GlobalClim,106.18571348149533,6,HUMI,SECONDARY_13_24
2004,DeptClim,104.86229814516346,6,HUMI,SECONDARY_13_24
2004,Persist,66.09293282684847,6,HUMI,SECONDARY_13_24
2004,Ridge,26.664588150819977,6,HUMI,SECONDARY_13_24
2004,RF,19.677300094786666,6,HUMI,SECONDARY_13_24
2004,HGB,21.078309564273876,6,HUMI,SECONDARY_13_24
2005,GlobalClim,77.07091402272219,6,HUMI,SECONDARY_13_24
2005,DeptClim,77.28304254808893,6,HUMI,SECONDARY_13_24
2005,Persist,76.80596476114555,6,HUMI,SECONDARY_13_24
2005,Ridge,9.214057698062836,6,HUMI,SECONDARY_13_24
2005,RF,12.937879342266887,6,HUMI,SECONDARY_13_24
2005,HGB,9.717268329676152,6,HUMI,SECONDARY_13_24
2006,GlobalClim,70.55472299582955,6,HUMI,SECONDARY_13_24
2006,DeptClim,71.22780056921663,6,HUMI,SECONDARY_13_24
2006,Persist,75.85930405416765,6,HUMI,SECONDARY_13_24
2006,Ridge,11.790136643375837,6,HUMI,SECONDARY_13_24
2006,RF,12.51435424329353,6,HUMI,SECONDARY_13_24
2006,HGB,11.944210934171785,6,HUMI,SECONDARY_13_24
2007,GlobalClim,70.03639337420793,6,HUMI,SECONDARY_13_24
2007,DeptClim,70.35760069119084,6,HUMI,SECONDARY_13_24
2007,Persist,74.33026959419345,6,HUMI,SECONDARY_13_24
2007,Ridge,11.081544597034753,6,HUMI,SECONDARY_13_24
2007,RF,8.813458694310073,6,HUMI,SECONDARY_13_24
2007,HGB,11.433105958860962,6,HUMI,SECONDARY_13_24
2008,GlobalClim,70.32897799178866,6,HUMI,SECONDARY_13_24
2008,DeptClim,70.74570884015654,6,HUMI,SECONDARY_13_24
2008,Persist,74.64115480152381,6,HUMI,SECONDARY_13_24
2008,Ridge,12.568604768299934,6,HUMI,SECONDARY_13_24
2008,RF,11.023419992580752,6,HUMI,SECONDARY_13_24
2008,HGB,11.659942295354492,6,HUMI,SECONDARY_13_24
2009,GlobalClim,78.90490790243564,6,HUMI,SECONDARY_13_24
2009,DeptClim,78.75950833411873,6,HUMI,SECONDARY_13_24
2009,Persist,75.2160061445664,6,HUMI,SECONDARY_13_24
2009,Ridge,17.037827548487016,6,HUMI,SECONDARY_13_24
2009,RF,17.925431210614093,6,HUMI,SECONDARY_13_24
2009,HGB,18.65657937816068,6,HUMI,SECONDARY_13_24
2010,GlobalClim,74.12095934450801,6,HUMI,SECONDARY_13_24
2010,DeptClim,74.41601617018995,6,HUMI,SECONDARY_13_24
2010,Persist,72.79815352904514,6,HUMI,SECONDARY_13_24
2010,Ridge,11.670957541931235,6,HUMI,SECONDARY_13_24
2010,RF,9.872945637505508,6,HUMI,SECONDARY_13_24
2010,HGB,10.711290497944438,6,HUMI,SECONDARY_13_24
2011,GlobalClim,82.14083167545346,6,HUMI,SECONDARY_13_24
2011,DeptClim,82.54068964106564,6,HUMI,SECONDARY_13_24
2011,Persist,81.96307445132905,6,HUMI,SECONDARY_13_24
2011,Ridge,17.036147430141067,6,HUMI,SECONDARY_13_24
2011,RF,15.393586681042402,6,HUMI,SECONDARY_13_24
2011,HGB,17.98223683662144,6,HUMI,SECONDARY_13_24
2012,GlobalClim,84.33612571789367,6,HUMI,SECONDARY_13_24
2012,DeptClim,84.26351639026512,6,HUMI,SECONDARY_13_24
2012,Persist,75.63542924602326,6,HUMI,SECONDARY_13_24
2012,Ridge,14.910175004763055,6,HUMI,SECONDARY_13_24
2012,RF,16.62076861938663,6,HUMI,SECONDARY_13_24
2012,HGB,16.52827545633171,6,HUMI,SECONDARY_13_24
2013,GlobalClim,81.27261139515853,6,HUMI,SECONDARY_13_24
2013,DeptClim,81.64131655644736,6,HUMI,SECONDARY_13_24
2013,Persist,79.22098176298667,6,HUMI,SECONDARY_13_24
2013,Ridge,16.84526982755577,6,HUMI,SECONDARY_13_24
2013,RF,17.870770149300558,6,HUMI,SECONDARY_13_24
2013,HGB,17.69130480119886,6,HUMI,SECONDARY_13_24
2014,GlobalClim,78.15430834716457,6,HUMI,SECONDARY_13_24
2014,DeptClim,78.10746645720863,6,HUMI,SECONDARY_13_24
2014,Persist,74.60847064296765,6,HUMI,SECONDARY_13_24
2014,Ridge,9.80222080761417,6,HUMI,SECONDARY_13_24
2014,RF,9.304549588204063,6,HUMI,SECONDARY_13_24
2014,HGB,11.684052123337827,6,HUMI,SECONDARY_13_24
2015,GlobalClim,77.56317098432298,6,HUMI,SECONDARY_13_24
2015,DeptClim,77.76058743619646,6,HUMI,SECONDARY_13_24
2015,Persist,75.32290812340477,6,HUMI,SECONDARY_13_24
2015,Ridge,7.83555229445259,6,HUMI,SECONDARY_13_24
2015,RF,7.504845015859109,6,HUMI,SECONDARY_13_24
2015,HGB,7.797709778461983,6,HUMI,SECONDARY_13_24
2016,GlobalClim,73.31054347888755,6,HUMI,SECONDARY_13_24
2016,DeptClim,73.66407188855302,6,HUMI,SECONDARY_13_24
2016,Persist,75.77891322696867,6,HUMI,SECONDARY_13_24
2016,Ridge,12.762055881399489,6,HUMI,SECONDARY_13_24
2016,RF,11.976627513990683,6,HUMI,SECONDARY_13_24
2016,HGB,11.97354913595195,6,HUMI,SECONDARY_13_24
2017,GlobalClim,79.21392995671503,6,HUMI,SECONDARY_13_24
2017,DeptClim,80.26810808741351,6,HUMI,SECONDARY_13_24
2017,Persist,78.11138262180437,6,HUMI,SECONDARY_13_24
2017,Ridge,17.505091509359765,6,HUMI,SECONDARY_13_24
2017,RF,18.876636772597255,6,HUMI,SECONDARY_13_24
2017,HGB,17.92922104171242,6,HUMI,SECONDARY_13_24
2018,GlobalClim,74.82217006051404,6,HUMI,SECONDARY_13_24
2018,DeptClim,75.03412617552415,6,HUMI,SECONDARY_13_24
2018,Persist,78.19344442881572,6,HUMI,SECONDARY_13_24
2018,Ridge,7.763354427947077,6,HUMI,SECONDARY_13_24
2018,RF,11.282216783222774,6,HUMI,SECONDARY_13_24
2018,HGB,10.248735936346593,6,HUMI,SECONDARY_13_24
2019,GlobalClim,74.34412259670101,6,HUMI,SECONDARY_13_24
2019,DeptClim,74.5796077046986,6,HUMI,SECONDARY_13_24
2019,Persist,77.08284208937341,6,HUMI,SECONDARY_13_24
2019,Ridge,7.039205541590622,6,HUMI,SECONDARY_13_24
2019,RF,7.208910848797618,6,HUMI,SECONDARY_13_24
2019,HGB,7.259049180587519,6,HUMI,SECONDARY_13_24
2020,GlobalClim,77.23834794314661,6,HUMI,SECONDARY_13_24
2020,DeptClim,77.59909169940092,6,HUMI,SECONDARY_13_24
2020,Persist,76.20013906453568,6,HUMI,SECONDARY_13_24
2020,Ridge,12.02518873314794,6,HUMI,SECONDARY_13_24
2020,RF,12.577382207597466,6,HUMI,SECONDARY_13_24
2020,HGB,12.534575878488733,6,HUMI,SECONDARY_13_24
2021,GlobalClim,76.78053264045411,6,HUMI,SECONDARY_13_24
2021,DeptClim,76.8518202815817,6,HUMI,SECONDARY_13_24
2021,Persist,77.55836042535752,6,HUMI,SECONDARY_13_24
2021,Ridge,11.818348308455795,6,HUMI,SECONDARY_13_24
2021,RF,11.328183363662207,6,HUMI,SECONDARY_13_24
2021,HGB,11.80947101422412,6,HUMI,SECONDARY_13_24
2022,GlobalClim,73.53503327523246,6,HUMI,SECONDARY_13_24
2022,DeptClim,73.95985173680398,6,HUMI,SECONDARY_13_24
2022,Persist,77.85574253575385,6,HUMI,SECONDARY_13_24
2022,Ridge,8.444743943250868,6,HUMI,SECONDARY_13_24
2022,RF,8.296477561944817,6,HUMI,SECONDARY_13_24
2022,HGB,6.523184162370591,6,HUMI,SECONDARY_13_24
2023,GlobalClim,79.31606504467378,6,HUMI,SECONDARY_13_24
2023,DeptClim,79.84757475373571,6,HUMI,SECONDARY_13_24
2023,Persist,80.36792385466059,6,HUMI,SECONDARY_13_24
2023,Ridge,10.881974918655741,6,HUMI,SECONDARY_13_24
2023,RF,9.277481622552273,6,HUMI,SECONDARY_13_24
2023,HGB,9.685916670358731,6,HUMI,SECONDARY_13_24
2024,GlobalClim,78.41723347987678,6,HUMI,SECONDARY_13_24
2024,DeptClim,78.44457838079522,6,HUMI,SECONDARY_13_24
2024,Persist,79.96843149193879,6,HUMI,SECONDARY_13_24
2024,Ridge,11.772441003679715,6,HUMI,SECONDARY_13_24
2024,RF,9.831579939826778,6,HUMI,SECONDARY_13_24
2024,HGB,12.340314265649226,6,HUMI,SECONDARY_13_24
2001,GlobalClim,117.59428458041481,7,HUMI,SECONDARY_13_24
2001,DeptClim,113.6421820858749,7,HUMI,SECONDARY_13_24
2001,Persist,58.02383887336964,7,HUMI,SECONDARY_13_24
2001,Ridge,32.6784685299324,7,HUMI,SECONDARY_13_24
2001,RF,23.731181001414537,7,HUMI,SECONDARY_13_24
2001,HGB,24.09054640251422,7,HUMI,SECONDARY_13_24
2002,GlobalClim,89.76838007383225,7,HUMI,SECONDARY_13_24
2002,DeptClim,89.36043245434914,7,HUMI,SECONDARY_13_24
2002,Persist,61.7239196032943,7,HUMI,SECONDARY_13_24
2002,Ridge,7.570469926023324,7,HUMI,SECONDARY_13_24
2002,RF,13.43301275031963,7,HUMI,SECONDARY_13_24
2002,HGB,4.768025765017248,7,HUMI,SECONDARY_13_24
2003,GlobalClim,106.61354075220704,7,HUMI,SECONDARY_13_24
2003,DeptClim,103.06698780089222,7,HUMI,SECONDARY_13_24
2003,Persist,57.820533536823035,7,HUMI,SECONDARY_13_24
2003,Ridge,23.438746423160918,7,HUMI,SECONDARY_13_24
2003,RF,8.03569654282043,7,HUMI,SECONDARY_13_24
2003,HGB,21.863977084602027,7,HUMI,SECONDARY_13_24
2004,GlobalClim,109.08662539232206,7,HUMI,SECONDARY_13_24
2004,DeptClim,107.51512229805998,7,HUMI,SECONDARY_13_24
2004,Persist,67.77753739003566,7,HUMI,SECONDARY_13_24
2004,Ridge,30.440716411406797,7,HUMI,SECONDARY_13_24
2004,RF,24.200664821020744,7,HUMI,SECONDARY_13_24
2004,HGB,26.38482570761943,7,HUMI,SECONDARY_13_24
2005,GlobalClim,76.97553899132805,7,HUMI,SECONDARY_13_24
2005,DeptClim,77.59306241666228,7,HUMI,SECONDARY_13_24
2005,Persist,76.10420697332559,7,HUMI,SECONDARY_13_24
2005,Ridge,12.043066783065436,7,HUMI,SECONDARY_13_24
2005,RF,12.895775901127235,7,HUMI,SECONDARY_13_24
2005,HGB,10.062354780670772,7,HUMI,SECONDARY_13_24
2006,GlobalClim,70.48393706693439,7,HUMI,SECONDARY_13_24
2006,DeptClim,71.27553262032555,7,HUMI,SECONDARY_13_24
2006,Persist,76.03526201694635,7,HUMI,SECONDARY_13_24
2006,Ridge,8.875593618343519,7,HUMI,SECONDARY_13_24
2006,RF,9.529524735859741,7,HUMI,SECONDARY_13_24
2006,HGB,8.853851659913772,7,HUMI,SECONDARY_13_24
2007,GlobalClim,69.04908313402838,7,HUMI,SECONDARY_13_24
2007,DeptClim,69.57360546961252,7,HUMI,SECONDARY_13_24
2007,Persist,73.79390667111815,7,HUMI,SECONDARY_13_24
2007,Ridge,12.916956871478755,7,HUMI,SECONDARY_13_24
2007,RF,11.443919156707258,7,HUMI,SECONDARY_13_24
2007,HGB,12.427937655504138,7,HUMI,SECONDARY_13_24
2008,GlobalClim,69.86187603195118,7,HUMI,SECONDARY_13_24
2008,DeptClim,70.16700341358285,7,HUMI,SECONDARY_13_24
2008,Persist,74.1302622095504,7,HUMI,SECONDARY_13_24
2008,Ridge,12.33317619369437,7,HUMI,SECONDARY_13_24
2008,RF,10.970377126216796,7,HUMI,SECONDARY_13_24
2008,HGB,12.104207463337591,7,HUMI,SECONDARY_13_24
2009,GlobalClim,81.92392868783425,7,HUMI,SECONDARY_13_24
2009,DeptClim,81.5435444838065,7,HUMI,SECONDARY_13_24
2009,Persist,78.75680552938871,7,HUMI,SECONDARY_13_24
2009,Ridge,18.89479985433644,7,HUMI,SECONDARY_13_24
2009,RF,21.021252999122915,7,HUMI,SECONDARY_13_24
2009,HGB,20.499163758451864,7,HUMI,SECONDARY_13_24
2010,GlobalClim,71.6815072102273,7,HUMI,SECONDARY_13_24
2010,DeptClim,71.82580516602425,7,HUMI,SECONDARY_13_24
2010,Persist,72.76580460919592,7,HUMI,SECONDARY_13_24
2010,Ridge,11.995018184561323,7,HUMI,SECONDARY_13_24
2010,RF,9.679969279901165,7,HUMI,SECONDARY_13_24
2010,HGB,11.612929776272674,7,HUMI,SECONDARY_13_24
2011,GlobalClim,82.25013939031619,7,HUMI,SECONDARY_13_24
2011,DeptClim,82.64720630713958,7,HUMI,SECONDARY_13_24
2011,Persist,76.36452098474426,7,HUMI,SECONDARY_13_24
2011,Ridge,18.63531890797678,7,HUMI,SECONDARY_13_24
2011,RF,17.460915065243146,7,HUMI,SECONDARY_13_24
2011,HGB,19.78806638748765,7,HUMI,SECONDARY_13_24
2012,GlobalClim,83.32447291316177,7,HUMI,SECONDARY_13_24
2012,DeptClim,82.98543845255325,7,HUMI,SECONDARY_13_24
2012,Persist,76.06574634650525,7,HUMI,SECONDARY_13_24
2012,Ridge,14.799030866165023,7,HUMI,SECONDARY_13_24
2012,RF,14.374731515558762,7,HUMI,SECONDARY_13_24
2012,HGB,16.974204162353608,7,HUMI,SECONDARY_13_24
2013,GlobalClim,77.67743826590255,7,HUMI,SECONDARY_13_24
2013,DeptClim,77.77748047215657,7,HUMI,SECONDARY_13_24
2013,Persist,74.48482759134326,7,HUMI,SECONDARY_13_24
2013,Ridge,11.596970455645277,7,HUMI,SECONDARY_13_24
2013,RF,11.13470226003303,7,HUMI,SECONDARY_13_24
2013,HGB,13.06422395907069,7,HUMI,SECONDARY_13_24
2014,GlobalClim,79.77580947684812,7,HUMI,SECONDARY_13_24
2014,DeptClim,79.62748265811062,7,HUMI,SECONDARY_13_24
2014,Persist,78.55724639459586,7,HUMI,SECONDARY_13_24
2014,Ridge,9.443480027599493,7,HUMI,SECONDARY_13_24
2014,RF,9.608051799694895,7,HUMI,SECONDARY_13_24
2014,HGB,9.344728673142884,7,HUMI,SECONDARY_13_24
2015,GlobalClim,74.93777410487262,7,HUMI,SECONDARY_13_24
2015,DeptClim,75.23053428516904,7,HUMI,SECONDARY_13_24
2015,Persist,75.16262533950653,7,HUMI,SECONDARY_13_24
2015,Ridge,8.805130049070941,7,HUMI,SECONDARY_13_24
2015,RF,9.184875292268195,7,HUMI,SECONDARY_13_24
2015,HGB,9.025549303535135,7,HUMI,SECONDARY_13_24
2016,GlobalClim,72.68817613508311,7,HUMI,SECONDARY_13_24
2016,DeptClim,73.08240356797621,7,HUMI,SECONDARY_13_24
2016,Persist,75.83948185309595,7,HUMI,SECONDARY_13_24
2016,Ridge,11.308105937826022,7,HUMI,SECONDARY_13_24
2016,RF,8.97008128624117,7,HUMI,SECONDARY_13_24
2016,HGB,9.266840600942153,7,HUMI,SECONDARY_13_24
2017,GlobalClim,78.95645204825408,7,HUMI,SECONDARY_13_24
2017,DeptClim,80.04512041826062,7,HUMI,SECONDARY_13_24
2017,Persist,77.55790059918928,7,HUMI,SECONDARY_13_24
2017,Ridge,17.794306311152496,7,HUMI,SECONDARY_13_24
2017,RF,18.268964518466156,7,HUMI,SECONDARY_13_24
2017,HGB,16.94449571901926,7,HUMI,SECONDARY_13_24
2018,GlobalClim,74.97692594475869,7,HUMI,SECONDARY_13_24
2018,DeptClim,75.3155953630094,7,HUMI,SECONDARY_13_24
2018,Persist,77.4722847885727,7,HUMI,SECONDARY_13_24
2018,Ridge,6.526965609207108,7,HUMI,SECONDARY_13_24
2018,RF,9.130969482736631,7,HUMI,SECONDARY_13_24
2018,HGB,8.207802975728177,7,HUMI,SECONDARY_13_24
2019,GlobalClim,74.19610716486504,7,HUMI,SECONDARY_13_24
2019,DeptClim,74.61507868048791,7,HUMI,SECONDARY_13_24
2019,Persist,77.3970970291098,7,HUMI,SECONDARY_13_24
2019,Ridge,9.437805694318559,7,HUMI,SECONDARY_13_24
2019,RF,6.984562380842058,7,HUMI,SECONDARY_13_24
2019,HGB,8.198570584235327,7,HUMI,SECONDARY_13_24
2020,GlobalClim,74.08701161761037,7,HUMI,SECONDARY_13_24
2020,DeptClim,74.6916564598254,7,HUMI,SECONDARY_13_24
2020,Persist,75.18289873124961,7,HUMI,SECONDARY_13_24
2020,Ridge,12.007665173749915,7,HUMI,SECONDARY_13_24
2020,RF,11.976027725315255,7,HUMI,SECONDARY_13_24
2020,HGB,12.391838632533416,7,HUMI,SECONDARY_13_24
2021,GlobalClim,76.19600230654295,7,HUMI,SECONDARY_13_24
2021,DeptClim,76.29315914380953,7,HUMI,SECONDARY_13_24
2021,Persist,78.14469318718065,7,HUMI,SECONDARY_13_24
2021,Ridge,9.647556843113865,7,HUMI,SECONDARY_13_24
2021,RF,9.105178557019574,7,HUMI,SECONDARY_13_24
2021,HGB,9.130016691364517,7,HUMI,SECONDARY_13_24
2022,GlobalClim,74.7103391200663,7,HUMI,SECONDARY_13_24
2022,DeptClim,75.23363520771893,7,HUMI,SECONDARY_13_24
2022,Persist,79.31829832441548,7,HUMI,SECONDARY_13_24
2022,Ridge,5.5342549631743445,7,HUMI,SECONDARY_13_24
2022,RF,4.651563032425468,7,HUMI,SECONDARY_13_24
2022,HGB,5.2975129757456365,7,HUMI,SECONDARY_13_24
2023,GlobalClim,78.0989616116861,7,HUMI,SECONDARY_13_24
2023,DeptClim,78.30168461776402,7,HUMI,SECONDARY_13_24
2023,Persist,79.50983851163714,7,HUMI,SECONDARY_13_24
2023,Ridge,9.588540805055084,7,HUMI,SECONDARY_13_24
2023,RF,10.950115109723097,7,HUMI,SECONDARY_13_24
2023,HGB,9.051769992024832,7,HUMI,SECONDARY_13_24
2024,GlobalClim,76.60946053838141,7,HUMI,SECONDARY_13_24
2024,DeptClim,76.86796585775902,7,HUMI,SECONDARY_13_24
2024,Persist,80.1632641203753,7,HUMI,SECONDARY_13_24
2024,Ridge,9.769060909216767,7,HUMI,SECONDARY_13_24
2024,RF,8.057527541508609,7,HUMI,SECONDARY_13_24
2024,HGB,9.76670015655136,7,HUMI,SECONDARY_13_24
2001,GlobalClim,119.5734251906796,8,HUMI,SECONDARY_13_24
2001,DeptClim,115.89695735588272,8,HUMI,SECONDARY_13_24
2001,Persist,59.960454429741844,8,HUMI,SECONDARY_13_24
2001,Ridge,35.478468172169656,8,HUMI,SECONDARY_13_24
2001,RF,22.08020164501153,8,HUMI,SECONDARY_13_24
2001,HGB,28.942291357375613,8,HUMI,SECONDARY_13_24
2002,GlobalClim,95.95541568337231,8,HUMI,SECONDARY_13_24
2002,DeptClim,95.85392296903879,8,HUMI,SECONDARY_13_24
2002,Persist,56.822092181341425,8,HUMI,SECONDARY_13_24
2002,Ridge,20.079004720887575,8,HUMI,SECONDARY_13_24
2002,RF,18.396884779450254,8,HUMI,SECONDARY_13_24
2002,HGB,18.178937898358424,8,HUMI,SECONDARY_13_24
2003,GlobalClim,75.88461900125765,8,HUMI,SECONDARY_13_24
2003,DeptClim,70.6624166205329,8,HUMI,SECONDARY_13_24
2003,Persist,41.363313686170486,8,HUMI,SECONDARY_13_24
2003,Ridge,14.034585708289994,8,HUMI,SECONDARY_13_24
2003,RF,16.48875263485351,8,HUMI,SECONDARY_13_24
2003,HGB,14.212035575169626,8,HUMI,SECONDARY_13_24
2004,GlobalClim,109.3587543647426,8,HUMI,SECONDARY_13_24
2004,DeptClim,107.32028322248746,8,HUMI,SECONDARY_13_24
2004,Persist,67.8654931623873,8,HUMI,SECONDARY_13_24
2004,Ridge,31.12225207284863,8,HUMI,SECONDARY_13_24
2004,RF,24.32440375556323,8,HUMI,SECONDARY_13_24
2004,HGB,25.281633993603297,8,HUMI,SECONDARY_13_24
2005,GlobalClim,77.90487004675862,8,HUMI,SECONDARY_13_24
2005,DeptClim,78.50568281563946,8,HUMI,SECONDARY_13_24
2005,Persist,76.73617428547946,8,HUMI,SECONDARY_13_24
2005,Ridge,7.674780079314341,8,HUMI,SECONDARY_13_24
2005,RF,11.284066362740166,8,HUMI,SECONDARY_13_24
2005,HGB,7.9502939741836895,8,HUMI,SECONDARY_13_24
2006,GlobalClim,71.82729006776025,8,HUMI,SECONDARY_13_24
2006,DeptClim,72.1952806674575,8,HUMI,SECONDARY_13_24
2006,Persist,75.99455652677453,8,HUMI,SECONDARY_13_24
2006,Ridge,9.57583577839378,8,HUMI,SECONDARY_13_24
2006,RF,10.219578640544704,8,HUMI,SECONDARY_13_24
2006,HGB,10.150195786011933,8,HUMI,SECONDARY_13_24
2007,GlobalClim,68.1924312761072,8,HUMI,SECONDARY_13_24
2007,DeptClim,68.66615967563642,8,HUMI,SECONDARY_13_24
2007,Persist,72.29261893402169,8,HUMI,SECONDARY_13_24
2007,Ridge,12.058592543920936,8,HUMI,SECONDARY_13_24
2007,RF,12.178906842685718,8,HUMI,SECONDARY_13_24
2007,HGB,12.095514608575359,8,HUMI,SECONDARY_13_24
2008,GlobalClim,73.84239941667923,8,HUMI,SECONDARY_13_24
2008,DeptClim,73.99767165884971,8,HUMI,SECONDARY_13_24
2008,Persist,77.19174770222546,8,HUMI,SECONDARY_13_24
2008,Ridge,12.916450278610585,8,HUMI,SECONDARY_13_24
2008,RF,13.334873821567967,8,HUMI,SECONDARY_13_24
2008,HGB,13.312632934179819,8,HUMI,SECONDARY_13_24
2009,GlobalClim,76.46173355306418,8,HUMI,SECONDARY_13_24
2009,DeptClim,76.54094315410156,8,HUMI,SECONDARY_13_24
2009,Persist,71.8770848711717,8,HUMI,SECONDARY_13_24
2009,Ridge,14.200090293748845,8,HUMI,SECONDARY_13_24
2009,RF,14.77698763407707,8,HUMI,SECONDARY_13_24
2009,HGB,14.812695791388153,8,HUMI,SECONDARY_13_24
2010,GlobalClim,73.5658171932007,8,HUMI,SECONDARY_13_24
2010,DeptClim,73.6102990132841,8,HUMI,SECONDARY_13_24
2010,Persist,75.7018379305522,8,HUMI,SECONDARY_13_24
2010,Ridge,12.010493513579695,8,HUMI,SECONDARY_13_24
2010,RF,10.236775116061315,8,HUMI,SECONDARY_13_24
2010,HGB,12.105237444536458,8,HUMI,SECONDARY_13_24
2011,GlobalClim,83.01781732347904,8,HUMI,SECONDARY_13_24
2011,DeptClim,83.2284571567719,8,HUMI,SECONDARY_13_24
2011,Persist,76.00132474192084,8,HUMI,SECONDARY_13_24
2011,Ridge,18.222870349955066,8,HUMI,SECONDARY_13_24
2011,RF,17.248334199319334,8,HUMI,SECONDARY_13_24
2011,HGB,18.35731421577381,8,HUMI,SECONDARY_13_24
2012,GlobalClim,84.50888609738014,8,HUMI,SECONDARY_13_24
2012,DeptClim,84.53985357306203,8,HUMI,SECONDARY_13_24
2012,Persist,77.46698791022777,8,HUMI,SECONDARY_13_24
2012,Ridge,18.366869867028814,8,HUMI,SECONDARY_13_24
2012,RF,18.011114895338,8,HUMI,SECONDARY_13_24
2012,HGB,17.413296555687037,8,HUMI,SECONDARY_13_24
2013,GlobalClim,77.47574752469927,8,HUMI,SECONDARY_13_24
2013,DeptClim,77.95371827143562,8,HUMI,SECONDARY_13_24
2013,Persist,74.80136136103009,8,HUMI,SECONDARY_13_24
2013,Ridge,13.122461339213231,8,HUMI,SECONDARY_13_24
2013,RF,13.04928710640418,8,HUMI,SECONDARY_13_24
2013,HGB,12.18104822907732,8,HUMI,SECONDARY_13_24
2014,GlobalClim,76.16215773582056,8,HUMI,SECONDARY_13_24
2014,DeptClim,76.27826037412405,8,HUMI,SECONDARY_13_24
2014,Persist,73.68054169782336,8,HUMI,SECONDARY_13_24
2014,Ridge,9.461246403441525,8,HUMI,SECONDARY_13_24
2014,RF,7.390613541954211,8,HUMI,SECONDARY_13_24
2014,HGB,7.149756335131715,8,HUMI,SECONDARY_13_24
2015,GlobalClim,75.53310202165244,8,HUMI,SECONDARY_13_24
2015,DeptClim,75.80523507488468,8,HUMI,SECONDARY_13_24
2015,Persist,75.44023832855476,8,HUMI,SECONDARY_13_24
2015,Ridge,9.069768557711265,8,HUMI,SECONDARY_13_24
2015,RF,8.75440036322619,8,HUMI,SECONDARY_13_24
2015,HGB,10.231268124928675,8,HUMI,SECONDARY_13_24
2016,GlobalClim,73.10428308046318,8,HUMI,SECONDARY_13_24
2016,DeptClim,73.15954054190281,8,HUMI,SECONDARY_13_24
2016,Persist,75.68912346486512,8,HUMI,SECONDARY_13_24
2016,Ridge,9.803457258000114,8,HUMI,SECONDARY_13_24
2016,RF,11.460631490744461,8,HUMI,SECONDARY_13_24
2016,HGB,10.155960460895852,8,HUMI,SECONDARY_13_24
2017,GlobalClim,78.26132409756329,8,HUMI,SECONDARY_13_24
2017,DeptClim,79.11889570383887,8,HUMI,SECONDARY_13_24
2017,Persist,75.89355775569032,8,HUMI,SECONDARY_13_24
2017,Ridge,17.15696575171887,8,HUMI,SECONDARY_13_24
2017,RF,19.886319378354965,8,HUMI,SECONDARY_13_24
2017,HGB,13.914990126086348,8,HUMI,SECONDARY_13_24
2018,GlobalClim,75.51386933449389,8,HUMI,SECONDARY_13_24
2018,DeptClim,75.54642307490151,8,HUMI,SECONDARY_13_24
2018,Persist,76.65101573412099,8,HUMI,SECONDARY_13_24
2018,Ridge,5.463100225366952,8,HUMI,SECONDARY_13_24
2018,RF,6.570462994060464,8,HUMI,SECONDARY_13_24
2018,HGB,5.89490759509197,8,HUMI,SECONDARY_13_24
2019,GlobalClim,75.80440085391045,8,HUMI,SECONDARY_13_24
2019,DeptClim,75.7698292091213,8,HUMI,SECONDARY_13_24
2019,Persist,77.94089834804223,8,HUMI,SECONDARY_13_24
2019,Ridge,8.124496995858491,8,HUMI,SECONDARY_13_24
2019,RF,7.70962199520552,8,HUMI,SECONDARY_13_24
2019,HGB,9.04694986699801,8,HUMI,SECONDARY_13_24
2020,GlobalClim,76.18862278569426,8,HUMI,SECONDARY_13_24
2020,DeptClim,76.4713006461768,8,HUMI,SECONDARY_13_24
2020,Persist,78.77036236794588,8,HUMI,SECONDARY_13_24
2020,Ridge,10.98374991597499,8,HUMI,SECONDARY_13_24
2020,RF,11.334798864826961,8,HUMI,SECONDARY_13_24
2020,HGB,12.844586854682726,8,HUMI,SECONDARY_13_24
2021,GlobalClim,74.52913857044409,8,HUMI,SECONDARY_13_24
2021,DeptClim,74.66949811784825,8,HUMI,SECONDARY_13_24
2021,Persist,75.96248831174306,8,HUMI,SECONDARY_13_24
2021,Ridge,8.700683123496995,8,HUMI,SECONDARY_13_24
2021,RF,7.981863932216402,8,HUMI,SECONDARY_13_24
2021,HGB,8.877394801444142,8,HUMI,SECONDARY_13_24
2022,GlobalClim,73.87765395843023,8,HUMI,SECONDARY_13_24
2022,DeptClim,74.19890518982025,8,HUMI,SECONDARY_13_24
2022,Persist,78.20495821683747,8,HUMI,SECONDARY_13_24
2022,Ridge,5.422764188995145,8,HUMI,SECONDARY_13_24
2022,RF,5.102060831633202,8,HUMI,SECONDARY_13_24
2022,HGB,4.9232582801736875,8,HUMI,SECONDARY_13_24
2023,GlobalClim,79.87305147071048,8,HUMI,SECONDARY_13_24
2023,DeptClim,80.18578946703744,8,HUMI,SECONDARY_13_24
2023,Persist,80.4032927529992,8,HUMI,SECONDARY_13_24
2023,Ridge,12.516745202371759,8,HUMI,SECONDARY_13_24
2023,RF,11.817930366497249,8,HUMI,SECONDARY_13_24
2023,HGB,11.898665830029023,8,HUMI,SECONDARY_13_24
2024,GlobalClim,74.72880172824037,8,HUMI,SECONDARY_13_24
2024,DeptClim,75.40080080088148,8,HUMI,SECONDARY_13_24
2024,Persist,78.42539674044208,8,HUMI,SECONDARY_13_24
2024,Ridge,9.643698595272237,8,HUMI,SECONDARY_13_24
2024,RF,7.162689509186349,8,HUMI,SECONDARY_13_24
2024,HGB,8.987573986076107,8,HUMI,SECONDARY_13_24
2001,GlobalClim,131.8418502369137,9,HUMI,SECONDARY_13_24
2001,DeptClim,130.57693471572966,9,HUMI,SECONDARY_13_24
2001,Persist,59.09341975136924,9,HUMI,SECONDARY_13_24
2001,Ridge,55.73621699131901,9,HUMI,SECONDARY_13_24
2001,RF,47.01304544925516,9,HUMI,SECONDARY_13_24
2001,HGB,50.66859694829061,9,HUMI,SECONDARY_13_24
2002,GlobalClim,88.25600171131423,9,HUMI,SECONDARY_13_24
2002,DeptClim,80.31067657918148,9,HUMI,SECONDARY_13_24
2002,Persist,55.86178854266058,9,HUMI,SECONDARY_13_24
2002,Ridge,11.478705733224432,9,HUMI,SECONDARY_13_24
2002,RF,9.086263702229973,9,HUMI,SECONDARY_13_24
2002,HGB,5.4105551746754115,9,HUMI,SECONDARY_13_24
2003,GlobalClim,97.17966183421672,9,HUMI,SECONDARY_13_24
2003,DeptClim,92.52644909295294,9,HUMI,SECONDARY_13_24
2003,Persist,79.3930292622183,9,HUMI,SECONDARY_13_24
2003,Ridge,19.505945509136538,9,HUMI,SECONDARY_13_24
2003,RF,13.312042105102947,9,HUMI,SECONDARY_13_24
2003,HGB,11.966175888630536,9,HUMI,SECONDARY_13_24
2004,GlobalClim,112.31555827115142,9,HUMI,SECONDARY_13_24
2004,DeptClim,109.56272780183272,9,HUMI,SECONDARY_13_24
2004,Persist,60.03894346518369,9,HUMI,SECONDARY_13_24
2004,Ridge,39.155930547091195,9,HUMI,SECONDARY_13_24
2004,RF,34.842661994603674,9,HUMI,SECONDARY_13_24
2004,HGB,34.79184882550544,9,HUMI,SECONDARY_13_24
2005,GlobalClim,74.82721607193719,9,HUMI,SECONDARY_13_24
2005,DeptClim,74.84059387261148,9,HUMI,SECONDARY_13_24
2005,Persist,73.83271521906158,9,HUMI,SECONDARY_13_24
2005,Ridge,6.879522096839321,9,HUMI,SECONDARY_13_24
2005,RF,11.112252854616315,9,HUMI,SECONDARY_13_24
2005,HGB,7.736387197475399,9,HUMI,SECONDARY_13_24
2006,GlobalClim,68.85305636712663,9,HUMI,SECONDARY_13_24
2006,DeptClim,69.28559324244115,9,HUMI,SECONDARY_13_24
2006,Persist,72.49853981071517,9,HUMI,SECONDARY_13_24
2006,Ridge,8.46474179908582,9,HUMI,SECONDARY_13_24
2006,RF,10.069993774064082,9,HUMI,SECONDARY_13_24
2006,HGB,10.81970228577779,9,HUMI,SECONDARY_13_24
2007,GlobalClim,67.25147382230217,9,HUMI,SECONDARY_13_24
2007,DeptClim,67.71873321192024,9,HUMI,SECONDARY_13_24
2007,Persist,73.71679049703957,9,HUMI,SECONDARY_13_24
2007,Ridge,13.870476014797335,9,HUMI,SECONDARY_13_24
2007,RF,13.180540067114734,9,HUMI,SECONDARY_13_24
2007,HGB,14.276928191837927,9,HUMI,SECONDARY_13_24
2008,GlobalClim,72.35105734402195,9,HUMI,SECONDARY_13_24
2008,DeptClim,72.36921120497995,9,HUMI,SECONDARY_13_24
2008,Persist,73.51506772364533,9,HUMI,SECONDARY_13_24
2008,Ridge,12.73105026459143,9,HUMI,SECONDARY_13_24
2008,RF,12.021347230355172,9,HUMI,SECONDARY_13_24
2008,HGB,12.044651544383417,9,HUMI,SECONDARY_13_24
2009,GlobalClim,77.96981930848088,9,HUMI,SECONDARY_13_24
2009,DeptClim,77.76876571951559,9,HUMI,SECONDARY_13_24
2009,Persist,76.90633823047294,9,HUMI,SECONDARY_13_24
2009,Ridge,13.97916204659211,9,HUMI,SECONDARY_13_24
2009,RF,14.71489655814549,9,HUMI,SECONDARY_13_24
2009,HGB,15.555364599403875,9,HUMI,SECONDARY_13_24
2010,GlobalClim,70.67276540180971,9,HUMI,SECONDARY_13_24
2010,DeptClim,70.62213599937795,9,HUMI,SECONDARY_13_24
2010,Persist,74.22500780357123,9,HUMI,SECONDARY_13_24
2010,Ridge,9.395336676795361,9,HUMI,SECONDARY_13_24
2010,RF,11.006985118858276,9,HUMI,SECONDARY_13_24
2010,HGB,8.97022558106358,9,HUMI,SECONDARY_13_24
2011,GlobalClim,82.13432222397716,9,HUMI,SECONDARY_13_24
2011,DeptClim,82.55646264436821,9,HUMI,SECONDARY_13_24
2011,Persist,75.27672476333838,9,HUMI,SECONDARY_13_24
2011,Ridge,19.33523423705078,9,HUMI,SECONDARY_13_24
2011,RF,18.02528518791593,9,HUMI,SECONDARY_13_24
2011,HGB,20.52631361750535,9,HUMI,SECONDARY_13_24
2012,GlobalClim,83.94976061892781,9,HUMI,SECONDARY_13_24
2012,DeptClim,84.10977352453524,9,HUMI,SECONDARY_13_24
2012,Persist,75.6650136828357,9,HUMI,SECONDARY_13_24
2012,Ridge,18.894082940684942,9,HUMI,SECONDARY_13_24
2012,RF,18.017748142064253,9,HUMI,SECONDARY_13_24
2012,HGB,21.413725017024618,9,HUMI,SECONDARY_13_24
2013,GlobalClim,75.72369785605916,9,HUMI,SECONDARY_13_24
2013,DeptClim,76.26078504146568,9,HUMI,SECONDARY_13_24
2013,Persist,74.31285433391115,9,HUMI,SECONDARY_13_24
2013,Ridge,14.060135153560816,9,HUMI,SECONDARY_13_24
2013,RF,14.130860639727938,9,HUMI,SECONDARY_13_24
2013,HGB,15.358071464249972,9,HUMI,SECONDARY_13_24
2014,GlobalClim,74.5463259626389,9,HUMI,SECONDARY_13_24
2014,DeptClim,74.96375353093613,9,HUMI,SECONDARY_13_24
2014,Persist,74.51755381431381,9,HUMI,SECONDARY_13_24
2014,Ridge,10.282809777103955,9,HUMI,SECONDARY_13_24
2014,RF,7.282701105957349,9,HUMI,SECONDARY_13_24
2014,HGB,9.062945874216682,9,HUMI,SECONDARY_13_24
2015,GlobalClim,76.97321223657403,9,HUMI,SECONDARY_13_24
2015,DeptClim,77.50489908122404,9,HUMI,SECONDARY_13_24
2015,Persist,77.45711806860493,9,HUMI,SECONDARY_13_24
2015,Ridge,7.757197277839991,9,HUMI,SECONDARY_13_24
2015,RF,7.408464337630413,9,HUMI,SECONDARY_13_24
2015,HGB,8.591272780503827,9,HUMI,SECONDARY_13_24
2016,GlobalClim,71.36823491043661,9,HUMI,SECONDARY_13_24
2016,DeptClim,71.9676719569597,9,HUMI,SECONDARY_13_24
2016,Persist,74.42973066272508,9,HUMI,SECONDARY_13_24
2016,Ridge,6.320091643040575,9,HUMI,SECONDARY_13_24
2016,RF,5.627994924855822,9,HUMI,SECONDARY_13_24
2016,HGB,6.093497965810972,9,HUMI,SECONDARY_13_24
2017,GlobalClim,72.2776256071656,9,HUMI,SECONDARY_13_24
2017,DeptClim,72.84345921551746,9,HUMI,SECONDARY_13_24
2017,Persist,73.57402148321052,9,HUMI,SECONDARY_13_24
2017,Ridge,6.408883754134431,9,HUMI,SECONDARY_13_24
2017,RF,6.069001032825361,9,HUMI,SECONDARY_13_24
2017,HGB,6.208881861422717,9,HUMI,SECONDARY_13_24
2018,GlobalClim,73.65545497714686,9,HUMI,SECONDARY_13_24
2018,DeptClim,74.12581143807546,9,HUMI,SECONDARY_13_24
2018,Persist,75.09231301044302,9,HUMI,SECONDARY_13_24
2018,Ridge,4.375250085793422,9,HUMI,SECONDARY_13_24
2018,RF,5.154180025233789,9,HUMI,SECONDARY_13_24
2018,HGB,5.542614855084114,9,HUMI,SECONDARY_13_24
2019,GlobalClim,73.16246317802371,9,HUMI,SECONDARY_13_24
2019,DeptClim,73.68144281419035,9,HUMI,SECONDARY_13_24
2019,Persist,74.85860887933458,9,HUMI,SECONDARY_13_24
2019,Ridge,6.28760615943253,9,HUMI,SECONDARY_13_24
2019,RF,7.259205113939293,9,HUMI,SECONDARY_13_24
2019,HGB,7.5431614826210405,9,HUMI,SECONDARY_13_24
2020,GlobalClim,78.54876523187305,9,HUMI,SECONDARY_13_24
2020,DeptClim,79.17346320231998,9,HUMI,SECONDARY_13_24
2020,Persist,79.85394405261167,9,HUMI,SECONDARY_13_24
2020,Ridge,15.887135815165133,9,HUMI,SECONDARY_13_24
2020,RF,15.931575737066474,9,HUMI,SECONDARY_13_24
2020,HGB,17.088747885709754,9,HUMI,SECONDARY_13_24
2021,GlobalClim,73.51071437289515,9,HUMI,SECONDARY_13_24
2021,DeptClim,74.27752938122654,9,HUMI,SECONDARY_13_24
2021,Persist,76.71416471782324,9,HUMI,SECONDARY_13_24
2021,Ridge,8.041318968029774,9,HUMI,SECONDARY_13_24
2021,RF,9.535693521493728,9,HUMI,SECONDARY_13_24
2021,HGB,8.685060980703968,9,HUMI,SECONDARY_13_24
2022,GlobalClim,72.41200827855002,9,HUMI,SECONDARY_13_24
2022,DeptClim,72.95490463072665,9,HUMI,SECONDARY_13_24
2022,Persist,76.87495732479373,9,HUMI,SECONDARY_13_24
2022,Ridge,6.1580182624834805,9,HUMI,SECONDARY_13_24
2022,RF,6.772906844202863,9,HUMI,SECONDARY_13_24
2022,HGB,5.984142859868802,9,HUMI,SECONDARY_13_24
2023,GlobalClim,82.62068829979678,9,HUMI,SECONDARY_13_24
2023,DeptClim,82.95035335256034,9,HUMI,SECONDARY_13_24
2023,Persist,81.439452204333,9,HUMI,SECONDARY_13_24
2023,Ridge,16.147539967536158,9,HUMI,SECONDARY_13_24
2023,RF,15.908650542618302,9,HUMI,SECONDARY_13_24
2023,HGB,15.372210253420425,9,HUMI,SECONDARY_13_24
2024,GlobalClim,76.99928878125102,9,HUMI,SECONDARY_13_24
2024,DeptClim,77.36412790624414,9,HUMI,SECONDARY_13_24
2024,Persist,81.22397313869972,9,HUMI,SECONDARY_13_24
2024,Ridge,13.35439921157597,9,HUMI,SECONDARY_13_24
2024,RF,11.105695203568592,9,HUMI,SECONDARY_13_24
2024,HGB,10.485047676938558,9,HUMI,SECONDARY_13_24
2001,GlobalClim,114.40745910863407,10,HUMI,SECONDARY_13_24
2001,DeptClim,110.47080561368345,10,HUMI,SECONDARY_13_24
2001,Persist,49.54635705506786,10,HUMI,SECONDARY_13_24
2001,Ridge,30.923744957117407,10,HUMI,SECONDARY_13_24
2001,RF,24.209472992074417,10,HUMI,SECONDARY_13_24
2001,HGB,25.099471946231503,10,HUMI,SECONDARY_13_24
2002,GlobalClim,76.64206128373142,10,HUMI,SECONDARY_13_24
2002,DeptClim,71.30798049643481,10,HUMI,SECONDARY_13_24
2002,Persist,34.78640772588291,10,HUMI,SECONDARY_13_24
2002,Ridge,4.5244985133484565,10,HUMI,SECONDARY_13_24
2002,RF,8.816448624051292,10,HUMI,SECONDARY_13_24
2002,HGB,8.932145049236333,10,HUMI,SECONDARY_13_24
2003,GlobalClim,96.49154882026355,10,HUMI,SECONDARY_13_24
2003,DeptClim,93.71503572344679,10,HUMI,SECONDARY_13_24
2003,Persist,58.8523914231821,10,HUMI,SECONDARY_13_24
2003,Ridge,18.992938475699777,10,HUMI,SECONDARY_13_24
2003,RF,14.818637614477463,10,HUMI,SECONDARY_13_24
2003,HGB,16.50767627614359,10,HUMI,SECONDARY_13_24
2004,GlobalClim,110.9851596520475,10,HUMI,SECONDARY_13_24
2004,DeptClim,108.96877064322477,10,HUMI,SECONDARY_13_24
2004,Persist,65.8357582053806,10,HUMI,SECONDARY_13_24
2004,Ridge,35.70953287397814,10,HUMI,SECONDARY_13_24
2004,RF,30.680720424743253,10,HUMI,SECONDARY_13_24
2004,HGB,31.789057096778624,10,HUMI,SECONDARY_13_24
2005,GlobalClim,75.46816109301925,10,HUMI,SECONDARY_13_24
2005,DeptClim,75.60416224525464,10,HUMI,SECONDARY_13_24
2005,Persist,72.26779807844817,10,HUMI,SECONDARY_13_24
2005,Ridge,7.64110183588264,10,HUMI,SECONDARY_13_24
2005,RF,8.657944962218481,10,HUMI,SECONDARY_13_24
2005,HGB,7.149645850145195,10,HUMI,SECONDARY_13_24
2006,GlobalClim,70.09519871594776,10,HUMI,SECONDARY_13_24
2006,DeptClim,70.41772626791251,10,HUMI,SECONDARY_13_24
2006,Persist,73.89682207995257,10,HUMI,SECONDARY_13_24
2006,Ridge,10.46021063695982,10,HUMI,SECONDARY_13_24
2006,RF,10.014959573979114,10,HUMI,SECONDARY_13_24
2006,HGB,10.974558245619734,10,HUMI,SECONDARY_13_24
2007,GlobalClim,70.32933696222265,10,HUMI,SECONDARY_13_24
2007,DeptClim,70.63921971114837,10,HUMI,SECONDARY_13_24
2007,Persist,74.64556810119606,10,HUMI,SECONDARY_13_24
2007,Ridge,11.30303109451312,10,HUMI,SECONDARY_13_24
2007,RF,11.568394711109695,10,HUMI,SECONDARY_13_24
2007,HGB,11.572678953162173,10,HUMI,SECONDARY_13_24
2008,GlobalClim,72.50896933933736,10,HUMI,SECONDARY_13_24
2008,DeptClim,72.658646648477,10,HUMI,SECONDARY_13_24
2008,Persist,73.08702069870364,10,HUMI,SECONDARY_13_24
2008,Ridge,11.466172595382597,10,HUMI,SECONDARY_13_24
2008,RF,11.107304584559191,10,HUMI,SECONDARY_13_24
2008,HGB,11.395730697444927,10,HUMI,SECONDARY_13_24
2009,GlobalClim,78.65982925301684,10,HUMI,SECONDARY_13_24
2009,DeptClim,78.68882334541091,10,HUMI,SECONDARY_13_24
2009,Persist,73.82361335486327,10,HUMI,SECONDARY_13_24
2009,Ridge,14.530939119260731,10,HUMI,SECONDARY_13_24
2009,RF,14.324879663778267,10,HUMI,SECONDARY_13_24
2009,HGB,14.461658907839041,10,HUMI,SECONDARY_13_24
2010,GlobalClim,79.4524407849534,10,HUMI,SECONDARY_13_24
2010,DeptClim,79.39521968797555,10,HUMI,SECONDARY_13_24
2010,Persist,80.27122800298793,10,HUMI,SECONDARY_13_24
2010,Ridge,12.333823468312588,10,HUMI,SECONDARY_13_24
2010,RF,12.199131250932636,10,HUMI,SECONDARY_13_24
2010,HGB,11.987889515293807,10,HUMI,SECONDARY_13_24
2011,GlobalClim,81.62169299220636,10,HUMI,SECONDARY_13_24
2011,DeptClim,81.74939229514392,10,HUMI,SECONDARY_13_24
2011,Persist,73.22293302408771,10,HUMI,SECONDARY_13_24
2011,Ridge,14.540971177594267,10,HUMI,SECONDARY_13_24
2011,RF,13.122434470195978,10,HUMI,SECONDARY_13_24
2011,HGB,15.376962613255593,10,HUMI,SECONDARY_13_24
2012,GlobalClim,83.71284923341565,10,HUMI,SECONDARY_13_24
2012,DeptClim,83.81648025619762,10,HUMI,SECONDARY_13_24
2012,Persist,76.85037629351802,10,HUMI,SECONDARY_13_24
2012,Ridge,15.210481487076548,10,HUMI,SECONDARY_13_24
2012,RF,14.025203938255313,10,HUMI,SECONDARY_13_24
2012,HGB,14.066572011237508,10,HUMI,SECONDARY_13_24
2013,GlobalClim,81.17469331269402,10,HUMI,SECONDARY_13_24
2013,DeptClim,81.28999016844453,10,HUMI,SECONDARY_13_24
2013,Persist,78.54233550484359,10,HUMI,SECONDARY_13_24
2013,Ridge,15.084770273045779,10,HUMI,SECONDARY_13_24
2013,RF,14.306777386734755,10,HUMI,SECONDARY_13_24
2013,HGB,14.431988784968414,10,HUMI,SECONDARY_13_24
2014,GlobalClim,76.35939043248085,10,HUMI,SECONDARY_13_24
2014,DeptClim,76.44213487139781,10,HUMI,SECONDARY_13_24
2014,Persist,75.05582070000412,10,HUMI,SECONDARY_13_24
2014,Ridge,9.100688588413638,10,HUMI,SECONDARY_13_24
2014,RF,8.394977003197488,10,HUMI,SECONDARY_13_24
2014,HGB,9.995433280661004,10,HUMI,SECONDARY_13_24
2015,GlobalClim,76.5821765553558,10,HUMI,SECONDARY_13_24
2015,DeptClim,77.0862677246176,10,HUMI,SECONDARY_13_24
2015,Persist,74.26199483507088,10,HUMI,SECONDARY_13_24
2015,Ridge,5.855474665169723,10,HUMI,SECONDARY_13_24
2015,RF,5.170853347694212,10,HUMI,SECONDARY_13_24
2015,HGB,7.719631056271168,10,HUMI,SECONDARY_13_24
2016,GlobalClim,75.73414827609761,10,HUMI,SECONDARY_13_24
2016,DeptClim,76.2786627962401,10,HUMI,SECONDARY_13_24
2016,Persist,78.48046630276875,10,HUMI,SECONDARY_13_24
2016,Ridge,10.458538790630094,10,HUMI,SECONDARY_13_24
2016,RF,10.96108661850397,10,HUMI,SECONDARY_13_24
2016,HGB,9.401549650848555,10,HUMI,SECONDARY_13_24
2017,GlobalClim,73.47032323766899,10,HUMI,SECONDARY_13_24
2017,DeptClim,73.8859246457202,10,HUMI,SECONDARY_13_24
2017,Persist,75.593160296943,10,HUMI,SECONDARY_13_24
2017,Ridge,5.78452232830557,10,HUMI,SECONDARY_13_24
2017,RF,8.752864289726142,10,HUMI,SECONDARY_13_24
2017,HGB,6.380395062993034,10,HUMI,SECONDARY_13_24
2018,GlobalClim,74.37061310817973,10,HUMI,SECONDARY_13_24
2018,DeptClim,74.71730237156973,10,HUMI,SECONDARY_13_24
2018,Persist,75.27092435414033,10,HUMI,SECONDARY_13_24
2018,Ridge,5.132884404894986,10,HUMI,SECONDARY_13_24
2018,RF,3.5539038751119705,10,HUMI,SECONDARY_13_24
2018,HGB,5.591407596940925,10,HUMI,SECONDARY_13_24
2019,GlobalClim,73.79224750161752,10,HUMI,SECONDARY_13_24
2019,DeptClim,74.21075943740895,10,HUMI,SECONDARY_13_24
2019,Persist,75.56329093141187,10,HUMI,SECONDARY_13_24
2019,Ridge,6.029497949508997,10,HUMI,SECONDARY_13_24
2019,RF,5.067809504918995,10,HUMI,SECONDARY_13_24
2019,HGB,6.509364818090449,10,HUMI,SECONDARY_13_24
2020,GlobalClim,82.11934490946228,10,HUMI,SECONDARY_13_24
2020,DeptClim,82.508738447085,10,HUMI,SECONDARY_13_24
2020,Persist,78.82503214406562,10,HUMI,SECONDARY_13_24
2020,Ridge,16.437627564485762,10,HUMI,SECONDARY_13_24
2020,RF,16.993793628921125,10,HUMI,SECONDARY_13_24
2020,HGB,16.580554457653953,10,HUMI,SECONDARY_13_24
2021,GlobalClim,74.94449145107971,10,HUMI,SECONDARY_13_24
2021,DeptClim,75.57287178118833,10,HUMI,SECONDARY_13_24
2021,Persist,76.87650290654899,10,HUMI,SECONDARY_13_24
2021,Ridge,7.2251980514755685,10,HUMI,SECONDARY_13_24
2021,RF,7.068373272994717,10,HUMI,SECONDARY_13_24
2021,HGB,7.569567617055364,10,HUMI,SECONDARY_13_24
2022,GlobalClim,74.46840618128378,10,HUMI,SECONDARY_13_24
2022,DeptClim,74.92917865178686,10,HUMI,SECONDARY_13_24
2022,Persist,77.50866177938975,10,HUMI,SECONDARY_13_24
2022,Ridge,7.0082487230080215,10,HUMI,SECONDARY_13_24
2022,RF,6.786446817326814,10,HUMI,SECONDARY_13_24
2022,HGB,6.941483278708295,10,HUMI,SECONDARY_13_24
2023,GlobalClim,82.60783289411135,10,HUMI,SECONDARY_13_24
2023,DeptClim,82.67233946366925,10,HUMI,SECONDARY_13_24
2023,Persist,77.19530890138515,10,HUMI,SECONDARY_13_24
2023,Ridge,15.461292309493794,10,HUMI,SECONDARY_13_24
2023,RF,16.209809080003325,10,HUMI,SECONDARY_13_24
2023,HGB,16.342203229450373,10,HUMI,SECONDARY_13_24
2024,GlobalClim,76.42774715217348,10,HUMI,SECONDARY_13_24
2024,DeptClim,76.67336819953344,10,HUMI,SECONDARY_13_24
2024,Persist,76.61984143779061,10,HUMI,SECONDARY_13_24
2024,Ridge,13.35906699855485,10,HUMI,SECONDARY_13_24
2024,RF,11.805212556179171,10,HUMI,SECONDARY_13_24
2024,HGB,10.546063080517802,10,HUMI,SECONDARY_13_24
2001,GlobalClim,113.9559945722734,11,HUMI,SECONDARY_13_24
2001,DeptClim,111.36611409113762,11,HUMI,SECONDARY_13_24
2001,Persist,63.48942610206811,11,HUMI,SECONDARY_13_24
2001,Ridge,30.01089858506245,11,HUMI,SECONDARY_13_24
2001,RF,22.135761128911568,11,HUMI,SECONDARY_13_24
2001,HGB,28.213403076854313,11,HUMI,SECONDARY_13_24
2002,GlobalClim,74.34002297919763,11,HUMI,SECONDARY_13_24
2002,DeptClim,68.87209689392019,11,HUMI,SECONDARY_13_24
2002,Persist,54.388559231663464,11,HUMI,SECONDARY_13_24
2002,Ridge,9.789055483888667,11,HUMI,SECONDARY_13_24
2002,RF,13.094579510137939,11,HUMI,SECONDARY_13_24
2002,HGB,9.918426796851808,11,HUMI,SECONDARY_13_24
2003,GlobalClim,103.2907464596919,11,HUMI,SECONDARY_13_24
2003,DeptClim,100.53244512500012,11,HUMI,SECONDARY_13_24
2003,Persist,74.22832187667012,11,HUMI,SECONDARY_13_24
2003,Ridge,25.53432749794917,11,HUMI,SECONDARY_13_24
2003,RF,20.78034156110232,11,HUMI,SECONDARY_13_24
2003,HGB,24.572611666219732,11,HUMI,SECONDARY_13_24
2004,GlobalClim,104.22841471382048,11,HUMI,SECONDARY_13_24
2004,DeptClim,102.9742484727249,11,HUMI,SECONDARY_13_24
2004,Persist,72.08223006137536,11,HUMI,SECONDARY_13_24
2004,Ridge,32.01422767877464,11,HUMI,SECONDARY_13_24
2004,RF,28.28636085716709,11,HUMI,SECONDARY_13_24
2004,HGB,29.562261566657146,11,HUMI,SECONDARY_13_24
2005,GlobalClim,76.4487172550818,11,HUMI,SECONDARY_13_24
2005,DeptClim,76.69283418215745,11,HUMI,SECONDARY_13_24
2005,Persist,77.34262772934001,11,HUMI,SECONDARY_13_24
2005,Ridge,7.732001996120334,11,HUMI,SECONDARY_13_24
2005,RF,10.949420437401065,11,HUMI,SECONDARY_13_24
2005,HGB,8.335245312049535,11,HUMI,SECONDARY_13_24
2006,GlobalClim,69.36466137268285,11,HUMI,SECONDARY_13_24
2006,DeptClim,69.88930366826291,11,HUMI,SECONDARY_13_24
2006,Persist,73.8638361711903,11,HUMI,SECONDARY_13_24
2006,Ridge,12.300413714133278,11,HUMI,SECONDARY_13_24
2006,RF,11.662906591260054,11,HUMI,SECONDARY_13_24
2006,HGB,12.36306448474139,11,HUMI,SECONDARY_13_24
2007,GlobalClim,74.79609330460654,11,HUMI,SECONDARY_13_24
2007,DeptClim,75.33375558866625,11,HUMI,SECONDARY_13_24
2007,Persist,78.92640148406271,11,HUMI,SECONDARY_13_24
2007,Ridge,9.273345247006032,11,HUMI,SECONDARY_13_24
2007,RF,9.713097390840096,11,HUMI,SECONDARY_13_24
2007,HGB,9.897264111558199,11,HUMI,SECONDARY_13_24
2008,GlobalClim,72.71060476907229,11,HUMI,SECONDARY_13_24
2008,DeptClim,73.01174125402825,11,HUMI,SECONDARY_13_24
2008,Persist,75.31769720083022,11,HUMI,SECONDARY_13_24
2008,Ridge,13.278344400100975,11,HUMI,SECONDARY_13_24
2008,RF,12.63400285648366,11,HUMI,SECONDARY_13_24
2008,HGB,13.600496741618645,11,HUMI,SECONDARY_13_24
2009,GlobalClim,74.57726374423243,11,HUMI,SECONDARY_13_24
2009,DeptClim,74.78828646432393,11,HUMI,SECONDARY_13_24
2009,Persist,74.93603686439161,11,HUMI,SECONDARY_13_24
2009,Ridge,6.565011723854098,11,HUMI,SECONDARY_13_24
2009,RF,6.5807256065392155,11,HUMI,SECONDARY_13_24
2009,HGB,8.550791533092307,11,HUMI,SECONDARY_13_24
2010,GlobalClim,78.32981914462867,11,HUMI,SECONDARY_13_24
2010,DeptClim,78.31011362157015,11,HUMI,SECONDARY_13_24
2010,Persist,74.89781836113552,11,HUMI,SECONDARY_13_24
2010,Ridge,14.606083367703524,11,HUMI,SECONDARY_13_24
2010,RF,15.021761766372002,11,HUMI,SECONDARY_13_24
2010,HGB,13.520350265337779,11,HUMI,SECONDARY_13_24
2011,GlobalClim,79.86044046249609,11,HUMI,SECONDARY_13_24
2011,DeptClim,79.9042975178856,11,HUMI,SECONDARY_13_24
2011,Persist,75.47416420047679,11,HUMI,SECONDARY_13_24
2011,Ridge,13.14119905207722,11,HUMI,SECONDARY_13_24
2011,RF,10.725962473777358,11,HUMI,SECONDARY_13_24
2011,HGB,13.04777719720537,11,HUMI,SECONDARY_13_24
2012,GlobalClim,85.3662843514446,11,HUMI,SECONDARY_13_24
2012,DeptClim,85.31739550397015,11,HUMI,SECONDARY_13_24
2012,Persist,75.82156983918858,11,HUMI,SECONDARY_13_24
2012,Ridge,16.08466889336742,11,HUMI,SECONDARY_13_24
2012,RF,13.445755625977583,11,HUMI,SECONDARY_13_24
2012,HGB,15.124867696457704,11,HUMI,SECONDARY_13_24
2013,GlobalClim,81.3575337250807,11,HUMI,SECONDARY_13_24
2013,DeptClim,81.5089301372986,11,HUMI,SECONDARY_13_24
2013,Persist,76.93707646937973,11,HUMI,SECONDARY_13_24
2013,Ridge,13.037816413705979,11,HUMI,SECONDARY_13_24
2013,RF,13.53604603474586,11,HUMI,SECONDARY_13_24
2013,HGB,13.688014482342426,11,HUMI,SECONDARY_13_24
2014,GlobalClim,76.8187578466532,11,HUMI,SECONDARY_13_24
2014,DeptClim,76.9610373352175,11,HUMI,SECONDARY_13_24
2014,Persist,76.37247593351128,11,HUMI,SECONDARY_13_24
2014,Ridge,9.527304326454535,11,HUMI,SECONDARY_13_24
2014,RF,9.07293124232025,11,HUMI,SECONDARY_13_24
2014,HGB,12.280889739670002,11,HUMI,SECONDARY_13_24
2015,GlobalClim,76.12810340476547,11,HUMI,SECONDARY_13_24
2015,DeptClim,76.50769753512193,11,HUMI,SECONDARY_13_24
2015,Persist,76.27148839819458,11,HUMI,SECONDARY_13_24
2015,Ridge,7.10362835388071,11,HUMI,SECONDARY_13_24
2015,RF,6.515232524257038,11,HUMI,SECONDARY_13_24
2015,HGB,7.098020279290466,11,HUMI,SECONDARY_13_24
2016,GlobalClim,75.15890374783243,11,HUMI,SECONDARY_13_24
2016,DeptClim,75.54242797935039,11,HUMI,SECONDARY_13_24
2016,Persist,76.71283567684542,11,HUMI,SECONDARY_13_24
2016,Ridge,11.206810982728427,11,HUMI,SECONDARY_13_24
2016,RF,10.811084531278215,11,HUMI,SECONDARY_13_24
2016,HGB,8.16675920548572,11,HUMI,SECONDARY_13_24
2017,GlobalClim,73.67132076966229,11,HUMI,SECONDARY_13_24
2017,DeptClim,74.03392598692713,11,HUMI,SECONDARY_13_24
2017,Persist,77.06862818850891,11,HUMI,SECONDARY_13_24
2017,Ridge,6.086226228115558,11,HUMI,SECONDARY_13_24
2017,RF,10.551867805294911,11,HUMI,SECONDARY_13_24
2017,HGB,6.3456566049644865,11,HUMI,SECONDARY_13_24
2018,GlobalClim,76.1443422959687,11,HUMI,SECONDARY_13_24
2018,DeptClim,76.53870627767853,11,HUMI,SECONDARY_13_24
2018,Persist,78.63388613047071,11,HUMI,SECONDARY_13_24
2018,Ridge,5.4827622369815945,11,HUMI,SECONDARY_13_24
2018,RF,5.227135166305924,11,HUMI,SECONDARY_13_24
2018,HGB,6.27466031043885,11,HUMI,SECONDARY_13_24
2019,GlobalClim,74.6719040647133,11,HUMI,SECONDARY_13_24
2019,DeptClim,75.00925907209718,11,HUMI,SECONDARY_13_24
2019,Persist,77.82619886993581,11,HUMI,SECONDARY_13_24
2019,Ridge,6.779370346760905,11,HUMI,SECONDARY_13_24
2019,RF,5.480253365562164,11,HUMI,SECONDARY_13_24
2019,HGB,5.938368658183284,11,HUMI,SECONDARY_13_24
2020,GlobalClim,75.22513120126449,11,HUMI,SECONDARY_13_24
2020,DeptClim,75.59087786331924,11,HUMI,SECONDARY_13_24
2020,Persist,74.11641653302712,11,HUMI,SECONDARY_13_24
2020,Ridge,7.243998536965615,11,HUMI,SECONDARY_13_24
2020,RF,6.885903068739516,11,HUMI,SECONDARY_13_24
2020,HGB,7.614187412091761,11,HUMI,SECONDARY_13_24
2021,GlobalClim,77.33649557465425,11,HUMI,SECONDARY_13_24
2021,DeptClim,77.87191749712099,11,HUMI,SECONDARY_13_24
2021,Persist,79.27204831364368,11,HUMI,SECONDARY_13_24
2021,Ridge,6.112338229410197,11,HUMI,SECONDARY_13_24
2021,RF,5.622668847744222,11,HUMI,SECONDARY_13_24
2021,HGB,6.338688173738301,11,HUMI,SECONDARY_13_24
2022,GlobalClim,77.72196469693628,11,HUMI,SECONDARY_13_24
2022,DeptClim,78.05774599790384,11,HUMI,SECONDARY_13_24
2022,Persist,80.43751258752012,11,HUMI,SECONDARY_13_24
2022,Ridge,8.213044481471401,11,HUMI,SECONDARY_13_24
2022,RF,7.626601030426712,11,HUMI,SECONDARY_13_24
2022,HGB,8.416543662420645,11,HUMI,SECONDARY_13_24
2023,GlobalClim,84.13203471285061,11,HUMI,SECONDARY_13_24
2023,DeptClim,83.94720682638845,11,HUMI,SECONDARY_13_24
2023,Persist,80.09150419964435,11,HUMI,SECONDARY_13_24
2023,Ridge,17.906123555925575,11,HUMI,SECONDARY_13_24
2023,RF,17.584879314239206,11,HUMI,SECONDARY_13_24
2023,HGB,17.540972462875228,11,HUMI,SECONDARY_13_24
2024,GlobalClim,74.46445033925623,11,HUMI,SECONDARY_13_24
2024,DeptClim,74.66935003592481,11,HUMI,SECONDARY_13_24
2024,Persist,76.71411902196411,11,HUMI,SECONDARY_13_24
2024,Ridge,11.164083655572727,11,HUMI,SECONDARY_13_24
2024,RF,8.762207534963904,11,HUMI,SECONDARY_13_24
2024,HGB,9.319074331961545,11,HUMI,SECONDARY_13_24
2001,GlobalClim,129.15724629731736,12,HUMI,SECONDARY_13_24
2001,DeptClim,131.88813088922487,12,HUMI,SECONDARY_13_24
2001,Persist,67.75253570834964,12,HUMI,SECONDARY_13_24
2001,Ridge,55.56626180465037,12,HUMI,SECONDARY_13_24
2001,RF,50.73735428544102,12,HUMI,SECONDARY_13_24
2001,HGB,49.828411622957894,12,HUMI,SECONDARY_13_24
2002,GlobalClim,74.8882910435505,12,HUMI,SECONDARY_13_24
2002,DeptClim,70.48908170204994,12,HUMI,SECONDARY_13_24
2002,Persist,56.758141349956475,12,HUMI,SECONDARY_13_24
2002,Ridge,6.797943952607729,12,HUMI,SECONDARY_13_24
2002,RF,9.55020577061674,12,HUMI,SECONDARY_13_24
2002,HGB,9.447931969392423,12,HUMI,SECONDARY_13_24
2003,GlobalClim,102.37129091100196,12,HUMI,SECONDARY_13_24
2003,DeptClim,99.45238179864147,12,HUMI,SECONDARY_13_24
2003,Persist,67.02041755235305,12,HUMI,SECONDARY_13_24
2003,Ridge,24.336780313903358,12,HUMI,SECONDARY_13_24
2003,RF,19.34276543834351,12,HUMI,SECONDARY_13_24
2003,HGB,23.814781883849868,12,HUMI,SECONDARY_13_24
2004,GlobalClim,103.19741173833084,12,HUMI,SECONDARY_13_24
2004,DeptClim,101.37257698289172,12,HUMI,SECONDARY_13_24
2004,Persist,74.42896953781911,12,HUMI,SECONDARY_13_24
2004,Ridge,31.109023158392066,12,HUMI,SECONDARY_13_24
2004,RF,26.927508597044334,12,HUMI,SECONDARY_13_24
2004,HGB,27.66985839312109,12,HUMI,SECONDARY_13_24
2005,GlobalClim,71.96799066214908,12,HUMI,SECONDARY_13_24
2005,DeptClim,71.94435376325033,12,HUMI,SECONDARY_13_24
2005,Persist,73.02574801785805,12,HUMI,SECONDARY_13_24
2005,Ridge,9.78322640127234,12,HUMI,SECONDARY_13_24
2005,RF,13.142094257959144,12,HUMI,SECONDARY_13_24
2005,HGB,8.954560937240998,12,HUMI,SECONDARY_13_24
2006,GlobalClim,68.71175626249658,12,HUMI,SECONDARY_13_24
2006,DeptClim,69.10983261449246,12,HUMI,SECONDARY_13_24
2006,Persist,75.54992587123581,12,HUMI,SECONDARY_13_24
2006,Ridge,10.117160259034204,12,HUMI,SECONDARY_13_24
2006,RF,10.677321505849353,12,HUMI,SECONDARY_13_24
2006,HGB,10.599449098294569,12,HUMI,SECONDARY_13_24
2007,GlobalClim,68.94516917478005,12,HUMI,SECONDARY_13_24
2007,DeptClim,69.56250354988025,12,HUMI,SECONDARY_13_24
2007,Persist,73.69315358284332,12,HUMI,SECONDARY_13_24
2007,Ridge,11.4985390075533,12,HUMI,SECONDARY_13_24
2007,RF,11.590817352559126,12,HUMI,SECONDARY_13_24
2007,HGB,11.188776564712636,12,HUMI,SECONDARY_13_24
2008,GlobalClim,73.8851121814011,12,HUMI,SECONDARY_13_24
2008,DeptClim,74.07941300211753,12,HUMI,SECONDARY_13_24
2008,Persist,78.57858953874378,12,HUMI,SECONDARY_13_24
2008,Ridge,10.849066723004904,12,HUMI,SECONDARY_13_24
2008,RF,11.297817246978774,12,HUMI,SECONDARY_13_24
2008,HGB,10.081420506041145,12,HUMI,SECONDARY_13_24
2009,GlobalClim,74.95828328847531,12,HUMI,SECONDARY_13_24
2009,DeptClim,75.20237820309599,12,HUMI,SECONDARY_13_24
2009,Persist,77.73961680301989,12,HUMI,SECONDARY_13_24
2009,Ridge,9.519205459334753,12,HUMI,SECONDARY_13_24
2009,RF,8.722799212369777,12,HUMI,SECONDARY_13_24
2009,HGB,10.105471594733926,12,HUMI,SECONDARY_13_24
2010,GlobalClim,74.20847542561613,12,HUMI,SECONDARY_13_24
2010,DeptClim,74.67721077800329,12,HUMI,SECONDARY_13_24
2010,Persist,74.40408387437739,12,HUMI,SECONDARY_13_24
2010,Ridge,14.655717440112621,12,HUMI,SECONDARY_13_24
2010,RF,14.582704184350703,12,HUMI,SECONDARY_13_24
2010,HGB,14.837754061288951,12,HUMI,SECONDARY_13_24
2011,GlobalClim,78.26623976205725,12,HUMI,SECONDARY_13_24
2011,DeptClim,78.24739381400008,12,HUMI,SECONDARY_13_24
2011,Persist,75.8481996325358,12,HUMI,SECONDARY_13_24
2011,Ridge,17.017376794634984,12,HUMI,SECONDARY_13_24
2011,RF,15.330017445081136,12,HUMI,SECONDARY_13_24
2011,HGB,18.138356063302467,12,HUMI,SECONDARY_13_24
2012,GlobalClim,79.98900663185614,12,HUMI,SECONDARY_13_24
2012,DeptClim,80.39608493702627,12,HUMI,SECONDARY_13_24
2012,Persist,75.15282068658945,12,HUMI,SECONDARY_13_24
2012,Ridge,11.194865319877975,12,HUMI,SECONDARY_13_24
2012,RF,11.355951137233125,12,HUMI,SECONDARY_13_24
2012,HGB,12.772500199032125,12,HUMI,SECONDARY_13_24
2013,GlobalClim,80.1001263827164,12,HUMI,SECONDARY_13_24
2013,DeptClim,80.58833832749636,12,HUMI,SECONDARY_13_24
2013,Persist,76.89076657642411,12,HUMI,SECONDARY_13_24
2013,Ridge,14.203410820860437,12,HUMI,SECONDARY_13_24
2013,RF,13.952802322476257,12,HUMI,SECONDARY_13_24
2013,HGB,14.546323744357947,12,HUMI,SECONDARY_13_24
2014,GlobalClim,76.47389646100596,12,HUMI,SECONDARY_13_24
2014,DeptClim,76.72637532234587,12,HUMI,SECONDARY_13_24
2014,Persist,77.43666223857304,12,HUMI,SECONDARY_13_24
2014,Ridge,9.161105887556136,12,HUMI,SECONDARY_13_24
2014,RF,8.896024167916456,12,HUMI,SECONDARY_13_24
2014,HGB,10.44081494076585,12,HUMI,SECONDARY_13_24
2015,GlobalClim,76.32279383522038,12,HUMI,SECONDARY_13_24
2015,DeptClim,76.55123462502364,12,HUMI,SECONDARY_13_24
2015,Persist,78.73655082178261,12,HUMI,SECONDARY_13_24
2015,Ridge,7.07326218886406,12,HUMI,SECONDARY_13_24
2015,RF,7.375574449033773,12,HUMI,SECONDARY_13_24
2015,HGB,5.377173149805439,12,HUMI,SECONDARY_13_24
2016,GlobalClim,73.47629462553675,12,HUMI,SECONDARY_13_24
2016,DeptClim,73.67005869353916,12,HUMI,SECONDARY_13_24
2016,Persist,77.13591004256354,12,HUMI,SECONDARY_13_24
2016,Ridge,10.24459942191838,12,HUMI,SECONDARY_13_24
2016,RF,7.899977728823251,12,HUMI,SECONDARY_13_24
2016,HGB,7.723602581244879,12,HUMI,SECONDARY_13_24
2017,GlobalClim,72.99440429799309,12,HUMI,SECONDARY_13_24
2017,DeptClim,73.2393988285483,12,HUMI,SECONDARY_13_24
2017,Persist,77.72667318119547,12,HUMI,SECONDARY_13_24
2017,Ridge,4.52306631392807,12,HUMI,SECONDARY_13_24
2017,RF,4.992309397889084,12,HUMI,SECONDARY_13_24
2017,HGB,5.113989227923364,12,HUMI,SECONDARY_13_24
2018,GlobalClim,75.13971074634445,12,HUMI,SECONDARY_13_24
2018,DeptClim,75.31865805530467,12,HUMI,SECONDARY_13_24
2018,Persist,78.02912429441969,12,HUMI,SECONDARY_13_24
2018,Ridge,5.534703247132802,12,HUMI,SECONDARY_13_24
2018,RF,5.1479661421772365,12,HUMI,SECONDARY_13_24
2018,HGB,5.155266481975055,12,HUMI,SECONDARY_13_24
2019,GlobalClim,71.94387934292484,12,HUMI,SECONDARY_13_24
2019,DeptClim,72.08966086217364,12,HUMI,SECONDARY_13_24
2019,Persist,76.24108813368436,12,HUMI,SECONDARY_13_24
2019,Ridge,6.166152474593132,12,HUMI,SECONDARY_13_24
2019,RF,4.979147892808279,12,HUMI,SECONDARY_13_24
2019,HGB,5.916887495292363,12,HUMI,SECONDARY_13_24
2020,GlobalClim,73.48878230094769,12,HUMI,SECONDARY_13_24
2020,DeptClim,73.75640622423242,12,HUMI,SECONDARY_13_24
2020,Persist,77.22145835857815,12,HUMI,SECONDARY_13_24
2020,Ridge,8.918336983432859,12,HUMI,SECONDARY_13_24
2020,RF,8.952513165841658,12,HUMI,SECONDARY_13_24
2020,HGB,10.39646631676195,12,HUMI,SECONDARY_13_24
2021,GlobalClim,72.5111538577859,12,HUMI,SECONDARY_13_24
2021,DeptClim,72.75665684697798,12,HUMI,SECONDARY_13_24
2021,Persist,75.30683497831761,12,HUMI,SECONDARY_13_24
2021,Ridge,5.759031387607782,12,HUMI,SECONDARY_13_24
2021,RF,7.266690327495844,12,HUMI,SECONDARY_13_24
2021,HGB,8.354447806422437,12,HUMI,SECONDARY_13_24
2022,GlobalClim,76.42554835601814,12,HUMI,SECONDARY_13_24
2022,DeptClim,76.63091873693689,12,HUMI,SECONDARY_13_24
2022,Persist,78.2452119918388,12,HUMI,SECONDARY_13_24
2022,Ridge,8.114115362526777,12,HUMI,SECONDARY_13_24
2022,RF,8.571158881063848,12,HUMI,SECONDARY_13_24
2022,HGB,10.62725482266168,12,HUMI,SECONDARY_13_24
2023,GlobalClim,86.32369249367991,12,HUMI,SECONDARY_13_24
2023,DeptClim,86.35608681541123,12,HUMI,SECONDARY_13_24
2023,Persist,83.1358462802898,12,HUMI,SECONDARY_13_24
2023,Ridge,22.21438562673551,12,HUMI,SECONDARY_13_24
2023,RF,21.858096400352288,12,HUMI,SECONDARY_13_24
2023,HGB,21.688477428505568,12,HUMI,SECONDARY_13_24
2024,GlobalClim,71.53641921982423,12,HUMI,SECONDARY_13_24
2024,DeptClim,71.67425637453461,12,HUMI,SECONDARY_13_24
2024,Persist,76.9743328470857,12,HUMI,SECONDARY_13_24
2024,Ridge,9.858011874018073,12,HUMI,SECONDARY_13_24
2024,RF,7.6769819124607315,12,HUMI,SECONDARY_13_24
2024,HGB,8.88959556896193,12,HUMI,SECONDARY_13_24
2001,GlobalClim,117.86102849479452,2,HUMI,AVG
2001,DeptClim,117.72542717415179,2,HUMI,AVG
2001,Persist,61.28619970252976,2,HUMI,AVG
2001,Ridge,45.29237430487933,2,HUMI,AVG
2001,RF,28.716232147556514,2,HUMI,AVG
2001,HGB,38.99042368938436,2,HUMI,AVG
2002,GlobalClim,92.04156801833427,2,HUMI,AVG
2002,DeptClim,88.95627002480269,2,HUMI,AVG
2002,Persist,74.95603914075282,2,HUMI,AVG
2002,Ridge,19.742914462882958,2,HUMI,AVG
2002,RF,14.43383088854241,2,HUMI,AVG
2002,HGB,16.222289940008196,2,HUMI,AVG
2003,GlobalClim,94.28827301560766,2,HUMI,AVG
2003,DeptClim,92.25481146127798,2,HUMI,AVG
2003,Persist,58.11195933089285,2,HUMI,AVG
2003,Ridge,21.189263172567603,2,HUMI,AVG
2003,RF,6.105602197151764,2,HUMI,AVG
2003,HGB,15.043976634860885,2,HUMI,AVG
2004,GlobalClim,104.04781852015736,2,HUMI,AVG
2004,DeptClim,102.49378050353208,2,HUMI,AVG
2004,Persist,68.92081931296603,2,HUMI,AVG
2004,Ridge,33.479286779915775,2,HUMI,AVG
2004,RF,28.46998817258559,2,HUMI,AVG
2004,HGB,30.39590707078656,2,HUMI,AVG
2005,GlobalClim,68.80972157774558,2,HUMI,AVG
2005,DeptClim,68.50323809290067,2,HUMI,AVG
2005,Persist,64.18664483964413,2,HUMI,AVG
2005,Ridge,7.400169101843342,2,HUMI,AVG
2005,RF,12.764104671480894,2,HUMI,AVG
2005,HGB,9.481316534756784,2,HUMI,AVG
2006,GlobalClim,67.87127566862651,2,HUMI,AVG
2006,DeptClim,68.34890051120236,2,HUMI,AVG
2006,Persist,72.82371741684855,2,HUMI,AVG
2006,Ridge,10.013400212789612,2,HUMI,AVG
2006,RF,10.466319744854772,2,HUMI,AVG
2006,HGB,10.367641629127503,2,HUMI,AVG
2007,GlobalClim,71.05818631378914,2,HUMI,AVG
2007,DeptClim,71.2195427776674,2,HUMI,AVG
2007,Persist,73.23748029627589,2,HUMI,AVG
2007,Ridge,8.057572333390501,2,HUMI,AVG
2007,RF,7.425453473400998,2,HUMI,AVG
2007,HGB,8.521118928700561,2,HUMI,AVG
2008,GlobalClim,67.40522413879006,2,HUMI,AVG
2008,DeptClim,67.98768176438661,2,HUMI,AVG
2008,Persist,69.68070632035705,2,HUMI,AVG
2008,Ridge,8.21168912955605,2,HUMI,AVG
2008,RF,8.227053482966635,2,HUMI,AVG
2008,HGB,8.378079321571093,2,HUMI,AVG
2009,GlobalClim,69.9236707399619,2,HUMI,AVG
2009,DeptClim,70.3905991846641,2,HUMI,AVG
2009,Persist,71.70902941685537,2,HUMI,AVG
2009,Ridge,7.6459657275399096,2,HUMI,AVG
2009,RF,7.465521665609762,2,HUMI,AVG
2009,HGB,7.9634113092464665,2,HUMI,AVG
2010,GlobalClim,75.38759366149684,2,HUMI,AVG
2010,DeptClim,75.2151115442486,2,HUMI,AVG
2010,Persist,68.77659999696391,2,HUMI,AVG
2010,Ridge,6.540843773893264,2,HUMI,AVG
2010,RF,5.643741222013657,2,HUMI,AVG
2010,HGB,6.83582578749322,2,HUMI,AVG
2011,GlobalClim,74.5187653109421,2,HUMI,AVG
2011,DeptClim,74.81986718061427,2,HUMI,AVG
2011,Persist,71.60289703096348,2,HUMI,AVG
2011,Ridge,8.650952415881601,2,HUMI,AVG
2011,RF,7.859633132145662,2,HUMI,AVG
2011,HGB,9.8284197064401,2,HUMI,AVG
2012,GlobalClim,76.01880922519295,2,HUMI,AVG
2012,DeptClim,75.82424594716996,2,HUMI,AVG
2012,Persist,70.14412127793383,2,HUMI,AVG
2012,Ridge,5.945904346412007,2,HUMI,AVG
2012,RF,6.75646838828343,2,HUMI,AVG
2012,HGB,8.847940623541135,2,HUMI,AVG
2013,GlobalClim,75.19053506115014,2,HUMI,AVG
2013,DeptClim,75.72287202404416,2,HUMI,AVG
2013,Persist,69.70482647563291,2,HUMI,AVG
2013,Ridge,6.077959929903387,2,HUMI,AVG
2013,RF,5.9839729792962055,2,HUMI,AVG
2013,HGB,8.729563070573821,2,HUMI,AVG
2014,GlobalClim,78.89692531859248,2,HUMI,AVG
2014,DeptClim,79.38507743229489,2,HUMI,AVG
2014,Persist,73.15971091562562,2,HUMI,AVG
2014,Ridge,8.151526808327327,2,HUMI,AVG
2014,RF,7.7173858094935595,2,HUMI,AVG
2014,HGB,8.064163256164457,2,HUMI,AVG
2015,GlobalClim,74.45938169714577,2,HUMI,AVG
2015,DeptClim,74.6676717659933,2,HUMI,AVG
2015,Persist,71.96232011429298,2,HUMI,AVG
2015,Ridge,4.887113569944352,2,HUMI,AVG
2015,RF,6.1803248817036165,2,HUMI,AVG
2015,HGB,4.002535709624994,2,HUMI,AVG
2016,GlobalClim,72.88461730732918,2,HUMI,AVG
2016,DeptClim,73.1988786980424,2,HUMI,AVG
2016,Persist,73.74293596507768,2,HUMI,AVG
2016,Ridge,8.451263262273994,2,HUMI,AVG
2016,RF,8.774928170072236,2,HUMI,AVG
2016,HGB,9.100815884869744,2,HUMI,AVG
2017,GlobalClim,70.58691598235795,2,HUMI,AVG
2017,DeptClim,70.77134438760675,2,HUMI,AVG
2017,Persist,73.45830082160191,2,HUMI,AVG
2017,Ridge,4.657238965168336,2,HUMI,AVG
2017,RF,4.8575993516177425,2,HUMI,AVG
2017,HGB,3.7432216753324106,2,HUMI,AVG
2018,GlobalClim,71.14436355380117,2,HUMI,AVG
2018,DeptClim,71.46272171862343,2,HUMI,AVG
2018,Persist,75.4196790505962,2,HUMI,AVG
2018,Ridge,3.664982957161002,2,HUMI,AVG
2018,RF,3.4432062225020865,2,HUMI,AVG
2018,HGB,3.471203198050587,2,HUMI,AVG
2019,GlobalClim,71.58252043407893,2,HUMI,AVG
2019,DeptClim,71.84756370598616,2,HUMI,AVG
2019,Persist,73.88653435288151,2,HUMI,AVG
2019,Ridge,8.352134944795324,2,HUMI,AVG
2019,RF,8.899020709060663,2,HUMI,AVG
2019,HGB,6.868190449276139,2,HUMI,AVG
2020,GlobalClim,73.4200581240562,2,HUMI,AVG
2020,DeptClim,73.67979157331978,2,HUMI,AVG
2020,Persist,76.2850324715166,2,HUMI,AVG
2020,Ridge,6.096858039270483,2,HUMI,AVG
2020,RF,4.369370795489849,2,HUMI,AVG
2020,HGB,4.76709178077525,2,HUMI,AVG
2021,GlobalClim,69.5199045741963,2,HUMI,AVG
2021,DeptClim,70.04505355081814,2,HUMI,AVG
2021,Persist,73.72954109432138,2,HUMI,AVG
2021,Ridge,4.384043345501433,2,HUMI,AVG
2021,RF,5.7924703846548,2,HUMI,AVG
2021,HGB,5.375860362420941,2,HUMI,AVG
2022,GlobalClim,71.9580306315286,2,HUMI,AVG
2022,DeptClim,72.08989755976339,2,HUMI,AVG
2022,Persist,76.18256836905118,2,HUMI,AVG
2022,Ridge,7.110795109799615,2,HUMI,AVG
2022,RF,7.178787991882135,2,HUMI,AVG
2022,HGB,7.663563469637579,2,HUMI,AVG
2023,GlobalClim,73.60131578649863,2,HUMI,AVG
2023,DeptClim,73.96567608562663,2,HUMI,AVG
2023,Persist,77.45966885487078,2,HUMI,AVG
2023,Ridge,7.824855985653878,2,HUMI,AVG
2023,RF,6.625970841804905,2,HUMI,AVG
2023,HGB,6.497080848493753,2,HUMI,AVG
2024,GlobalClim,78.02761153100555,2,HUMI,AVG
2024,DeptClim,78.3218529718551,2,HUMI,AVG
2024,Persist,74.85638915353698,2,HUMI,AVG
2024,Ridge,8.923253432028108,2,HUMI,AVG
2024,RF,8.911190531615205,2,HUMI,AVG
2024,HGB,9.11669827968491,2,HUMI,AVG
2025,GlobalClim,72.41685311486698,2,HUMI,AVG
2025,DeptClim,72.65343904322062,2,HUMI,AVG
2025,Persist,76.30994237867424,2,HUMI,AVG
2025,Ridge,7.657529583063883,2,HUMI,AVG
2025,RF,7.168524692175632,2,HUMI,AVG
2025,HGB,7.688738650452133,2,HUMI,AVG
2001,GlobalClim,117.83295968191366,3,HUMI,AVG
2001,DeptClim,116.74708673745735,3,HUMI,AVG
2001,Persist,60.424579389704604,3,HUMI,AVG
2001,Ridge,37.902536331033936,3,HUMI,AVG
2001,RF,27.87866984313944,3,HUMI,AVG
2001,HGB,31.387457966264826,3,HUMI,AVG
2002,GlobalClim,103.71376791206526,3,HUMI,AVG
2002,DeptClim,102.58327309604643,3,HUMI,AVG
2002,Persist,68.621259079635,3,HUMI,AVG
2002,Ridge,28.035945511759564,3,HUMI,AVG
2002,RF,11.071557743918698,3,HUMI,AVG
2002,HGB,20.657686572249958,3,HUMI,AVG
2003,GlobalClim,76.86788349308036,3,HUMI,AVG
2003,DeptClim,74.51343408984795,3,HUMI,AVG
2003,Persist,43.33550747714123,3,HUMI,AVG
2003,Ridge,10.523791368738669,3,HUMI,AVG
2003,RF,8.75258209352458,3,HUMI,AVG
2003,HGB,10.622105551576954,3,HUMI,AVG
2004,GlobalClim,106.68147236573665,3,HUMI,AVG
2004,DeptClim,106.50985090988704,3,HUMI,AVG
2004,Persist,66.40677731860465,3,HUMI,AVG
2004,Ridge,30.794683038755064,3,HUMI,AVG
2004,RF,20.949031086329665,3,HUMI,AVG
2004,HGB,26.584064058345604,3,HUMI,AVG
2005,GlobalClim,74.91593068871144,3,HUMI,AVG
2005,DeptClim,75.1151066850142,3,HUMI,AVG
2005,Persist,73.37723787401444,3,HUMI,AVG
2005,Ridge,8.452101226921702,3,HUMI,AVG
2005,RF,10.163835799010645,3,HUMI,AVG
2005,HGB,8.324227092570762,3,HUMI,AVG
2006,GlobalClim,67.29005639243258,3,HUMI,AVG
2006,DeptClim,68.0627364751548,3,HUMI,AVG
2006,Persist,69.16322763042177,3,HUMI,AVG
2006,Ridge,9.968743172606382,3,HUMI,AVG
2006,RF,10.3047519482201,3,HUMI,AVG
2006,HGB,9.95078016292534,3,HUMI,AVG
2007,GlobalClim,67.48376748794729,3,HUMI,AVG
2007,DeptClim,68.01875457082217,3,HUMI,AVG
2007,Persist,66.3026048620807,3,HUMI,AVG
2007,Ridge,9.214149163589438,3,HUMI,AVG
2007,RF,9.64951660275025,3,HUMI,AVG
2007,HGB,9.61367482903292,3,HUMI,AVG
2008,GlobalClim,68.9130837776567,3,HUMI,AVG
2008,DeptClim,69.3436616361519,3,HUMI,AVG
2008,Persist,71.13558596375569,3,HUMI,AVG
2008,Ridge,8.28047576774104,3,HUMI,AVG
2008,RF,8.958245363847961,3,HUMI,AVG
2008,HGB,9.40670082110302,3,HUMI,AVG
2009,GlobalClim,71.99796212821444,3,HUMI,AVG
2009,DeptClim,72.48133436329589,3,HUMI,AVG
2009,Persist,72.08380158403288,3,HUMI,AVG
2009,Ridge,9.28043769824143,3,HUMI,AVG
2009,RF,8.799714762988236,3,HUMI,AVG
2009,HGB,9.522187262776963,3,HUMI,AVG
2010,GlobalClim,75.09243119010524,3,HUMI,AVG
2010,DeptClim,75.31029706957598,3,HUMI,AVG
2010,Persist,69.79306072926198,3,HUMI,AVG
2010,Ridge,9.806936438219168,3,HUMI,AVG
2010,RF,7.564252497302777,3,HUMI,AVG
2010,HGB,9.12628262389067,3,HUMI,AVG
2011,GlobalClim,75.28792525955951,3,HUMI,AVG
2011,DeptClim,75.67622865227952,3,HUMI,AVG
2011,Persist,71.72247194411162,3,HUMI,AVG
2011,Ridge,10.317958516450586,3,HUMI,AVG
2011,RF,8.589847557225042,3,HUMI,AVG
2011,HGB,11.389368302839536,3,HUMI,AVG
2012,GlobalClim,82.68190892347704,3,HUMI,AVG
2012,DeptClim,82.71002275557849,3,HUMI,AVG
2012,Persist,78.48555215175764,3,HUMI,AVG
2012,Ridge,14.358624173490165,3,HUMI,AVG
2012,RF,15.291158546668354,3,HUMI,AVG
2012,HGB,15.207989716175515,3,HUMI,AVG
2013,GlobalClim,77.25393087099664,3,HUMI,AVG
2013,DeptClim,77.63212941990993,3,HUMI,AVG
2013,Persist,74.2985962741685,3,HUMI,AVG
2013,Ridge,6.865368621126521,3,HUMI,AVG
2013,RF,6.958006644309362,3,HUMI,AVG
2013,HGB,7.949225773038926,3,HUMI,AVG
2014,GlobalClim,80.04860454233688,3,HUMI,AVG
2014,DeptClim,80.39031484333688,3,HUMI,AVG
2014,Persist,73.09452098459285,3,HUMI,AVG
2014,Ridge,7.980561889727815,3,HUMI,AVG
2014,RF,8.44274077069536,3,HUMI,AVG
2014,HGB,8.656261948435375,3,HUMI,AVG
2015,GlobalClim,76.26870253217639,3,HUMI,AVG
2015,DeptClim,76.63588499537751,3,HUMI,AVG
2015,Persist,73.99321312935781,3,HUMI,AVG
2015,Ridge,6.867401751326831,3,HUMI,AVG
2015,RF,6.997988685234672,3,HUMI,AVG
2015,HGB,5.985678136268716,3,HUMI,AVG
2016,GlobalClim,71.23154400580128,3,HUMI,AVG
2016,DeptClim,71.32170487308046,3,HUMI,AVG
2016,Persist,71.0533640139454,3,HUMI,AVG
2016,Ridge,7.67399030489497,3,HUMI,AVG
2016,RF,8.736459074882788,3,HUMI,AVG
2016,HGB,9.761856709934952,3,HUMI,AVG
2017,GlobalClim,72.5819306842535,3,HUMI,AVG
2017,DeptClim,73.03900892309814,3,HUMI,AVG
2017,Persist,74.50773215949712,3,HUMI,AVG
2017,Ridge,14.865857294737253,3,HUMI,AVG
2017,RF,16.629922124360622,3,HUMI,AVG
2017,HGB,14.051223588827295,3,HUMI,AVG
2018,GlobalClim,70.42049604666568,3,HUMI,AVG
2018,DeptClim,70.60100620652868,3,HUMI,AVG
2018,Persist,72.12536095747096,3,HUMI,AVG
2018,Ridge,5.351779071900503,3,HUMI,AVG
2018,RF,7.644745672710633,3,HUMI,AVG
2018,HGB,8.77895206010472,3,HUMI,AVG
2019,GlobalClim,70.3012229535077,3,HUMI,AVG
2019,DeptClim,70.4596787101136,3,HUMI,AVG
2019,Persist,71.86594086041664,3,HUMI,AVG
2019,Ridge,6.052034884139427,3,HUMI,AVG
2019,RF,7.360805020842468,3,HUMI,AVG
2019,HGB,8.547385324532112,3,HUMI,AVG
2020,GlobalClim,76.11524599338304,3,HUMI,AVG
2020,DeptClim,76.16088779879912,3,HUMI,AVG
2020,Persist,76.17807566535444,3,HUMI,AVG
2020,Ridge,8.376452619252696,3,HUMI,AVG
2020,RF,6.174149215392343,3,HUMI,AVG
2020,HGB,6.091831860414165,3,HUMI,AVG
2021,GlobalClim,71.70742906631237,3,HUMI,AVG
2021,DeptClim,71.93442728222287,3,HUMI,AVG
2021,Persist,76.22536979273443,3,HUMI,AVG
2021,Ridge,8.075266356423853,3,HUMI,AVG
2021,RF,8.105610375747318,3,HUMI,AVG
2021,HGB,7.239226574944311,3,HUMI,AVG
2022,GlobalClim,76.26046982225756,3,HUMI,AVG
2022,DeptClim,76.42917361833119,3,HUMI,AVG
2022,Persist,78.06172465330832,3,HUMI,AVG
2022,Ridge,15.709963654369703,3,HUMI,AVG
2022,RF,14.981040450274353,3,HUMI,AVG
2022,HGB,15.373955347458935,3,HUMI,AVG
2023,GlobalClim,72.47465012094618,3,HUMI,AVG
2023,DeptClim,72.68814341076202,3,HUMI,AVG
2023,Persist,73.39490879290707,3,HUMI,AVG
2023,Ridge,4.588757589248831,3,HUMI,AVG
2023,RF,4.623085495371002,3,HUMI,AVG
2023,HGB,6.484785037852941,3,HUMI,AVG
2024,GlobalClim,78.79328157992762,3,HUMI,AVG
2024,DeptClim,78.4194841629938,3,HUMI,AVG
2024,Persist,76.87986643566592,3,HUMI,AVG
2024,Ridge,12.048830908757257,3,HUMI,AVG
2024,RF,12.399448948048615,3,HUMI,AVG
2024,HGB,11.612512434817743,3,HUMI,AVG
2025,GlobalClim,72.70347498038073,3,HUMI,AVG
2025,DeptClim,72.65250613215778,3,HUMI,AVG
2025,Persist,75.79217472563789,3,HUMI,AVG
2025,Ridge,6.291742711123834,3,HUMI,AVG
2025,RF,5.498069566889473,3,HUMI,AVG
2025,HGB,5.398150964199878,3,HUMI,AVG
2001,GlobalClim,119.63241749366011,4,HUMI,AVG
2001,DeptClim,117.16804491939888,4,HUMI,AVG
2001,Persist,60.189628454034576,4,HUMI,AVG
2001,Ridge,38.0015914057816,4,HUMI,AVG
2001,RF,24.339359920376054,4,HUMI,AVG
2001,HGB,30.114835049031228,4,HUMI,AVG
2002,GlobalClim,97.10000916958224,4,HUMI,AVG
2002,DeptClim,96.05639859812236,4,HUMI,AVG
2002,Persist,54.23775236492045,4,HUMI,AVG
2002,Ridge,25.17785043945843,4,HUMI,AVG
2002,RF,21.197638148712034,4,HUMI,AVG
2002,HGB,24.058318747832004,4,HUMI,AVG
2003,GlobalClim,95.30263674369823,4,HUMI,AVG
2003,DeptClim,91.25827011878728,4,HUMI,AVG
2003,Persist,77.58993108839358,4,HUMI,AVG
2003,Ridge,19.955293403713604,4,HUMI,AVG
2003,RF,17.180973389124087,4,HUMI,AVG
2003,HGB,16.7227790893185,4,HUMI,AVG
2004,GlobalClim,109.08082075432822,4,HUMI,AVG
2004,DeptClim,108.31784144565759,4,HUMI,AVG
2004,Persist,67.67173475088408,4,HUMI,AVG
2004,Ridge,31.23706090750061,4,HUMI,AVG
2004,RF,21.74793512254867,4,HUMI,AVG
2004,HGB,25.563587946947862,4,HUMI,AVG
2005,GlobalClim,74.68910598834151,4,HUMI,AVG
2005,DeptClim,74.39370381912484,4,HUMI,AVG
2005,Persist,68.7929256375719,4,HUMI,AVG
2005,Ridge,8.69502744315972,4,HUMI,AVG
2005,RF,11.999967069620173,4,HUMI,AVG
2005,HGB,10.827259660434402,4,HUMI,AVG
2006,GlobalClim,68.38424666267441,4,HUMI,AVG
2006,DeptClim,69.34041271656571,4,HUMI,AVG
2006,Persist,70.91209414290326,4,HUMI,AVG
2006,Ridge,9.858829990344583,4,HUMI,AVG
2006,RF,10.173768781199941,4,HUMI,AVG
2006,HGB,10.620426668834865,4,HUMI,AVG
2007,GlobalClim,69.3029634120973,4,HUMI,AVG
2007,DeptClim,69.99298216912644,4,HUMI,AVG
2007,Persist,71.66380955611587,4,HUMI,AVG
2007,Ridge,8.980515844508135,4,HUMI,AVG
2007,RF,9.567089138811806,4,HUMI,AVG
2007,HGB,10.258531965934337,4,HUMI,AVG
2008,GlobalClim,68.8041146728164,4,HUMI,AVG
2008,DeptClim,69.32559897902864,4,HUMI,AVG
2008,Persist,70.86069314596372,4,HUMI,AVG
2008,Ridge,13.942593926460603,4,HUMI,AVG
2008,RF,13.799819825933081,4,HUMI,AVG
2008,HGB,14.094968471808926,4,HUMI,AVG
2009,GlobalClim,79.0376176765548,4,HUMI,AVG
2009,DeptClim,79.2495862107903,4,HUMI,AVG
2009,Persist,76.11081474817564,4,HUMI,AVG
2009,Ridge,15.535185969855593,4,HUMI,AVG
2009,RF,17.367218374223906,4,HUMI,AVG
2009,HGB,16.467607412665597,4,HUMI,AVG
2010,GlobalClim,76.84311903426442,4,HUMI,AVG
2010,DeptClim,77.39379543402298,4,HUMI,AVG
2010,Persist,71.84744399438314,4,HUMI,AVG
2010,Ridge,11.893511551376385,4,HUMI,AVG
2010,RF,9.928513484472528,4,HUMI,AVG
2010,HGB,12.9115156335233,4,HUMI,AVG
2011,GlobalClim,77.87081773703557,4,HUMI,AVG
2011,DeptClim,78.31322640452179,4,HUMI,AVG
2011,Persist,72.56430221943889,4,HUMI,AVG
2011,Ridge,11.943679591519949,4,HUMI,AVG
2011,RF,11.051068745474335,4,HUMI,AVG
2011,HGB,13.4692486768917,4,HUMI,AVG
2012,GlobalClim,85.81184089567792,4,HUMI,AVG
2012,DeptClim,85.80304693392924,4,HUMI,AVG
2012,Persist,73.84944580306221,4,HUMI,AVG
2012,Ridge,19.67350232008524,4,HUMI,AVG
2012,RF,22.21551512368044,4,HUMI,AVG
2012,HGB,20.436953234406772,4,HUMI,AVG
2013,GlobalClim,80.01368669979676,4,HUMI,AVG
2013,DeptClim,80.24107102809037,4,HUMI,AVG
2013,Persist,74.33581335520148,4,HUMI,AVG
2013,Ridge,12.612093835035482,4,HUMI,AVG
2013,RF,13.708219864153744,4,HUMI,AVG
2013,HGB,14.400138390688513,4,HUMI,AVG
2014,GlobalClim,80.56162230795883,4,HUMI,AVG
2014,DeptClim,80.62321697768877,4,HUMI,AVG
2014,Persist,72.26310237466913,4,HUMI,AVG
2014,Ridge,9.081532183734758,4,HUMI,AVG
2014,RF,10.27228877731128,4,HUMI,AVG
2014,HGB,8.494544584488015,4,HUMI,AVG
2015,GlobalClim,77.57048459349997,4,HUMI,AVG
2015,DeptClim,78.16316169031201,4,HUMI,AVG
2015,Persist,73.30672189293992,4,HUMI,AVG
2015,Ridge,8.648724691167885,4,HUMI,AVG
2015,RF,8.02110140111513,4,HUMI,AVG
2015,HGB,8.946636252610281,4,HUMI,AVG
2016,GlobalClim,73.64110007778298,4,HUMI,AVG
2016,DeptClim,73.93985343312798,4,HUMI,AVG
2016,Persist,73.68769872627121,4,HUMI,AVG
2016,Ridge,10.946448390337165,4,HUMI,AVG
2016,RF,10.731848335712344,4,HUMI,AVG
2016,HGB,11.582742367430656,4,HUMI,AVG
2017,GlobalClim,77.057991600707,4,HUMI,AVG
2017,DeptClim,77.73060786136473,4,HUMI,AVG
2017,Persist,76.13461284239364,4,HUMI,AVG
2017,Ridge,19.258331128298373,4,HUMI,AVG
2017,RF,17.347122473387387,4,HUMI,AVG
2017,HGB,16.02039097504031,4,HUMI,AVG
2018,GlobalClim,71.92827249936019,4,HUMI,AVG
2018,DeptClim,72.07922562680815,4,HUMI,AVG
2018,Persist,73.33548367561005,4,HUMI,AVG
2018,Ridge,7.705064652418293,4,HUMI,AVG
2018,RF,8.393695860331652,4,HUMI,AVG
2018,HGB,7.089998970902618,4,HUMI,AVG
2019,GlobalClim,73.5750464136726,4,HUMI,AVG
2019,DeptClim,73.73184847164733,4,HUMI,AVG
2019,Persist,75.50390480842682,4,HUMI,AVG
2019,Ridge,5.177687452904374,4,HUMI,AVG
2019,RF,6.085955491750912,4,HUMI,AVG
2019,HGB,6.713634109429954,4,HUMI,AVG
2020,GlobalClim,75.79204975871768,4,HUMI,AVG
2020,DeptClim,75.86132318784152,4,HUMI,AVG
2020,Persist,72.89331007723601,4,HUMI,AVG
2020,Ridge,7.944427446475621,4,HUMI,AVG
2020,RF,5.375019473382399,4,HUMI,AVG
2020,HGB,5.015162726531254,4,HUMI,AVG
2021,GlobalClim,76.93677593694476,4,HUMI,AVG
2021,DeptClim,76.98270969901887,4,HUMI,AVG
2021,Persist,78.19549141456564,4,HUMI,AVG
2021,Ridge,12.457889339404968,4,HUMI,AVG
2021,RF,11.798596643686263,4,HUMI,AVG
2021,HGB,12.066591535140876,4,HUMI,AVG
2022,GlobalClim,72.8557531300694,4,HUMI,AVG
2022,DeptClim,73.12848627651638,4,HUMI,AVG
2022,Persist,73.6823156565939,4,HUMI,AVG
2022,Ridge,10.250304126523917,4,HUMI,AVG
2022,RF,10.124549083871099,4,HUMI,AVG
2022,HGB,6.760987081368114,4,HUMI,AVG
2023,GlobalClim,75.71740295449652,4,HUMI,AVG
2023,DeptClim,76.14406554620832,4,HUMI,AVG
2023,Persist,77.0774280438646,4,HUMI,AVG
2023,Ridge,7.251720639382059,4,HUMI,AVG
2023,RF,8.577095098111528,4,HUMI,AVG
2023,HGB,7.967149794054069,4,HUMI,AVG
2024,GlobalClim,80.4455659555118,4,HUMI,AVG
2024,DeptClim,79.99566939531493,4,HUMI,AVG
2024,Persist,77.33191271406758,4,HUMI,AVG
2024,Ridge,11.831703307112056,4,HUMI,AVG
2024,RF,12.871241667833793,4,HUMI,AVG
2024,HGB,12.628025571737899,4,HUMI,AVG
2001,GlobalClim,123.60929533025724,5,HUMI,AVG
2001,DeptClim,121.28819570381306,5,HUMI,AVG
2001,Persist,63.25825306483102,5,HUMI,AVG
2001,Ridge,40.9688707666959,5,HUMI,AVG
2001,RF,26.13040818858166,5,HUMI,AVG
2001,HGB,33.77941650192829,5,HUMI,AVG
2002,GlobalClim,94.78291796001955,5,HUMI,AVG
2002,DeptClim,93.9180055919862,5,HUMI,AVG
2002,Persist,61.889568827013505,5,HUMI,AVG
2002,Ridge,18.04875065342274,5,HUMI,AVG
2002,RF,13.947893587597218,5,HUMI,AVG
2002,HGB,12.699496174761464,5,HUMI,AVG
2003,GlobalClim,101.92470959173677,5,HUMI,AVG
2003,DeptClim,96.0747225952157,5,HUMI,AVG
2003,Persist,62.16943954591546,5,HUMI,AVG
2003,Ridge,18.26627303614405,5,HUMI,AVG
2003,RF,6.283071515318691,5,HUMI,AVG
2003,HGB,9.829837221181368,5,HUMI,AVG
2004,GlobalClim,106.25247586504793,5,HUMI,AVG
2004,DeptClim,104.27909978125636,5,HUMI,AVG
2004,Persist,65.40484595420833,5,HUMI,AVG
2004,Ridge,26.852835656860822,5,HUMI,AVG
2004,RF,17.969483188530358,5,HUMI,AVG
2004,HGB,21.126957624526057,5,HUMI,AVG
2005,GlobalClim,75.57283274729124,5,HUMI,AVG
2005,DeptClim,76.21866256258217,5,HUMI,AVG
2005,Persist,72.01764054563442,5,HUMI,AVG
2005,Ridge,9.720276819928289,5,HUMI,AVG
2005,RF,12.531951119344415,5,HUMI,AVG
2005,HGB,10.288222478374296,5,HUMI,AVG
2006,GlobalClim,70.48057516587541,5,HUMI,AVG
2006,DeptClim,71.38043514412081,5,HUMI,AVG
2006,Persist,76.12300394508254,5,HUMI,AVG
2006,Ridge,10.433156241179356,5,HUMI,AVG
2006,RF,10.802362678630306,5,HUMI,AVG
2006,HGB,11.53448859083041,5,HUMI,AVG
2007,GlobalClim,70.15079128278596,5,HUMI,AVG
2007,DeptClim,70.39410528712001,5,HUMI,AVG
2007,Persist,74.56201998989026,5,HUMI,AVG
2007,Ridge,9.697574092037572,5,HUMI,AVG
2007,RF,9.109176174446638,5,HUMI,AVG
2007,HGB,10.401547648567444,5,HUMI,AVG
2008,GlobalClim,71.0777590525942,5,HUMI,AVG
2008,DeptClim,71.59727767306609,5,HUMI,AVG
2008,Persist,74.9069597946333,5,HUMI,AVG
2008,Ridge,11.300511956205483,5,HUMI,AVG
2008,RF,10.19774480320051,5,HUMI,AVG
2008,HGB,10.815320456855288,5,HUMI,AVG
2009,GlobalClim,79.47488807773907,5,HUMI,AVG
2009,DeptClim,79.56510419743051,5,HUMI,AVG
2009,Persist,75.26141048762561,5,HUMI,AVG
2009,Ridge,15.791298270801377,5,HUMI,AVG
2009,RF,17.309375994082828,5,HUMI,AVG
2009,HGB,15.835336978240477,5,HUMI,AVG
2010,GlobalClim,77.7132294716071,5,HUMI,AVG
2010,DeptClim,78.19887803572828,5,HUMI,AVG
2010,Persist,75.65630935095739,5,HUMI,AVG
2010,Ridge,10.721350990215791,5,HUMI,AVG
2010,RF,9.38687749044146,5,HUMI,AVG
2010,HGB,12.373915260377018,5,HUMI,AVG
2011,GlobalClim,76.61825905446892,5,HUMI,AVG
2011,DeptClim,77.13846040292914,5,HUMI,AVG
2011,Persist,73.42324958048196,5,HUMI,AVG
2011,Ridge,12.197395039497383,5,HUMI,AVG
2011,RF,10.068852971685986,5,HUMI,AVG
2011,HGB,11.657105837857344,5,HUMI,AVG
2012,GlobalClim,86.4222164351632,5,HUMI,AVG
2012,DeptClim,86.55606440105271,5,HUMI,AVG
2012,Persist,76.28447918869152,5,HUMI,AVG
2012,Ridge,17.566214947363093,5,HUMI,AVG
2012,RF,17.613582302659267,5,HUMI,AVG
2012,HGB,17.43574244623992,5,HUMI,AVG
2013,GlobalClim,77.58343010111524,5,HUMI,AVG
2013,DeptClim,77.84947837554768,5,HUMI,AVG
2013,Persist,72.82088002018213,5,HUMI,AVG
2013,Ridge,11.500724736410213,5,HUMI,AVG
2013,RF,11.66825858250012,5,HUMI,AVG
2013,HGB,12.944398616664019,5,HUMI,AVG
2014,GlobalClim,80.52180623938358,5,HUMI,AVG
2014,DeptClim,80.57053774222835,5,HUMI,AVG
2014,Persist,75.11452472765595,5,HUMI,AVG
2014,Ridge,8.271508207733852,5,HUMI,AVG
2014,RF,8.005041657281012,5,HUMI,AVG
2014,HGB,11.539522178681434,5,HUMI,AVG
2015,GlobalClim,79.15774411293354,5,HUMI,AVG
2015,DeptClim,79.57421251479701,5,HUMI,AVG
2015,Persist,76.80855792204125,5,HUMI,AVG
2015,Ridge,8.926472937434664,5,HUMI,AVG
2015,RF,8.306116806830602,5,HUMI,AVG
2015,HGB,8.62391188361047,5,HUMI,AVG
2016,GlobalClim,73.68507775902175,5,HUMI,AVG
2016,DeptClim,73.98146004286788,5,HUMI,AVG
2016,Persist,74.3615992463457,5,HUMI,AVG
2016,Ridge,11.946630492090394,5,HUMI,AVG
2016,RF,12.592705258988545,5,HUMI,AVG
2016,HGB,12.094426116827195,5,HUMI,AVG
2017,GlobalClim,78.1595815547248,5,HUMI,AVG
2017,DeptClim,79.0205482819357,5,HUMI,AVG
2017,Persist,76.42811825951935,5,HUMI,AVG
2017,Ridge,16.691376997130742,5,HUMI,AVG
2017,RF,18.443647939922677,5,HUMI,AVG
2017,HGB,17.333625544577725,5,HUMI,AVG
2018,GlobalClim,72.93001618741073,5,HUMI,AVG
2018,DeptClim,73.11020956121237,5,HUMI,AVG
2018,Persist,75.96614117288581,5,HUMI,AVG
2018,Ridge,6.470829497108987,5,HUMI,AVG
2018,RF,6.348348154871746,5,HUMI,AVG
2018,HGB,9.394001326975975,5,HUMI,AVG
2019,GlobalClim,74.5098773031516,5,HUMI,AVG
2019,DeptClim,74.69384915213462,5,HUMI,AVG
2019,Persist,76.30899375854413,5,HUMI,AVG
2019,Ridge,6.95677152406275,5,HUMI,AVG
2019,RF,7.1746926745964865,5,HUMI,AVG
2019,HGB,8.368224575493006,5,HUMI,AVG
2020,GlobalClim,78.82278535696264,5,HUMI,AVG
2020,DeptClim,79.0084035270756,5,HUMI,AVG
2020,Persist,78.4943410440249,5,HUMI,AVG
2020,Ridge,11.85053931892666,5,HUMI,AVG
2020,RF,11.544509438639668,5,HUMI,AVG
2020,HGB,11.607138231015464,5,HUMI,AVG
2021,GlobalClim,79.35179904996278,5,HUMI,AVG
2021,DeptClim,79.54594107134555,5,HUMI,AVG
2021,Persist,78.40330408981634,5,HUMI,AVG
2021,Ridge,15.19105553114326,5,HUMI,AVG
2021,RF,14.677926275604031,5,HUMI,AVG
2021,HGB,14.854234690566358,5,HUMI,AVG
2022,GlobalClim,73.5941046384625,5,HUMI,AVG
2022,DeptClim,73.88935909302583,5,HUMI,AVG
2022,Persist,76.96002927200058,5,HUMI,AVG
2022,Ridge,7.563115537414947,5,HUMI,AVG
2022,RF,6.793917983184656,5,HUMI,AVG
2022,HGB,7.8131441898134835,5,HUMI,AVG
2023,GlobalClim,78.15778740507584,5,HUMI,AVG
2023,DeptClim,78.76988758225006,5,HUMI,AVG
2023,Persist,80.0460015617342,5,HUMI,AVG
2023,Ridge,10.163865634683082,5,HUMI,AVG
2023,RF,8.672635573303031,5,HUMI,AVG
2023,HGB,9.170329708338059,5,HUMI,AVG
2024,GlobalClim,78.23799863180656,5,HUMI,AVG
2024,DeptClim,77.5121192853056,5,HUMI,AVG
2024,Persist,76.74238787019408,5,HUMI,AVG
2024,Ridge,12.208002096939454,5,HUMI,AVG
2024,RF,11.09629498514467,5,HUMI,AVG
2024,HGB,13.851045168930753,5,HUMI,AVG
2001,GlobalClim,118.73707292643974,6,HUMI,AVG
2001,DeptClim,114.81930023677678,6,HUMI,AVG
2001,Persist,58.56165470913311,6,HUMI,AVG
2001,Ridge,34.66853594941001,6,HUMI,AVG
2001,RF,23.736509776936728,6,HUMI,AVG
2001,HGB,24.277653413580143,6,HUMI,AVG
2002,GlobalClim,92.18893492383022,6,HUMI,AVG
2002,DeptClim,90.742408234718,6,HUMI,AVG
2002,Persist,63.11512148012387,6,HUMI,AVG
2002,Ridge,10.157408562761809,6,HUMI,AVG
2002,RF,15.733758816684206,6,HUMI,AVG
2002,HGB,11.918634559960543,6,HUMI,AVG
2003,GlobalClim,105.31875558053545,6,HUMI,AVG
2003,DeptClim,100.37612027123568,6,HUMI,AVG
2003,Persist,56.97905440482826,6,HUMI,AVG
2003,Ridge,22.72047721496384,6,HUMI,AVG
2003,RF,15.693003673197687,6,HUMI,AVG
2003,HGB,14.422145827859532,6,HUMI,AVG
2004,GlobalClim,106.18571348149533,6,HUMI,AVG
2004,DeptClim,104.86229814516346,6,HUMI,AVG
2004,Persist,66.09293282684847,6,HUMI,AVG
2004,Ridge,26.704434463538643,6,HUMI,AVG
2004,RF,20.310722295797305,6,HUMI,AVG
2004,HGB,20.524092344747636,6,HUMI,AVG
2005,GlobalClim,77.07091402272219,6,HUMI,AVG
2005,DeptClim,77.28304254808893,6,HUMI,AVG
2005,Persist,76.80596476114555,6,HUMI,AVG
2005,Ridge,9.380102569578733,6,HUMI,AVG
2005,RF,10.777349415918424,6,HUMI,AVG
2005,HGB,8.849751202057563,6,HUMI,AVG
2006,GlobalClim,70.55472299582955,6,HUMI,AVG
2006,DeptClim,71.22780056921663,6,HUMI,AVG
2006,Persist,75.85930405416765,6,HUMI,AVG
2006,Ridge,11.649621415340626,6,HUMI,AVG
2006,RF,12.205466857731444,6,HUMI,AVG
2006,HGB,11.59735003601601,6,HUMI,AVG
2007,GlobalClim,70.03639337420793,6,HUMI,AVG
2007,DeptClim,70.35760069119084,6,HUMI,AVG
2007,Persist,74.33026959419345,6,HUMI,AVG
2007,Ridge,10.8939743838267,6,HUMI,AVG
2007,RF,9.40350540457474,6,HUMI,AVG
2007,HGB,11.550348389247125,6,HUMI,AVG
2008,GlobalClim,70.32897799178866,6,HUMI,AVG
2008,DeptClim,70.74570884015654,6,HUMI,AVG
2008,Persist,74.64115480152381,6,HUMI,AVG
2008,Ridge,12.501499562990997,6,HUMI,AVG
2008,RF,11.50261450526544,6,HUMI,AVG
2008,HGB,11.5735267550564,6,HUMI,AVG
2009,GlobalClim,78.90490790243564,6,HUMI,AVG
2009,DeptClim,78.75950833411873,6,HUMI,AVG
2009,Persist,75.2160061445664,6,HUMI,AVG
2009,Ridge,16.941380097825412,6,HUMI,AVG
2009,RF,17.818962884148156,6,HUMI,AVG
2009,HGB,16.058492815540376,6,HUMI,AVG
2010,GlobalClim,74.12095934450801,6,HUMI,AVG
2010,DeptClim,74.41601617018995,6,HUMI,AVG
2010,Persist,72.79815352904514,6,HUMI,AVG
2010,Ridge,11.010158457845586,6,HUMI,AVG
2010,RF,10.188291971776557,6,HUMI,AVG
2010,HGB,10.719547841588696,6,HUMI,AVG
2011,GlobalClim,82.14083167545346,6,HUMI,AVG
2011,DeptClim,82.54068964106564,6,HUMI,AVG
2011,Persist,81.96307445132905,6,HUMI,AVG
2011,Ridge,16.834257561033155,6,HUMI,AVG
2011,RF,15.458830000744292,6,HUMI,AVG
2011,HGB,17.031419826873496,6,HUMI,AVG
2012,GlobalClim,84.33612571789367,6,HUMI,AVG
2012,DeptClim,84.26351639026512,6,HUMI,AVG
2012,Persist,75.63542924602326,6,HUMI,AVG
2012,Ridge,15.096903663314535,6,HUMI,AVG
2012,RF,16.297149596451714,6,HUMI,AVG
2012,HGB,15.827761674554843,6,HUMI,AVG
2013,GlobalClim,81.27261139515853,6,HUMI,AVG
2013,DeptClim,81.64131655644736,6,HUMI,AVG
2013,Persist,79.22098176298667,6,HUMI,AVG
2013,Ridge,17.349954427991005,6,HUMI,AVG
2013,RF,19.61555340458333,6,HUMI,AVG
2013,HGB,18.61783994620198,6,HUMI,AVG
2014,GlobalClim,78.15430834716457,6,HUMI,AVG
2014,DeptClim,78.10746645720863,6,HUMI,AVG
2014,Persist,74.60847064296765,6,HUMI,AVG
2014,Ridge,9.917247863374604,6,HUMI,AVG
2014,RF,9.362558832432402,6,HUMI,AVG
2014,HGB,11.491619108757137,6,HUMI,AVG
2015,GlobalClim,77.56317098432298,6,HUMI,AVG
2015,DeptClim,77.76058743619646,6,HUMI,AVG
2015,Persist,75.32290812340477,6,HUMI,AVG
2015,Ridge,8.781695796764215,6,HUMI,AVG
2015,RF,7.412469768004706,6,HUMI,AVG
2015,HGB,10.275389148455966,6,HUMI,AVG
2016,GlobalClim,73.31054347888755,6,HUMI,AVG
2016,DeptClim,73.66407188855302,6,HUMI,AVG
2016,Persist,75.77891322696867,6,HUMI,AVG
2016,Ridge,10.89771110557454,6,HUMI,AVG
2016,RF,14.169914712871565,6,HUMI,AVG
2016,HGB,11.778034928311358,6,HUMI,AVG
2017,GlobalClim,79.21392995671503,6,HUMI,AVG
2017,DeptClim,80.26810808741351,6,HUMI,AVG
2017,Persist,78.11138262180437,6,HUMI,AVG
2017,Ridge,17.269189284152425,6,HUMI,AVG
2017,RF,19.291634209835347,6,HUMI,AVG
2017,HGB,17.22633397302697,6,HUMI,AVG
2018,GlobalClim,74.82217006051404,6,HUMI,AVG
2018,DeptClim,75.03412617552415,6,HUMI,AVG
2018,Persist,78.19344442881572,6,HUMI,AVG
2018,Ridge,8.225112048280057,6,HUMI,AVG
2018,RF,9.352560167640945,6,HUMI,AVG
2018,HGB,10.949143071409988,6,HUMI,AVG
2019,GlobalClim,74.34412259670101,6,HUMI,AVG
2019,DeptClim,74.5796077046986,6,HUMI,AVG
2019,Persist,77.08284208937341,6,HUMI,AVG
2019,Ridge,6.934135767812345,6,HUMI,AVG
2019,RF,5.443302137667666,6,HUMI,AVG
2019,HGB,8.084513136357797,6,HUMI,AVG
2020,GlobalClim,77.23834794314661,6,HUMI,AVG
2020,DeptClim,77.59909169940092,6,HUMI,AVG
2020,Persist,76.20013906453568,6,HUMI,AVG
2020,Ridge,11.597182218828006,6,HUMI,AVG
2020,RF,11.813214145040291,6,HUMI,AVG
2020,HGB,12.457999924544572,6,HUMI,AVG
2021,GlobalClim,76.78053264045411,6,HUMI,AVG
2021,DeptClim,76.8518202815817,6,HUMI,AVG
2021,Persist,77.55836042535752,6,HUMI,AVG
2021,Ridge,12.056454189030912,6,HUMI,AVG
2021,RF,10.349812117579308,6,HUMI,AVG
2021,HGB,10.880418671391896,6,HUMI,AVG
2022,GlobalClim,73.53503327523246,6,HUMI,AVG
2022,DeptClim,73.95985173680398,6,HUMI,AVG
2022,Persist,77.85574253575385,6,HUMI,AVG
2022,Ridge,8.68658951640981,6,HUMI,AVG
2022,RF,7.396950640132415,6,HUMI,AVG
2022,HGB,7.782016182249312,6,HUMI,AVG
2023,GlobalClim,79.31606504467378,6,HUMI,AVG
2023,DeptClim,79.84757475373571,6,HUMI,AVG
2023,Persist,80.36792385466059,6,HUMI,AVG
2023,Ridge,11.02575604735785,6,HUMI,AVG
2023,RF,9.785709973024144,6,HUMI,AVG
2023,HGB,10.270135659213276,6,HUMI,AVG
2024,GlobalClim,78.41723347987678,6,HUMI,AVG
2024,DeptClim,78.44457838079522,6,HUMI,AVG
2024,Persist,79.96843149193879,6,HUMI,AVG
2024,Ridge,11.611912340290194,6,HUMI,AVG
2024,RF,13.099839596181214,6,HUMI,AVG
2024,HGB,12.710409228603599,6,HUMI,AVG
2001,GlobalClim,117.59428458041481,7,HUMI,AVG
2001,DeptClim,113.6421820858749,7,HUMI,AVG
2001,Persist,58.02383887336964,7,HUMI,AVG
2001,Ridge,33.61920939991684,7,HUMI,AVG
2001,RF,21.452071287734686,7,HUMI,AVG
2001,HGB,26.25936227848196,7,HUMI,AVG
2002,GlobalClim,89.76838007383225,7,HUMI,AVG
2002,DeptClim,89.36043245434914,7,HUMI,AVG
2002,Persist,61.7239196032943,7,HUMI,AVG
2002,Ridge,7.3234135422560245,7,HUMI,AVG
2002,RF,13.150367790470336,7,HUMI,AVG
2002,HGB,6.587708508498748,7,HUMI,AVG
2003,GlobalClim,106.61354075220704,7,HUMI,AVG
2003,DeptClim,103.06698780089222,7,HUMI,AVG
2003,Persist,57.820533536823035,7,HUMI,AVG
2003,Ridge,23.995034437439518,7,HUMI,AVG
2003,RF,11.04772545031955,7,HUMI,AVG
2003,HGB,16.685122879126794,7,HUMI,AVG
2004,GlobalClim,109.08662539232206,7,HUMI,AVG
2004,DeptClim,107.51512229805998,7,HUMI,AVG
2004,Persist,67.77753739003566,7,HUMI,AVG
2004,Ridge,30.640141973308612,7,HUMI,AVG
2004,RF,21.76414479148219,7,HUMI,AVG
2004,HGB,24.94543502425323,7,HUMI,AVG
2005,GlobalClim,76.97553899132805,7,HUMI,AVG
2005,DeptClim,77.59306241666228,7,HUMI,AVG
2005,Persist,76.10420697332559,7,HUMI,AVG
2005,Ridge,12.112079772501191,7,HUMI,AVG
2005,RF,11.6473739031691,7,HUMI,AVG
2005,HGB,11.0471300080518,7,HUMI,AVG
2006,GlobalClim,70.48393706693439,7,HUMI,AVG
2006,DeptClim,71.27553262032555,7,HUMI,AVG
2006,Persist,76.03526201694635,7,HUMI,AVG
2006,Ridge,8.967888830138435,7,HUMI,AVG
2006,RF,9.62243431861476,7,HUMI,AVG
2006,HGB,9.601083402876132,7,HUMI,AVG
2007,GlobalClim,69.04908313402838,7,HUMI,AVG
2007,DeptClim,69.57360546961252,7,HUMI,AVG
2007,Persist,73.79390667111815,7,HUMI,AVG
2007,Ridge,12.821904669098057,7,HUMI,AVG
2007,RF,10.604340416935381,7,HUMI,AVG
2007,HGB,12.300456451775025,7,HUMI,AVG
2008,GlobalClim,69.86187603195118,7,HUMI,AVG
2008,DeptClim,70.16700341358285,7,HUMI,AVG
2008,Persist,74.1302622095504,7,HUMI,AVG
2008,Ridge,12.292774637480957,7,HUMI,AVG
2008,RF,10.195952212701915,7,HUMI,AVG
2008,HGB,11.282381664475826,7,HUMI,AVG
2009,GlobalClim,81.92392868783425,7,HUMI,AVG
2009,DeptClim,81.5435444838065,7,HUMI,AVG
2009,Persist,78.75680552938871,7,HUMI,AVG
2009,Ridge,19.114378590110913,7,HUMI,AVG
2009,RF,20.741468932455263,7,HUMI,AVG
2009,HGB,19.51907316129302,7,HUMI,AVG
2010,GlobalClim,71.6815072102273,7,HUMI,AVG
2010,DeptClim,71.82580516602425,7,HUMI,AVG
2010,Persist,72.76580460919592,7,HUMI,AVG
2010,Ridge,11.97322208608595,7,HUMI,AVG
2010,RF,10.933355377447702,7,HUMI,AVG
2010,HGB,12.081866863878783,7,HUMI,AVG
2011,GlobalClim,82.25013939031619,7,HUMI,AVG
2011,DeptClim,82.64720630713958,7,HUMI,AVG
2011,Persist,76.36452098474426,7,HUMI,AVG
2011,Ridge,18.440486606149655,7,HUMI,AVG
2011,RF,17.26927432936375,7,HUMI,AVG
2011,HGB,18.42349417111003,7,HUMI,AVG
2012,GlobalClim,83.32447291316177,7,HUMI,AVG
2012,DeptClim,82.98543845255325,7,HUMI,AVG
2012,Persist,76.06574634650525,7,HUMI,AVG
2012,Ridge,14.956935490914248,7,HUMI,AVG
2012,RF,14.993984768342715,7,HUMI,AVG
2012,HGB,14.802201400469476,7,HUMI,AVG
2013,GlobalClim,77.67743826590255,7,HUMI,AVG
2013,DeptClim,77.77748047215657,7,HUMI,AVG
2013,Persist,74.48482759134326,7,HUMI,AVG
2013,Ridge,11.925923341200209,7,HUMI,AVG
2013,RF,11.52480336538306,7,HUMI,AVG
2013,HGB,13.081244139158255,7,HUMI,AVG
2014,GlobalClim,79.77580947684812,7,HUMI,AVG
2014,DeptClim,79.62748265811062,7,HUMI,AVG
2014,Persist,78.55724639459586,7,HUMI,AVG
2014,Ridge,9.165240562450094,7,HUMI,AVG
2014,RF,8.833039397884662,7,HUMI,AVG
2014,HGB,9.421126931593438,7,HUMI,AVG
2015,GlobalClim,74.93777410487262,7,HUMI,AVG
2015,DeptClim,75.23053428516904,7,HUMI,AVG
2015,Persist,75.16262533950653,7,HUMI,AVG
2015,Ridge,9.067731049052151,7,HUMI,AVG
2015,RF,8.547181448568315,7,HUMI,AVG
2015,HGB,9.58391214181589,7,HUMI,AVG
2016,GlobalClim,72.68817613508311,7,HUMI,AVG
2016,DeptClim,73.08240356797621,7,HUMI,AVG
2016,Persist,75.83948185309595,7,HUMI,AVG
2016,Ridge,9.284311592892685,7,HUMI,AVG
2016,RF,7.1409024119248885,7,HUMI,AVG
2016,HGB,8.95164003781737,7,HUMI,AVG
2017,GlobalClim,78.95645204825408,7,HUMI,AVG
2017,DeptClim,80.04512041826062,7,HUMI,AVG
2017,Persist,77.55790059918928,7,HUMI,AVG
2017,Ridge,17.534108617664366,7,HUMI,AVG
2017,RF,18.42673157277561,7,HUMI,AVG
2017,HGB,17.24447840019568,7,HUMI,AVG
2018,GlobalClim,74.97692594475869,7,HUMI,AVG
2018,DeptClim,75.3155953630094,7,HUMI,AVG
2018,Persist,77.4722847885727,7,HUMI,AVG
2018,Ridge,6.497606091987366,7,HUMI,AVG
2018,RF,9.20843596944123,7,HUMI,AVG
2018,HGB,7.856210291102921,7,HUMI,AVG
2019,GlobalClim,74.19610716486504,7,HUMI,AVG
2019,DeptClim,74.61507868048791,7,HUMI,AVG
2019,Persist,77.3970970291098,7,HUMI,AVG
2019,Ridge,8.42756144700091,7,HUMI,AVG
2019,RF,7.574511483169168,7,HUMI,AVG
2019,HGB,7.326100447671675,7,HUMI,AVG
2020,GlobalClim,74.08701161761037,7,HUMI,AVG
2020,DeptClim,74.6916564598254,7,HUMI,AVG
2020,Persist,75.18289873124961,7,HUMI,AVG
2020,Ridge,11.808772208560507,7,HUMI,AVG
2020,RF,11.826937704716107,7,HUMI,AVG
2020,HGB,11.880526674386031,7,HUMI,AVG
2021,GlobalClim,76.19600230654295,7,HUMI,AVG
2021,DeptClim,76.29315914380953,7,HUMI,AVG
2021,Persist,78.14469318718065,7,HUMI,AVG
2021,Ridge,9.887639726142577,7,HUMI,AVG
2021,RF,8.031512636325694,7,HUMI,AVG
2021,HGB,8.396059659257885,7,HUMI,AVG
2022,GlobalClim,74.7103391200663,7,HUMI,AVG
2022,DeptClim,75.23363520771893,7,HUMI,AVG
2022,Persist,79.31829832441548,7,HUMI,AVG
2022,Ridge,6.222480238577696,7,HUMI,AVG
2022,RF,5.5139213467462005,7,HUMI,AVG
2022,HGB,4.867431412289038,7,HUMI,AVG
2023,GlobalClim,78.0989616116861,7,HUMI,AVG
2023,DeptClim,78.30168461776402,7,HUMI,AVG
2023,Persist,79.50983851163714,7,HUMI,AVG
2023,Ridge,9.89622165984589,7,HUMI,AVG
2023,RF,10.951400378453503,7,HUMI,AVG
2023,HGB,9.244145383944282,7,HUMI,AVG
2024,GlobalClim,76.60946053838141,7,HUMI,AVG
2024,DeptClim,76.86796585775902,7,HUMI,AVG
2024,Persist,80.1632641203753,7,HUMI,AVG
2024,Ridge,9.666196594578116,7,HUMI,AVG
2024,RF,7.7277268048932,7,HUMI,AVG
2024,HGB,9.007059243005452,7,HUMI,AVG
2001,GlobalClim,119.5734251906796,8,HUMI,AVG
2001,DeptClim,115.89695735588272,8,HUMI,AVG
2001,Persist,59.960454429741844,8,HUMI,AVG
2001,Ridge,36.16217708291021,8,HUMI,AVG
2001,RF,24.224296463203896,8,HUMI,AVG
2001,HGB,27.86734297240217,8,HUMI,AVG
2002,GlobalClim,95.95541568337231,8,HUMI,AVG
2002,DeptClim,95.85392296903879,8,HUMI,AVG
2002,Persist,56.822092181341425,8,HUMI,AVG
2002,Ridge,19.73651049520361,8,HUMI,AVG
2002,RF,17.819782542896412,8,HUMI,AVG
2002,HGB,16.129055450501244,8,HUMI,AVG
2003,GlobalClim,75.88461900125765,8,HUMI,AVG
2003,DeptClim,70.6624166205329,8,HUMI,AVG
2003,Persist,41.363313686170486,8,HUMI,AVG
2003,Ridge,14.538719224390668,8,HUMI,AVG
2003,RF,15.63611639951496,8,HUMI,AVG
2003,HGB,13.443441124192079,8,HUMI,AVG
2004,GlobalClim,109.3587543647426,8,HUMI,AVG
2004,DeptClim,107.32028322248746,8,HUMI,AVG
2004,Persist,67.8654931623873,8,HUMI,AVG
2004,Ridge,31.133597192549328,8,HUMI,AVG
2004,RF,21.064048568803,8,HUMI,AVG
2004,HGB,21.25903975604685,8,HUMI,AVG
2005,GlobalClim,77.90487004675862,8,HUMI,AVG
2005,DeptClim,78.50568281563946,8,HUMI,AVG
2005,Persist,76.73617428547946,8,HUMI,AVG
2005,Ridge,8.063976411860422,8,HUMI,AVG
2005,RF,9.51759329207505,8,HUMI,AVG
2005,HGB,8.24967037645683,8,HUMI,AVG
2006,GlobalClim,71.82729006776025,8,HUMI,AVG
2006,DeptClim,72.1952806674575,8,HUMI,AVG
2006,Persist,75.99455652677453,8,HUMI,AVG
2006,Ridge,9.650709841061326,8,HUMI,AVG
2006,RF,9.946414899937475,8,HUMI,AVG
2006,HGB,10.095504659651732,8,HUMI,AVG
2007,GlobalClim,68.1924312761072,8,HUMI,AVG
2007,DeptClim,68.66615967563642,8,HUMI,AVG
2007,Persist,72.29261893402169,8,HUMI,AVG
2007,Ridge,12.181424559520277,8,HUMI,AVG
2007,RF,11.312588940579735,8,HUMI,AVG
2007,HGB,12.363256445576077,8,HUMI,AVG
2008,GlobalClim,73.84239941667923,8,HUMI,AVG
2008,DeptClim,73.99767165884971,8,HUMI,AVG
2008,Persist,77.19174770222546,8,HUMI,AVG
2008,Ridge,13.24081615234441,8,HUMI,AVG
2008,RF,13.063989897359818,8,HUMI,AVG
2008,HGB,14.503776323498146,8,HUMI,AVG
2009,GlobalClim,76.46173355306418,8,HUMI,AVG
2009,DeptClim,76.54094315410156,8,HUMI,AVG
2009,Persist,71.8770848711717,8,HUMI,AVG
2009,Ridge,14.149649621410742,8,HUMI,AVG
2009,RF,14.229436372484352,8,HUMI,AVG
2009,HGB,14.503951135453184,8,HUMI,AVG
2010,GlobalClim,73.5658171932007,8,HUMI,AVG
2010,DeptClim,73.6102990132841,8,HUMI,AVG
2010,Persist,75.7018379305522,8,HUMI,AVG
2010,Ridge,12.206437941824516,8,HUMI,AVG
2010,RF,8.535416611544989,8,HUMI,AVG
2010,HGB,12.64833426077483,8,HUMI,AVG
2011,GlobalClim,83.01781732347904,8,HUMI,AVG
2011,DeptClim,83.2284571567719,8,HUMI,AVG
2011,Persist,76.00132474192084,8,HUMI,AVG
2011,Ridge,18.02694516798585,8,HUMI,AVG
2011,RF,16.98548502855609,8,HUMI,AVG
2011,HGB,17.727396537482946,8,HUMI,AVG
2012,GlobalClim,84.50888609738014,8,HUMI,AVG
2012,DeptClim,84.53985357306203,8,HUMI,AVG
2012,Persist,77.46698791022777,8,HUMI,AVG
2012,Ridge,18.15564791639181,8,HUMI,AVG
2012,RF,13.002335266408238,8,HUMI,AVG
2012,HGB,16.622235935398958,8,HUMI,AVG
2013,GlobalClim,77.47574752469927,8,HUMI,AVG
2013,DeptClim,77.95371827143562,8,HUMI,AVG
2013,Persist,74.80136136103009,8,HUMI,AVG
2013,Ridge,12.96654766412044,8,HUMI,AVG
2013,RF,13.065495168186118,8,HUMI,AVG
2013,HGB,11.94676578689224,8,HUMI,AVG
2014,GlobalClim,76.16215773582056,8,HUMI,AVG
2014,DeptClim,76.27826037412405,8,HUMI,AVG
2014,Persist,73.68054169782336,8,HUMI,AVG
2014,Ridge,9.827804138377514,8,HUMI,AVG
2014,RF,7.95869876936223,8,HUMI,AVG
2014,HGB,7.442330930745405,8,HUMI,AVG
2015,GlobalClim,75.53310202165244,8,HUMI,AVG
2015,DeptClim,75.80523507488468,8,HUMI,AVG
2015,Persist,75.44023832855476,8,HUMI,AVG
2015,Ridge,8.279688924626367,8,HUMI,AVG
2015,RF,8.762695837635976,8,HUMI,AVG
2015,HGB,10.301261464815113,8,HUMI,AVG
2016,GlobalClim,73.10428308046318,8,HUMI,AVG
2016,DeptClim,73.15954054190281,8,HUMI,AVG
2016,Persist,75.68912346486512,8,HUMI,AVG
2016,Ridge,8.527854486890163,8,HUMI,AVG
2016,RF,6.712429297601461,8,HUMI,AVG
2016,HGB,10.023706491702816,8,HUMI,AVG
2017,GlobalClim,78.26132409756329,8,HUMI,AVG
2017,DeptClim,79.11889570383887,8,HUMI,AVG
2017,Persist,75.89355775569032,8,HUMI,AVG
2017,Ridge,16.845216333375287,8,HUMI,AVG
2017,RF,17.816457934664967,8,HUMI,AVG
2017,HGB,13.063789326996746,8,HUMI,AVG
2018,GlobalClim,75.51386933449389,8,HUMI,AVG
2018,DeptClim,75.54642307490151,8,HUMI,AVG
2018,Persist,76.65101573412099,8,HUMI,AVG
2018,Ridge,5.2756417600908865,8,HUMI,AVG
2018,RF,5.306541959604064,8,HUMI,AVG
2018,HGB,5.591422514458365,8,HUMI,AVG
2019,GlobalClim,75.80440085391045,8,HUMI,AVG
2019,DeptClim,75.7698292091213,8,HUMI,AVG
2019,Persist,77.94089834804223,8,HUMI,AVG
2019,Ridge,7.6913748772467905,8,HUMI,AVG
2019,RF,7.520201000897349,8,HUMI,AVG
2019,HGB,6.8770896489035245,8,HUMI,AVG
2020,GlobalClim,76.18862278569426,8,HUMI,AVG
2020,DeptClim,76.4713006461768,8,HUMI,AVG
2020,Persist,78.77036236794588,8,HUMI,AVG
2020,Ridge,10.544002182627807,8,HUMI,AVG
2020,RF,11.197591099115042,8,HUMI,AVG
2020,HGB,11.329286583085333,8,HUMI,AVG
2021,GlobalClim,74.52913857044409,8,HUMI,AVG
2021,DeptClim,74.66949811784825,8,HUMI,AVG
2021,Persist,75.96248831174306,8,HUMI,AVG
2021,Ridge,8.720290858516568,8,HUMI,AVG
2021,RF,7.853248128691098,8,HUMI,AVG
2021,HGB,8.03907477265833,8,HUMI,AVG
2022,GlobalClim,73.87765395843023,8,HUMI,AVG
2022,DeptClim,74.19890518982025,8,HUMI,AVG
2022,Persist,78.20495821683747,8,HUMI,AVG
2022,Ridge,5.82423198591322,8,HUMI,AVG
2022,RF,6.134841375140022,8,HUMI,AVG
2022,HGB,5.423996783763831,8,HUMI,AVG
2023,GlobalClim,79.87305147071048,8,HUMI,AVG
2023,DeptClim,80.18578946703744,8,HUMI,AVG
2023,Persist,80.4032927529992,8,HUMI,AVG
2023,Ridge,12.9901130577621,8,HUMI,AVG
2023,RF,11.965079719166303,8,HUMI,AVG
2023,HGB,12.312111259966857,8,HUMI,AVG
2024,GlobalClim,74.72880172824037,8,HUMI,AVG
2024,DeptClim,75.40080080088148,8,HUMI,AVG
2024,Persist,78.42539674044208,8,HUMI,AVG
2024,Ridge,10.198036742603291,8,HUMI,AVG
2024,RF,9.663990490616765,8,HUMI,AVG
2024,HGB,10.051200048378096,8,HUMI,AVG
2001,GlobalClim,131.8418502369137,9,HUMI,AVG
2001,DeptClim,130.57693471572966,9,HUMI,AVG
2001,Persist,59.09341975136924,9,HUMI,AVG
2001,Ridge,55.953559004513814,9,HUMI,AVG
2001,RF,46.64934555496938,9,HUMI,AVG
2001,HGB,48.45979633528589,9,HUMI,AVG
2002,GlobalClim,88.25600171131423,9,HUMI,AVG
2002,DeptClim,80.31067657918148,9,HUMI,AVG
2002,Persist,55.86178854266058,9,HUMI,AVG
2002,Ridge,11.761996963546272,9,HUMI,AVG
2002,RF,8.574422213611571,9,HUMI,AVG
2002,HGB,7.649681582134126,9,HUMI,AVG
2003,GlobalClim,97.17966183421672,9,HUMI,AVG
2003,DeptClim,92.52644909295294,9,HUMI,AVG
2003,Persist,79.3930292622183,9,HUMI,AVG
2003,Ridge,19.674379365589882,9,HUMI,AVG
2003,RF,13.242353296619758,9,HUMI,AVG
2003,HGB,12.786103840680617,9,HUMI,AVG
2004,GlobalClim,112.31555827115142,9,HUMI,AVG
2004,DeptClim,109.56272780183272,9,HUMI,AVG
2004,Persist,60.03894346518369,9,HUMI,AVG
2004,Ridge,39.24561195005983,9,HUMI,AVG
2004,RF,34.33896194853458,9,HUMI,AVG
2004,HGB,34.16216749071393,9,HUMI,AVG
2005,GlobalClim,74.82721607193719,9,HUMI,AVG
2005,DeptClim,74.84059387261148,9,HUMI,AVG
2005,Persist,73.83271521906158,9,HUMI,AVG
2005,Ridge,6.871857712214175,9,HUMI,AVG
2005,RF,10.812893542035637,9,HUMI,AVG
2005,HGB,8.408298036975737,9,HUMI,AVG
2006,GlobalClim,68.85305636712663,9,HUMI,AVG
2006,DeptClim,69.28559324244115,9,HUMI,AVG
2006,Persist,72.49853981071517,9,HUMI,AVG
2006,Ridge,8.529217257969892,9,HUMI,AVG
2006,RF,9.459682980339826,9,HUMI,AVG
2006,HGB,9.883454169839993,9,HUMI,AVG
2007,GlobalClim,67.25147382230217,9,HUMI,AVG
2007,DeptClim,67.71873321192024,9,HUMI,AVG
2007,Persist,73.71679049703957,9,HUMI,AVG
2007,Ridge,13.91777212450035,9,HUMI,AVG
2007,RF,13.279470152789173,9,HUMI,AVG
2007,HGB,13.742559211118124,9,HUMI,AVG
2008,GlobalClim,72.35105734402195,9,HUMI,AVG
2008,DeptClim,72.36921120497995,9,HUMI,AVG
2008,Persist,73.51506772364533,9,HUMI,AVG
2008,Ridge,12.747249278955229,9,HUMI,AVG
2008,RF,12.226296290522258,9,HUMI,AVG
2008,HGB,12.687818762923778,9,HUMI,AVG
2009,GlobalClim,77.96981930848088,9,HUMI,AVG
2009,DeptClim,77.76876571951559,9,HUMI,AVG
2009,Persist,76.90633823047294,9,HUMI,AVG
2009,Ridge,14.077549092421458,9,HUMI,AVG
2009,RF,14.964403671089649,9,HUMI,AVG
2009,HGB,14.484269369334267,9,HUMI,AVG
2010,GlobalClim,70.67276540180971,9,HUMI,AVG
2010,DeptClim,70.62213599937795,9,HUMI,AVG
2010,Persist,74.22500780357123,9,HUMI,AVG
2010,Ridge,10.060192781372727,9,HUMI,AVG
2010,RF,11.138432379959594,9,HUMI,AVG
2010,HGB,9.542221467036763,9,HUMI,AVG
2011,GlobalClim,82.13432222397716,9,HUMI,AVG
2011,DeptClim,82.55646264436821,9,HUMI,AVG
2011,Persist,75.27672476333838,9,HUMI,AVG
2011,Ridge,19.361249565832654,9,HUMI,AVG
2011,RF,17.751924682228825,9,HUMI,AVG
2011,HGB,19.56431704455067,9,HUMI,AVG
2012,GlobalClim,83.94976061892781,9,HUMI,AVG
2012,DeptClim,84.10977352453524,9,HUMI,AVG
2012,Persist,75.6650136828357,9,HUMI,AVG
2012,Ridge,18.99304080087226,9,HUMI,AVG
2012,RF,16.69592441285565,9,HUMI,AVG
2012,HGB,20.45556189404,9,HUMI,AVG
2013,GlobalClim,75.72369785605916,9,HUMI,AVG
2013,DeptClim,76.26078504146568,9,HUMI,AVG
2013,Persist,74.31285433391115,9,HUMI,AVG
2013,Ridge,13.870498840980863,9,HUMI,AVG
2013,RF,13.479052655848488,9,HUMI,AVG
2013,HGB,13.588573789754415,9,HUMI,AVG
2014,GlobalClim,74.5463259626389,9,HUMI,AVG
2014,DeptClim,74.96375353093613,9,HUMI,AVG
2014,Persist,74.51755381431381,9,HUMI,AVG
2014,Ridge,10.05743902522351,9,HUMI,AVG
2014,RF,7.565941467080692,9,HUMI,AVG
2014,HGB,9.978804126423817,9,HUMI,AVG
2015,GlobalClim,76.97321223657403,9,HUMI,AVG
2015,DeptClim,77.50489908122404,9,HUMI,AVG
2015,Persist,77.45711806860493,9,HUMI,AVG
2015,Ridge,8.029954220050028,9,HUMI,AVG
2015,RF,7.422393279704956,9,HUMI,AVG
2015,HGB,8.046294446080699,9,HUMI,AVG
2016,GlobalClim,71.36823491043661,9,HUMI,AVG
2016,DeptClim,71.9676719569597,9,HUMI,AVG
2016,Persist,74.42973066272508,9,HUMI,AVG
2016,Ridge,5.7673258650630785,9,HUMI,AVG
2016,RF,4.7726598403367895,9,HUMI,AVG
2016,HGB,5.476439498160535,9,HUMI,AVG
2017,GlobalClim,72.2776256071656,9,HUMI,AVG
2017,DeptClim,72.84345921551746,9,HUMI,AVG
2017,Persist,73.57402148321052,9,HUMI,AVG
2017,Ridge,6.039503668355779,9,HUMI,AVG
2017,RF,6.779421412932204,9,HUMI,AVG
2017,HGB,7.972912665889861,9,HUMI,AVG
2018,GlobalClim,73.65545497714686,9,HUMI,AVG
2018,DeptClim,74.12581143807546,9,HUMI,AVG
2018,Persist,75.09231301044302,9,HUMI,AVG
2018,Ridge,4.468623066837159,9,HUMI,AVG
2018,RF,4.468771006022685,9,HUMI,AVG
2018,HGB,6.008895731117684,9,HUMI,AVG
2019,GlobalClim,73.16246317802371,9,HUMI,AVG
2019,DeptClim,73.68144281419035,9,HUMI,AVG
2019,Persist,74.85860887933458,9,HUMI,AVG
2019,Ridge,6.46160071992752,9,HUMI,AVG
2019,RF,6.026302129859369,9,HUMI,AVG
2019,HGB,6.676026856993372,9,HUMI,AVG
2020,GlobalClim,78.54876523187305,9,HUMI,AVG
2020,DeptClim,79.17346320231998,9,HUMI,AVG
2020,Persist,79.85394405261167,9,HUMI,AVG
2020,Ridge,15.590965364309717,9,HUMI,AVG
2020,RF,15.772343843217012,9,HUMI,AVG
2020,HGB,14.54040371789831,9,HUMI,AVG
2021,GlobalClim,73.51071437289515,9,HUMI,AVG
2021,DeptClim,74.27752938122654,9,HUMI,AVG
2021,Persist,76.71416471782324,9,HUMI,AVG
2021,Ridge,8.181806417034256,9,HUMI,AVG
2021,RF,9.182699403204841,9,HUMI,AVG
2021,HGB,9.285717306875608,9,HUMI,AVG
2022,GlobalClim,72.41200827855002,9,HUMI,AVG
2022,DeptClim,72.95490463072665,9,HUMI,AVG
2022,Persist,76.87495732479373,9,HUMI,AVG
2022,Ridge,6.1512875312883235,9,HUMI,AVG
2022,RF,5.455603654270536,9,HUMI,AVG
2022,HGB,6.163103624616535,9,HUMI,AVG
2023,GlobalClim,82.62068829979678,9,HUMI,AVG
2023,DeptClim,82.95035335256034,9,HUMI,AVG
2023,Persist,81.439452204333,9,HUMI,AVG
2023,Ridge,16.324298043304765,9,HUMI,AVG
2023,RF,16.009389627769888,9,HUMI,AVG
2023,HGB,15.692251543132064,9,HUMI,AVG
2024,GlobalClim,76.99928878125102,9,HUMI,AVG
2024,DeptClim,77.36412790624414,9,HUMI,AVG
2024,Persist,81.22397313869972,9,HUMI,AVG
2024,Ridge,13.855647040388252,9,HUMI,AVG
2024,RF,11.566542323424422,9,HUMI,AVG
2024,HGB,11.071052599355104,9,HUMI,AVG
2001,GlobalClim,114.40745910863407,10,HUMI,AVG
2001,DeptClim,110.47080561368345,10,HUMI,AVG
2001,Persist,49.54635705506786,10,HUMI,AVG
2001,Ridge,30.92907370275482,10,HUMI,AVG
2001,RF,27.37426187477764,10,HUMI,AVG
2001,HGB,28.315820896052816,10,HUMI,AVG
2002,GlobalClim,76.64206128373142,10,HUMI,AVG
2002,DeptClim,71.30798049643481,10,HUMI,AVG
2002,Persist,34.78640772588291,10,HUMI,AVG
2002,Ridge,4.116086170388825,10,HUMI,AVG
2002,RF,6.998268190965171,10,HUMI,AVG
2002,HGB,6.073396374505292,10,HUMI,AVG
2003,GlobalClim,96.49154882026355,10,HUMI,AVG
2003,DeptClim,93.71503572344679,10,HUMI,AVG
2003,Persist,58.8523914231821,10,HUMI,AVG
2003,Ridge,18.904361549111876,10,HUMI,AVG
2003,RF,14.086291345380513,10,HUMI,AVG
2003,HGB,16.48694282662978,10,HUMI,AVG
2004,GlobalClim,110.9851596520475,10,HUMI,AVG
2004,DeptClim,108.96877064322477,10,HUMI,AVG
2004,Persist,65.8357582053806,10,HUMI,AVG
2004,Ridge,35.86154350031605,10,HUMI,AVG
2004,RF,31.352971037535006,10,HUMI,AVG
2004,HGB,32.13196383626062,10,HUMI,AVG
2005,GlobalClim,75.46816109301925,10,HUMI,AVG
2005,DeptClim,75.60416224525464,10,HUMI,AVG
2005,Persist,72.26779807844817,10,HUMI,AVG
2005,Ridge,7.852567565363931,10,HUMI,AVG
2005,RF,9.303272718115293,10,HUMI,AVG
2005,HGB,7.314039663433027,10,HUMI,AVG
2006,GlobalClim,70.09519871594776,10,HUMI,AVG
2006,DeptClim,70.41772626791251,10,HUMI,AVG
2006,Persist,73.89682207995257,10,HUMI,AVG
2006,Ridge,10.385445704043796,10,HUMI,AVG
2006,RF,9.823318660642975,10,HUMI,AVG
2006,HGB,10.593521453844165,10,HUMI,AVG
2007,GlobalClim,70.32933696222265,10,HUMI,AVG
2007,DeptClim,70.63921971114837,10,HUMI,AVG
2007,Persist,74.64556810119606,10,HUMI,AVG
2007,Ridge,11.264898265326753,10,HUMI,AVG
2007,RF,10.801867341254745,10,HUMI,AVG
2007,HGB,10.788821704346764,10,HUMI,AVG
2008,GlobalClim,72.50896933933736,10,HUMI,AVG
2008,DeptClim,72.658646648477,10,HUMI,AVG
2008,Persist,73.08702069870364,10,HUMI,AVG
2008,Ridge,11.485107832074567,10,HUMI,AVG
2008,RF,11.181977276931807,10,HUMI,AVG
2008,HGB,11.495874002948879,10,HUMI,AVG
2009,GlobalClim,78.65982925301684,10,HUMI,AVG
2009,DeptClim,78.68882334541091,10,HUMI,AVG
2009,Persist,73.82361335486327,10,HUMI,AVG
2009,Ridge,14.524429989926643,10,HUMI,AVG
2009,RF,14.98290815644275,10,HUMI,AVG
2009,HGB,16.07619790459118,10,HUMI,AVG
2010,GlobalClim,79.4524407849534,10,HUMI,AVG
2010,DeptClim,79.39521968797555,10,HUMI,AVG
2010,Persist,80.27122800298793,10,HUMI,AVG
2010,Ridge,12.683766525988661,10,HUMI,AVG
2010,RF,12.257962094765457,10,HUMI,AVG
2010,HGB,12.674411521327215,10,HUMI,AVG
2011,GlobalClim,81.62169299220636,10,HUMI,AVG
2011,DeptClim,81.74939229514392,10,HUMI,AVG
2011,Persist,73.22293302408771,10,HUMI,AVG
2011,Ridge,13.965642596226825,10,HUMI,AVG
2011,RF,13.16174403587961,10,HUMI,AVG
2011,HGB,14.751850148090634,10,HUMI,AVG
2012,GlobalClim,83.71284923341565,10,HUMI,AVG
2012,DeptClim,83.81648025619762,10,HUMI,AVG
2012,Persist,76.85037629351802,10,HUMI,AVG
2012,Ridge,14.761694114946547,10,HUMI,AVG
2012,RF,13.615322784982594,10,HUMI,AVG
2012,HGB,14.668268342402838,10,HUMI,AVG
2013,GlobalClim,81.17469331269402,10,HUMI,AVG
2013,DeptClim,81.28999016844453,10,HUMI,AVG
2013,Persist,78.54233550484359,10,HUMI,AVG
2013,Ridge,14.261372213537715,10,HUMI,AVG
2013,RF,15.647799314506408,10,HUMI,AVG
2013,HGB,15.278357755299576,10,HUMI,AVG
2014,GlobalClim,76.35939043248085,10,HUMI,AVG
2014,DeptClim,76.44213487139781,10,HUMI,AVG
2014,Persist,75.05582070000412,10,HUMI,AVG
2014,Ridge,9.253277674273262,10,HUMI,AVG
2014,RF,10.308003184365917,10,HUMI,AVG
2014,HGB,11.281702500689924,10,HUMI,AVG
2015,GlobalClim,76.5821765553558,10,HUMI,AVG
2015,DeptClim,77.0862677246176,10,HUMI,AVG
2015,Persist,74.26199483507088,10,HUMI,AVG
2015,Ridge,5.98935845541243,10,HUMI,AVG
2015,RF,5.860123499902905,10,HUMI,AVG
2015,HGB,6.807390965631344,10,HUMI,AVG
2016,GlobalClim,75.73414827609761,10,HUMI,AVG
2016,DeptClim,76.2786627962401,10,HUMI,AVG
2016,Persist,78.48046630276875,10,HUMI,AVG
2016,Ridge,10.422772122725963,10,HUMI,AVG
2016,RF,11.619182582679557,10,HUMI,AVG
2016,HGB,10.014513888653134,10,HUMI,AVG
2017,GlobalClim,73.47032323766899,10,HUMI,AVG
2017,DeptClim,73.8859246457202,10,HUMI,AVG
2017,Persist,75.593160296943,10,HUMI,AVG
2017,Ridge,5.547789241127216,10,HUMI,AVG
2017,RF,7.50331308478897,10,HUMI,AVG
2017,HGB,7.487028006397015,10,HUMI,AVG
2018,GlobalClim,74.37061310817973,10,HUMI,AVG
2018,DeptClim,74.71730237156973,10,HUMI,AVG
2018,Persist,75.27092435414033,10,HUMI,AVG
2018,Ridge,4.9380250326835675,10,HUMI,AVG
2018,RF,3.615289272314138,10,HUMI,AVG
2018,HGB,5.370938929504707,10,HUMI,AVG
2019,GlobalClim,73.79224750161752,10,HUMI,AVG
2019,DeptClim,74.21075943740895,10,HUMI,AVG
2019,Persist,75.56329093141187,10,HUMI,AVG
2019,Ridge,6.038426180691996,10,HUMI,AVG
2019,RF,5.942400467068153,10,HUMI,AVG
2019,HGB,5.540367874838067,10,HUMI,AVG
2020,GlobalClim,82.11934490946228,10,HUMI,AVG
2020,DeptClim,82.508738447085,10,HUMI,AVG
2020,Persist,78.82503214406562,10,HUMI,AVG
2020,Ridge,16.53049699593316,10,HUMI,AVG
2020,RF,17.340496536253,10,HUMI,AVG
2020,HGB,16.59632698878694,10,HUMI,AVG
2021,GlobalClim,74.94449145107971,10,HUMI,AVG
2021,DeptClim,75.57287178118833,10,HUMI,AVG
2021,Persist,76.87650290654899,10,HUMI,AVG
2021,Ridge,7.256690659934758,10,HUMI,AVG
2021,RF,6.9730854876445685,10,HUMI,AVG
2021,HGB,8.346001471967407,10,HUMI,AVG
2022,GlobalClim,74.46840618128378,10,HUMI,AVG
2022,DeptClim,74.92917865178686,10,HUMI,AVG
2022,Persist,77.50866177938975,10,HUMI,AVG
2022,Ridge,6.9998904579894745,10,HUMI,AVG
2022,RF,6.777621594774284,10,HUMI,AVG
2022,HGB,7.5173536057600225,10,HUMI,AVG
2023,GlobalClim,82.60783289411135,10,HUMI,AVG
2023,DeptClim,82.67233946366925,10,HUMI,AVG
2023,Persist,77.19530890138515,10,HUMI,AVG
2023,Ridge,16.047068568759602,10,HUMI,AVG
2023,RF,16.755664513263834,10,HUMI,AVG
2023,HGB,17.031876059336067,10,HUMI,AVG
2024,GlobalClim,76.42774715217348,10,HUMI,AVG
2024,DeptClim,76.67336819953344,10,HUMI,AVG
2024,Persist,76.61984143779061,10,HUMI,AVG
2024,Ridge,12.839962682802462,10,HUMI,AVG
2024,RF,12.204397526342095,10,HUMI,AVG
2024,HGB,11.558488412818562,10,HUMI,AVG
2001,GlobalClim,113.9559945722734,11,HUMI,AVG
2001,DeptClim,111.36611409113762,11,HUMI,AVG
2001,Persist,63.48942610206811,11,HUMI,AVG
2001,Ridge,30.46355587373,11,HUMI,AVG
2001,RF,25.17821252422373,11,HUMI,AVG
2001,HGB,27.669663787633148,11,HUMI,AVG
2002,GlobalClim,74.34002297919763,11,HUMI,AVG
2002,DeptClim,68.87209689392019,11,HUMI,AVG
2002,Persist,54.388559231663464,11,HUMI,AVG
2002,Ridge,9.763304356855327,11,HUMI,AVG
2002,RF,12.523503823638771,11,HUMI,AVG
2002,HGB,11.803241368072904,11,HUMI,AVG
2003,GlobalClim,103.2907464596919,11,HUMI,AVG
2003,DeptClim,100.53244512500012,11,HUMI,AVG
2003,Persist,74.22832187667012,11,HUMI,AVG
2003,Ridge,25.621423342083396,11,HUMI,AVG
2003,RF,20.884648115993315,11,HUMI,AVG
2003,HGB,24.532421942978548,11,HUMI,AVG
2004,GlobalClim,104.22841471382048,11,HUMI,AVG
2004,DeptClim,102.9742484727249,11,HUMI,AVG
2004,Persist,72.08223006137536,11,HUMI,AVG
2004,Ridge,32.14628887278977,11,HUMI,AVG
2004,RF,28.24688923369365,11,HUMI,AVG
2004,HGB,29.062147094864827,11,HUMI,AVG
2005,GlobalClim,76.4487172550818,11,HUMI,AVG
2005,DeptClim,76.69283418215745,11,HUMI,AVG
2005,Persist,77.34262772934001,11,HUMI,AVG
2005,Ridge,7.803973033257476,11,HUMI,AVG
2005,RF,11.369328412640877,11,HUMI,AVG
2005,HGB,7.89901030023507,11,HUMI,AVG
2006,GlobalClim,69.36466137268285,11,HUMI,AVG
2006,DeptClim,69.88930366826291,11,HUMI,AVG
2006,Persist,73.8638361711903,11,HUMI,AVG
2006,Ridge,12.259505938348953,11,HUMI,AVG
2006,RF,11.578232846310868,11,HUMI,AVG
2006,HGB,12.304062416180091,11,HUMI,AVG
2007,GlobalClim,74.79609330460654,11,HUMI,AVG
2007,DeptClim,75.33375558866625,11,HUMI,AVG
2007,Persist,78.92640148406271,11,HUMI,AVG
2007,Ridge,9.444218490602239,11,HUMI,AVG
2007,RF,10.049189431207811,11,HUMI,AVG
2007,HGB,10.086836503856796,11,HUMI,AVG
2008,GlobalClim,72.71060476907229,11,HUMI,AVG
2008,DeptClim,73.01174125402825,11,HUMI,AVG
2008,Persist,75.31769720083022,11,HUMI,AVG
2008,Ridge,13.33680771599178,11,HUMI,AVG
2008,RF,12.620304896532781,11,HUMI,AVG
2008,HGB,13.742293101870187,11,HUMI,AVG
2009,GlobalClim,74.57726374423243,11,HUMI,AVG
2009,DeptClim,74.78828646432393,11,HUMI,AVG
2009,Persist,74.93603686439161,11,HUMI,AVG
2009,Ridge,6.471594372341518,11,HUMI,AVG
2009,RF,6.196620546773556,11,HUMI,AVG
2009,HGB,7.375708493637979,11,HUMI,AVG
2010,GlobalClim,78.32981914462867,11,HUMI,AVG
2010,DeptClim,78.31011362157015,11,HUMI,AVG
2010,Persist,74.89781836113552,11,HUMI,AVG
2010,Ridge,15.27819054427827,11,HUMI,AVG
2010,RF,14.917316912373366,11,HUMI,AVG
2010,HGB,15.023874784672648,11,HUMI,AVG
2011,GlobalClim,79.86044046249609,11,HUMI,AVG
2011,DeptClim,79.9042975178856,11,HUMI,AVG
2011,Persist,75.47416420047679,11,HUMI,AVG
2011,Ridge,13.315152927307757,11,HUMI,AVG
2011,RF,10.292460408432166,11,HUMI,AVG
2011,HGB,13.243891718513044,11,HUMI,AVG
2012,GlobalClim,85.3662843514446,11,HUMI,AVG
2012,DeptClim,85.31739550397015,11,HUMI,AVG
2012,Persist,75.82156983918858,11,HUMI,AVG
2012,Ridge,16.18508970602729,11,HUMI,AVG
2012,RF,12.975756652290459,11,HUMI,AVG
2012,HGB,16.5233019051078,11,HUMI,AVG
2013,GlobalClim,81.3575337250807,11,HUMI,AVG
2013,DeptClim,81.5089301372986,11,HUMI,AVG
2013,Persist,76.93707646937973,11,HUMI,AVG
2013,Ridge,13.066743050138351,11,HUMI,AVG
2013,RF,13.034010752587351,11,HUMI,AVG
2013,HGB,14.935836387474271,11,HUMI,AVG
2014,GlobalClim,76.8187578466532,11,HUMI,AVG
2014,DeptClim,76.9610373352175,11,HUMI,AVG
2014,Persist,76.37247593351128,11,HUMI,AVG
2014,Ridge,9.839540704396667,11,HUMI,AVG
2014,RF,9.048571507961055,11,HUMI,AVG
2014,HGB,11.29912848767428,11,HUMI,AVG
2015,GlobalClim,76.12810340476547,11,HUMI,AVG
2015,DeptClim,76.50769753512193,11,HUMI,AVG
2015,Persist,76.27148839819458,11,HUMI,AVG
2015,Ridge,7.272020905238093,11,HUMI,AVG
2015,RF,7.084605562393447,11,HUMI,AVG
2015,HGB,6.646919670007925,11,HUMI,AVG
2016,GlobalClim,75.15890374783243,11,HUMI,AVG
2016,DeptClim,75.54242797935039,11,HUMI,AVG
2016,Persist,76.71283567684542,11,HUMI,AVG
2016,Ridge,10.972296311557972,11,HUMI,AVG
2016,RF,10.255644371909263,11,HUMI,AVG
2016,HGB,8.47152562729861,11,HUMI,AVG
2017,GlobalClim,73.67132076966229,11,HUMI,AVG
2017,DeptClim,74.03392598692713,11,HUMI,AVG
2017,Persist,77.06862818850891,11,HUMI,AVG
2017,Ridge,5.53111662956528,11,HUMI,AVG
2017,RF,6.092464670911337,11,HUMI,AVG
2017,HGB,7.598406432883111,11,HUMI,AVG
2018,GlobalClim,76.1443422959687,11,HUMI,AVG
2018,DeptClim,76.53870627767853,11,HUMI,AVG
2018,Persist,78.63388613047071,11,HUMI,AVG
2018,Ridge,5.347404601091917,11,HUMI,AVG
2018,RF,7.000787475931392,11,HUMI,AVG
2018,HGB,5.88907678531761,11,HUMI,AVG
2019,GlobalClim,74.6719040647133,11,HUMI,AVG
2019,DeptClim,75.00925907209718,11,HUMI,AVG
2019,Persist,77.82619886993581,11,HUMI,AVG
2019,Ridge,6.469735120777641,11,HUMI,AVG
2019,RF,5.8720639332447995,11,HUMI,AVG
2019,HGB,6.455580334204937,11,HUMI,AVG
2020,GlobalClim,75.22513120126449,11,HUMI,AVG
2020,DeptClim,75.59087786331924,11,HUMI,AVG
2020,Persist,74.11641653302712,11,HUMI,AVG
2020,Ridge,7.1667550067706,11,HUMI,AVG
2020,RF,6.8099867329641475,11,HUMI,AVG
2020,HGB,7.5559266150080955,11,HUMI,AVG
2021,GlobalClim,77.33649557465425,11,HUMI,AVG
2021,DeptClim,77.87191749712099,11,HUMI,AVG
2021,Persist,79.27204831364368,11,HUMI,AVG
2021,Ridge,6.334766764581937,11,HUMI,AVG
2021,RF,5.696044148243008,11,HUMI,AVG
2021,HGB,6.366304938364104,11,HUMI,AVG
2022,GlobalClim,77.72196469693628,11,HUMI,AVG
2022,DeptClim,78.05774599790384,11,HUMI,AVG
2022,Persist,80.43751258752012,11,HUMI,AVG
2022,Ridge,8.394162352251486,11,HUMI,AVG
2022,RF,7.79172150011693,11,HUMI,AVG
2022,HGB,9.02613929692649,11,HUMI,AVG
2023,GlobalClim,84.13203471285061,11,HUMI,AVG
2023,DeptClim,83.94720682638845,11,HUMI,AVG
2023,Persist,80.09150419964435,11,HUMI,AVG
2023,Ridge,18.22748541556385,11,HUMI,AVG
2023,RF,17.9274462993112,11,HUMI,AVG
2023,HGB,17.872244952809343,11,HUMI,AVG
2024,GlobalClim,74.46445033925623,11,HUMI,AVG
2024,DeptClim,74.66935003592481,11,HUMI,AVG
2024,Persist,76.71411902196411,11,HUMI,AVG
2024,Ridge,10.341617679777881,11,HUMI,AVG
2024,RF,7.873642319648848,11,HUMI,AVG
2024,HGB,9.921455467412109,11,HUMI,AVG
2001,GlobalClim,129.15724629731736,12,HUMI,AVG
2001,DeptClim,131.88813088922487,12,HUMI,AVG
2001,Persist,67.75253570834964,12,HUMI,AVG
2001,Ridge,55.572037567170185,12,HUMI,AVG
2001,RF,50.271611172523414,12,HUMI,AVG
2001,HGB,50.563445000323135,12,HUMI,AVG
2002,GlobalClim,74.8882910435505,12,HUMI,AVG
2002,DeptClim,70.48908170204994,12,HUMI,AVG
2002,Persist,56.758141349956475,12,HUMI,AVG
2002,Ridge,6.688708525903421,12,HUMI,AVG
2002,RF,10.504775530718204,12,HUMI,AVG
2002,HGB,12.08783663313643,12,HUMI,AVG
2003,GlobalClim,102.37129091100196,12,HUMI,AVG
2003,DeptClim,99.45238179864147,12,HUMI,AVG
2003,Persist,67.02041755235305,12,HUMI,AVG
2003,Ridge,24.224878579828744,12,HUMI,AVG
2003,RF,16.443378866276937,12,HUMI,AVG
2003,HGB,23.39670130486313,12,HUMI,AVG
2004,GlobalClim,103.19741173833084,12,HUMI,AVG
2004,DeptClim,101.37257698289172,12,HUMI,AVG
2004,Persist,74.42896953781911,12,HUMI,AVG
2004,Ridge,31.08114018458309,12,HUMI,AVG
2004,RF,26.150117764203046,12,HUMI,AVG
2004,HGB,26.986352823753332,12,HUMI,AVG
2005,GlobalClim,71.96799066214908,12,HUMI,AVG
2005,DeptClim,71.94435376325033,12,HUMI,AVG
2005,Persist,73.02574801785805,12,HUMI,AVG
2005,Ridge,9.720437316228246,12,HUMI,AVG
2005,RF,10.686958679609429,12,HUMI,AVG
2005,HGB,8.800196716753172,12,HUMI,AVG
2006,GlobalClim,68.71175626249658,12,HUMI,AVG
2006,DeptClim,69.10983261449246,12,HUMI,AVG
2006,Persist,75.54992587123581,12,HUMI,AVG
2006,Ridge,10.145471668677597,12,HUMI,AVG
2006,RF,10.563669441507923,12,HUMI,AVG
2006,HGB,10.365311918014939,12,HUMI,AVG
2007,GlobalClim,68.94516917478005,12,HUMI,AVG
2007,DeptClim,69.56250354988025,12,HUMI,AVG
2007,Persist,73.69315358284332,12,HUMI,AVG
2007,Ridge,11.33475849510422,12,HUMI,AVG
2007,RF,11.310196007390967,12,HUMI,AVG
2007,HGB,10.361407397385547,12,HUMI,AVG
2008,GlobalClim,73.8851121814011,12,HUMI,AVG
2008,DeptClim,74.07941300211753,12,HUMI,AVG
2008,Persist,78.57858953874378,12,HUMI,AVG
2008,Ridge,10.812086174909675,12,HUMI,AVG
2008,RF,10.823267820121702,12,HUMI,AVG
2008,HGB,10.178747892687008,12,HUMI,AVG
2009,GlobalClim,74.95828328847531,12,HUMI,AVG
2009,DeptClim,75.20237820309599,12,HUMI,AVG
2009,Persist,77.73961680301989,12,HUMI,AVG
2009,Ridge,9.529616605127172,12,HUMI,AVG
2009,RF,8.690667023176529,12,HUMI,AVG
2009,HGB,9.075202169909595,12,HUMI,AVG
2010,GlobalClim,74.20847542561613,12,HUMI,AVG
2010,DeptClim,74.67721077800329,12,HUMI,AVG
2010,Persist,74.40408387437739,12,HUMI,AVG
2010,Ridge,14.948047123156595,12,HUMI,AVG
2010,RF,14.93985427897299,12,HUMI,AVG
2010,HGB,14.947182237924716,12,HUMI,AVG
2011,GlobalClim,78.26623976205725,12,HUMI,AVG
2011,DeptClim,78.24739381400008,12,HUMI,AVG
2011,Persist,75.8481996325358,12,HUMI,AVG
2011,Ridge,16.863549818525545,12,HUMI,AVG
2011,RF,15.114313019674203,12,HUMI,AVG
2011,HGB,17.34937693590516,12,HUMI,AVG
2012,GlobalClim,79.98900663185614,12,HUMI,AVG
2012,DeptClim,80.39608493702627,12,HUMI,AVG
2012,Persist,75.15282068658945,12,HUMI,AVG
2012,Ridge,10.921201499225871,12,HUMI,AVG
2012,RF,10.137304646758455,12,HUMI,AVG
2012,HGB,12.391696196447974,12,HUMI,AVG
2013,GlobalClim,80.1001263827164,12,HUMI,AVG
2013,DeptClim,80.58833832749636,12,HUMI,AVG
2013,Persist,76.89076657642411,12,HUMI,AVG
2013,Ridge,13.821033570025921,12,HUMI,AVG
2013,RF,13.78465232984195,12,HUMI,AVG
2013,HGB,14.299942002690784,12,HUMI,AVG
2014,GlobalClim,76.47389646100596,12,HUMI,AVG
2014,DeptClim,76.72637532234587,12,HUMI,AVG
2014,Persist,77.43666223857304,12,HUMI,AVG
2014,Ridge,9.074819337345511,12,HUMI,AVG
2014,RF,7.641950401556098,12,HUMI,AVG
2014,HGB,10.720081212526596,12,HUMI,AVG
2015,GlobalClim,76.32279383522038,12,HUMI,AVG
2015,DeptClim,76.55123462502364,12,HUMI,AVG
2015,Persist,78.73655082178261,12,HUMI,AVG
2015,Ridge,7.1212882875123,12,HUMI,AVG
2015,RF,6.585632064441095,12,HUMI,AVG
2015,HGB,6.144411427044838,12,HUMI,AVG
2016,GlobalClim,73.47629462553675,12,HUMI,AVG
2016,DeptClim,73.67005869353916,12,HUMI,AVG
2016,Persist,77.13591004256354,12,HUMI,AVG
2016,Ridge,10.152634974233917,12,HUMI,AVG
2016,RF,8.177636826623758,12,HUMI,AVG
2016,HGB,8.572101164449041,12,HUMI,AVG
2017,GlobalClim,72.99440429799309,12,HUMI,AVG
2017,DeptClim,73.2393988285483,12,HUMI,AVG
2017,Persist,77.72667318119547,12,HUMI,AVG
2017,Ridge,4.393301310539032,12,HUMI,AVG
2017,RF,4.289479129137877,12,HUMI,AVG
2017,HGB,5.17917326976853,12,HUMI,AVG
2018,GlobalClim,75.13971074634445,12,HUMI,AVG
2018,DeptClim,75.31865805530467,12,HUMI,AVG
2018,Persist,78.02912429441969,12,HUMI,AVG
2018,Ridge,5.598252003417403,12,HUMI,AVG
2018,RF,5.391317212277119,12,HUMI,AVG
2018,HGB,5.406159109786185,12,HUMI,AVG
2019,GlobalClim,71.94387934292484,12,HUMI,AVG
2019,DeptClim,72.08966086217364,12,HUMI,AVG
2019,Persist,76.24108813368436,12,HUMI,AVG
2019,Ridge,6.136903621993661,12,HUMI,AVG
2019,RF,5.143483591990679,12,HUMI,AVG
2019,HGB,5.995484664422267,12,HUMI,AVG
2020,GlobalClim,73.48878230094769,12,HUMI,AVG
2020,DeptClim,73.75640622423242,12,HUMI,AVG
2020,Persist,77.22145835857815,12,HUMI,AVG
2020,Ridge,8.855943358523874,12,HUMI,AVG
2020,RF,9.51359737566312,12,HUMI,AVG
2020,HGB,10.444588537732667,12,HUMI,AVG
2021,GlobalClim,72.5111538577859,12,HUMI,AVG
2021,DeptClim,72.75665684697798,12,HUMI,AVG
2021,Persist,75.30683497831761,12,HUMI,AVG
2021,Ridge,5.74312000632288,12,HUMI,AVG
2021,RF,6.4515637888595645,12,HUMI,AVG
2021,HGB,7.428577301132368,12,HUMI,AVG
2022,GlobalClim,76.42554835601814,12,HUMI,AVG
2022,DeptClim,76.63091873693689,12,HUMI,AVG
2022,Persist,78.2452119918388,12,HUMI,AVG
2022,Ridge,8.147611470633606,12,HUMI,AVG
2022,RF,8.966924572106429,12,HUMI,AVG
2022,HGB,8.985516637126121,12,HUMI,AVG
2023,GlobalClim,86.32369249367991,12,HUMI,AVG
2023,DeptClim,86.35608681541123,12,HUMI,AVG
2023,Persist,83.1358462802898,12,HUMI,AVG
2023,Ridge,22.263270141411187,12,HUMI,AVG
2023,RF,21.73647605190139,12,HUMI,AVG
2023,HGB,20.548605212455335,12,HUMI,AVG
2024,GlobalClim,71.53641921982423,12,HUMI,AVG
2024,DeptClim,71.67425637453461,12,HUMI,AVG
2024,Persist,76.9743328470857,12,HUMI,AVG
2024,Ridge,10.283209718764674,12,HUMI,AVG
2024,RF,9.614162996232164,12,HUMI,AVG
2024,HGB,8.692323029077203,12,HUMI,AVG
2001,GlobalClim,117.86102849479452,2,HUMI,PRIMARY+SECONDARY
2001,DeptClim,117.72542717415179,2,HUMI,PRIMARY+SECONDARY
2001,Persist,61.28619970252976,2,HUMI,PRIMARY+SECONDARY
2001,Ridge,45.3895370247881,2,HUMI,PRIMARY+SECONDARY
2001,RF,28.34146999980356,2,HUMI,PRIMARY+SECONDARY
2001,HGB,35.60498267535101,2,HUMI,PRIMARY+SECONDARY
2002,GlobalClim,92.04156801833427,2,HUMI,PRIMARY+SECONDARY
2002,DeptClim,88.95627002480269,2,HUMI,PRIMARY+SECONDARY
2002,Persist,74.95603914075282,2,HUMI,PRIMARY+SECONDARY
2002,Ridge,19.785647596797563,2,HUMI,PRIMARY+SECONDARY
2002,RF,15.377580451284713,2,HUMI,PRIMARY+SECONDARY
2002,HGB,12.827621934932742,2,HUMI,PRIMARY+SECONDARY
2003,GlobalClim,94.28827301560766,2,HUMI,PRIMARY+SECONDARY
2003,DeptClim,92.25481146127798,2,HUMI,PRIMARY+SECONDARY
2003,Persist,58.11195933089285,2,HUMI,PRIMARY+SECONDARY
2003,Ridge,21.10911971066699,2,HUMI,PRIMARY+SECONDARY
2003,RF,12.639519905307122,2,HUMI,PRIMARY+SECONDARY
2003,HGB,13.168820791647033,2,HUMI,PRIMARY+SECONDARY
2004,GlobalClim,104.04781852015736,2,HUMI,PRIMARY+SECONDARY
2004,DeptClim,102.49378050353208,2,HUMI,PRIMARY+SECONDARY
2004,Persist,68.92081931296603,2,HUMI,PRIMARY+SECONDARY
2004,Ridge,33.42293236194549,2,HUMI,PRIMARY+SECONDARY
2004,RF,27.391808498443975,2,HUMI,PRIMARY+SECONDARY
2004,HGB,29.023247570219738,2,HUMI,PRIMARY+SECONDARY
2005,GlobalClim,68.80972157774558,2,HUMI,PRIMARY+SECONDARY
2005,DeptClim,68.50323809290067,2,HUMI,PRIMARY+SECONDARY
2005,Persist,64.18664483964413,2,HUMI,PRIMARY+SECONDARY
2005,Ridge,7.398044584395665,2,HUMI,PRIMARY+SECONDARY
2005,RF,12.68488964649051,2,HUMI,PRIMARY+SECONDARY
2005,HGB,10.081985544864892,2,HUMI,PRIMARY+SECONDARY
2006,GlobalClim,67.87127566862651,2,HUMI,PRIMARY+SECONDARY
2006,DeptClim,68.34890051120236,2,HUMI,PRIMARY+SECONDARY
2006,Persist,72.82371741684855,2,HUMI,PRIMARY+SECONDARY
2006,Ridge,9.959291671375786,2,HUMI,PRIMARY+SECONDARY
2006,RF,10.313304062673218,2,HUMI,PRIMARY+SECONDARY
2006,HGB,10.966302146484583,2,HUMI,PRIMARY+SECONDARY
2007,GlobalClim,71.05818631378914,2,HUMI,PRIMARY+SECONDARY
2007,DeptClim,71.2195427776674,2,HUMI,PRIMARY+SECONDARY
2007,Persist,73.23748029627589,2,HUMI,PRIMARY+SECONDARY
2007,Ridge,8.090102297576818,2,HUMI,PRIMARY+SECONDARY
2007,RF,7.362112077890967,2,HUMI,PRIMARY+SECONDARY
2007,HGB,8.734817897229917,2,HUMI,PRIMARY+SECONDARY
2008,GlobalClim,67.40522413879006,2,HUMI,PRIMARY+SECONDARY
2008,DeptClim,67.98768176438661,2,HUMI,PRIMARY+SECONDARY
2008,Persist,69.68070632035705,2,HUMI,PRIMARY+SECONDARY
2008,Ridge,8.26954691483705,2,HUMI,PRIMARY+SECONDARY
2008,RF,8.339938674079546,2,HUMI,PRIMARY+SECONDARY
2008,HGB,8.267160935521508,2,HUMI,PRIMARY+SECONDARY
2009,GlobalClim,69.9236707399619,2,HUMI,PRIMARY+SECONDARY
2009,DeptClim,70.3905991846641,2,HUMI,PRIMARY+SECONDARY
2009,Persist,71.70902941685537,2,HUMI,PRIMARY+SECONDARY
2009,Ridge,7.5813294740443755,2,HUMI,PRIMARY+SECONDARY
2009,RF,7.7089681618047114,2,HUMI,PRIMARY+SECONDARY
2009,HGB,8.08557006610726,2,HUMI,PRIMARY+SECONDARY
2010,GlobalClim,75.38759366149684,2,HUMI,PRIMARY+SECONDARY
2010,DeptClim,75.2151115442486,2,HUMI,PRIMARY+SECONDARY
2010,Persist,68.77659999696391,2,HUMI,PRIMARY+SECONDARY
2010,Ridge,6.515032096667729,2,HUMI,PRIMARY+SECONDARY
2010,RF,6.327027387074256,2,HUMI,PRIMARY+SECONDARY
2010,HGB,6.6333445310115895,2,HUMI,PRIMARY+SECONDARY
2011,GlobalClim,74.5187653109421,2,HUMI,PRIMARY+SECONDARY
2011,DeptClim,74.81986718061427,2,HUMI,PRIMARY+SECONDARY
2011,Persist,71.60289703096348,2,HUMI,PRIMARY+SECONDARY
2011,Ridge,8.646247431721537,2,HUMI,PRIMARY+SECONDARY
2011,RF,7.898214528585225,2,HUMI,PRIMARY+SECONDARY
2011,HGB,9.690166021846125,2,HUMI,PRIMARY+SECONDARY
2012,GlobalClim,76.01880922519295,2,HUMI,PRIMARY+SECONDARY
2012,DeptClim,75.82424594716996,2,HUMI,PRIMARY+SECONDARY
2012,Persist,70.14412127793383,2,HUMI,PRIMARY+SECONDARY
2012,Ridge,6.0637438865439375,2,HUMI,PRIMARY+SECONDARY
2012,RF,6.0877830177355134,2,HUMI,PRIMARY+SECONDARY
2012,HGB,8.691514424137349,2,HUMI,PRIMARY+SECONDARY
2013,GlobalClim,75.19053506115014,2,HUMI,PRIMARY+SECONDARY
2013,DeptClim,75.72287202404416,2,HUMI,PRIMARY+SECONDARY
2013,Persist,69.70482647563291,2,HUMI,PRIMARY+SECONDARY
2013,Ridge,6.152409350071099,2,HUMI,PRIMARY+SECONDARY
2013,RF,6.09855324893665,2,HUMI,PRIMARY+SECONDARY
2013,HGB,8.179040333162384,2,HUMI,PRIMARY+SECONDARY
2014,GlobalClim,78.89692531859248,2,HUMI,PRIMARY+SECONDARY
2014,DeptClim,79.38507743229489,2,HUMI,PRIMARY+SECONDARY
2014,Persist,73.15971091562562,2,HUMI,PRIMARY+SECONDARY
2014,Ridge,8.1252822812503,2,HUMI,PRIMARY+SECONDARY
2014,RF,7.3478734803840755,2,HUMI,PRIMARY+SECONDARY
2014,HGB,7.676826040413935,2,HUMI,PRIMARY+SECONDARY
2015,GlobalClim,74.45938169714577,2,HUMI,PRIMARY+SECONDARY
2015,DeptClim,74.6676717659933,2,HUMI,PRIMARY+SECONDARY
2015,Persist,71.96232011429298,2,HUMI,PRIMARY+SECONDARY
2015,Ridge,4.860761573818961,2,HUMI,PRIMARY+SECONDARY
2015,RF,5.7874732415055705,2,HUMI,PRIMARY+SECONDARY
2015,HGB,6.09793160856753,2,HUMI,PRIMARY+SECONDARY
2016,GlobalClim,72.88461730732918,2,HUMI,PRIMARY+SECONDARY
2016,DeptClim,73.1988786980424,2,HUMI,PRIMARY+SECONDARY
2016,Persist,73.74293596507768,2,HUMI,PRIMARY+SECONDARY
2016,Ridge,8.660884025933676,2,HUMI,PRIMARY+SECONDARY
2016,RF,8.869424666981514,2,HUMI,PRIMARY+SECONDARY
2016,HGB,10.04151372625437,2,HUMI,PRIMARY+SECONDARY
2017,GlobalClim,70.58691598235795,2,HUMI,PRIMARY+SECONDARY
2017,DeptClim,70.77134438760675,2,HUMI,PRIMARY+SECONDARY
2017,Persist,73.45830082160191,2,HUMI,PRIMARY+SECONDARY
2017,Ridge,4.6939848699146784,2,HUMI,PRIMARY+SECONDARY
2017,RF,5.381019477435936,2,HUMI,PRIMARY+SECONDARY
2017,HGB,5.111018890414953,2,HUMI,PRIMARY+SECONDARY
2018,GlobalClim,71.14436355380117,2,HUMI,PRIMARY+SECONDARY
2018,DeptClim,71.46272171862343,2,HUMI,PRIMARY+SECONDARY
2018,Persist,75.4196790505962,2,HUMI,PRIMARY+SECONDARY
2018,Ridge,3.4958582511270624,2,HUMI,PRIMARY+SECONDARY
2018,RF,3.152245083744862,2,HUMI,PRIMARY+SECONDARY
2018,HGB,3.722830042893459,2,HUMI,PRIMARY+SECONDARY
2019,GlobalClim,71.58252043407893,2,HUMI,PRIMARY+SECONDARY
2019,DeptClim,71.84756370598616,2,HUMI,PRIMARY+SECONDARY
2019,Persist,73.88653435288151,2,HUMI,PRIMARY+SECONDARY
2019,Ridge,8.871755006218937,2,HUMI,PRIMARY+SECONDARY
2019,RF,9.029208687305138,2,HUMI,PRIMARY+SECONDARY
2019,HGB,7.3829909794695965,2,HUMI,PRIMARY+SECONDARY
2020,GlobalClim,73.4200581240562,2,HUMI,PRIMARY+SECONDARY
2020,DeptClim,73.67979157331978,2,HUMI,PRIMARY+SECONDARY
2020,Persist,76.2850324715166,2,HUMI,PRIMARY+SECONDARY
2020,Ridge,6.392985448467836,2,HUMI,PRIMARY+SECONDARY
2020,RF,4.440453547292813,2,HUMI,PRIMARY+SECONDARY
2020,HGB,4.746097269574145,2,HUMI,PRIMARY+SECONDARY
2021,GlobalClim,69.5199045741963,2,HUMI,PRIMARY+SECONDARY
2021,DeptClim,70.04505355081814,2,HUMI,PRIMARY+SECONDARY
2021,Persist,73.72954109432138,2,HUMI,PRIMARY+SECONDARY
2021,Ridge,4.3967247073011295,2,HUMI,PRIMARY+SECONDARY
2021,RF,6.198122574574603,2,HUMI,PRIMARY+SECONDARY
2021,HGB,4.800460238579476,2,HUMI,PRIMARY+SECONDARY
2022,GlobalClim,71.9580306315286,2,HUMI,PRIMARY+SECONDARY
2022,DeptClim,72.08989755976339,2,HUMI,PRIMARY+SECONDARY
2022,Persist,76.18256836905118,2,HUMI,PRIMARY+SECONDARY
2022,Ridge,7.085396872992713,2,HUMI,PRIMARY+SECONDARY
2022,RF,6.701946627499673,2,HUMI,PRIMARY+SECONDARY
2022,HGB,7.335157094582681,2,HUMI,PRIMARY+SECONDARY
2023,GlobalClim,73.60131578649863,2,HUMI,PRIMARY+SECONDARY
2023,DeptClim,73.96567608562663,2,HUMI,PRIMARY+SECONDARY
2023,Persist,77.45966885487078,2,HUMI,PRIMARY+SECONDARY
2023,Ridge,7.8177072655305455,2,HUMI,PRIMARY+SECONDARY
2023,RF,6.860326545091592,2,HUMI,PRIMARY+SECONDARY
2023,HGB,7.532173931079617,2,HUMI,PRIMARY+SECONDARY
2024,GlobalClim,78.02761153100555,2,HUMI,PRIMARY+SECONDARY
2024,DeptClim,78.3218529718551,2,HUMI,PRIMARY+SECONDARY
2024,Persist,74.85638915353698,2,HUMI,PRIMARY+SECONDARY
2024,Ridge,9.261334001125345,2,HUMI,PRIMARY+SECONDARY
2024,RF,10.197783295648877,2,HUMI,PRIMARY+SECONDARY
2024,HGB,9.515232051103412,2,HUMI,PRIMARY+SECONDARY
2025,GlobalClim,72.41685311486698,2,HUMI,PRIMARY+SECONDARY
2025,DeptClim,72.65343904322062,2,HUMI,PRIMARY+SECONDARY
2025,Persist,76.30994237867424,2,HUMI,PRIMARY+SECONDARY
2025,Ridge,7.876775441999344,2,HUMI,PRIMARY+SECONDARY
2025,RF,7.197811561827247,2,HUMI,PRIMARY+SECONDARY
2025,HGB,7.824280420791472,2,HUMI,PRIMARY+SECONDARY
2001,GlobalClim,117.83295968191366,3,HUMI,PRIMARY+SECONDARY
2001,DeptClim,116.74708673745735,3,HUMI,PRIMARY+SECONDARY
2001,Persist,60.424579389704604,3,HUMI,PRIMARY+SECONDARY
2001,Ridge,38.10825452979414,3,HUMI,PRIMARY+SECONDARY
2001,RF,27.803786849291317,3,HUMI,PRIMARY+SECONDARY
2001,HGB,29.311269395419078,3,HUMI,PRIMARY+SECONDARY
2002,GlobalClim,103.71376791206526,3,HUMI,PRIMARY+SECONDARY
2002,DeptClim,102.58327309604643,3,HUMI,PRIMARY+SECONDARY
2002,Persist,68.621259079635,3,HUMI,PRIMARY+SECONDARY
2002,Ridge,28.39046219285902,3,HUMI,PRIMARY+SECONDARY
2002,RF,19.363169005223114,3,HUMI,PRIMARY+SECONDARY
2002,HGB,20.362062845891742,3,HUMI,PRIMARY+SECONDARY
2003,GlobalClim,76.86788349308036,3,HUMI,PRIMARY+SECONDARY
2003,DeptClim,74.51343408984795,3,HUMI,PRIMARY+SECONDARY
2003,Persist,43.33550747714123,3,HUMI,PRIMARY+SECONDARY
2003,Ridge,10.55188972117158,3,HUMI,PRIMARY+SECONDARY
2003,RF,8.581040273740557,3,HUMI,PRIMARY+SECONDARY
2003,HGB,9.603984696843163,3,HUMI,PRIMARY+SECONDARY
2004,GlobalClim,106.68147236573665,3,HUMI,PRIMARY+SECONDARY
2004,DeptClim,106.50985090988704,3,HUMI,PRIMARY+SECONDARY
2004,Persist,66.40677731860465,3,HUMI,PRIMARY+SECONDARY
2004,Ridge,30.830855584215044,3,HUMI,PRIMARY+SECONDARY
2004,RF,20.4896001161209,3,HUMI,PRIMARY+SECONDARY
2004,HGB,24.943456306451537,3,HUMI,PRIMARY+SECONDARY
2005,GlobalClim,74.91593068871144,3,HUMI,PRIMARY+SECONDARY
2005,DeptClim,75.1151066850142,3,HUMI,PRIMARY+SECONDARY
2005,Persist,73.37723787401444,3,HUMI,PRIMARY+SECONDARY
2005,Ridge,8.358274504695212,3,HUMI,PRIMARY+SECONDARY
2005,RF,10.11172494459718,3,HUMI,PRIMARY+SECONDARY
2005,HGB,9.191529061381065,3,HUMI,PRIMARY+SECONDARY
2006,GlobalClim,67.29005639243258,3,HUMI,PRIMARY+SECONDARY
2006,DeptClim,68.0627364751548,3,HUMI,PRIMARY+SECONDARY
2006,Persist,69.16322763042177,3,HUMI,PRIMARY+SECONDARY
2006,Ridge,9.899279316051944,3,HUMI,PRIMARY+SECONDARY
2006,RF,10.015794866793284,3,HUMI,PRIMARY+SECONDARY
2006,HGB,9.891339301237036,3,HUMI,PRIMARY+SECONDARY
2007,GlobalClim,67.48376748794729,3,HUMI,PRIMARY+SECONDARY
2007,DeptClim,68.01875457082217,3,HUMI,PRIMARY+SECONDARY
2007,Persist,66.3026048620807,3,HUMI,PRIMARY+SECONDARY
2007,Ridge,9.23262876683528,3,HUMI,PRIMARY+SECONDARY
2007,RF,9.644236838198925,3,HUMI,PRIMARY+SECONDARY
2007,HGB,10.025493755624947,3,HUMI,PRIMARY+SECONDARY
2008,GlobalClim,68.9130837776567,3,HUMI,PRIMARY+SECONDARY
2008,DeptClim,69.3436616361519,3,HUMI,PRIMARY+SECONDARY
2008,Persist,71.13558596375569,3,HUMI,PRIMARY+SECONDARY
2008,Ridge,8.062356206490051,3,HUMI,PRIMARY+SECONDARY
2008,RF,7.990625555711181,3,HUMI,PRIMARY+SECONDARY
2008,HGB,8.80288315618696,3,HUMI,PRIMARY+SECONDARY
2009,GlobalClim,71.99796212821444,3,HUMI,PRIMARY+SECONDARY
2009,DeptClim,72.48133436329589,3,HUMI,PRIMARY+SECONDARY
2009,Persist,72.08380158403288,3,HUMI,PRIMARY+SECONDARY
2009,Ridge,9.141333964154658,3,HUMI,PRIMARY+SECONDARY
2009,RF,9.25206999048977,3,HUMI,PRIMARY+SECONDARY
2009,HGB,9.923451670513794,3,HUMI,PRIMARY+SECONDARY
2010,GlobalClim,75.09243119010524,3,HUMI,PRIMARY+SECONDARY
2010,DeptClim,75.31029706957598,3,HUMI,PRIMARY+SECONDARY
2010,Persist,69.79306072926198,3,HUMI,PRIMARY+SECONDARY
2010,Ridge,9.797343485142894,3,HUMI,PRIMARY+SECONDARY
2010,RF,7.959659428713704,3,HUMI,PRIMARY+SECONDARY
2010,HGB,9.678629693214678,3,HUMI,PRIMARY+SECONDARY
2011,GlobalClim,75.28792525955951,3,HUMI,PRIMARY+SECONDARY
2011,DeptClim,75.67622865227952,3,HUMI,PRIMARY+SECONDARY
2011,Persist,71.72247194411162,3,HUMI,PRIMARY+SECONDARY
2011,Ridge,10.127985598416013,3,HUMI,PRIMARY+SECONDARY
2011,RF,8.187383275428246,3,HUMI,PRIMARY+SECONDARY
2011,HGB,10.74866516397201,3,HUMI,PRIMARY+SECONDARY
2012,GlobalClim,82.68190892347704,3,HUMI,PRIMARY+SECONDARY
2012,DeptClim,82.71002275557849,3,HUMI,PRIMARY+SECONDARY
2012,Persist,78.48555215175764,3,HUMI,PRIMARY+SECONDARY
2012,Ridge,14.502210560275413,3,HUMI,PRIMARY+SECONDARY
2012,RF,15.660761043156938,3,HUMI,PRIMARY+SECONDARY
2012,HGB,14.876234099373615,3,HUMI,PRIMARY+SECONDARY
2013,GlobalClim,77.25393087099664,3,HUMI,PRIMARY+SECONDARY
2013,DeptClim,77.63212941990993,3,HUMI,PRIMARY+SECONDARY
2013,Persist,74.2985962741685,3,HUMI,PRIMARY+SECONDARY
2013,Ridge,6.476669278804039,3,HUMI,PRIMARY+SECONDARY
2013,RF,6.323973948780729,3,HUMI,PRIMARY+SECONDARY
2013,HGB,7.193497486065434,3,HUMI,PRIMARY+SECONDARY
2014,GlobalClim,80.04860454233688,3,HUMI,PRIMARY+SECONDARY
2014,DeptClim,80.39031484333688,3,HUMI,PRIMARY+SECONDARY
2014,Persist,73.09452098459285,3,HUMI,PRIMARY+SECONDARY
2014,Ridge,8.041252472015879,3,HUMI,PRIMARY+SECONDARY
2014,RF,8.692956448427188,3,HUMI,PRIMARY+SECONDARY
2014,HGB,8.755145249250015,3,HUMI,PRIMARY+SECONDARY
2015,GlobalClim,76.26870253217639,3,HUMI,PRIMARY+SECONDARY
2015,DeptClim,76.63588499537751,3,HUMI,PRIMARY+SECONDARY
2015,Persist,73.99321312935781,3,HUMI,PRIMARY+SECONDARY
2015,Ridge,6.5771601379784865,3,HUMI,PRIMARY+SECONDARY
2015,RF,7.253017692600401,3,HUMI,PRIMARY+SECONDARY
2015,HGB,6.752735892946215,3,HUMI,PRIMARY+SECONDARY
2016,GlobalClim,71.23154400580128,3,HUMI,PRIMARY+SECONDARY
2016,DeptClim,71.32170487308046,3,HUMI,PRIMARY+SECONDARY
2016,Persist,71.0533640139454,3,HUMI,PRIMARY+SECONDARY
2016,Ridge,8.285524068929663,3,HUMI,PRIMARY+SECONDARY
2016,RF,9.828385923599813,3,HUMI,PRIMARY+SECONDARY
2016,HGB,9.934476583574618,3,HUMI,PRIMARY+SECONDARY
2017,GlobalClim,72.5819306842535,3,HUMI,PRIMARY+SECONDARY
2017,DeptClim,73.03900892309814,3,HUMI,PRIMARY+SECONDARY
2017,Persist,74.50773215949712,3,HUMI,PRIMARY+SECONDARY
2017,Ridge,15.2331991836427,3,HUMI,PRIMARY+SECONDARY
2017,RF,15.650190462448839,3,HUMI,PRIMARY+SECONDARY
2017,HGB,13.861656852680808,3,HUMI,PRIMARY+SECONDARY
2018,GlobalClim,70.42049604666568,3,HUMI,PRIMARY+SECONDARY
2018,DeptClim,70.60100620652868,3,HUMI,PRIMARY+SECONDARY
2018,Persist,72.12536095747096,3,HUMI,PRIMARY+SECONDARY
2018,Ridge,5.488354118185568,3,HUMI,PRIMARY+SECONDARY
2018,RF,7.854411004280814,3,HUMI,PRIMARY+SECONDARY
2018,HGB,8.944169958544126,3,HUMI,PRIMARY+SECONDARY
2019,GlobalClim,70.3012229535077,3,HUMI,PRIMARY+SECONDARY
2019,DeptClim,70.4596787101136,3,HUMI,PRIMARY+SECONDARY
2019,Persist,71.86594086041664,3,HUMI,PRIMARY+SECONDARY
2019,Ridge,6.118608417646542,3,HUMI,PRIMARY+SECONDARY
2019,RF,6.8462898453266074,3,HUMI,PRIMARY+SECONDARY
2019,HGB,8.289427463699651,3,HUMI,PRIMARY+SECONDARY
2020,GlobalClim,76.11524599338304,3,HUMI,PRIMARY+SECONDARY
2020,DeptClim,76.16088779879912,3,HUMI,PRIMARY+SECONDARY
2020,Persist,76.17807566535444,3,HUMI,PRIMARY+SECONDARY
2020,Ridge,8.569724935912067,3,HUMI,PRIMARY+SECONDARY
2020,RF,6.155097171496985,3,HUMI,PRIMARY+SECONDARY
2020,HGB,6.335858246859098,3,HUMI,PRIMARY+SECONDARY
2021,GlobalClim,71.70742906631237,3,HUMI,PRIMARY+SECONDARY
2021,DeptClim,71.93442728222287,3,HUMI,PRIMARY+SECONDARY
2021,Persist,76.22536979273443,3,HUMI,PRIMARY+SECONDARY
2021,Ridge,8.034163083668098,3,HUMI,PRIMARY+SECONDARY
2021,RF,7.9062404024917985,3,HUMI,PRIMARY+SECONDARY
2021,HGB,7.238657467888722,3,HUMI,PRIMARY+SECONDARY
2022,GlobalClim,76.26046982225756,3,HUMI,PRIMARY+SECONDARY
2022,DeptClim,76.42917361833119,3,HUMI,PRIMARY+SECONDARY
2022,Persist,78.06172465330832,3,HUMI,PRIMARY+SECONDARY
2022,Ridge,15.635146489754845,3,HUMI,PRIMARY+SECONDARY
2022,RF,14.524595598323016,3,HUMI,PRIMARY+SECONDARY
2022,HGB,15.151680574562034,3,HUMI,PRIMARY+SECONDARY
2023,GlobalClim,72.47465012094618,3,HUMI,PRIMARY+SECONDARY
2023,DeptClim,72.68814341076202,3,HUMI,PRIMARY+SECONDARY
2023,Persist,73.39490879290707,3,HUMI,PRIMARY+SECONDARY
2023,Ridge,4.5544141779263185,3,HUMI,PRIMARY+SECONDARY
2023,RF,5.155958316669888,3,HUMI,PRIMARY+SECONDARY
2023,HGB,6.0880806712155655,3,HUMI,PRIMARY+SECONDARY
2024,GlobalClim,78.79328157992762,3,HUMI,PRIMARY+SECONDARY
2024,DeptClim,78.4194841629938,3,HUMI,PRIMARY+SECONDARY
2024,Persist,76.87986643566592,3,HUMI,PRIMARY+SECONDARY
2024,Ridge,11.98434751439949,3,HUMI,PRIMARY+SECONDARY
2024,RF,11.883300632012997,3,HUMI,PRIMARY+SECONDARY
2024,HGB,11.272243316922381,3,HUMI,PRIMARY+SECONDARY
2025,GlobalClim,72.70347498038073,3,HUMI,PRIMARY+SECONDARY
2025,DeptClim,72.65250613215778,3,HUMI,PRIMARY+SECONDARY
2025,Persist,75.79217472563789,3,HUMI,PRIMARY+SECONDARY
2025,Ridge,6.330316068841374,3,HUMI,PRIMARY+SECONDARY
2025,RF,6.074724935171851,3,HUMI,PRIMARY+SECONDARY
2025,HGB,6.6230026009769105,3,HUMI,PRIMARY+SECONDARY
2001,GlobalClim,119.63241749366011,4,HUMI,PRIMARY+SECONDARY
2001,DeptClim,117.16804491939888,4,HUMI,PRIMARY+SECONDARY
2001,Persist,60.189628454034576,4,HUMI,PRIMARY+SECONDARY
2001,Ridge,38.06011948267171,4,HUMI,PRIMARY+SECONDARY
2001,RF,24.577103639921265,4,HUMI,PRIMARY+SECONDARY
2001,HGB,31.05801226163581,4,HUMI,PRIMARY+SECONDARY
2002,GlobalClim,97.10000916958224,4,HUMI,PRIMARY+SECONDARY
2002,DeptClim,96.05639859812236,4,HUMI,PRIMARY+SECONDARY
2002,Persist,54.23775236492045,4,HUMI,PRIMARY+SECONDARY
2002,Ridge,25.282276822636913,4,HUMI,PRIMARY+SECONDARY
2002,RF,21.313253916729696,4,HUMI,PRIMARY+SECONDARY
2002,HGB,21.707084911953867,4,HUMI,PRIMARY+SECONDARY
2003,GlobalClim,95.30263674369823,4,HUMI,PRIMARY+SECONDARY
2003,DeptClim,91.25827011878728,4,HUMI,PRIMARY+SECONDARY
2003,Persist,77.58993108839358,4,HUMI,PRIMARY+SECONDARY
2003,Ridge,20.33314123647443,4,HUMI,PRIMARY+SECONDARY
2003,RF,17.976410536145625,4,HUMI,PRIMARY+SECONDARY
2003,HGB,18.510513083071384,4,HUMI,PRIMARY+SECONDARY
2004,GlobalClim,109.08082075432822,4,HUMI,PRIMARY+SECONDARY
2004,DeptClim,108.31784144565759,4,HUMI,PRIMARY+SECONDARY
2004,Persist,67.67173475088408,4,HUMI,PRIMARY+SECONDARY
2004,Ridge,31.463309954269082,4,HUMI,PRIMARY+SECONDARY
2004,RF,23.43956751022435,4,HUMI,PRIMARY+SECONDARY
2004,HGB,27.452253366409536,4,HUMI,PRIMARY+SECONDARY
2005,GlobalClim,74.68910598834151,4,HUMI,PRIMARY+SECONDARY
2005,DeptClim,74.39370381912484,4,HUMI,PRIMARY+SECONDARY
2005,Persist,68.7929256375719,4,HUMI,PRIMARY+SECONDARY
2005,Ridge,8.749826310017694,4,HUMI,PRIMARY+SECONDARY
2005,RF,11.673900782249634,4,HUMI,PRIMARY+SECONDARY
2005,HGB,10.082013829231638,4,HUMI,PRIMARY+SECONDARY
2006,GlobalClim,68.38424666267441,4,HUMI,PRIMARY+SECONDARY
2006,DeptClim,69.34041271656571,4,HUMI,PRIMARY+SECONDARY
2006,Persist,70.91209414290326,4,HUMI,PRIMARY+SECONDARY
2006,Ridge,10.051779477754252,4,HUMI,PRIMARY+SECONDARY
2006,RF,10.26034116548606,4,HUMI,PRIMARY+SECONDARY
2006,HGB,9.71188744009056,4,HUMI,PRIMARY+SECONDARY
2007,GlobalClim,69.3029634120973,4,HUMI,PRIMARY+SECONDARY
2007,DeptClim,69.99298216912644,4,HUMI,PRIMARY+SECONDARY
2007,Persist,71.66380955611587,4,HUMI,PRIMARY+SECONDARY
2007,Ridge,8.917121786380983,4,HUMI,PRIMARY+SECONDARY
2007,RF,9.331711831219598,4,HUMI,PRIMARY+SECONDARY
2007,HGB,10.550509160329764,4,HUMI,PRIMARY+SECONDARY
2008,GlobalClim,68.8041146728164,4,HUMI,PRIMARY+SECONDARY
2008,DeptClim,69.32559897902864,4,HUMI,PRIMARY+SECONDARY
2008,Persist,70.86069314596372,4,HUMI,PRIMARY+SECONDARY
2008,Ridge,14.158562909326704,4,HUMI,PRIMARY+SECONDARY
2008,RF,13.864009876127898,4,HUMI,PRIMARY+SECONDARY
2008,HGB,15.100959163886426,4,HUMI,PRIMARY+SECONDARY
2009,GlobalClim,79.0376176765548,4,HUMI,PRIMARY+SECONDARY
2009,DeptClim,79.2495862107903,4,HUMI,PRIMARY+SECONDARY
2009,Persist,76.11081474817564,4,HUMI,PRIMARY+SECONDARY
2009,Ridge,15.432203277113041,4,HUMI,PRIMARY+SECONDARY
2009,RF,17.032379178368366,4,HUMI,PRIMARY+SECONDARY
2009,HGB,15.37422839552618,4,HUMI,PRIMARY+SECONDARY
2010,GlobalClim,76.84311903426442,4,HUMI,PRIMARY+SECONDARY
2010,DeptClim,77.39379543402298,4,HUMI,PRIMARY+SECONDARY
2010,Persist,71.84744399438314,4,HUMI,PRIMARY+SECONDARY
2010,Ridge,11.750696342578578,4,HUMI,PRIMARY+SECONDARY
2010,RF,9.416714854485116,4,HUMI,PRIMARY+SECONDARY
2010,HGB,12.847277949703107,4,HUMI,PRIMARY+SECONDARY
2011,GlobalClim,77.87081773703557,4,HUMI,PRIMARY+SECONDARY
2011,DeptClim,78.31322640452179,4,HUMI,PRIMARY+SECONDARY
2011,Persist,72.56430221943889,4,HUMI,PRIMARY+SECONDARY
2011,Ridge,11.728012156749717,4,HUMI,PRIMARY+SECONDARY
2011,RF,10.779090435266511,4,HUMI,PRIMARY+SECONDARY
2011,HGB,12.830993472070928,4,HUMI,PRIMARY+SECONDARY
2012,GlobalClim,85.81184089567792,4,HUMI,PRIMARY+SECONDARY
2012,DeptClim,85.80304693392924,4,HUMI,PRIMARY+SECONDARY
2012,Persist,73.84944580306221,4,HUMI,PRIMARY+SECONDARY
2012,Ridge,19.766293074830827,4,HUMI,PRIMARY+SECONDARY
2012,RF,21.368267475472514,4,HUMI,PRIMARY+SECONDARY
2012,HGB,20.651266548532725,4,HUMI,PRIMARY+SECONDARY
2013,GlobalClim,80.01368669979676,4,HUMI,PRIMARY+SECONDARY
2013,DeptClim,80.24107102809037,4,HUMI,PRIMARY+SECONDARY
2013,Persist,74.33581335520148,4,HUMI,PRIMARY+SECONDARY
2013,Ridge,12.41920032107074,4,HUMI,PRIMARY+SECONDARY
2013,RF,13.473678418557716,4,HUMI,PRIMARY+SECONDARY
2013,HGB,13.689991876921212,4,HUMI,PRIMARY+SECONDARY
2014,GlobalClim,80.56162230795883,4,HUMI,PRIMARY+SECONDARY
2014,DeptClim,80.62321697768877,4,HUMI,PRIMARY+SECONDARY
2014,Persist,72.26310237466913,4,HUMI,PRIMARY+SECONDARY
2014,Ridge,8.85070098653926,4,HUMI,PRIMARY+SECONDARY
2014,RF,10.732423029925023,4,HUMI,PRIMARY+SECONDARY
2014,HGB,10.036822217436523,4,HUMI,PRIMARY+SECONDARY
2015,GlobalClim,77.57048459349997,4,HUMI,PRIMARY+SECONDARY
2015,DeptClim,78.16316169031201,4,HUMI,PRIMARY+SECONDARY
2015,Persist,73.30672189293992,4,HUMI,PRIMARY+SECONDARY
2015,Ridge,8.451789397375386,4,HUMI,PRIMARY+SECONDARY
2015,RF,7.73713569595154,4,HUMI,PRIMARY+SECONDARY
2015,HGB,8.871068631695998,4,HUMI,PRIMARY+SECONDARY
2016,GlobalClim,73.64110007778298,4,HUMI,PRIMARY+SECONDARY
2016,DeptClim,73.93985343312798,4,HUMI,PRIMARY+SECONDARY
2016,Persist,73.68769872627121,4,HUMI,PRIMARY+SECONDARY
2016,Ridge,12.403689042691484,4,HUMI,PRIMARY+SECONDARY
2016,RF,12.51559570688937,4,HUMI,PRIMARY+SECONDARY
2016,HGB,12.772903120481928,4,HUMI,PRIMARY+SECONDARY
2017,GlobalClim,77.057991600707,4,HUMI,PRIMARY+SECONDARY
2017,DeptClim,77.73060786136473,4,HUMI,PRIMARY+SECONDARY
2017,Persist,76.13461284239364,4,HUMI,PRIMARY+SECONDARY
2017,Ridge,18.664880941168008,4,HUMI,PRIMARY+SECONDARY
2017,RF,17.726972631604998,4,HUMI,PRIMARY+SECONDARY
2017,HGB,18.154501165581575,4,HUMI,PRIMARY+SECONDARY
2018,GlobalClim,71.92827249936019,4,HUMI,PRIMARY+SECONDARY
2018,DeptClim,72.07922562680815,4,HUMI,PRIMARY+SECONDARY
2018,Persist,73.33548367561005,4,HUMI,PRIMARY+SECONDARY
2018,Ridge,8.248896946556982,4,HUMI,PRIMARY+SECONDARY
2018,RF,7.589947569487894,4,HUMI,PRIMARY+SECONDARY
2018,HGB,8.343676667080844,4,HUMI,PRIMARY+SECONDARY
2019,GlobalClim,73.5750464136726,4,HUMI,PRIMARY+SECONDARY
2019,DeptClim,73.73184847164733,4,HUMI,PRIMARY+SECONDARY
2019,Persist,75.50390480842682,4,HUMI,PRIMARY+SECONDARY
2019,Ridge,5.162513693882372,4,HUMI,PRIMARY+SECONDARY
2019,RF,5.059648072218971,4,HUMI,PRIMARY+SECONDARY
2019,HGB,6.4438179485891975,4,HUMI,PRIMARY+SECONDARY
2020,GlobalClim,75.79204975871768,4,HUMI,PRIMARY+SECONDARY
2020,DeptClim,75.86132318784152,4,HUMI,PRIMARY+SECONDARY
2020,Persist,72.89331007723601,4,HUMI,PRIMARY+SECONDARY
2020,Ridge,8.318705800900222,4,HUMI,PRIMARY+SECONDARY
2020,RF,5.0297439435880715,4,HUMI,PRIMARY+SECONDARY
2020,HGB,4.546211072211952,4,HUMI,PRIMARY+SECONDARY
2021,GlobalClim,76.93677593694476,4,HUMI,PRIMARY+SECONDARY
2021,DeptClim,76.98270969901887,4,HUMI,PRIMARY+SECONDARY
2021,Persist,78.19549141456564,4,HUMI,PRIMARY+SECONDARY
2021,Ridge,12.315544585274406,4,HUMI,PRIMARY+SECONDARY
2021,RF,12.436242585843598,4,HUMI,PRIMARY+SECONDARY
2021,HGB,11.626803936872536,4,HUMI,PRIMARY+SECONDARY
2022,GlobalClim,72.8557531300694,4,HUMI,PRIMARY+SECONDARY
2022,DeptClim,73.12848627651638,4,HUMI,PRIMARY+SECONDARY
2022,Persist,73.6823156565939,4,HUMI,PRIMARY+SECONDARY
2022,Ridge,9.710548838843023,4,HUMI,PRIMARY+SECONDARY
2022,RF,9.956503313500418,4,HUMI,PRIMARY+SECONDARY
2022,HGB,6.861451640527608,4,HUMI,PRIMARY+SECONDARY
2023,GlobalClim,75.71740295449652,4,HUMI,PRIMARY+SECONDARY
2023,DeptClim,76.14406554620832,4,HUMI,PRIMARY+SECONDARY
2023,Persist,77.0774280438646,4,HUMI,PRIMARY+SECONDARY
2023,Ridge,7.508626177540404,4,HUMI,PRIMARY+SECONDARY
2023,RF,8.746067087922908,4,HUMI,PRIMARY+SECONDARY
2023,HGB,8.567656610092072,4,HUMI,PRIMARY+SECONDARY
2024,GlobalClim,80.4455659555118,4,HUMI,PRIMARY+SECONDARY
2024,DeptClim,79.99566939531493,4,HUMI,PRIMARY+SECONDARY
2024,Persist,77.33191271406758,4,HUMI,PRIMARY+SECONDARY
2024,Ridge,12.149635866350948,4,HUMI,PRIMARY+SECONDARY
2024,RF,12.55521771385072,4,HUMI,PRIMARY+SECONDARY
2024,HGB,11.282045444824096,4,HUMI,PRIMARY+SECONDARY
2001,GlobalClim,123.60929533025724,5,HUMI,PRIMARY+SECONDARY
2001,DeptClim,121.28819570381306,5,HUMI,PRIMARY+SECONDARY
2001,Persist,63.25825306483102,5,HUMI,PRIMARY+SECONDARY
2001,Ridge,40.68370678099769,5,HUMI,PRIMARY+SECONDARY
2001,RF,24.824703667548075,5,HUMI,PRIMARY+SECONDARY
2001,HGB,30.816438176474772,5,HUMI,PRIMARY+SECONDARY
2002,GlobalClim,94.78291796001955,5,HUMI,PRIMARY+SECONDARY
2002,DeptClim,93.9180055919862,5,HUMI,PRIMARY+SECONDARY
2002,Persist,61.889568827013505,5,HUMI,PRIMARY+SECONDARY
2002,Ridge,18.107103309184946,5,HUMI,PRIMARY+SECONDARY
2002,RF,14.570682774302785,5,HUMI,PRIMARY+SECONDARY
2002,HGB,12.78081815858589,5,HUMI,PRIMARY+SECONDARY
2003,GlobalClim,101.92470959173677,5,HUMI,PRIMARY+SECONDARY
2003,DeptClim,96.0747225952157,5,HUMI,PRIMARY+SECONDARY
2003,Persist,62.16943954591546,5,HUMI,PRIMARY+SECONDARY
2003,Ridge,17.943267556633057,5,HUMI,PRIMARY+SECONDARY
2003,RF,9.552516197619275,5,HUMI,PRIMARY+SECONDARY
2003,HGB,10.10460324247214,5,HUMI,PRIMARY+SECONDARY
2004,GlobalClim,106.25247586504793,5,HUMI,PRIMARY+SECONDARY
2004,DeptClim,104.27909978125636,5,HUMI,PRIMARY+SECONDARY
2004,Persist,65.40484595420833,5,HUMI,PRIMARY+SECONDARY
2004,Ridge,26.8442284143446,5,HUMI,PRIMARY+SECONDARY
2004,RF,17.688250566501566,5,HUMI,PRIMARY+SECONDARY
2004,HGB,18.1903336414373,5,HUMI,PRIMARY+SECONDARY
2005,GlobalClim,75.57283274729124,5,HUMI,PRIMARY+SECONDARY
2005,DeptClim,76.21866256258217,5,HUMI,PRIMARY+SECONDARY
2005,Persist,72.01764054563442,5,HUMI,PRIMARY+SECONDARY
2005,Ridge,9.776449882327011,5,HUMI,PRIMARY+SECONDARY
2005,RF,12.393022732007358,5,HUMI,PRIMARY+SECONDARY
2005,HGB,10.12986784048372,5,HUMI,PRIMARY+SECONDARY
2006,GlobalClim,70.48057516587541,5,HUMI,PRIMARY+SECONDARY
2006,DeptClim,71.38043514412081,5,HUMI,PRIMARY+SECONDARY
2006,Persist,76.12300394508254,5,HUMI,PRIMARY+SECONDARY
2006,Ridge,10.222266921238417,5,HUMI,PRIMARY+SECONDARY
2006,RF,10.392565462159167,5,HUMI,PRIMARY+SECONDARY
2006,HGB,10.120290140468864,5,HUMI,PRIMARY+SECONDARY
2007,GlobalClim,70.15079128278596,5,HUMI,PRIMARY+SECONDARY
2007,DeptClim,70.39410528712001,5,HUMI,PRIMARY+SECONDARY
2007,Persist,74.56201998989026,5,HUMI,PRIMARY+SECONDARY
2007,Ridge,9.761902841600996,5,HUMI,PRIMARY+SECONDARY
2007,RF,9.60089660670601,5,HUMI,PRIMARY+SECONDARY
2007,HGB,9.995669845403597,5,HUMI,PRIMARY+SECONDARY
2008,GlobalClim,71.0777590525942,5,HUMI,PRIMARY+SECONDARY
2008,DeptClim,71.59727767306609,5,HUMI,PRIMARY+SECONDARY
2008,Persist,74.9069597946333,5,HUMI,PRIMARY+SECONDARY
2008,Ridge,11.412179609696516,5,HUMI,PRIMARY+SECONDARY
2008,RF,11.02416411080517,5,HUMI,PRIMARY+SECONDARY
2008,HGB,10.936195233872992,5,HUMI,PRIMARY+SECONDARY
2009,GlobalClim,79.47488807773907,5,HUMI,PRIMARY+SECONDARY
2009,DeptClim,79.56510419743051,5,HUMI,PRIMARY+SECONDARY
2009,Persist,75.26141048762561,5,HUMI,PRIMARY+SECONDARY
2009,Ridge,15.678603272319132,5,HUMI,PRIMARY+SECONDARY
2009,RF,17.479202656667017,5,HUMI,PRIMARY+SECONDARY
2009,HGB,16.41432400988027,5,HUMI,PRIMARY+SECONDARY
2010,GlobalClim,77.7132294716071,5,HUMI,PRIMARY+SECONDARY
2010,DeptClim,78.19887803572828,5,HUMI,PRIMARY+SECONDARY
2010,Persist,75.65630935095739,5,HUMI,PRIMARY+SECONDARY
2010,Ridge,10.6481535439519,5,HUMI,PRIMARY+SECONDARY
2010,RF,9.146804663037377,5,HUMI,PRIMARY+SECONDARY
2010,HGB,9.615879845806695,5,HUMI,PRIMARY+SECONDARY
2011,GlobalClim,76.61825905446892,5,HUMI,PRIMARY+SECONDARY
2011,DeptClim,77.13846040292914,5,HUMI,PRIMARY+SECONDARY
2011,Persist,73.42324958048196,5,HUMI,PRIMARY+SECONDARY
2011,Ridge,12.057453151072712,5,HUMI,PRIMARY+SECONDARY
2011,RF,11.013192180535599,5,HUMI,PRIMARY+SECONDARY
2011,HGB,12.390901818268242,5,HUMI,PRIMARY+SECONDARY
2012,GlobalClim,86.4222164351632,5,HUMI,PRIMARY+SECONDARY
2012,DeptClim,86.55606440105271,5,HUMI,PRIMARY+SECONDARY
2012,Persist,76.28447918869152,5,HUMI,PRIMARY+SECONDARY
2012,Ridge,17.674548996375496,5,HUMI,PRIMARY+SECONDARY
2012,RF,17.92188426195881,5,HUMI,PRIMARY+SECONDARY
2012,HGB,17.234752145815236,5,HUMI,PRIMARY+SECONDARY
2013,GlobalClim,77.58343010111524,5,HUMI,PRIMARY+SECONDARY
2013,DeptClim,77.84947837554768,5,HUMI,PRIMARY+SECONDARY
2013,Persist,72.82088002018213,5,HUMI,PRIMARY+SECONDARY
2013,Ridge,11.469941495994835,5,HUMI,PRIMARY+SECONDARY
2013,RF,10.994941215882868,5,HUMI,PRIMARY+SECONDARY
2013,HGB,12.071389478117124,5,HUMI,PRIMARY+SECONDARY
2014,GlobalClim,80.52180623938358,5,HUMI,PRIMARY+SECONDARY
2014,DeptClim,80.57053774222835,5,HUMI,PRIMARY+SECONDARY
2014,Persist,75.11452472765595,5,HUMI,PRIMARY+SECONDARY
2014,Ridge,8.361347186591193,5,HUMI,PRIMARY+SECONDARY
2014,RF,9.513126583736394,5,HUMI,PRIMARY+SECONDARY
2014,HGB,10.365018857530922,5,HUMI,PRIMARY+SECONDARY
2015,GlobalClim,79.15774411293354,5,HUMI,PRIMARY+SECONDARY
2015,DeptClim,79.57421251479701,5,HUMI,PRIMARY+SECONDARY
2015,Persist,76.80855792204125,5,HUMI,PRIMARY+SECONDARY
2015,Ridge,8.658992193523073,5,HUMI,PRIMARY+SECONDARY
2015,RF,8.126807118461405,5,HUMI,PRIMARY+SECONDARY
2015,HGB,9.167066446442815,5,HUMI,PRIMARY+SECONDARY
2016,GlobalClim,73.68507775902175,5,HUMI,PRIMARY+SECONDARY
2016,DeptClim,73.98146004286788,5,HUMI,PRIMARY+SECONDARY
2016,Persist,74.3615992463457,5,HUMI,PRIMARY+SECONDARY
2016,Ridge,12.53499438097486,5,HUMI,PRIMARY+SECONDARY
2016,RF,12.566677163178346,5,HUMI,PRIMARY+SECONDARY
2016,HGB,12.048309615029842,5,HUMI,PRIMARY+SECONDARY
2017,GlobalClim,78.1595815547248,5,HUMI,PRIMARY+SECONDARY
2017,DeptClim,79.0205482819357,5,HUMI,PRIMARY+SECONDARY
2017,Persist,76.42811825951935,5,HUMI,PRIMARY+SECONDARY
2017,Ridge,16.78029437778663,5,HUMI,PRIMARY+SECONDARY
2017,RF,18.510187607329033,5,HUMI,PRIMARY+SECONDARY
2017,HGB,17.58313609812545,5,HUMI,PRIMARY+SECONDARY
2018,GlobalClim,72.93001618741073,5,HUMI,PRIMARY+SECONDARY
2018,DeptClim,73.11020956121237,5,HUMI,PRIMARY+SECONDARY
2018,Persist,75.96614117288581,5,HUMI,PRIMARY+SECONDARY
2018,Ridge,6.498736369725187,5,HUMI,PRIMARY+SECONDARY
2018,RF,7.588245847820968,5,HUMI,PRIMARY+SECONDARY
2018,HGB,9.251281820570032,5,HUMI,PRIMARY+SECONDARY
2019,GlobalClim,74.5098773031516,5,HUMI,PRIMARY+SECONDARY
2019,DeptClim,74.69384915213462,5,HUMI,PRIMARY+SECONDARY
2019,Persist,76.30899375854413,5,HUMI,PRIMARY+SECONDARY
2019,Ridge,6.811668340541983,5,HUMI,PRIMARY+SECONDARY
2019,RF,6.9525426480728845,5,HUMI,PRIMARY+SECONDARY
2019,HGB,8.644148147146222,5,HUMI,PRIMARY+SECONDARY
2020,GlobalClim,78.82278535696264,5,HUMI,PRIMARY+SECONDARY
2020,DeptClim,79.0084035270756,5,HUMI,PRIMARY+SECONDARY
2020,Persist,78.4943410440249,5,HUMI,PRIMARY+SECONDARY
2020,Ridge,11.748393667379425,5,HUMI,PRIMARY+SECONDARY
2020,RF,11.204171896294659,5,HUMI,PRIMARY+SECONDARY
2020,HGB,11.435935391449288,5,HUMI,PRIMARY+SECONDARY
2021,GlobalClim,79.35179904996278,5,HUMI,PRIMARY+SECONDARY
2021,DeptClim,79.54594107134555,5,HUMI,PRIMARY+SECONDARY
2021,Persist,78.40330408981634,5,HUMI,PRIMARY+SECONDARY
2021,Ridge,15.161935017587924,5,HUMI,PRIMARY+SECONDARY
2021,RF,14.20277691357999,5,HUMI,PRIMARY+SECONDARY
2021,HGB,14.059094663528406,5,HUMI,PRIMARY+SECONDARY
2022,GlobalClim,73.5941046384625,5,HUMI,PRIMARY+SECONDARY
2022,DeptClim,73.88935909302583,5,HUMI,PRIMARY+SECONDARY
2022,Persist,76.96002927200058,5,HUMI,PRIMARY+SECONDARY
2022,Ridge,7.579510496015618,5,HUMI,PRIMARY+SECONDARY
2022,RF,7.438892127522651,5,HUMI,PRIMARY+SECONDARY
2022,HGB,7.3346221675332135,5,HUMI,PRIMARY+SECONDARY
2023,GlobalClim,78.15778740507584,5,HUMI,PRIMARY+SECONDARY
2023,DeptClim,78.76988758225006,5,HUMI,PRIMARY+SECONDARY
2023,Persist,80.0460015617342,5,HUMI,PRIMARY+SECONDARY
2023,Ridge,10.293352208107294,5,HUMI,PRIMARY+SECONDARY
2023,RF,9.254513544493456,5,HUMI,PRIMARY+SECONDARY
2023,HGB,10.835717558666301,5,HUMI,PRIMARY+SECONDARY
2024,GlobalClim,78.23799863180656,5,HUMI,PRIMARY+SECONDARY
2024,DeptClim,77.5121192853056,5,HUMI,PRIMARY+SECONDARY
2024,Persist,76.74238787019408,5,HUMI,PRIMARY+SECONDARY
2024,Ridge,12.758753103612246,5,HUMI,PRIMARY+SECONDARY
2024,RF,11.301761047205826,5,HUMI,PRIMARY+SECONDARY
2024,HGB,13.73823031378509,5,HUMI,PRIMARY+SECONDARY
2001,GlobalClim,118.73707292643974,6,HUMI,PRIMARY+SECONDARY
2001,DeptClim,114.81930023677678,6,HUMI,PRIMARY+SECONDARY
2001,Persist,58.56165470913311,6,HUMI,PRIMARY+SECONDARY
2001,Ridge,34.42775863904722,6,HUMI,PRIMARY+SECONDARY
2001,RF,22.091200390654688,6,HUMI,PRIMARY+SECONDARY
2001,HGB,21.891935094717535,6,HUMI,PRIMARY+SECONDARY
2002,GlobalClim,92.18893492383022,6,HUMI,PRIMARY+SECONDARY
2002,DeptClim,90.742408234718,6,HUMI,PRIMARY+SECONDARY
2002,Persist,63.11512148012387,6,HUMI,PRIMARY+SECONDARY
2002,Ridge,10.251164199483856,6,HUMI,PRIMARY+SECONDARY
2002,RF,14.184405730394204,6,HUMI,PRIMARY+SECONDARY
2002,HGB,9.49644315334576,6,HUMI,PRIMARY+SECONDARY
2003,GlobalClim,105.31875558053545,6,HUMI,PRIMARY+SECONDARY
2003,DeptClim,100.37612027123568,6,HUMI,PRIMARY+SECONDARY
2003,Persist,56.97905440482826,6,HUMI,PRIMARY+SECONDARY
2003,Ridge,24.07631688855748,6,HUMI,PRIMARY+SECONDARY
2003,RF,16.359143677953753,6,HUMI,PRIMARY+SECONDARY
2003,HGB,15.511949031545404,6,HUMI,PRIMARY+SECONDARY
2004,GlobalClim,106.18571348149533,6,HUMI,PRIMARY+SECONDARY
2004,DeptClim,104.86229814516346,6,HUMI,PRIMARY+SECONDARY
2004,Persist,66.09293282684847,6,HUMI,PRIMARY+SECONDARY
2004,Ridge,26.83805734077989,6,HUMI,PRIMARY+SECONDARY
2004,RF,20.348682428548987,6,HUMI,PRIMARY+SECONDARY
2004,HGB,20.802004346940176,6,HUMI,PRIMARY+SECONDARY
2005,GlobalClim,77.07091402272219,6,HUMI,PRIMARY+SECONDARY
2005,DeptClim,77.28304254808893,6,HUMI,PRIMARY+SECONDARY
2005,Persist,76.80596476114555,6,HUMI,PRIMARY+SECONDARY
2005,Ridge,9.240731220156981,6,HUMI,PRIMARY+SECONDARY
2005,RF,12.141725540903632,6,HUMI,PRIMARY+SECONDARY
2005,HGB,9.0304391716227,6,HUMI,PRIMARY+SECONDARY
2006,GlobalClim,70.55472299582955,6,HUMI,PRIMARY+SECONDARY
2006,DeptClim,71.22780056921663,6,HUMI,PRIMARY+SECONDARY
2006,Persist,75.85930405416765,6,HUMI,PRIMARY+SECONDARY
2006,Ridge,11.445268072459553,6,HUMI,PRIMARY+SECONDARY
2006,RF,12.11851301947574,6,HUMI,PRIMARY+SECONDARY
2006,HGB,10.548697034428143,6,HUMI,PRIMARY+SECONDARY
2007,GlobalClim,70.03639337420793,6,HUMI,PRIMARY+SECONDARY
2007,DeptClim,70.35760069119084,6,HUMI,PRIMARY+SECONDARY
2007,Persist,74.33026959419345,6,HUMI,PRIMARY+SECONDARY
2007,Ridge,11.105610750556075,6,HUMI,PRIMARY+SECONDARY
2007,RF,9.496161364326,6,HUMI,PRIMARY+SECONDARY
2007,HGB,11.381745690705474,6,HUMI,PRIMARY+SECONDARY
2008,GlobalClim,70.32897799178866,6,HUMI,PRIMARY+SECONDARY
2008,DeptClim,70.74570884015654,6,HUMI,PRIMARY+SECONDARY
2008,Persist,74.64115480152381,6,HUMI,PRIMARY+SECONDARY
2008,Ridge,12.418266194638019,6,HUMI,PRIMARY+SECONDARY
2008,RF,11.339798215684931,6,HUMI,PRIMARY+SECONDARY
2008,HGB,12.295942412674169,6,HUMI,PRIMARY+SECONDARY
2009,GlobalClim,78.90490790243564,6,HUMI,PRIMARY+SECONDARY
2009,DeptClim,78.75950833411873,6,HUMI,PRIMARY+SECONDARY
2009,Persist,75.2160061445664,6,HUMI,PRIMARY+SECONDARY
2009,Ridge,16.92145317278646,6,HUMI,PRIMARY+SECONDARY
2009,RF,17.927174476533988,6,HUMI,PRIMARY+SECONDARY
2009,HGB,18.004348321295893,6,HUMI,PRIMARY+SECONDARY
2010,GlobalClim,74.12095934450801,6,HUMI,PRIMARY+SECONDARY
2010,DeptClim,74.41601617018995,6,HUMI,PRIMARY+SECONDARY
2010,Persist,72.79815352904514,6,HUMI,PRIMARY+SECONDARY
2010,Ridge,11.23524963694094,6,HUMI,PRIMARY+SECONDARY
2010,RF,9.86091598072581,6,HUMI,PRIMARY+SECONDARY
2010,HGB,9.787504198544049,6,HUMI,PRIMARY+SECONDARY
2011,GlobalClim,82.14083167545346,6,HUMI,PRIMARY+SECONDARY
2011,DeptClim,82.54068964106564,6,HUMI,PRIMARY+SECONDARY
2011,Persist,81.96307445132905,6,HUMI,PRIMARY+SECONDARY
2011,Ridge,16.59869305378861,6,HUMI,PRIMARY+SECONDARY
2011,RF,15.159929198132225,6,HUMI,PRIMARY+SECONDARY
2011,HGB,17.716750764722125,6,HUMI,PRIMARY+SECONDARY
2012,GlobalClim,84.33612571789367,6,HUMI,PRIMARY+SECONDARY
2012,DeptClim,84.26351639026512,6,HUMI,PRIMARY+SECONDARY
2012,Persist,75.63542924602326,6,HUMI,PRIMARY+SECONDARY
2012,Ridge,14.852995419286449,6,HUMI,PRIMARY+SECONDARY
2012,RF,17.341631131391676,6,HUMI,PRIMARY+SECONDARY
2012,HGB,16.716323004933496,6,HUMI,PRIMARY+SECONDARY
2013,GlobalClim,81.27261139515853,6,HUMI,PRIMARY+SECONDARY
2013,DeptClim,81.64131655644736,6,HUMI,PRIMARY+SECONDARY
2013,Persist,79.22098176298667,6,HUMI,PRIMARY+SECONDARY
2013,Ridge,17.582297922624406,6,HUMI,PRIMARY+SECONDARY
2013,RF,18.908892842671616,6,HUMI,PRIMARY+SECONDARY
2013,HGB,18.592080137427914,6,HUMI,PRIMARY+SECONDARY
2014,GlobalClim,78.15430834716457,6,HUMI,PRIMARY+SECONDARY
2014,DeptClim,78.10746645720863,6,HUMI,PRIMARY+SECONDARY
2014,Persist,74.60847064296765,6,HUMI,PRIMARY+SECONDARY
2014,Ridge,9.59814903850436,6,HUMI,PRIMARY+SECONDARY
2014,RF,8.871663624088475,6,HUMI,PRIMARY+SECONDARY
2014,HGB,11.654135478464362,6,HUMI,PRIMARY+SECONDARY
2015,GlobalClim,77.56317098432298,6,HUMI,PRIMARY+SECONDARY
2015,DeptClim,77.76058743619646,6,HUMI,PRIMARY+SECONDARY
2015,Persist,75.32290812340477,6,HUMI,PRIMARY+SECONDARY
2015,Ridge,8.493132370340662,6,HUMI,PRIMARY+SECONDARY
2015,RF,7.550181309853141,6,HUMI,PRIMARY+SECONDARY
2015,HGB,7.560912146710551,6,HUMI,PRIMARY+SECONDARY
2016,GlobalClim,73.31054347888755,6,HUMI,PRIMARY+SECONDARY
2016,DeptClim,73.66407188855302,6,HUMI,PRIMARY+SECONDARY
2016,Persist,75.77891322696867,6,HUMI,PRIMARY+SECONDARY
2016,Ridge,11.929470454860072,6,HUMI,PRIMARY+SECONDARY
2016,RF,12.562995182563824,6,HUMI,PRIMARY+SECONDARY
2016,HGB,12.672408769184933,6,HUMI,PRIMARY+SECONDARY
2017,GlobalClim,79.21392995671503,6,HUMI,PRIMARY+SECONDARY
2017,DeptClim,80.26810808741351,6,HUMI,PRIMARY+SECONDARY
2017,Persist,78.11138262180437,6,HUMI,PRIMARY+SECONDARY
2017,Ridge,17.430190457826647,6,HUMI,PRIMARY+SECONDARY
2017,RF,18.682498008656037,6,HUMI,PRIMARY+SECONDARY
2017,HGB,16.75822216470357,6,HUMI,PRIMARY+SECONDARY
2018,GlobalClim,74.82217006051404,6,HUMI,PRIMARY+SECONDARY
2018,DeptClim,75.03412617552415,6,HUMI,PRIMARY+SECONDARY
2018,Persist,78.19344442881572,6,HUMI,PRIMARY+SECONDARY
2018,Ridge,8.108047846625665,6,HUMI,PRIMARY+SECONDARY
2018,RF,10.535815667589791,6,HUMI,PRIMARY+SECONDARY
2018,HGB,9.533620540560124,6,HUMI,PRIMARY+SECONDARY
2019,GlobalClim,74.34412259670101,6,HUMI,PRIMARY+SECONDARY
2019,DeptClim,74.5796077046986,6,HUMI,PRIMARY+SECONDARY
2019,Persist,77.08284208937341,6,HUMI,PRIMARY+SECONDARY
2019,Ridge,7.223281232740526,6,HUMI,PRIMARY+SECONDARY
2019,RF,6.877076837461423,6,HUMI,PRIMARY+SECONDARY
2019,HGB,6.1678170132274674,6,HUMI,PRIMARY+SECONDARY
2020,GlobalClim,77.23834794314661,6,HUMI,PRIMARY+SECONDARY
2020,DeptClim,77.59909169940092,6,HUMI,PRIMARY+SECONDARY
2020,Persist,76.20013906453568,6,HUMI,PRIMARY+SECONDARY
2020,Ridge,12.529215536563541,6,HUMI,PRIMARY+SECONDARY
2020,RF,12.279004671422001,6,HUMI,PRIMARY+SECONDARY
2020,HGB,11.921215017347603,6,HUMI,PRIMARY+SECONDARY
2021,GlobalClim,76.78053264045411,6,HUMI,PRIMARY+SECONDARY
2021,DeptClim,76.8518202815817,6,HUMI,PRIMARY+SECONDARY
2021,Persist,77.55836042535752,6,HUMI,PRIMARY+SECONDARY
2021,Ridge,12.021943496835306,6,HUMI,PRIMARY+SECONDARY
2021,RF,11.112853311034016,6,HUMI,PRIMARY+SECONDARY
2021,HGB,10.70990697968005,6,HUMI,PRIMARY+SECONDARY
2022,GlobalClim,73.53503327523246,6,HUMI,PRIMARY+SECONDARY
2022,DeptClim,73.95985173680398,6,HUMI,PRIMARY+SECONDARY
2022,Persist,77.85574253575385,6,HUMI,PRIMARY+SECONDARY
2022,Ridge,8.71508075647724,6,HUMI,PRIMARY+SECONDARY
2022,RF,7.3063215522881055,6,HUMI,PRIMARY+SECONDARY
2022,HGB,6.7653555233103555,6,HUMI,PRIMARY+SECONDARY
2023,GlobalClim,79.31606504467378,6,HUMI,PRIMARY+SECONDARY
2023,DeptClim,79.84757475373571,6,HUMI,PRIMARY+SECONDARY
2023,Persist,80.36792385466059,6,HUMI,PRIMARY+SECONDARY
2023,Ridge,11.014342827234627,6,HUMI,PRIMARY+SECONDARY
2023,RF,9.41758709751474,6,HUMI,PRIMARY+SECONDARY
2023,HGB,9.511313469177356,6,HUMI,PRIMARY+SECONDARY
2024,GlobalClim,78.41723347987678,6,HUMI,PRIMARY+SECONDARY
2024,DeptClim,78.44457838079522,6,HUMI,PRIMARY+SECONDARY
2024,Persist,79.96843149193879,6,HUMI,PRIMARY+SECONDARY
2024,Ridge,11.585620968867644,6,HUMI,PRIMARY+SECONDARY
2024,RF,11.969102824018108,6,HUMI,PRIMARY+SECONDARY
2024,HGB,11.1755999872383,6,HUMI,PRIMARY+SECONDARY
2001,GlobalClim,117.59428458041481,7,HUMI,PRIMARY+SECONDARY
2001,DeptClim,113.6421820858749,7,HUMI,PRIMARY+SECONDARY
2001,Persist,58.02383887336964,7,HUMI,PRIMARY+SECONDARY
2001,Ridge,33.34571678225564,7,HUMI,PRIMARY+SECONDARY
2001,RF,21.972660058051318,7,HUMI,PRIMARY+SECONDARY
2001,HGB,19.790542426461435,7,HUMI,PRIMARY+SECONDARY
2002,GlobalClim,89.76838007383225,7,HUMI,PRIMARY+SECONDARY
2002,DeptClim,89.36043245434914,7,HUMI,PRIMARY+SECONDARY
2002,Persist,61.7239196032943,7,HUMI,PRIMARY+SECONDARY
2002,Ridge,7.457799843394531,7,HUMI,PRIMARY+SECONDARY
2002,RF,14.592214013638257,7,HUMI,PRIMARY+SECONDARY
2002,HGB,8.25159155608761,7,HUMI,PRIMARY+SECONDARY
2003,GlobalClim,106.61354075220704,7,HUMI,PRIMARY+SECONDARY
2003,DeptClim,103.06698780089222,7,HUMI,PRIMARY+SECONDARY
2003,Persist,57.820533536823035,7,HUMI,PRIMARY+SECONDARY
2003,Ridge,24.07715072933336,7,HUMI,PRIMARY+SECONDARY
2003,RF,11.49694911576588,7,HUMI,PRIMARY+SECONDARY
2003,HGB,19.242485302818423,7,HUMI,PRIMARY+SECONDARY
2004,GlobalClim,109.08662539232206,7,HUMI,PRIMARY+SECONDARY
2004,DeptClim,107.51512229805998,7,HUMI,PRIMARY+SECONDARY
2004,Persist,67.77753739003566,7,HUMI,PRIMARY+SECONDARY
2004,Ridge,30.62397789147778,7,HUMI,PRIMARY+SECONDARY
2004,RF,21.75129443868976,7,HUMI,PRIMARY+SECONDARY
2004,HGB,23.936202681856845,7,HUMI,PRIMARY+SECONDARY
2005,GlobalClim,76.97553899132805,7,HUMI,PRIMARY+SECONDARY
2005,DeptClim,77.59306241666228,7,HUMI,PRIMARY+SECONDARY
2005,Persist,76.10420697332559,7,HUMI,PRIMARY+SECONDARY
2005,Ridge,12.057110769834686,7,HUMI,PRIMARY+SECONDARY
2005,RF,11.401539655499814,7,HUMI,PRIMARY+SECONDARY
2005,HGB,10.468252996434583,7,HUMI,PRIMARY+SECONDARY
2006,GlobalClim,70.48393706693439,7,HUMI,PRIMARY+SECONDARY
2006,DeptClim,71.27553262032555,7,HUMI,PRIMARY+SECONDARY
2006,Persist,76.03526201694635,7,HUMI,PRIMARY+SECONDARY
2006,Ridge,8.906417517133493,7,HUMI,PRIMARY+SECONDARY
2006,RF,9.110825500293211,7,HUMI,PRIMARY+SECONDARY
2006,HGB,9.192170079498068,7,HUMI,PRIMARY+SECONDARY
2007,GlobalClim,69.04908313402838,7,HUMI,PRIMARY+SECONDARY
2007,DeptClim,69.57360546961252,7,HUMI,PRIMARY+SECONDARY
2007,Persist,73.79390667111815,7,HUMI,PRIMARY+SECONDARY
2007,Ridge,12.852701268595238,7,HUMI,PRIMARY+SECONDARY
2007,RF,11.046917695806876,7,HUMI,PRIMARY+SECONDARY
2007,HGB,12.40072426154564,7,HUMI,PRIMARY+SECONDARY
2008,GlobalClim,69.86187603195118,7,HUMI,PRIMARY+SECONDARY
2008,DeptClim,70.16700341358285,7,HUMI,PRIMARY+SECONDARY
2008,Persist,74.1302622095504,7,HUMI,PRIMARY+SECONDARY
2008,Ridge,12.239408351936087,7,HUMI,PRIMARY+SECONDARY
2008,RF,10.646192306053115,7,HUMI,PRIMARY+SECONDARY
2008,HGB,12.429957604572397,7,HUMI,PRIMARY+SECONDARY
2009,GlobalClim,81.92392868783425,7,HUMI,PRIMARY+SECONDARY
2009,DeptClim,81.5435444838065,7,HUMI,PRIMARY+SECONDARY
2009,Persist,78.75680552938871,7,HUMI,PRIMARY+SECONDARY
2009,Ridge,19.07539420703779,7,HUMI,PRIMARY+SECONDARY
2009,RF,20.390856053683613,7,HUMI,PRIMARY+SECONDARY
2009,HGB,20.376843001721404,7,HUMI,PRIMARY+SECONDARY
2010,GlobalClim,71.6815072102273,7,HUMI,PRIMARY+SECONDARY
2010,DeptClim,71.82580516602425,7,HUMI,PRIMARY+SECONDARY
2010,Persist,72.76580460919592,7,HUMI,PRIMARY+SECONDARY
2010,Ridge,11.913527164952697,7,HUMI,PRIMARY+SECONDARY
2010,RF,9.256386830601164,7,HUMI,PRIMARY+SECONDARY
2010,HGB,12.182170238583213,7,HUMI,PRIMARY+SECONDARY
2011,GlobalClim,82.25013939031619,7,HUMI,PRIMARY+SECONDARY
2011,DeptClim,82.64720630713958,7,HUMI,PRIMARY+SECONDARY
2011,Persist,76.36452098474426,7,HUMI,PRIMARY+SECONDARY
2011,Ridge,18.404188880723193,7,HUMI,PRIMARY+SECONDARY
2011,RF,17.18992466511867,7,HUMI,PRIMARY+SECONDARY
2011,HGB,19.30035597710734,7,HUMI,PRIMARY+SECONDARY
2012,GlobalClim,83.32447291316177,7,HUMI,PRIMARY+SECONDARY
2012,DeptClim,82.98543845255325,7,HUMI,PRIMARY+SECONDARY
2012,Persist,76.06574634650525,7,HUMI,PRIMARY+SECONDARY
2012,Ridge,14.81727949437514,7,HUMI,PRIMARY+SECONDARY
2012,RF,14.56564616939451,7,HUMI,PRIMARY+SECONDARY
2012,HGB,16.02937343687951,7,HUMI,PRIMARY+SECONDARY
2013,GlobalClim,77.67743826590255,7,HUMI,PRIMARY+SECONDARY
2013,DeptClim,77.77748047215657,7,HUMI,PRIMARY+SECONDARY
2013,Persist,74.48482759134326,7,HUMI,PRIMARY+SECONDARY
2013,Ridge,12.194570721559266,7,HUMI,PRIMARY+SECONDARY
2013,RF,10.826888795199922,7,HUMI,PRIMARY+SECONDARY
2013,HGB,13.732555776466432,7,HUMI,PRIMARY+SECONDARY
2014,GlobalClim,79.77580947684812,7,HUMI,PRIMARY+SECONDARY
2014,DeptClim,79.62748265811062,7,HUMI,PRIMARY+SECONDARY
2014,Persist,78.55724639459586,7,HUMI,PRIMARY+SECONDARY
2014,Ridge,9.221690449503043,7,HUMI,PRIMARY+SECONDARY
2014,RF,12.837435471757978,7,HUMI,PRIMARY+SECONDARY
2014,HGB,9.346072672276042,7,HUMI,PRIMARY+SECONDARY
2015,GlobalClim,74.93777410487262,7,HUMI,PRIMARY+SECONDARY
2015,DeptClim,75.23053428516904,7,HUMI,PRIMARY+SECONDARY
2015,Persist,75.16262533950653,7,HUMI,PRIMARY+SECONDARY
2015,Ridge,8.982328364252833,7,HUMI,PRIMARY+SECONDARY
2015,RF,8.71557636443313,7,HUMI,PRIMARY+SECONDARY
2015,HGB,9.212883453556312,7,HUMI,PRIMARY+SECONDARY
2016,GlobalClim,72.68817613508311,7,HUMI,PRIMARY+SECONDARY
2016,DeptClim,73.08240356797621,7,HUMI,PRIMARY+SECONDARY
2016,Persist,75.83948185309595,7,HUMI,PRIMARY+SECONDARY
2016,Ridge,10.896728194945625,7,HUMI,PRIMARY+SECONDARY
2016,RF,8.223568443038625,7,HUMI,PRIMARY+SECONDARY
2016,HGB,9.068994182142493,7,HUMI,PRIMARY+SECONDARY
2017,GlobalClim,78.95645204825408,7,HUMI,PRIMARY+SECONDARY
2017,DeptClim,80.04512041826062,7,HUMI,PRIMARY+SECONDARY
2017,Persist,77.55790059918928,7,HUMI,PRIMARY+SECONDARY
2017,Ridge,17.716435246022932,7,HUMI,PRIMARY+SECONDARY
2017,RF,18.44813716246619,7,HUMI,PRIMARY+SECONDARY
2017,HGB,17.66018194516157,7,HUMI,PRIMARY+SECONDARY
2018,GlobalClim,74.97692594475869,7,HUMI,PRIMARY+SECONDARY
2018,DeptClim,75.3155953630094,7,HUMI,PRIMARY+SECONDARY
2018,Persist,77.4722847885727,7,HUMI,PRIMARY+SECONDARY
2018,Ridge,6.380733082776116,7,HUMI,PRIMARY+SECONDARY
2018,RF,7.113831634619364,7,HUMI,PRIMARY+SECONDARY
2018,HGB,7.364092685233153,7,HUMI,PRIMARY+SECONDARY
2019,GlobalClim,74.19610716486504,7,HUMI,PRIMARY+SECONDARY
2019,DeptClim,74.61507868048791,7,HUMI,PRIMARY+SECONDARY
2019,Persist,77.3970970291098,7,HUMI,PRIMARY+SECONDARY
2019,Ridge,9.802549980024668,7,HUMI,PRIMARY+SECONDARY
2019,RF,7.331785820564438,7,HUMI,PRIMARY+SECONDARY
2019,HGB,8.245981980209063,7,HUMI,PRIMARY+SECONDARY
2020,GlobalClim,74.08701161761037,7,HUMI,PRIMARY+SECONDARY
2020,DeptClim,74.6916564598254,7,HUMI,PRIMARY+SECONDARY
2020,Persist,75.18289873124961,7,HUMI,PRIMARY+SECONDARY
2020,Ridge,12.059582621258743,7,HUMI,PRIMARY+SECONDARY
2020,RF,11.87194791651013,7,HUMI,PRIMARY+SECONDARY
2020,HGB,11.878771823967531,7,HUMI,PRIMARY+SECONDARY
2021,GlobalClim,76.19600230654295,7,HUMI,PRIMARY+SECONDARY
2021,DeptClim,76.29315914380953,7,HUMI,PRIMARY+SECONDARY
2021,Persist,78.14469318718065,7,HUMI,PRIMARY+SECONDARY
2021,Ridge,9.840504034818181,7,HUMI,PRIMARY+SECONDARY
2021,RF,8.79850452537438,7,HUMI,PRIMARY+SECONDARY
2021,HGB,8.772768196928588,7,HUMI,PRIMARY+SECONDARY
2022,GlobalClim,74.7103391200663,7,HUMI,PRIMARY+SECONDARY
2022,DeptClim,75.23363520771893,7,HUMI,PRIMARY+SECONDARY
2022,Persist,79.31829832441548,7,HUMI,PRIMARY+SECONDARY
2022,Ridge,6.2684977025827076,7,HUMI,PRIMARY+SECONDARY
2022,RF,5.454582211380379,7,HUMI,PRIMARY+SECONDARY
2022,HGB,7.554967297658759,7,HUMI,PRIMARY+SECONDARY
2023,GlobalClim,78.0989616116861,7,HUMI,PRIMARY+SECONDARY
2023,DeptClim,78.30168461776402,7,HUMI,PRIMARY+SECONDARY
2023,Persist,79.50983851163714,7,HUMI,PRIMARY+SECONDARY
2023,Ridge,9.846761410414024,7,HUMI,PRIMARY+SECONDARY
2023,RF,11.677382274196512,7,HUMI,PRIMARY+SECONDARY
2023,HGB,8.544517371145597,7,HUMI,PRIMARY+SECONDARY
2024,GlobalClim,76.60946053838141,7,HUMI,PRIMARY+SECONDARY
2024,DeptClim,76.86796585775902,7,HUMI,PRIMARY+SECONDARY
2024,Persist,80.1632641203753,7,HUMI,PRIMARY+SECONDARY
2024,Ridge,9.699120479647105,7,HUMI,PRIMARY+SECONDARY
2024,RF,8.25861734097106,7,HUMI,PRIMARY+SECONDARY
2024,HGB,9.366986315633897,7,HUMI,PRIMARY+SECONDARY
2001,GlobalClim,119.5734251906796,8,HUMI,PRIMARY+SECONDARY
2001,DeptClim,115.89695735588272,8,HUMI,PRIMARY+SECONDARY
2001,Persist,59.960454429741844,8,HUMI,PRIMARY+SECONDARY
2001,Ridge,35.88542493836874,8,HUMI,PRIMARY+SECONDARY
2001,RF,19.85308456574017,8,HUMI,PRIMARY+SECONDARY
2001,HGB,24.933814565226317,8,HUMI,PRIMARY+SECONDARY
2002,GlobalClim,95.95541568337231,8,HUMI,PRIMARY+SECONDARY
2002,DeptClim,95.85392296903879,8,HUMI,PRIMARY+SECONDARY
2002,Persist,56.822092181341425,8,HUMI,PRIMARY+SECONDARY
2002,Ridge,19.938062241293668,8,HUMI,PRIMARY+SECONDARY
2002,RF,19.360172091276706,8,HUMI,PRIMARY+SECONDARY
2002,HGB,16.992228947420674,8,HUMI,PRIMARY+SECONDARY
2003,GlobalClim,75.88461900125765,8,HUMI,PRIMARY+SECONDARY
2003,DeptClim,70.6624166205329,8,HUMI,PRIMARY+SECONDARY
2003,Persist,41.363313686170486,8,HUMI,PRIMARY+SECONDARY
2003,Ridge,14.180997214234813,8,HUMI,PRIMARY+SECONDARY
2003,RF,16.84530602714939,8,HUMI,PRIMARY+SECONDARY
2003,HGB,12.462827461699133,8,HUMI,PRIMARY+SECONDARY
2004,GlobalClim,109.3587543647426,8,HUMI,PRIMARY+SECONDARY
2004,DeptClim,107.32028322248746,8,HUMI,PRIMARY+SECONDARY
2004,Persist,67.8654931623873,8,HUMI,PRIMARY+SECONDARY
2004,Ridge,31.134078112508103,8,HUMI,PRIMARY+SECONDARY
2004,RF,23.53556795949117,8,HUMI,PRIMARY+SECONDARY
2004,HGB,22.889945661402066,8,HUMI,PRIMARY+SECONDARY
2005,GlobalClim,77.90487004675862,8,HUMI,PRIMARY+SECONDARY
2005,DeptClim,78.50568281563946,8,HUMI,PRIMARY+SECONDARY
2005,Persist,76.73617428547946,8,HUMI,PRIMARY+SECONDARY
2005,Ridge,7.927479045230687,8,HUMI,PRIMARY+SECONDARY
2005,RF,10.495545349676274,8,HUMI,PRIMARY+SECONDARY
2005,HGB,8.59847269016688,8,HUMI,PRIMARY+SECONDARY
2006,GlobalClim,71.82729006776025,8,HUMI,PRIMARY+SECONDARY
2006,DeptClim,72.1952806674575,8,HUMI,PRIMARY+SECONDARY
2006,Persist,75.99455652677453,8,HUMI,PRIMARY+SECONDARY
2006,Ridge,9.61888316367557,8,HUMI,PRIMARY+SECONDARY
2006,RF,9.696128963357138,8,HUMI,PRIMARY+SECONDARY
2006,HGB,9.315245275543631,8,HUMI,PRIMARY+SECONDARY
2007,GlobalClim,68.1924312761072,8,HUMI,PRIMARY+SECONDARY
2007,DeptClim,68.66615967563642,8,HUMI,PRIMARY+SECONDARY
2007,Persist,72.29261893402169,8,HUMI,PRIMARY+SECONDARY
2007,Ridge,12.127924169834156,8,HUMI,PRIMARY+SECONDARY
2007,RF,11.593203758482398,8,HUMI,PRIMARY+SECONDARY
2007,HGB,11.962329931585092,8,HUMI,PRIMARY+SECONDARY
2008,GlobalClim,73.84239941667923,8,HUMI,PRIMARY+SECONDARY
2008,DeptClim,73.99767165884971,8,HUMI,PRIMARY+SECONDARY
2008,Persist,77.19174770222546,8,HUMI,PRIMARY+SECONDARY
2008,Ridge,13.123757254258939,8,HUMI,PRIMARY+SECONDARY
2008,RF,13.121415222754345,8,HUMI,PRIMARY+SECONDARY
2008,HGB,12.903578290728465,8,HUMI,PRIMARY+SECONDARY
2009,GlobalClim,76.46173355306418,8,HUMI,PRIMARY+SECONDARY
2009,DeptClim,76.54094315410156,8,HUMI,PRIMARY+SECONDARY
2009,Persist,71.8770848711717,8,HUMI,PRIMARY+SECONDARY
2009,Ridge,14.194809041310988,8,HUMI,PRIMARY+SECONDARY
2009,RF,13.979271010465034,8,HUMI,PRIMARY+SECONDARY
2009,HGB,14.689391184380872,8,HUMI,PRIMARY+SECONDARY
2010,GlobalClim,73.5658171932007,8,HUMI,PRIMARY+SECONDARY
2010,DeptClim,73.6102990132841,8,HUMI,PRIMARY+SECONDARY
2010,Persist,75.7018379305522,8,HUMI,PRIMARY+SECONDARY
2010,Ridge,12.093601218208368,8,HUMI,PRIMARY+SECONDARY
2010,RF,9.370214474579754,8,HUMI,PRIMARY+SECONDARY
2010,HGB,12.765747603743858,8,HUMI,PRIMARY+SECONDARY
2011,GlobalClim,83.01781732347904,8,HUMI,PRIMARY+SECONDARY
2011,DeptClim,83.2284571567719,8,HUMI,PRIMARY+SECONDARY
2011,Persist,76.00132474192084,8,HUMI,PRIMARY+SECONDARY
2011,Ridge,18.00743150350435,8,HUMI,PRIMARY+SECONDARY
2011,RF,16.903188361670896,8,HUMI,PRIMARY+SECONDARY
2011,HGB,17.973960432693026,8,HUMI,PRIMARY+SECONDARY
2012,GlobalClim,84.50888609738014,8,HUMI,PRIMARY+SECONDARY
2012,DeptClim,84.53985357306203,8,HUMI,PRIMARY+SECONDARY
2012,Persist,77.46698791022777,8,HUMI,PRIMARY+SECONDARY
2012,Ridge,18.185264384119527,8,HUMI,PRIMARY+SECONDARY
2012,RF,13.450983175295312,8,HUMI,PRIMARY+SECONDARY
2012,HGB,17.715230176043562,8,HUMI,PRIMARY+SECONDARY
2013,GlobalClim,77.47574752469927,8,HUMI,PRIMARY+SECONDARY
2013,DeptClim,77.95371827143562,8,HUMI,PRIMARY+SECONDARY
2013,Persist,74.80136136103009,8,HUMI,PRIMARY+SECONDARY
2013,Ridge,13.156225943918017,8,HUMI,PRIMARY+SECONDARY
2013,RF,12.08056336516829,8,HUMI,PRIMARY+SECONDARY
2013,HGB,14.215190142577862,8,HUMI,PRIMARY+SECONDARY
2014,GlobalClim,76.16215773582056,8,HUMI,PRIMARY+SECONDARY
2014,DeptClim,76.27826037412405,8,HUMI,PRIMARY+SECONDARY
2014,Persist,73.68054169782336,8,HUMI,PRIMARY+SECONDARY
2014,Ridge,9.779210569970399,8,HUMI,PRIMARY+SECONDARY
2014,RF,6.7667775171750915,8,HUMI,PRIMARY+SECONDARY
2014,HGB,7.07709981775955,8,HUMI,PRIMARY+SECONDARY
2015,GlobalClim,75.53310202165244,8,HUMI,PRIMARY+SECONDARY
2015,DeptClim,75.80523507488468,8,HUMI,PRIMARY+SECONDARY
2015,Persist,75.44023832855476,8,HUMI,PRIMARY+SECONDARY
2015,Ridge,8.588607802498426,8,HUMI,PRIMARY+SECONDARY
2015,RF,8.858068033118638,8,HUMI,PRIMARY+SECONDARY
2015,HGB,11.038467772229746,8,HUMI,PRIMARY+SECONDARY
2016,GlobalClim,73.10428308046318,8,HUMI,PRIMARY+SECONDARY
2016,DeptClim,73.15954054190281,8,HUMI,PRIMARY+SECONDARY
2016,Persist,75.68912346486512,8,HUMI,PRIMARY+SECONDARY
2016,Ridge,9.286506269004205,8,HUMI,PRIMARY+SECONDARY
2016,RF,7.6465451946763645,8,HUMI,PRIMARY+SECONDARY
2016,HGB,10.123455087112122,8,HUMI,PRIMARY+SECONDARY
2017,GlobalClim,78.26132409756329,8,HUMI,PRIMARY+SECONDARY
2017,DeptClim,79.11889570383887,8,HUMI,PRIMARY+SECONDARY
2017,Persist,75.89355775569032,8,HUMI,PRIMARY+SECONDARY
2017,Ridge,17.086342794986642,8,HUMI,PRIMARY+SECONDARY
2017,RF,18.886942722379843,8,HUMI,PRIMARY+SECONDARY
2017,HGB,15.8598638777676,8,HUMI,PRIMARY+SECONDARY
2018,GlobalClim,75.51386933449389,8,HUMI,PRIMARY+SECONDARY
2018,DeptClim,75.54642307490151,8,HUMI,PRIMARY+SECONDARY
2018,Persist,76.65101573412099,8,HUMI,PRIMARY+SECONDARY
2018,Ridge,5.318060390354704,8,HUMI,PRIMARY+SECONDARY
2018,RF,6.237254881257321,8,HUMI,PRIMARY+SECONDARY
2018,HGB,7.147756212423686,8,HUMI,PRIMARY+SECONDARY
2019,GlobalClim,75.80440085391045,8,HUMI,PRIMARY+SECONDARY
2019,DeptClim,75.7698292091213,8,HUMI,PRIMARY+SECONDARY
2019,Persist,77.94089834804223,8,HUMI,PRIMARY+SECONDARY
2019,Ridge,8.430689199697197,8,HUMI,PRIMARY+SECONDARY
2019,RF,8.082688655283501,8,HUMI,PRIMARY+SECONDARY
2019,HGB,8.794023270932595,8,HUMI,PRIMARY+SECONDARY
2020,GlobalClim,76.18862278569426,8,HUMI,PRIMARY+SECONDARY
2020,DeptClim,76.4713006461768,8,HUMI,PRIMARY+SECONDARY
2020,Persist,78.77036236794588,8,HUMI,PRIMARY+SECONDARY
2020,Ridge,13.224554004699408,8,HUMI,PRIMARY+SECONDARY
2020,RF,11.163266556932617,8,HUMI,PRIMARY+SECONDARY
2020,HGB,11.408046040858657,8,HUMI,PRIMARY+SECONDARY
2021,GlobalClim,74.52913857044409,8,HUMI,PRIMARY+SECONDARY
2021,DeptClim,74.66949811784825,8,HUMI,PRIMARY+SECONDARY
2021,Persist,75.96248831174306,8,HUMI,PRIMARY+SECONDARY
2021,Ridge,8.705784875904508,8,HUMI,PRIMARY+SECONDARY
2021,RF,7.889733032098025,8,HUMI,PRIMARY+SECONDARY
2021,HGB,8.66494031409196,8,HUMI,PRIMARY+SECONDARY
2022,GlobalClim,73.87765395843023,8,HUMI,PRIMARY+SECONDARY
2022,DeptClim,74.19890518982025,8,HUMI,PRIMARY+SECONDARY
2022,Persist,78.20495821683747,8,HUMI,PRIMARY+SECONDARY
2022,Ridge,5.794199742105547,8,HUMI,PRIMARY+SECONDARY
2022,RF,5.651367433314223,8,HUMI,PRIMARY+SECONDARY
2022,HGB,5.2960735293140235,8,HUMI,PRIMARY+SECONDARY
2023,GlobalClim,79.87305147071048,8,HUMI,PRIMARY+SECONDARY
2023,DeptClim,80.18578946703744,8,HUMI,PRIMARY+SECONDARY
2023,Persist,80.4032927529992,8,HUMI,PRIMARY+SECONDARY
2023,Ridge,13.030061284349472,8,HUMI,PRIMARY+SECONDARY
2023,RF,11.53486218456413,8,HUMI,PRIMARY+SECONDARY
2023,HGB,11.47605143907552,8,HUMI,PRIMARY+SECONDARY
2024,GlobalClim,74.72880172824037,8,HUMI,PRIMARY+SECONDARY
2024,DeptClim,75.40080080088148,8,HUMI,PRIMARY+SECONDARY
2024,Persist,78.42539674044208,8,HUMI,PRIMARY+SECONDARY
2024,Ridge,10.082547965538582,8,HUMI,PRIMARY+SECONDARY
2024,RF,10.672982672420508,8,HUMI,PRIMARY+SECONDARY
2024,HGB,8.707459272234932,8,HUMI,PRIMARY+SECONDARY
2001,GlobalClim,131.8418502369137,9,HUMI,PRIMARY+SECONDARY
2001,DeptClim,130.57693471572966,9,HUMI,PRIMARY+SECONDARY
2001,Persist,59.09341975136924,9,HUMI,PRIMARY+SECONDARY
2001,Ridge,55.78136662372236,9,HUMI,PRIMARY+SECONDARY
2001,RF,46.41779669268112,9,HUMI,PRIMARY+SECONDARY
2001,HGB,49.30923354165813,9,HUMI,PRIMARY+SECONDARY
2002,GlobalClim,88.25600171131423,9,HUMI,PRIMARY+SECONDARY
2002,DeptClim,80.31067657918148,9,HUMI,PRIMARY+SECONDARY
2002,Persist,55.86178854266058,9,HUMI,PRIMARY+SECONDARY
2002,Ridge,11.60697605626336,9,HUMI,PRIMARY+SECONDARY
2002,RF,9.793322489580698,9,HUMI,PRIMARY+SECONDARY
2002,HGB,8.336312668837225,9,HUMI,PRIMARY+SECONDARY
2003,GlobalClim,97.17966183421672,9,HUMI,PRIMARY+SECONDARY
2003,DeptClim,92.52644909295294,9,HUMI,PRIMARY+SECONDARY
2003,Persist,79.3930292622183,9,HUMI,PRIMARY+SECONDARY
2003,Ridge,19.539465370065322,9,HUMI,PRIMARY+SECONDARY
2003,RF,13.59465051787707,9,HUMI,PRIMARY+SECONDARY
2003,HGB,11.806691654153083,9,HUMI,PRIMARY+SECONDARY
2004,GlobalClim,112.31555827115142,9,HUMI,PRIMARY+SECONDARY
2004,DeptClim,109.56272780183272,9,HUMI,PRIMARY+SECONDARY
2004,Persist,60.03894346518369,9,HUMI,PRIMARY+SECONDARY
2004,Ridge,39.221587504674794,9,HUMI,PRIMARY+SECONDARY
2004,RF,34.972504092615345,9,HUMI,PRIMARY+SECONDARY
2004,HGB,35.309461622670895,9,HUMI,PRIMARY+SECONDARY
2005,GlobalClim,74.82721607193719,9,HUMI,PRIMARY+SECONDARY
2005,DeptClim,74.84059387261148,9,HUMI,PRIMARY+SECONDARY
2005,Persist,73.83271521906158,9,HUMI,PRIMARY+SECONDARY
2005,Ridge,6.880109934222778,9,HUMI,PRIMARY+SECONDARY
2005,RF,10.60510599122331,9,HUMI,PRIMARY+SECONDARY
2005,HGB,9.45717176177996,9,HUMI,PRIMARY+SECONDARY
2006,GlobalClim,68.85305636712663,9,HUMI,PRIMARY+SECONDARY
2006,DeptClim,69.28559324244115,9,HUMI,PRIMARY+SECONDARY
2006,Persist,72.49853981071517,9,HUMI,PRIMARY+SECONDARY
2006,Ridge,8.443005426422808,9,HUMI,PRIMARY+SECONDARY
2006,RF,9.551171572166776,9,HUMI,PRIMARY+SECONDARY
2006,HGB,9.254850821074355,9,HUMI,PRIMARY+SECONDARY
2007,GlobalClim,67.25147382230217,9,HUMI,PRIMARY+SECONDARY
2007,DeptClim,67.71873321192024,9,HUMI,PRIMARY+SECONDARY
2007,Persist,73.71679049703957,9,HUMI,PRIMARY+SECONDARY
2007,Ridge,13.847026281388933,9,HUMI,PRIMARY+SECONDARY
2007,RF,13.140904063840281,9,HUMI,PRIMARY+SECONDARY
2007,HGB,14.254551169585529,9,HUMI,PRIMARY+SECONDARY
2008,GlobalClim,72.35105734402195,9,HUMI,PRIMARY+SECONDARY
2008,DeptClim,72.36921120497995,9,HUMI,PRIMARY+SECONDARY
2008,Persist,73.51506772364533,9,HUMI,PRIMARY+SECONDARY
2008,Ridge,12.745488110571031,9,HUMI,PRIMARY+SECONDARY
2008,RF,12.284456296936288,9,HUMI,PRIMARY+SECONDARY
2008,HGB,11.81073268915643,9,HUMI,PRIMARY+SECONDARY
2009,GlobalClim,77.96981930848088,9,HUMI,PRIMARY+SECONDARY
2009,DeptClim,77.76876571951559,9,HUMI,PRIMARY+SECONDARY
2009,Persist,76.90633823047294,9,HUMI,PRIMARY+SECONDARY
2009,Ridge,14.031561261645066,9,HUMI,PRIMARY+SECONDARY
2009,RF,14.499399861532963,9,HUMI,PRIMARY+SECONDARY
2009,HGB,14.577885555290198,9,HUMI,PRIMARY+SECONDARY
2010,GlobalClim,70.67276540180971,9,HUMI,PRIMARY+SECONDARY
2010,DeptClim,70.62213599937795,9,HUMI,PRIMARY+SECONDARY
2010,Persist,74.22500780357123,9,HUMI,PRIMARY+SECONDARY
2010,Ridge,10.147793297997975,9,HUMI,PRIMARY+SECONDARY
2010,RF,13.00867278886029,9,HUMI,PRIMARY+SECONDARY
2010,HGB,9.471326270466253,9,HUMI,PRIMARY+SECONDARY
2011,GlobalClim,82.13432222397716,9,HUMI,PRIMARY+SECONDARY
2011,DeptClim,82.55646264436821,9,HUMI,PRIMARY+SECONDARY
2011,Persist,75.27672476333838,9,HUMI,PRIMARY+SECONDARY
2011,Ridge,19.28468182820154,9,HUMI,PRIMARY+SECONDARY
2011,RF,18.012425221471972,9,HUMI,PRIMARY+SECONDARY
2011,HGB,19.740335190388922,9,HUMI,PRIMARY+SECONDARY
2012,GlobalClim,83.94976061892781,9,HUMI,PRIMARY+SECONDARY
2012,DeptClim,84.10977352453524,9,HUMI,PRIMARY+SECONDARY
2012,Persist,75.6650136828357,9,HUMI,PRIMARY+SECONDARY
2012,Ridge,18.877770894472523,9,HUMI,PRIMARY+SECONDARY
2012,RF,17.863151641808987,9,HUMI,PRIMARY+SECONDARY
2012,HGB,21.296183297295467,9,HUMI,PRIMARY+SECONDARY
2013,GlobalClim,75.72369785605916,9,HUMI,PRIMARY+SECONDARY
2013,DeptClim,76.26078504146568,9,HUMI,PRIMARY+SECONDARY
2013,Persist,74.31285433391115,9,HUMI,PRIMARY+SECONDARY
2013,Ridge,14.052238389370453,9,HUMI,PRIMARY+SECONDARY
2013,RF,13.816066675324974,9,HUMI,PRIMARY+SECONDARY
2013,HGB,13.700776194505305,9,HUMI,PRIMARY+SECONDARY
2014,GlobalClim,74.5463259626389,9,HUMI,PRIMARY+SECONDARY
2014,DeptClim,74.96375353093613,9,HUMI,PRIMARY+SECONDARY
2014,Persist,74.51755381431381,9,HUMI,PRIMARY+SECONDARY
2014,Ridge,10.288246717839014,9,HUMI,PRIMARY+SECONDARY
2014,RF,7.4346748497013175,9,HUMI,PRIMARY+SECONDARY
2014,HGB,9.230312985414738,9,HUMI,PRIMARY+SECONDARY
2015,GlobalClim,76.97321223657403,9,HUMI,PRIMARY+SECONDARY
2015,DeptClim,77.50489908122404,9,HUMI,PRIMARY+SECONDARY
2015,Persist,77.45711806860493,9,HUMI,PRIMARY+SECONDARY
2015,Ridge,7.894355183932887,9,HUMI,PRIMARY+SECONDARY
2015,RF,7.498308762882517,9,HUMI,PRIMARY+SECONDARY
2015,HGB,8.843527938263751,9,HUMI,PRIMARY+SECONDARY
2016,GlobalClim,71.36823491043661,9,HUMI,PRIMARY+SECONDARY
2016,DeptClim,71.9676719569597,9,HUMI,PRIMARY+SECONDARY
2016,Persist,74.42973066272508,9,HUMI,PRIMARY+SECONDARY
2016,Ridge,6.246908694060259,9,HUMI,PRIMARY+SECONDARY
2016,RF,5.488225797046708,9,HUMI,PRIMARY+SECONDARY
2016,HGB,7.624526802015699,9,HUMI,PRIMARY+SECONDARY
2017,GlobalClim,72.2776256071656,9,HUMI,PRIMARY+SECONDARY
2017,DeptClim,72.84345921551746,9,HUMI,PRIMARY+SECONDARY
2017,Persist,73.57402148321052,9,HUMI,PRIMARY+SECONDARY
2017,Ridge,6.372630796346998,9,HUMI,PRIMARY+SECONDARY
2017,RF,6.895131185102326,9,HUMI,PRIMARY+SECONDARY
2017,HGB,7.829910912861497,9,HUMI,PRIMARY+SECONDARY
2018,GlobalClim,73.65545497714686,9,HUMI,PRIMARY+SECONDARY
2018,DeptClim,74.12581143807546,9,HUMI,PRIMARY+SECONDARY
2018,Persist,75.09231301044302,9,HUMI,PRIMARY+SECONDARY
2018,Ridge,4.368663317041851,9,HUMI,PRIMARY+SECONDARY
2018,RF,4.9941881053698705,9,HUMI,PRIMARY+SECONDARY
2018,HGB,6.533757471810708,9,HUMI,PRIMARY+SECONDARY
2019,GlobalClim,73.16246317802371,9,HUMI,PRIMARY+SECONDARY
2019,DeptClim,73.68144281419035,9,HUMI,PRIMARY+SECONDARY
2019,Persist,74.85860887933458,9,HUMI,PRIMARY+SECONDARY
2019,Ridge,7.265547000905537,9,HUMI,PRIMARY+SECONDARY
2019,RF,6.24264047766328,9,HUMI,PRIMARY+SECONDARY
2019,HGB,6.750904696966753,9,HUMI,PRIMARY+SECONDARY
2020,GlobalClim,78.54876523187305,9,HUMI,PRIMARY+SECONDARY
2020,DeptClim,79.17346320231998,9,HUMI,PRIMARY+SECONDARY
2020,Persist,79.85394405261167,9,HUMI,PRIMARY+SECONDARY
2020,Ridge,16.019612173234258,9,HUMI,PRIMARY+SECONDARY
2020,RF,15.877167107366867,9,HUMI,PRIMARY+SECONDARY
2020,HGB,16.09052845928956,9,HUMI,PRIMARY+SECONDARY
2021,GlobalClim,73.51071437289515,9,HUMI,PRIMARY+SECONDARY
2021,DeptClim,74.27752938122654,9,HUMI,PRIMARY+SECONDARY
2021,Persist,76.71416471782324,9,HUMI,PRIMARY+SECONDARY
2021,Ridge,8.070627448986707,9,HUMI,PRIMARY+SECONDARY
2021,RF,8.72943032127663,9,HUMI,PRIMARY+SECONDARY
2021,HGB,8.482942588051285,9,HUMI,PRIMARY+SECONDARY
2022,GlobalClim,72.41200827855002,9,HUMI,PRIMARY+SECONDARY
2022,DeptClim,72.95490463072665,9,HUMI,PRIMARY+SECONDARY
2022,Persist,76.87495732479373,9,HUMI,PRIMARY+SECONDARY
2022,Ridge,6.150400307963509,9,HUMI,PRIMARY+SECONDARY
2022,RF,6.168237703420996,9,HUMI,PRIMARY+SECONDARY
2022,HGB,6.899145563035313,9,HUMI,PRIMARY+SECONDARY
2023,GlobalClim,82.62068829979678,9,HUMI,PRIMARY+SECONDARY
2023,DeptClim,82.95035335256034,9,HUMI,PRIMARY+SECONDARY
2023,Persist,81.439452204333,9,HUMI,PRIMARY+SECONDARY
2023,Ridge,16.24098010852433,9,HUMI,PRIMARY+SECONDARY
2023,RF,15.484868575050385,9,HUMI,PRIMARY+SECONDARY
2023,HGB,15.716274680580662,9,HUMI,PRIMARY+SECONDARY
2024,GlobalClim,76.99928878125102,9,HUMI,PRIMARY+SECONDARY
2024,DeptClim,77.36412790624414,9,HUMI,PRIMARY+SECONDARY
2024,Persist,81.22397313869972,9,HUMI,PRIMARY+SECONDARY
2024,Ridge,13.792781240028942,9,HUMI,PRIMARY+SECONDARY
2024,RF,11.212569070575421,9,HUMI,PRIMARY+SECONDARY
2024,HGB,12.49368960102754,9,HUMI,PRIMARY+SECONDARY
2001,GlobalClim,114.40745910863407,10,HUMI,PRIMARY+SECONDARY
2001,DeptClim,110.47080561368345,10,HUMI,PRIMARY+SECONDARY
2001,Persist,49.54635705506786,10,HUMI,PRIMARY+SECONDARY
2001,Ridge,31.03123896731224,10,HUMI,PRIMARY+SECONDARY
2001,RF,24.73416360323847,10,HUMI,PRIMARY+SECONDARY
2001,HGB,24.866625979951138,10,HUMI,PRIMARY+SECONDARY
2002,GlobalClim,76.64206128373142,10,HUMI,PRIMARY+SECONDARY
2002,DeptClim,71.30798049643481,10,HUMI,PRIMARY+SECONDARY
2002,Persist,34.78640772588291,10,HUMI,PRIMARY+SECONDARY
2002,Ridge,4.362362802087423,10,HUMI,PRIMARY+SECONDARY
2002,RF,8.697226254679983,10,HUMI,PRIMARY+SECONDARY
2002,HGB,7.011402436213422,10,HUMI,PRIMARY+SECONDARY
2003,GlobalClim,96.49154882026355,10,HUMI,PRIMARY+SECONDARY
2003,DeptClim,93.71503572344679,10,HUMI,PRIMARY+SECONDARY
2003,Persist,58.8523914231821,10,HUMI,PRIMARY+SECONDARY
2003,Ridge,18.850512157141566,10,HUMI,PRIMARY+SECONDARY
2003,RF,14.687513934440371,10,HUMI,PRIMARY+SECONDARY
2003,HGB,18.082398369297664,10,HUMI,PRIMARY+SECONDARY
2004,GlobalClim,110.9851596520475,10,HUMI,PRIMARY+SECONDARY
2004,DeptClim,108.96877064322477,10,HUMI,PRIMARY+SECONDARY
2004,Persist,65.8357582053806,10,HUMI,PRIMARY+SECONDARY
2004,Ridge,35.74433294592866,10,HUMI,PRIMARY+SECONDARY
2004,RF,30.782186782983917,10,HUMI,PRIMARY+SECONDARY
2004,HGB,31.258004475110017,10,HUMI,PRIMARY+SECONDARY
2005,GlobalClim,75.46816109301925,10,HUMI,PRIMARY+SECONDARY
2005,DeptClim,75.60416224525464,10,HUMI,PRIMARY+SECONDARY
2005,Persist,72.26779807844817,10,HUMI,PRIMARY+SECONDARY
2005,Ridge,7.979575810934825,10,HUMI,PRIMARY+SECONDARY
2005,RF,8.945467987701997,10,HUMI,PRIMARY+SECONDARY
2005,HGB,6.835646979977464,10,HUMI,PRIMARY+SECONDARY
2006,GlobalClim,70.09519871594776,10,HUMI,PRIMARY+SECONDARY
2006,DeptClim,70.41772626791251,10,HUMI,PRIMARY+SECONDARY
2006,Persist,73.89682207995257,10,HUMI,PRIMARY+SECONDARY
2006,Ridge,10.414097722751812,10,HUMI,PRIMARY+SECONDARY
2006,RF,10.425360339211384,10,HUMI,PRIMARY+SECONDARY
2006,HGB,10.347194946474117,10,HUMI,PRIMARY+SECONDARY
2007,GlobalClim,70.32933696222265,10,HUMI,PRIMARY+SECONDARY
2007,DeptClim,70.63921971114837,10,HUMI,PRIMARY+SECONDARY
2007,Persist,74.64556810119606,10,HUMI,PRIMARY+SECONDARY
2007,Ridge,11.23539023105943,10,HUMI,PRIMARY+SECONDARY
2007,RF,11.520635241460177,10,HUMI,PRIMARY+SECONDARY
2007,HGB,11.498751577508088,10,HUMI,PRIMARY+SECONDARY
2008,GlobalClim,72.50896933933736,10,HUMI,PRIMARY+SECONDARY
2008,DeptClim,72.658646648477,10,HUMI,PRIMARY+SECONDARY
2008,Persist,73.08702069870364,10,HUMI,PRIMARY+SECONDARY
2008,Ridge,11.50644800349762,10,HUMI,PRIMARY+SECONDARY
2008,RF,11.351900851258586,10,HUMI,PRIMARY+SECONDARY
2008,HGB,12.620277112399027,10,HUMI,PRIMARY+SECONDARY
2009,GlobalClim,78.65982925301684,10,HUMI,PRIMARY+SECONDARY
2009,DeptClim,78.68882334541091,10,HUMI,PRIMARY+SECONDARY
2009,Persist,73.82361335486327,10,HUMI,PRIMARY+SECONDARY
2009,Ridge,14.569587230396348,10,HUMI,PRIMARY+SECONDARY
2009,RF,14.306968170547714,10,HUMI,PRIMARY+SECONDARY
2009,HGB,14.471234673663457,10,HUMI,PRIMARY+SECONDARY
2010,GlobalClim,79.4524407849534,10,HUMI,PRIMARY+SECONDARY
2010,DeptClim,79.39521968797555,10,HUMI,PRIMARY+SECONDARY
2010,Persist,80.27122800298793,10,HUMI,PRIMARY+SECONDARY
2010,Ridge,12.901165772857881,10,HUMI,PRIMARY+SECONDARY
2010,RF,14.672636050698848,10,HUMI,PRIMARY+SECONDARY
2010,HGB,12.376437611263267,10,HUMI,PRIMARY+SECONDARY
2011,GlobalClim,81.62169299220636,10,HUMI,PRIMARY+SECONDARY
2011,DeptClim,81.74939229514392,10,HUMI,PRIMARY+SECONDARY
2011,Persist,73.22293302408771,10,HUMI,PRIMARY+SECONDARY
2011,Ridge,14.057268582581493,10,HUMI,PRIMARY+SECONDARY
2011,RF,11.964314660543646,10,HUMI,PRIMARY+SECONDARY
2011,HGB,15.486877018608572,10,HUMI,PRIMARY+SECONDARY
2012,GlobalClim,83.71284923341565,10,HUMI,PRIMARY+SECONDARY
2012,DeptClim,83.81648025619762,10,HUMI,PRIMARY+SECONDARY
2012,Persist,76.85037629351802,10,HUMI,PRIMARY+SECONDARY
2012,Ridge,14.751674159784953,10,HUMI,PRIMARY+SECONDARY
2012,RF,13.552379293289329,10,HUMI,PRIMARY+SECONDARY
2012,HGB,14.670720338969174,10,HUMI,PRIMARY+SECONDARY
2013,GlobalClim,81.17469331269402,10,HUMI,PRIMARY+SECONDARY
2013,DeptClim,81.28999016844453,10,HUMI,PRIMARY+SECONDARY
2013,Persist,78.54233550484359,10,HUMI,PRIMARY+SECONDARY
2013,Ridge,14.371287572109647,10,HUMI,PRIMARY+SECONDARY
2013,RF,14.631972316888156,10,HUMI,PRIMARY+SECONDARY
2013,HGB,14.915846819925308,10,HUMI,PRIMARY+SECONDARY
2014,GlobalClim,76.35939043248085,10,HUMI,PRIMARY+SECONDARY
2014,DeptClim,76.44213487139781,10,HUMI,PRIMARY+SECONDARY
2014,Persist,75.05582070000412,10,HUMI,PRIMARY+SECONDARY
2014,Ridge,9.259755175231971,10,HUMI,PRIMARY+SECONDARY
2014,RF,8.767693104917694,10,HUMI,PRIMARY+SECONDARY
2014,HGB,10.965247645856088,10,HUMI,PRIMARY+SECONDARY
2015,GlobalClim,76.5821765553558,10,HUMI,PRIMARY+SECONDARY
2015,DeptClim,77.0862677246176,10,HUMI,PRIMARY+SECONDARY
2015,Persist,74.26199483507088,10,HUMI,PRIMARY+SECONDARY
2015,Ridge,6.072757243873793,10,HUMI,PRIMARY+SECONDARY
2015,RF,5.448069478471034,10,HUMI,PRIMARY+SECONDARY
2015,HGB,7.996977888777547,10,HUMI,PRIMARY+SECONDARY
2016,GlobalClim,75.73414827609761,10,HUMI,PRIMARY+SECONDARY
2016,DeptClim,76.2786627962401,10,HUMI,PRIMARY+SECONDARY
2016,Persist,78.48046630276875,10,HUMI,PRIMARY+SECONDARY
2016,Ridge,10.446922743539448,10,HUMI,PRIMARY+SECONDARY
2016,RF,11.020012104173583,10,HUMI,PRIMARY+SECONDARY
2016,HGB,9.555612253822149,10,HUMI,PRIMARY+SECONDARY
2017,GlobalClim,73.47032323766899,10,HUMI,PRIMARY+SECONDARY
2017,DeptClim,73.8859246457202,10,HUMI,PRIMARY+SECONDARY
2017,Persist,75.593160296943,10,HUMI,PRIMARY+SECONDARY
2017,Ridge,5.496770413692756,10,HUMI,PRIMARY+SECONDARY
2017,RF,5.710584095452691,10,HUMI,PRIMARY+SECONDARY
2017,HGB,7.452415559288004,10,HUMI,PRIMARY+SECONDARY
2018,GlobalClim,74.37061310817973,10,HUMI,PRIMARY+SECONDARY
2018,DeptClim,74.71730237156973,10,HUMI,PRIMARY+SECONDARY
2018,Persist,75.27092435414033,10,HUMI,PRIMARY+SECONDARY
2018,Ridge,4.856995745915347,10,HUMI,PRIMARY+SECONDARY
2018,RF,3.2416606064282445,10,HUMI,PRIMARY+SECONDARY
2018,HGB,5.531122276798081,10,HUMI,PRIMARY+SECONDARY
2019,GlobalClim,73.79224750161752,10,HUMI,PRIMARY+SECONDARY
2019,DeptClim,74.21075943740895,10,HUMI,PRIMARY+SECONDARY
2019,Persist,75.56329093141187,10,HUMI,PRIMARY+SECONDARY
2019,Ridge,8.20590816285993,10,HUMI,PRIMARY+SECONDARY
2019,RF,4.991244202169086,10,HUMI,PRIMARY+SECONDARY
2019,HGB,6.203527929001292,10,HUMI,PRIMARY+SECONDARY
2020,GlobalClim,82.11934490946228,10,HUMI,PRIMARY+SECONDARY
2020,DeptClim,82.508738447085,10,HUMI,PRIMARY+SECONDARY
2020,Persist,78.82503214406562,10,HUMI,PRIMARY+SECONDARY
2020,Ridge,16.810138670196483,10,HUMI,PRIMARY+SECONDARY
2020,RF,17.192631245907805,10,HUMI,PRIMARY+SECONDARY
2020,HGB,16.665251740589166,10,HUMI,PRIMARY+SECONDARY
2021,GlobalClim,74.94449145107971,10,HUMI,PRIMARY+SECONDARY
2021,DeptClim,75.57287178118833,10,HUMI,PRIMARY+SECONDARY
2021,Persist,76.87650290654899,10,HUMI,PRIMARY+SECONDARY
2021,Ridge,7.291183958904515,10,HUMI,PRIMARY+SECONDARY
2021,RF,7.352465533796124,10,HUMI,PRIMARY+SECONDARY
2021,HGB,7.95024061456297,10,HUMI,PRIMARY+SECONDARY
2022,GlobalClim,74.46840618128378,10,HUMI,PRIMARY+SECONDARY
2022,DeptClim,74.92917865178686,10,HUMI,PRIMARY+SECONDARY
2022,Persist,77.50866177938975,10,HUMI,PRIMARY+SECONDARY
2022,Ridge,7.031411068574509,10,HUMI,PRIMARY+SECONDARY
2022,RF,6.389351652319231,10,HUMI,PRIMARY+SECONDARY
2022,HGB,6.15837269361808,10,HUMI,PRIMARY+SECONDARY
2023,GlobalClim,82.60783289411135,10,HUMI,PRIMARY+SECONDARY
2023,DeptClim,82.67233946366925,10,HUMI,PRIMARY+SECONDARY
2023,Persist,77.19530890138515,10,HUMI,PRIMARY+SECONDARY
2023,Ridge,16.189355280588924,10,HUMI,PRIMARY+SECONDARY
2023,RF,16.43082299025282,10,HUMI,PRIMARY+SECONDARY
2023,HGB,16.479327198790408,10,HUMI,PRIMARY+SECONDARY
2024,GlobalClim,76.42774715217348,10,HUMI,PRIMARY+SECONDARY
2024,DeptClim,76.67336819953344,10,HUMI,PRIMARY+SECONDARY
2024,Persist,76.61984143779061,10,HUMI,PRIMARY+SECONDARY
2024,Ridge,12.8386024983473,10,HUMI,PRIMARY+SECONDARY
2024,RF,12.867587582313078,10,HUMI,PRIMARY+SECONDARY
2024,HGB,10.663602217926092,10,HUMI,PRIMARY+SECONDARY
2001,GlobalClim,113.9559945722734,11,HUMI,PRIMARY+SECONDARY
2001,DeptClim,111.36611409113762,11,HUMI,PRIMARY+SECONDARY
2001,Persist,63.48942610206811,11,HUMI,PRIMARY+SECONDARY
2001,Ridge,29.975980966649455,11,HUMI,PRIMARY+SECONDARY
2001,RF,21.455499370782853,11,HUMI,PRIMARY+SECONDARY
2001,HGB,25.930987685053623,11,HUMI,PRIMARY+SECONDARY
2002,GlobalClim,74.34002297919763,11,HUMI,PRIMARY+SECONDARY
2002,DeptClim,68.87209689392019,11,HUMI,PRIMARY+SECONDARY
2002,Persist,54.388559231663464,11,HUMI,PRIMARY+SECONDARY
2002,Ridge,9.62651743219703,11,HUMI,PRIMARY+SECONDARY
2002,RF,13.693696505672628,11,HUMI,PRIMARY+SECONDARY
2002,HGB,13.435693331945782,11,HUMI,PRIMARY+SECONDARY
2003,GlobalClim,103.2907464596919,11,HUMI,PRIMARY+SECONDARY
2003,DeptClim,100.53244512500012,11,HUMI,PRIMARY+SECONDARY
2003,Persist,74.22832187667012,11,HUMI,PRIMARY+SECONDARY
2003,Ridge,25.593695594620538,11,HUMI,PRIMARY+SECONDARY
2003,RF,21.838105935527377,11,HUMI,PRIMARY+SECONDARY
2003,HGB,24.24291856998532,11,HUMI,PRIMARY+SECONDARY
2004,GlobalClim,104.22841471382048,11,HUMI,PRIMARY+SECONDARY
2004,DeptClim,102.9742484727249,11,HUMI,PRIMARY+SECONDARY
2004,Persist,72.08223006137536,11,HUMI,PRIMARY+SECONDARY
2004,Ridge,32.06570309333145,11,HUMI,PRIMARY+SECONDARY
2004,RF,27.52820251503433,11,HUMI,PRIMARY+SECONDARY
2004,HGB,28.46316355052539,11,HUMI,PRIMARY+SECONDARY
2005,GlobalClim,76.4487172550818,11,HUMI,PRIMARY+SECONDARY
2005,DeptClim,76.69283418215745,11,HUMI,PRIMARY+SECONDARY
2005,Persist,77.34262772934001,11,HUMI,PRIMARY+SECONDARY
2005,Ridge,7.720403739392443,11,HUMI,PRIMARY+SECONDARY
2005,RF,9.996349289493256,11,HUMI,PRIMARY+SECONDARY
2005,HGB,8.105442607454053,11,HUMI,PRIMARY+SECONDARY
2006,GlobalClim,69.36466137268285,11,HUMI,PRIMARY+SECONDARY
2006,DeptClim,69.88930366826291,11,HUMI,PRIMARY+SECONDARY
2006,Persist,73.8638361711903,11,HUMI,PRIMARY+SECONDARY
2006,Ridge,12.298389876746864,11,HUMI,PRIMARY+SECONDARY
2006,RF,11.544838073152485,11,HUMI,PRIMARY+SECONDARY
2006,HGB,12.119959671530948,11,HUMI,PRIMARY+SECONDARY
2007,GlobalClim,74.79609330460654,11,HUMI,PRIMARY+SECONDARY
2007,DeptClim,75.33375558866625,11,HUMI,PRIMARY+SECONDARY
2007,Persist,78.92640148406271,11,HUMI,PRIMARY+SECONDARY
2007,Ridge,9.429742001831114,11,HUMI,PRIMARY+SECONDARY
2007,RF,9.908752613830472,11,HUMI,PRIMARY+SECONDARY
2007,HGB,10.410187196495801,11,HUMI,PRIMARY+SECONDARY
2008,GlobalClim,72.71060476907229,11,HUMI,PRIMARY+SECONDARY
2008,DeptClim,73.01174125402825,11,HUMI,PRIMARY+SECONDARY
2008,Persist,75.31769720083022,11,HUMI,PRIMARY+SECONDARY
2008,Ridge,13.253813027524714,11,HUMI,PRIMARY+SECONDARY
2008,RF,12.330718957243413,11,HUMI,PRIMARY+SECONDARY
2008,HGB,13.338406034375785,11,HUMI,PRIMARY+SECONDARY
2009,GlobalClim,74.57726374423243,11,HUMI,PRIMARY+SECONDARY
2009,DeptClim,74.78828646432393,11,HUMI,PRIMARY+SECONDARY
2009,Persist,74.93603686439161,11,HUMI,PRIMARY+SECONDARY
2009,Ridge,6.4614547760215055,11,HUMI,PRIMARY+SECONDARY
2009,RF,6.376240127635591,11,HUMI,PRIMARY+SECONDARY
2009,HGB,7.4889065014775005,11,HUMI,PRIMARY+SECONDARY
2010,GlobalClim,78.32981914462867,11,HUMI,PRIMARY+SECONDARY
2010,DeptClim,78.31011362157015,11,HUMI,PRIMARY+SECONDARY
2010,Persist,74.89781836113552,11,HUMI,PRIMARY+SECONDARY
2010,Ridge,17.06827485201422,11,HUMI,PRIMARY+SECONDARY
2010,RF,14.984492854626247,11,HUMI,PRIMARY+SECONDARY
2010,HGB,13.544337030854509,11,HUMI,PRIMARY+SECONDARY
2011,GlobalClim,79.86044046249609,11,HUMI,PRIMARY+SECONDARY
2011,DeptClim,79.9042975178856,11,HUMI,PRIMARY+SECONDARY
2011,Persist,75.47416420047679,11,HUMI,PRIMARY+SECONDARY
2011,Ridge,13.107668195722287,11,HUMI,PRIMARY+SECONDARY
2011,RF,10.672892377607017,11,HUMI,PRIMARY+SECONDARY
2011,HGB,12.868000378917026,11,HUMI,PRIMARY+SECONDARY
2012,GlobalClim,85.3662843514446,11,HUMI,PRIMARY+SECONDARY
2012,DeptClim,85.31739550397015,11,HUMI,PRIMARY+SECONDARY
2012,Persist,75.82156983918858,11,HUMI,PRIMARY+SECONDARY
2012,Ridge,16.05893052203357,11,HUMI,PRIMARY+SECONDARY
2012,RF,13.211664840627373,11,HUMI,PRIMARY+SECONDARY
2012,HGB,15.585090204601691,11,HUMI,PRIMARY+SECONDARY
2013,GlobalClim,81.3575337250807,11,HUMI,PRIMARY+SECONDARY
2013,DeptClim,81.5089301372986,11,HUMI,PRIMARY+SECONDARY
2013,Persist,76.93707646937973,11,HUMI,PRIMARY+SECONDARY
2013,Ridge,13.00676017003255,11,HUMI,PRIMARY+SECONDARY
2013,RF,13.477120428001665,11,HUMI,PRIMARY+SECONDARY
2013,HGB,13.990265839316752,11,HUMI,PRIMARY+SECONDARY
2014,GlobalClim,76.8187578466532,11,HUMI,PRIMARY+SECONDARY
2014,DeptClim,76.9610373352175,11,HUMI,PRIMARY+SECONDARY
2014,Persist,76.37247593351128,11,HUMI,PRIMARY+SECONDARY
2014,Ridge,9.566420283608718,11,HUMI,PRIMARY+SECONDARY
2014,RF,9.922523375102275,11,HUMI,PRIMARY+SECONDARY
2014,HGB,12.090795427054944,11,HUMI,PRIMARY+SECONDARY
2015,GlobalClim,76.12810340476547,11,HUMI,PRIMARY+SECONDARY
2015,DeptClim,76.50769753512193,11,HUMI,PRIMARY+SECONDARY
2015,Persist,76.27148839819458,11,HUMI,PRIMARY+SECONDARY
2015,Ridge,7.069884159271271,11,HUMI,PRIMARY+SECONDARY
2015,RF,6.483636179893465,11,HUMI,PRIMARY+SECONDARY
2015,HGB,6.786509624176424,11,HUMI,PRIMARY+SECONDARY
2016,GlobalClim,75.15890374783243,11,HUMI,PRIMARY+SECONDARY
2016,DeptClim,75.54242797935039,11,HUMI,PRIMARY+SECONDARY
2016,Persist,76.71283567684542,11,HUMI,PRIMARY+SECONDARY
2016,Ridge,11.34732276254772,11,HUMI,PRIMARY+SECONDARY
2016,RF,10.74623141786296,11,HUMI,PRIMARY+SECONDARY
2016,HGB,7.862510390963481,11,HUMI,PRIMARY+SECONDARY
2017,GlobalClim,73.67132076966229,11,HUMI,PRIMARY+SECONDARY
2017,DeptClim,74.03392598692713,11,HUMI,PRIMARY+SECONDARY
2017,Persist,77.06862818850891,11,HUMI,PRIMARY+SECONDARY
2017,Ridge,6.144345148227795,11,HUMI,PRIMARY+SECONDARY
2017,RF,10.823402359386293,11,HUMI,PRIMARY+SECONDARY
2017,HGB,7.367692310324148,11,HUMI,PRIMARY+SECONDARY
2018,GlobalClim,76.1443422959687,11,HUMI,PRIMARY+SECONDARY
2018,DeptClim,76.53870627767853,11,HUMI,PRIMARY+SECONDARY
2018,Persist,78.63388613047071,11,HUMI,PRIMARY+SECONDARY
2018,Ridge,5.704186689252862,11,HUMI,PRIMARY+SECONDARY
2018,RF,5.824119964844484,11,HUMI,PRIMARY+SECONDARY
2018,HGB,6.6697737182159385,11,HUMI,PRIMARY+SECONDARY
2019,GlobalClim,74.6719040647133,11,HUMI,PRIMARY+SECONDARY
2019,DeptClim,75.00925907209718,11,HUMI,PRIMARY+SECONDARY
2019,Persist,77.82619886993581,11,HUMI,PRIMARY+SECONDARY
2019,Ridge,6.86880119953757,11,HUMI,PRIMARY+SECONDARY
2019,RF,5.455228958669026,11,HUMI,PRIMARY+SECONDARY
2019,HGB,6.00806106629159,11,HUMI,PRIMARY+SECONDARY
2020,GlobalClim,75.22513120126449,11,HUMI,PRIMARY+SECONDARY
2020,DeptClim,75.59087786331924,11,HUMI,PRIMARY+SECONDARY
2020,Persist,74.11641653302712,11,HUMI,PRIMARY+SECONDARY
2020,Ridge,7.218094374377217,11,HUMI,PRIMARY+SECONDARY
2020,RF,7.568702831482294,11,HUMI,PRIMARY+SECONDARY
2020,HGB,7.261142181071407,11,HUMI,PRIMARY+SECONDARY
2021,GlobalClim,77.33649557465425,11,HUMI,PRIMARY+SECONDARY
2021,DeptClim,77.87191749712099,11,HUMI,PRIMARY+SECONDARY
2021,Persist,79.27204831364368,11,HUMI,PRIMARY+SECONDARY
2021,Ridge,6.539560192354915,11,HUMI,PRIMARY+SECONDARY
2021,RF,5.81938167465015,11,HUMI,PRIMARY+SECONDARY
2021,HGB,6.718393184322347,11,HUMI,PRIMARY+SECONDARY
2022,GlobalClim,77.72196469693628,11,HUMI,PRIMARY+SECONDARY
2022,DeptClim,78.05774599790384,11,HUMI,PRIMARY+SECONDARY
2022,Persist,80.43751258752012,11,HUMI,PRIMARY+SECONDARY
2022,Ridge,8.273187039317108,11,HUMI,PRIMARY+SECONDARY
2022,RF,7.511834761278762,11,HUMI,PRIMARY+SECONDARY
2022,HGB,8.43531539823507,11,HUMI,PRIMARY+SECONDARY
2023,GlobalClim,84.13203471285061,11,HUMI,PRIMARY+SECONDARY
2023,DeptClim,83.94720682638845,11,HUMI,PRIMARY+SECONDARY
2023,Persist,80.09150419964435,11,HUMI,PRIMARY+SECONDARY
2023,Ridge,18.03382330278232,11,HUMI,PRIMARY+SECONDARY
2023,RF,17.596579725005324,11,HUMI,PRIMARY+SECONDARY
2023,HGB,17.45305487757111,11,HUMI,PRIMARY+SECONDARY
2024,GlobalClim,74.46445033925623,11,HUMI,PRIMARY+SECONDARY
2024,DeptClim,74.66935003592481,11,HUMI,PRIMARY+SECONDARY
2024,Persist,76.71411902196411,11,HUMI,PRIMARY+SECONDARY
2024,Ridge,11.278482545935493,11,HUMI,PRIMARY+SECONDARY
2024,RF,8.649952934587253,11,HUMI,PRIMARY+SECONDARY
2024,HGB,9.5041264177058,11,HUMI,PRIMARY+SECONDARY
2001,GlobalClim,129.15724629731736,12,HUMI,PRIMARY+SECONDARY
2001,DeptClim,131.88813088922487,12,HUMI,PRIMARY+SECONDARY
2001,Persist,67.75253570834964,12,HUMI,PRIMARY+SECONDARY
2001,Ridge,55.52953449588778,12,HUMI,PRIMARY+SECONDARY
2001,RF,50.15920141898068,12,HUMI,PRIMARY+SECONDARY
2001,HGB,50.77837292193966,12,HUMI,PRIMARY+SECONDARY
2002,GlobalClim,74.8882910435505,12,HUMI,PRIMARY+SECONDARY
2002,DeptClim,70.48908170204994,12,HUMI,PRIMARY+SECONDARY
2002,Persist,56.758141349956475,12,HUMI,PRIMARY+SECONDARY
2002,Ridge,7.047714695786936,12,HUMI,PRIMARY+SECONDARY
2002,RF,11.01115737646081,12,HUMI,PRIMARY+SECONDARY
2002,HGB,10.750885841632495,12,HUMI,PRIMARY+SECONDARY
2003,GlobalClim,102.37129091100196,12,HUMI,PRIMARY+SECONDARY
2003,DeptClim,99.45238179864147,12,HUMI,PRIMARY+SECONDARY
2003,Persist,67.02041755235305,12,HUMI,PRIMARY+SECONDARY
2003,Ridge,24.55647824789305,12,HUMI,PRIMARY+SECONDARY
2003,RF,16.70021072903728,12,HUMI,PRIMARY+SECONDARY
2003,HGB,24.72422592775232,12,HUMI,PRIMARY+SECONDARY
2004,GlobalClim,103.19741173833084,12,HUMI,PRIMARY+SECONDARY
2004,DeptClim,101.37257698289172,12,HUMI,PRIMARY+SECONDARY
2004,Persist,74.42896953781911,12,HUMI,PRIMARY+SECONDARY
2004,Ridge,30.937493285249076,12,HUMI,PRIMARY+SECONDARY
2004,RF,26.820717255587375,12,HUMI,PRIMARY+SECONDARY
2004,HGB,27.2874314226496,12,HUMI,PRIMARY+SECONDARY
2005,GlobalClim,71.96799066214908,12,HUMI,PRIMARY+SECONDARY
2005,DeptClim,71.94435376325033,12,HUMI,PRIMARY+SECONDARY
2005,Persist,73.02574801785805,12,HUMI,PRIMARY+SECONDARY
2005,Ridge,9.775073932354825,12,HUMI,PRIMARY+SECONDARY
2005,RF,11.306783227485244,12,HUMI,PRIMARY+SECONDARY
2005,HGB,9.102324793838157,12,HUMI,PRIMARY+SECONDARY
2006,GlobalClim,68.71175626249658,12,HUMI,PRIMARY+SECONDARY
2006,DeptClim,69.10983261449246,12,HUMI,PRIMARY+SECONDARY
2006,Persist,75.54992587123581,12,HUMI,PRIMARY+SECONDARY
2006,Ridge,10.296287667986098,12,HUMI,PRIMARY+SECONDARY
2006,RF,10.72128078188911,12,HUMI,PRIMARY+SECONDARY
2006,HGB,10.830508905386493,12,HUMI,PRIMARY+SECONDARY
2007,GlobalClim,68.94516917478005,12,HUMI,PRIMARY+SECONDARY
2007,DeptClim,69.56250354988025,12,HUMI,PRIMARY+SECONDARY
2007,Persist,73.69315358284332,12,HUMI,PRIMARY+SECONDARY
2007,Ridge,11.263204048784495,12,HUMI,PRIMARY+SECONDARY
2007,RF,11.445899817669234,12,HUMI,PRIMARY+SECONDARY
2007,HGB,11.169938939948487,12,HUMI,PRIMARY+SECONDARY
2008,GlobalClim,73.8851121814011,12,HUMI,PRIMARY+SECONDARY
2008,DeptClim,74.07941300211753,12,HUMI,PRIMARY+SECONDARY
2008,Persist,78.57858953874378,12,HUMI,PRIMARY+SECONDARY
2008,Ridge,10.801473088117968,12,HUMI,PRIMARY+SECONDARY
2008,RF,11.308885510058506,12,HUMI,PRIMARY+SECONDARY
2008,HGB,10.89113154855053,12,HUMI,PRIMARY+SECONDARY
2009,GlobalClim,74.95828328847531,12,HUMI,PRIMARY+SECONDARY
2009,DeptClim,75.20237820309599,12,HUMI,PRIMARY+SECONDARY
2009,Persist,77.73961680301989,12,HUMI,PRIMARY+SECONDARY
2009,Ridge,9.81479947973618,12,HUMI,PRIMARY+SECONDARY
2009,RF,7.997220344192607,12,HUMI,PRIMARY+SECONDARY
2009,HGB,9.019185585185301,12,HUMI,PRIMARY+SECONDARY
2010,GlobalClim,74.20847542561613,12,HUMI,PRIMARY+SECONDARY
2010,DeptClim,74.67721077800329,12,HUMI,PRIMARY+SECONDARY
2010,Persist,74.40408387437739,12,HUMI,PRIMARY+SECONDARY
2010,Ridge,15.76850042378474,12,HUMI,PRIMARY+SECONDARY
2010,RF,14.747365990581637,12,HUMI,PRIMARY+SECONDARY
2010,HGB,15.284757843847416,12,HUMI,PRIMARY+SECONDARY
2011,GlobalClim,78.26623976205725,12,HUMI,PRIMARY+SECONDARY
2011,DeptClim,78.24739381400008,12,HUMI,PRIMARY+SECONDARY
2011,Persist,75.8481996325358,12,HUMI,PRIMARY+SECONDARY
2011,Ridge,16.940004463772308,12,HUMI,PRIMARY+SECONDARY
2011,RF,14.564812583370772,12,HUMI,PRIMARY+SECONDARY
2011,HGB,17.699254058747535,12,HUMI,PRIMARY+SECONDARY
2012,GlobalClim,79.98900663185614,12,HUMI,PRIMARY+SECONDARY
2012,DeptClim,80.39608493702627,12,HUMI,PRIMARY+SECONDARY
2012,Persist,75.15282068658945,12,HUMI,PRIMARY+SECONDARY
2012,Ridge,10.730634499674258,12,HUMI,PRIMARY+SECONDARY
2012,RF,10.75485189390958,12,HUMI,PRIMARY+SECONDARY
2012,HGB,12.542456552425712,12,HUMI,PRIMARY+SECONDARY
2013,GlobalClim,80.1001263827164,12,HUMI,PRIMARY+SECONDARY
2013,DeptClim,80.58833832749636,12,HUMI,PRIMARY+SECONDARY
2013,Persist,76.89076657642411,12,HUMI,PRIMARY+SECONDARY
2013,Ridge,13.782929159329385,12,HUMI,PRIMARY+SECONDARY
2013,RF,13.988353169509537,12,HUMI,PRIMARY+SECONDARY
2013,HGB,14.235652107733317,12,HUMI,PRIMARY+SECONDARY
2014,GlobalClim,76.47389646100596,12,HUMI,PRIMARY+SECONDARY
2014,DeptClim,76.72637532234587,12,HUMI,PRIMARY+SECONDARY
2014,Persist,77.43666223857304,12,HUMI,PRIMARY+SECONDARY
2014,Ridge,9.043019561240468,12,HUMI,PRIMARY+SECONDARY
2014,RF,9.26133416431835,12,HUMI,PRIMARY+SECONDARY
2014,HGB,10.132010610315318,12,HUMI,PRIMARY+SECONDARY
2015,GlobalClim,76.32279383522038,12,HUMI,PRIMARY+SECONDARY
2015,DeptClim,76.55123462502364,12,HUMI,PRIMARY+SECONDARY
2015,Persist,78.73655082178261,12,HUMI,PRIMARY+SECONDARY
2015,Ridge,7.375604465384523,12,HUMI,PRIMARY+SECONDARY
2015,RF,7.182564942437258,12,HUMI,PRIMARY+SECONDARY
2015,HGB,5.802944561058823,12,HUMI,PRIMARY+SECONDARY
2016,GlobalClim,73.47629462553675,12,HUMI,PRIMARY+SECONDARY
2016,DeptClim,73.67005869353916,12,HUMI,PRIMARY+SECONDARY
2016,Persist,77.13591004256354,12,HUMI,PRIMARY+SECONDARY
2016,Ridge,9.935804596842862,12,HUMI,PRIMARY+SECONDARY
2016,RF,8.823541184232223,12,HUMI,PRIMARY+SECONDARY
2016,HGB,8.17405739540417,12,HUMI,PRIMARY+SECONDARY
2017,GlobalClim,72.99440429799309,12,HUMI,PRIMARY+SECONDARY
2017,DeptClim,73.2393988285483,12,HUMI,PRIMARY+SECONDARY
2017,Persist,77.72667318119547,12,HUMI,PRIMARY+SECONDARY
2017,Ridge,4.190144477978241,12,HUMI,PRIMARY+SECONDARY
2017,RF,4.495952551025576,12,HUMI,PRIMARY+SECONDARY
2017,HGB,5.824258401030423,12,HUMI,PRIMARY+SECONDARY
2018,GlobalClim,75.13971074634445,12,HUMI,PRIMARY+SECONDARY
2018,DeptClim,75.31865805530467,12,HUMI,PRIMARY+SECONDARY
2018,Persist,78.02912429441969,12,HUMI,PRIMARY+SECONDARY
2018,Ridge,5.7915105542690215,12,HUMI,PRIMARY+SECONDARY
2018,RF,5.961097257792913,12,HUMI,PRIMARY+SECONDARY
2018,HGB,7.305655047264828,12,HUMI,PRIMARY+SECONDARY
2019,GlobalClim,71.94387934292484,12,HUMI,PRIMARY+SECONDARY
2019,DeptClim,72.08966086217364,12,HUMI,PRIMARY+SECONDARY
2019,Persist,76.24108813368436,12,HUMI,PRIMARY+SECONDARY
2019,Ridge,5.953961862943935,12,HUMI,PRIMARY+SECONDARY
2019,RF,5.121679004730234,12,HUMI,PRIMARY+SECONDARY
2019,HGB,5.982508131778528,12,HUMI,PRIMARY+SECONDARY
2020,GlobalClim,73.48878230094769,12,HUMI,PRIMARY+SECONDARY
2020,DeptClim,73.75640622423242,12,HUMI,PRIMARY+SECONDARY
2020,Persist,77.22145835857815,12,HUMI,PRIMARY+SECONDARY
2020,Ridge,8.839721733018752,12,HUMI,PRIMARY+SECONDARY
2020,RF,8.795942595546904,12,HUMI,PRIMARY+SECONDARY
2020,HGB,10.16567286783606,12,HUMI,PRIMARY+SECONDARY
2021,GlobalClim,72.5111538577859,12,HUMI,PRIMARY+SECONDARY
2021,DeptClim,72.75665684697798,12,HUMI,PRIMARY+SECONDARY
2021,Persist,75.30683497831761,12,HUMI,PRIMARY+SECONDARY
2021,Ridge,5.749885553513643,12,HUMI,PRIMARY+SECONDARY
2021,RF,6.669506778120956,12,HUMI,PRIMARY+SECONDARY
2021,HGB,7.579433590057609,12,HUMI,PRIMARY+SECONDARY
2022,GlobalClim,76.42554835601814,12,HUMI,PRIMARY+SECONDARY
2022,DeptClim,76.63091873693689,12,HUMI,PRIMARY+SECONDARY
2022,Persist,78.2452119918388,12,HUMI,PRIMARY+SECONDARY
2022,Ridge,8.265624922447836,12,HUMI,PRIMARY+SECONDARY
2022,RF,9.22990990854877,12,HUMI,PRIMARY+SECONDARY
2022,HGB,10.172369981596187,12,HUMI,PRIMARY+SECONDARY
2023,GlobalClim,86.32369249367991,12,HUMI,PRIMARY+SECONDARY
2023,DeptClim,86.35608681541123,12,HUMI,PRIMARY+SECONDARY
2023,Persist,83.1358462802898,12,HUMI,PRIMARY+SECONDARY
2023,Ridge,22.264042435343217,12,HUMI,PRIMARY+SECONDARY
2023,RF,21.34822381863904,12,HUMI,PRIMARY+SECONDARY
2023,HGB,20.54901542312395,12,HUMI,PRIMARY+SECONDARY
2024,GlobalClim,71.53641921982423,12,HUMI,PRIMARY+SECONDARY
2024,DeptClim,71.67425637453461,12,HUMI,PRIMARY+SECONDARY
2024,Persist,76.9743328470857,12,HUMI,PRIMARY+SECONDARY
2024,Ridge,10.159091863910666,12,HUMI,PRIMARY+SECONDARY
2024,RF,10.500081443393043,12,HUMI,PRIMARY+SECONDARY
2024,HGB,8.78556296135003,12,HUMI,PRIMARY+SECONDARY
